# Blender 5.0.1
# www.blender.org
mtllib USB-3.mtl
o TSS-USBC_Suite
v -0.004837 0.000347 0.006054
v -0.004837 0.000476 0.006046
v -0.004387 0.000476 0.006046
v -0.004387 0.000347 0.006054
v -0.004837 0.000500 0.006293
v -0.004387 0.000500 0.006293
v -0.004837 0.000615 0.006313
v -0.004387 0.000615 0.006313
v -0.004837 0.000696 0.006354
v -0.004387 0.000696 0.006354
v -0.004837 0.000747 0.006454
v -0.004387 0.000747 0.006454
v -0.004837 0.000747 0.006691
v -0.004387 0.000747 0.006691
v -0.004837 0.000629 0.006691
v -0.004387 0.000629 0.006691
v -0.004837 0.000626 0.006478
v -0.004387 0.000626 0.006478
v -0.004837 0.000581 0.006438
v -0.004387 0.000581 0.006438
v -0.004837 0.000492 0.006422
v -0.004387 0.000492 0.006422
v -0.004837 0.000392 0.006354
v -0.004387 0.000392 0.006354
v -0.006737 0.000347 0.006054
v -0.006737 0.000476 0.006046
v -0.006287 0.000476 0.006046
v -0.006287 0.000347 0.006054
v -0.006737 0.000500 0.006293
v -0.006287 0.000500 0.006293
v -0.006737 0.000615 0.006313
v -0.006287 0.000615 0.006313
v -0.006737 0.000696 0.006354
v -0.006287 0.000696 0.006354
v -0.006737 0.000747 0.006454
v -0.006287 0.000747 0.006454
v -0.006737 0.000747 0.006691
v -0.006287 0.000747 0.006691
v -0.006737 0.000629 0.006691
v -0.006287 0.000629 0.006691
v -0.006737 0.000626 0.006478
v -0.006287 0.000626 0.006478
v -0.006737 0.000581 0.006438
v -0.006287 0.000581 0.006438
v -0.006737 0.000492 0.006422
v -0.006287 0.000492 0.006422
v -0.006737 0.000392 0.006354
v -0.006287 0.000392 0.006354
v -0.005347 0.000347 0.008554
v -0.005347 0.000476 0.008563
v -0.005797 0.000476 0.008563
v -0.005797 0.000347 0.008554
v -0.005347 0.000500 0.008316
v -0.005797 0.000500 0.008316
v -0.005347 0.000615 0.008296
v -0.005797 0.000615 0.008296
v -0.005347 0.000696 0.008255
v -0.005797 0.000696 0.008255
v -0.005347 0.000747 0.008155
v -0.005797 0.000747 0.008155
v -0.005347 0.000747 0.007918
v -0.005797 0.000747 0.007918
v -0.005347 0.000629 0.007918
v -0.005797 0.000629 0.007918
v -0.005347 0.000626 0.008131
v -0.005797 0.000626 0.008131
v -0.008067 0.000427 0.007462
v -0.008067 0.000557 0.007462
v -0.008367 0.000557 0.007462
v -0.008367 0.000427 0.007462
v -0.008067 0.000427 0.007242
v -0.008067 0.000557 0.007242
v -0.005347 0.000581 0.008171
v -0.005797 0.000581 0.008171
v -0.005347 0.000492 0.008187
v -0.005797 0.000492 0.008187
v -0.008367 0.000427 0.007242
v -0.008367 0.000557 0.007242
v -0.005347 0.000392 0.008255
v -0.005797 0.000392 0.008255
v -0.009197 0.000977 0.006729
v -0.009224 0.000977 0.006727
v -0.009210 0.000977 0.006727
v -0.009237 0.000977 0.006729
v -0.009250 0.000977 0.006734
v -0.009185 0.000977 0.006734
v -0.009173 0.000977 0.006741
v -0.009261 0.000977 0.006741
v -0.009271 0.000977 0.006750
v -0.009163 0.000977 0.006750
v -0.009155 0.000977 0.006760
v -0.009280 0.000977 0.006760
v -0.009148 0.000977 0.006772
v -0.009286 0.000977 0.006772
v -0.009290 0.000977 0.006785
v -0.009144 0.000977 0.006785
v -0.009142 0.000977 0.006798
v -0.009292 0.000977 0.006798
v -0.009143 0.000977 0.006812
v -0.009291 0.000977 0.006812
v -0.009288 0.000977 0.006825
v -0.009146 0.000977 0.006825
v -0.009283 0.000977 0.006837
v -0.009151 0.000977 0.006837
v -0.009159 0.000977 0.006849
v -0.009276 0.000977 0.006849
v -0.009267 0.000977 0.006858
v -0.009168 0.000977 0.006858
v -0.009256 0.000977 0.006866
v -0.009179 0.000977 0.006866
v -0.009243 0.000977 0.006872
v -0.009191 0.000977 0.006872
v -0.009204 0.000977 0.006876
v -0.009231 0.000977 0.006876
v -0.009217 0.000977 0.006877
v -0.009144 0.001027 0.006785
v -0.009143 0.001027 0.006812
v -0.009142 0.001027 0.006798
v -0.009146 0.001027 0.006825
v -0.009148 0.001027 0.006772
v -0.009151 0.001027 0.006837
v -0.009155 0.001027 0.006760
v -0.009159 0.001027 0.006849
v -0.009163 0.001027 0.006750
v -0.009168 0.001027 0.006858
v -0.009173 0.001027 0.006741
v -0.009179 0.001027 0.006866
v -0.009185 0.001027 0.006734
v -0.009191 0.001027 0.006872
v -0.009197 0.001027 0.006729
v -0.009204 0.001027 0.006876
v -0.009210 0.001027 0.006727
v -0.009217 0.001027 0.006877
v -0.009224 0.001027 0.006727
v -0.009231 0.001027 0.006876
v -0.009237 0.001027 0.006729
v -0.009243 0.001027 0.006872
v -0.009250 0.001027 0.006734
v -0.009256 0.001027 0.006866
v -0.009261 0.001027 0.006741
v -0.009267 0.001027 0.006858
v -0.009271 0.001027 0.006750
v -0.009276 0.001027 0.006849
v -0.009280 0.001027 0.006760
v -0.009283 0.001027 0.006837
v -0.009286 0.001027 0.006772
v -0.009288 0.001027 0.006825
v -0.009290 0.001027 0.006785
v -0.009291 0.001027 0.006812
v -0.009292 0.001027 0.006798
v -0.008067 0.000557 0.008462
v -0.008067 0.000557 0.008242
v -0.008367 0.000557 0.008242
v -0.008367 0.000557 0.008462
v -0.008067 0.000427 0.008462
v -0.008367 0.000427 0.008462
v -0.009367 0.000427 0.007242
v -0.009367 0.000427 0.007462
v -0.009667 0.000427 0.007462
v -0.009667 0.000427 0.007242
v -0.009367 0.000557 0.007462
v -0.009667 0.000557 0.007462
v -0.009667 0.000557 0.007242
v -0.009367 0.000557 0.007242
v -0.009367 0.000427 0.007742
v -0.009367 0.000427 0.007962
v -0.009667 0.000427 0.007962
v -0.009667 0.000427 0.007742
v -0.009367 0.000557 0.007962
v -0.009667 0.000557 0.007962
v -0.009667 0.000557 0.007742
v -0.008067 0.000427 0.008242
v -0.008367 0.000427 0.008242
v -0.009367 0.000557 0.007742
v -0.008067 0.000557 0.007962
v -0.008067 0.000557 0.007742
v -0.008367 0.000557 0.007742
v -0.008367 0.000557 0.007962
v -0.008067 0.000427 0.007962
v -0.008367 0.000427 0.007962
v -0.008067 0.000427 0.007742
v -0.008367 0.000427 0.007742
v -0.008067 0.000427 0.006962
v -0.008367 0.000427 0.006962
v -0.008367 0.000427 0.006742
v -0.008067 0.000427 0.006742
v -0.008367 0.000557 0.006962
v -0.008367 0.000557 0.006742
v -0.008067 0.000557 0.006742
v -0.008067 0.000557 0.006962
v -0.009367 0.000427 0.008242
v -0.009367 0.000427 0.008462
v -0.009667 0.000427 0.008462
v -0.009667 0.000427 0.008242
v -0.009367 0.000557 0.006742
v -0.009667 0.000557 0.006742
v -0.009667 0.000557 0.006962
v -0.009367 0.000557 0.006962
v -0.009367 0.000427 0.006742
v -0.009367 0.000427 0.006962
v -0.009667 0.000427 0.006742
v -0.009367 0.000557 0.008462
v -0.009667 0.000557 0.008462
v -0.009667 0.000557 0.008242
v -0.009667 0.000427 0.006962
v -0.009367 0.000557 0.008242
v -0.000245 0.000505 0.011727
v -0.000245 0.000505 0.012929
v -0.000245 0.000805 0.012929
v -0.000245 0.000805 0.011827
v -0.000245 0.000705 0.011727
v -0.000245 0.000530 0.011727
v 0.002710 0.003527 0.010422
v 0.002710 0.003665 0.011222
v 0.002710 0.003665 0.010422
v 0.002710 0.003380 0.010569
v 0.002710 0.003380 0.011197
v 0.002710 0.003374 0.011222
v -0.004143 0.003240 0.010747
v -0.003934 0.003125 0.010747
v -0.004145 0.003238 0.010777
v -0.003960 0.003129 0.010810
v -0.004151 0.003231 0.010804
v -0.003988 0.003114 0.010854
v -0.004003 0.003100 0.010871
v -0.004173 0.003205 0.010852
v -0.004018 0.003082 0.010883
v -0.004052 0.003036 0.010896
v -0.004203 0.003167 0.010885
v -0.004055 0.003032 0.010897
v -0.004058 0.003028 0.010897
v -0.004237 0.003121 0.010897
v -0.004061 0.003024 0.010897
v 0.005650 0.000705 0.015094
v 0.005650 0.000705 0.015097
v 0.005650 0.000405 0.015097
v 0.005650 0.000405 0.015094
v -0.004204 0.000723 0.011317
v -0.004170 0.000895 0.011317
v -0.004170 0.001585 0.011317
v -0.004302 0.000577 0.011317
v -0.004448 0.000479 0.011317
v -0.004470 0.001585 0.011317
v -0.004470 0.000895 0.011317
v -0.004481 0.000838 0.011317
v -0.004514 0.000789 0.011317
v -0.004563 0.000756 0.011317
v -0.004620 0.000745 0.011317
v -0.004620 0.000445 0.011317
v -0.005500 0.000445 0.011317
v -0.005500 0.000745 0.011317
v -0.002510 0.003665 0.011422
v -0.001210 0.003665 0.011422
v -0.001210 0.003365 0.011422
v -0.002510 0.003365 0.011422
v 0.003190 0.000805 0.017247
v -0.000245 0.000805 0.017247
v -0.000245 0.000705 0.017547
v 0.003190 0.000705 0.017547
v 0.000505 0.000505 0.014930
v 0.000505 0.000505 0.015073
v 0.000505 0.000525 0.015073
v 0.000505 0.000525 0.014930
v 0.004470 0.001785 0.011577
v 0.004170 0.001785 0.011517
v 0.004470 0.001785 0.011517
v 0.004197 0.001785 0.011577
v 0.004170 0.001785 0.011604
v 0.002510 0.003365 0.011422
v 0.002510 0.003665 0.011422
v 0.002578 0.003365 0.011410
v 0.002586 0.003665 0.011407
v 0.002639 0.003365 0.011376
v 0.002651 0.003665 0.011364
v 0.002683 0.003365 0.011322
v 0.002695 0.003665 0.011299
v 0.002707 0.003365 0.011257
v 0.002709 0.003368 0.011246
v 0.002710 0.003371 0.011234
v 0.002150 0.000705 0.013797
v 0.003190 0.000705 0.013797
v 0.003190 0.000805 0.013697
v 0.002000 0.000805 0.013697
v 0.002011 0.000612 0.013890
v 0.002044 0.000661 0.013841
v 0.002067 0.000680 0.013823
v 0.002093 0.000694 0.013809
v 0.002121 0.000702 0.013800
v 0.002000 0.000555 0.013947
v -0.005650 0.000705 0.014300
v -0.005650 0.000705 0.014297
v -0.005650 0.000405 0.014297
v -0.005650 0.000405 0.014300
v -0.004208 0.002115 0.010747
v -0.004170 0.002115 0.010785
v -0.004170 0.002115 0.010417
v -0.004470 0.002115 0.010747
v -0.004470 0.002115 0.010417
v 0.000505 0.000525 0.016537
v -0.000020 0.000805 0.016234
v 0.000515 0.000805 0.016543
v 0.000205 0.000525 0.016364
v 0.000505 0.000505 0.016537
v 0.000205 0.000505 0.016364
v -0.000020 0.000505 0.016234
v 0.000515 0.000505 0.016543
v -0.004470 0.000855 0.015247
v -0.004470 0.000855 0.014147
v -0.004481 0.000798 0.015247
v -0.004481 0.000798 0.014147
v -0.004514 0.000749 0.015247
v -0.004514 0.000749 0.014147
v -0.004563 0.000716 0.015247
v -0.004563 0.000716 0.014147
v -0.004620 0.000705 0.015247
v -0.004620 0.000705 0.014147
v -0.005639 0.000405 0.014240
v -0.005639 0.000705 0.014240
v -0.005606 0.000405 0.014191
v -0.005606 0.000705 0.014191
v -0.005557 0.000405 0.014159
v -0.005557 0.000705 0.014159
v -0.005500 0.000405 0.014147
v -0.005500 0.000705 0.014147
v -0.001060 0.003365 0.011272
v -0.001071 0.003365 0.011330
v -0.001060 0.003665 0.011272
v -0.001071 0.003665 0.011330
v -0.001104 0.003365 0.011378
v -0.001104 0.003665 0.011378
v -0.001153 0.003365 0.011411
v -0.001153 0.003665 0.011411
v -0.001187 0.003361 0.012747
v -0.001168 0.003365 0.012747
v -0.001168 0.003665 0.012747
v -0.001203 0.003351 0.012747
v -0.001214 0.003335 0.012747
v -0.001300 0.003639 0.012747
v -0.001318 0.003103 0.012747
v -0.001405 0.002977 0.012747
v -0.001412 0.003567 0.012747
v -0.001488 0.003457 0.012747
v -0.001533 0.002894 0.012747
v -0.001592 0.003224 0.012747
v -0.001614 0.003193 0.012747
v -0.001646 0.003172 0.012747
v -0.001683 0.003165 0.012747
v -0.001683 0.002865 0.012747
v -0.001869 0.003165 0.012747
v -0.001869 0.002865 0.012747
v -0.001906 0.003172 0.012747
v -0.001938 0.003193 0.012747
v -0.001960 0.003224 0.012747
v -0.002019 0.002894 0.012747
v -0.002064 0.003457 0.012747
v -0.002140 0.003567 0.012747
v -0.002147 0.002977 0.012747
v -0.002234 0.003103 0.012747
v -0.002252 0.003639 0.012747
v -0.002338 0.003335 0.012747
v -0.002349 0.003351 0.012747
v -0.002365 0.003361 0.012747
v -0.002383 0.003365 0.012747
v -0.002383 0.003665 0.012747
v -0.001590 0.000946 0.012247
v -0.001527 0.000805 0.012247
v -0.001486 0.000713 0.012247
v -0.001486 0.000713 0.012747
v -0.001527 0.000805 0.012747
v -0.001590 0.000946 0.012747
v 0.005650 0.000745 0.010367
v 0.005650 0.000445 0.010367
v 0.005639 0.000745 0.010310
v 0.005639 0.000445 0.010310
v 0.005606 0.000745 0.010261
v 0.005606 0.000445 0.010261
v 0.005557 0.000745 0.010229
v 0.005557 0.000445 0.010229
v 0.005500 0.000745 0.010217
v 0.005500 0.000445 0.010217
v 0.005640 0.000705 0.015041
v 0.005640 0.000705 0.014353
v 0.005650 0.000705 0.014300
v 0.005650 0.000705 0.014297
v 0.005639 0.000705 0.014240
v 0.005639 0.000705 0.015155
v 0.005613 0.000705 0.014400
v 0.005613 0.000705 0.014995
v 0.005606 0.000705 0.015203
v 0.005606 0.000705 0.014191
v 0.005570 0.000705 0.014962
v 0.005570 0.000705 0.014433
v 0.005557 0.000705 0.014159
v 0.005557 0.000705 0.015236
v 0.005519 0.000705 0.014945
v 0.005519 0.000705 0.014449
v 0.005500 0.000705 0.015247
v 0.005500 0.000705 0.014147
v 0.005422 0.000705 0.014912
v 0.005422 0.000705 0.014483
v 0.005347 0.000705 0.014842
v 0.005347 0.000705 0.014552
v 0.005305 0.000705 0.014748
v 0.005305 0.000705 0.014646
v 0.004620 0.000705 0.015247
v 0.004620 0.000705 0.014147
v 0.000745 0.000805 0.015206
v 0.000745 0.000805 0.016404
v 0.000745 0.000505 0.016404
v 0.000745 0.000505 0.015206
v -0.002860 0.003380 0.010357
v -0.003190 0.003465 0.010272
v -0.002860 0.003465 0.010272
v -0.003000 0.003380 0.010357
v -0.003000 0.003365 0.010372
v -0.003190 0.003365 0.010372
v -0.001210 0.003465 0.010272
v -0.001210 0.003365 0.010372
v -0.001277 0.003456 0.010272
v -0.001253 0.003359 0.010372
v -0.001292 0.003341 0.010372
v -0.001340 0.003429 0.010272
v -0.001393 0.003386 0.010272
v -0.001365 0.003357 0.010312
v -0.001324 0.003312 0.010372
v 0.001168 0.003365 0.012748
v 0.001168 0.003665 0.012748
v 0.002383 0.003665 0.012748
v 0.002383 0.003365 0.012748
v -0.002011 0.000612 0.013890
v -0.002000 0.000555 0.013947
v -0.002000 0.000805 0.013697
v -0.002044 0.000661 0.013841
v -0.002067 0.000680 0.013823
v -0.002093 0.000694 0.013809
v -0.002121 0.000702 0.013800
v -0.002150 0.000705 0.013797
v -0.003190 0.000805 0.013697
v -0.003190 0.000705 0.013797
v -0.003493 0.003629 0.010272
v -0.003190 0.003665 0.010272
v -0.002860 0.003665 0.010272
v -0.003779 0.003522 0.010272
v -0.003422 0.003440 0.010272
v -0.003643 0.003366 0.010272
v -0.004031 0.003350 0.010272
v -0.003842 0.003246 0.010272
v -0.005305 0.000705 0.014748
v -0.005305 0.000705 0.014646
v -0.005346 0.000705 0.014842
v -0.005346 0.000705 0.014552
v -0.005422 0.000705 0.014483
v -0.005422 0.000705 0.014912
v -0.005500 0.000705 0.015247
v -0.005519 0.000705 0.014945
v -0.005519 0.000705 0.014449
v -0.005557 0.000705 0.015236
v -0.005570 0.000705 0.014962
v -0.005570 0.000705 0.014433
v -0.005606 0.000705 0.015203
v -0.005612 0.000705 0.014995
v -0.005612 0.000705 0.014400
v -0.005639 0.000705 0.015155
v -0.005640 0.000705 0.014353
v -0.005640 0.000705 0.015041
v -0.005650 0.000705 0.015097
v -0.005650 0.000705 0.015094
v 0.004407 0.001389 0.017547
v 0.004470 0.001785 0.017547
v 0.004470 0.002385 0.017547
v 0.004407 0.002781 0.017547
v 0.004270 0.001785 0.017547
v 0.004270 0.002385 0.017547
v 0.004225 0.001033 0.017547
v 0.004225 0.003137 0.017547
v 0.004188 0.001372 0.017547
v 0.004188 0.002798 0.017547
v 0.003954 0.003149 0.017547
v 0.003954 0.001021 0.017547
v 0.003942 0.000749 0.017547
v 0.003942 0.003421 0.017547
v 0.003603 0.000787 0.017547
v 0.003603 0.003383 0.017547
v 0.003586 0.000568 0.017547
v 0.003586 0.003602 0.017547
v 0.003190 0.003465 0.017547
v 0.003190 0.000505 0.017547
v 0.003190 0.003665 0.017547
v -0.000245 0.000505 0.017547
v -0.003190 0.003465 0.017547
v -0.003190 0.000705 0.017547
v -0.000255 0.000505 0.017547
v -0.000255 0.000705 0.017547
v -0.003190 0.000505 0.017547
v -0.003190 0.003665 0.017547
v -0.003585 0.000568 0.017547
v -0.003585 0.003602 0.017547
v -0.003603 0.000787 0.017547
v -0.003603 0.003383 0.017547
v -0.003942 0.000749 0.017547
v -0.003942 0.003421 0.017547
v -0.003954 0.003149 0.017547
v -0.003954 0.001021 0.017547
v -0.004188 0.002798 0.017547
v -0.004188 0.001372 0.017547
v -0.004225 0.003137 0.017547
v -0.004225 0.001033 0.017547
v -0.004270 0.001785 0.017547
v -0.004270 0.002385 0.017547
v -0.004407 0.002781 0.017547
v -0.004407 0.001389 0.017547
v -0.004470 0.001785 0.017547
v -0.004470 0.002385 0.017547
v -0.002338 0.003335 0.012247
v -0.002234 0.003103 0.012247
v 0.004620 0.000445 0.011317
v 0.005500 0.000445 0.011317
v 0.005500 0.000745 0.011317
v 0.004620 0.000745 0.011317
v 0.004563 0.000756 0.011317
v 0.004514 0.000789 0.011317
v 0.004481 0.000838 0.011317
v 0.004448 0.000479 0.011317
v 0.004470 0.000895 0.011317
v 0.004470 0.001585 0.011317
v 0.004302 0.000577 0.011317
v 0.004204 0.000723 0.011317
v 0.004170 0.001585 0.011317
v 0.004170 0.000895 0.011317
v -0.002021 0.000805 0.012747
v -0.002062 0.000713 0.012747
v -0.001410 0.000603 0.012747
v -0.002138 0.000603 0.012747
v -0.001298 0.000531 0.012747
v -0.002250 0.000531 0.012747
v -0.002381 0.000505 0.012747
v -0.001166 0.000505 0.012747
v -0.001253 0.003359 0.010972
v -0.001210 0.003365 0.010972
v -0.001210 0.003665 0.010972
v -0.001292 0.003340 0.010972
v -0.001325 0.003311 0.010972
v -0.001339 0.003646 0.010972
v -0.001458 0.003591 0.010972
v -0.001469 0.003140 0.010972
v -0.001555 0.003504 0.010972
v -0.001850 0.003140 0.010972
v -0.001917 0.003073 0.010972
v -0.001850 0.003018 0.010972
v -0.001316 0.001067 0.012247
v -0.001403 0.001193 0.012247
v -0.001316 0.001067 0.012747
v -0.001403 0.001193 0.012747
v -0.001531 0.001276 0.012247
v -0.001531 0.001276 0.012747
v -0.001681 0.001305 0.012747
v -0.001681 0.001305 0.012247
v 0.005519 0.000745 0.011015
v 0.005519 0.000445 0.011015
v 0.005422 0.000745 0.010982
v 0.005422 0.000445 0.010982
v 0.005347 0.000745 0.010912
v 0.005347 0.000445 0.010912
v 0.005305 0.000745 0.010818
v 0.005305 0.000445 0.010818
v 0.005305 0.000745 0.010716
v 0.005305 0.000445 0.010716
v 0.005347 0.000745 0.010622
v 0.005347 0.000445 0.010622
v 0.005422 0.000745 0.010553
v 0.005422 0.000445 0.010553
v 0.005519 0.000745 0.010519
v 0.005519 0.000445 0.010519
v 0.001168 0.000805 0.012247
v 0.001168 0.000805 0.012747
v 0.001186 0.000809 0.012247
v 0.001186 0.000809 0.012747
v 0.001202 0.000819 0.012247
v 0.001213 0.000835 0.012247
v 0.001202 0.000819 0.012747
v 0.001213 0.000835 0.012747
v 0.000520 0.000505 0.016534
v 0.000579 0.000505 0.016553
v 0.000520 0.000805 0.016534
v 0.000579 0.000805 0.016553
v 0.000641 0.000805 0.016547
v 0.000641 0.000505 0.016547
v 0.000695 0.000505 0.016516
v 0.000695 0.000805 0.016516
v 0.000732 0.000505 0.016465
v 0.000732 0.000805 0.016465
v -0.004470 0.001785 0.013797
v -0.004470 0.001785 0.011577
v -0.004407 0.001389 0.013797
v -0.004470 0.001773 0.011634
v -0.004469 0.001740 0.011682
v -0.004466 0.001692 0.011715
v -0.004461 0.001635 0.011727
v -0.004404 0.001381 0.011727
v -0.004225 0.001033 0.013797
v -0.004298 0.001144 0.011727
v -0.004145 0.000933 0.011727
v -0.003942 0.000749 0.013797
v -0.004115 0.000901 0.011727
v -0.004085 0.000870 0.011727
v -0.004053 0.000840 0.011727
v -0.003915 0.000730 0.011727
v -0.003585 0.000568 0.013797
v -0.003763 0.000640 0.011727
v -0.003600 0.000572 0.011727
v -0.003548 0.000556 0.011727
v -0.003190 0.000505 0.013797
v -0.003495 0.000542 0.011727
v -0.003442 0.000530 0.011727
v -0.003358 0.000516 0.011727
v -0.003274 0.000508 0.011727
v -0.003190 0.000505 0.011727
v 0.000505 0.000525 0.012756
v 0.000205 0.000525 0.012929
v 0.000205 0.000525 0.012670
v 0.000505 0.000525 0.012670
v -0.005500 0.000405 0.015247
v -0.005557 0.000405 0.015236
v -0.005606 0.000405 0.015203
v -0.005639 0.000405 0.015155
v -0.005650 0.000405 0.015097
v 0.001210 0.003365 0.011422
v 0.001210 0.003665 0.011422
v -0.005650 0.000405 0.015094
v -0.000255 0.000805 0.016364
v -0.000255 0.000505 0.016364
v -0.000241 0.000805 0.016299
v -0.000241 0.000505 0.016299
v -0.000202 0.000805 0.016245
v -0.000202 0.000505 0.016245
v -0.000144 0.000805 0.016212
v -0.000144 0.000505 0.016212
v -0.000078 0.000805 0.016205
v -0.000078 0.000505 0.016205
v -0.000015 0.000805 0.016225
v -0.000015 0.000505 0.016225
v -0.004470 0.001662 0.011332
v -0.004470 0.001726 0.011376
v -0.004170 0.001662 0.011332
v -0.004470 0.001770 0.011441
v -0.004170 0.001726 0.011376
v -0.004470 0.001785 0.011517
v -0.004170 0.001770 0.011441
v -0.004170 0.001785 0.011517
v 0.002364 0.003361 0.012747
v 0.002383 0.003365 0.012747
v 0.002383 0.003665 0.012747
v 0.002348 0.003351 0.012747
v 0.002337 0.003335 0.012747
v 0.002251 0.003639 0.012747
v 0.002233 0.003103 0.012747
v 0.002146 0.002977 0.012747
v 0.002139 0.003567 0.012747
v 0.002063 0.003457 0.012747
v 0.002018 0.002894 0.012747
v 0.001959 0.003224 0.012747
v 0.001937 0.003193 0.012747
v 0.001905 0.003172 0.012747
v 0.001868 0.003165 0.012747
v 0.001868 0.002865 0.012747
v 0.001682 0.002865 0.012747
v 0.001682 0.003165 0.012747
v 0.001645 0.003172 0.012747
v 0.001613 0.003193 0.012747
v 0.001591 0.003224 0.012747
v 0.001532 0.002894 0.012747
v 0.001487 0.003457 0.012747
v 0.001411 0.003567 0.012747
v 0.001404 0.002977 0.012747
v 0.001317 0.003103 0.012747
v 0.001299 0.003639 0.012747
v 0.001213 0.003335 0.012747
v 0.001202 0.003351 0.012747
v 0.001186 0.003361 0.012747
v 0.001168 0.003665 0.012747
v 0.001168 0.003365 0.012747
v -0.001488 0.003457 0.012247
v -0.001592 0.003224 0.012247
v 0.000745 0.000805 0.012888
v 0.000745 0.000505 0.012888
v 0.000732 0.000805 0.012827
v 0.000732 0.000505 0.012827
v 0.000695 0.000805 0.012777
v 0.000695 0.000505 0.012777
v 0.000641 0.000805 0.012746
v 0.000641 0.000505 0.012746
v 0.000579 0.000805 0.012739
v 0.000579 0.000505 0.012739
v 0.000520 0.000805 0.012759
v 0.000520 0.000505 0.012759
v -0.004170 0.001855 0.014147
v -0.004470 0.001855 0.014147
v -0.004170 0.001912 0.014136
v -0.004470 0.001912 0.014136
v -0.004170 0.001961 0.014103
v -0.004470 0.001961 0.014103
v -0.004170 0.001994 0.014055
v -0.004470 0.001994 0.014055
v -0.004170 0.002005 0.013997
v -0.004470 0.002005 0.013997
v -0.004143 0.003240 0.010422
v -0.004140 0.003243 0.010393
v -0.003973 0.003146 0.010422
v -0.003956 0.003147 0.010380
v -0.004134 0.003250 0.010365
v -0.003930 0.003157 0.010332
v -0.004110 0.003275 0.010317
v -0.003901 0.003180 0.010298
v -0.004074 0.003310 0.010284
v -0.003871 0.003217 0.010277
v -0.003858 0.003232 0.010273
v -0.003805 0.003148 0.010374
v -0.003823 0.003134 0.010385
v -0.003837 0.003121 0.010401
v -0.003849 0.003110 0.010422
v -0.003865 0.003095 0.010473
v -0.003871 0.003090 0.010528
v -0.003842 0.003200 0.010309
v -0.003813 0.003182 0.010340
v -0.003785 0.003164 0.010371
v -0.003871 0.003090 0.010818
v -0.000255 0.000805 0.014104
v -0.000255 0.000805 0.015246
v -0.000255 0.000505 0.015246
v -0.000255 0.000505 0.014104
v -0.004470 0.002385 0.010897
v -0.004443 0.002645 0.010897
v -0.004365 0.002893 0.010897
v -0.000245 0.000505 0.015246
v -0.000232 0.000505 0.015308
v -0.000245 0.000805 0.015246
v -0.000232 0.000805 0.015308
v -0.000195 0.000505 0.015358
v -0.000195 0.000805 0.015358
v -0.000141 0.000505 0.015389
v -0.000141 0.000805 0.015389
v -0.000079 0.000805 0.015396
v -0.000079 0.000505 0.015396
v -0.000020 0.000505 0.015376
v -0.000020 0.000805 0.015376
v 0.004170 0.001773 0.011683
v 0.004222 0.001774 0.011639
v 0.004239 0.001743 0.011681
v 0.004169 0.001739 0.011754
v 0.004168 0.001714 0.011784
v 0.004251 0.001697 0.011713
v 0.004165 0.001685 0.011807
v 0.004255 0.001668 0.011724
v 0.004161 0.001652 0.011822
v 0.004258 0.001635 0.011727
v 0.004257 0.001618 0.011727
v 0.004258 0.001629 0.011727
v 0.004257 0.001623 0.011727
v 0.004223 0.001616 0.011761
v 0.004189 0.001616 0.011794
v 0.004155 0.001615 0.011827
v -0.001917 0.003073 0.010272
v -0.001555 0.003504 0.010272
v -0.001966 0.003015 0.010287
v -0.001966 0.003015 0.010957
v -0.002007 0.002965 0.010331
v -0.002007 0.002965 0.010914
v -0.002035 0.002932 0.010849
v -0.002035 0.002932 0.010396
v -0.002045 0.002920 0.010472
v -0.002045 0.002920 0.010772
v 0.000505 0.000525 0.016525
v 0.000205 0.000525 0.016352
v 0.000205 0.000525 0.015258
v 0.000505 0.000525 0.015085
v 0.001966 0.003015 0.010287
v 0.001917 0.003073 0.010272
v 0.001555 0.003504 0.010272
v 0.002008 0.002965 0.010331
v 0.002035 0.002932 0.010396
v 0.002045 0.002920 0.010472
v 0.002045 0.002920 0.010772
v 0.002035 0.002932 0.010849
v 0.002008 0.002965 0.010914
v 0.001966 0.003015 0.010957
v 0.001555 0.003504 0.010972
v 0.001917 0.003073 0.010972
v 0.001213 0.003335 0.012247
v 0.001317 0.003103 0.012247
v 0.000515 0.000805 0.015067
v 0.000515 0.000505 0.015067
v 0.000578 0.000805 0.015047
v 0.000578 0.000505 0.015047
v 0.000644 0.000805 0.015054
v 0.000644 0.000505 0.015054
v 0.000702 0.000805 0.015087
v 0.000702 0.000505 0.015087
v 0.000741 0.000805 0.015141
v 0.000741 0.000505 0.015141
v 0.000755 0.000805 0.015206
v 0.000755 0.000505 0.015206
v 0.005650 0.000745 0.011167
v 0.005650 0.000445 0.011167
v 0.005650 0.000445 0.011164
v 0.005650 0.000745 0.011164
v -0.000255 0.000805 0.011827
v -0.000255 0.000805 0.012929
v -0.000255 0.000505 0.012929
v -0.000255 0.000505 0.011727
v -0.000255 0.000530 0.011727
v -0.000255 0.000705 0.011727
v 0.004170 0.001785 0.015597
v 0.004170 0.001855 0.015597
v 0.004470 0.001855 0.015597
v 0.004470 0.001785 0.015597
v 0.004095 0.001410 0.015597
v 0.004407 0.001389 0.015597
v 0.003883 0.001092 0.015597
v 0.004225 0.001033 0.015597
v 0.003565 0.000880 0.015597
v 0.003942 0.000749 0.015597
v 0.002150 0.000805 0.015597
v 0.003190 0.000805 0.015597
v 0.003586 0.000568 0.015597
v 0.003190 0.000505 0.015597
v 0.002150 0.000505 0.015597
v -0.001686 0.002880 0.010372
v -0.001712 0.002851 0.010377
v -0.001763 0.002944 0.010272
v -0.001817 0.002890 0.010287
v -0.001736 0.002822 0.010394
v -0.001758 0.002795 0.010420
v -0.001872 0.002852 0.010331
v -0.001777 0.002772 0.010455
v -0.001921 0.002836 0.010396
v -0.001805 0.002739 0.010547
v -0.001815 0.002727 0.010655
v -0.001955 0.002845 0.010472
v 0.001868 0.001005 0.012747
v 0.001868 0.001005 0.012247
v 0.001905 0.000998 0.012747
v 0.001905 0.000998 0.012247
v 0.001937 0.000977 0.012747
v 0.001937 0.000977 0.012247
v 0.001959 0.000946 0.012747
v 0.001959 0.000946 0.012247
v 0.004407 0.001389 0.013797
v 0.004470 0.001785 0.013797
v 0.004470 0.001855 0.013797
v 0.004270 0.001785 0.013797
v 0.004270 0.001855 0.013797
v 0.004225 0.001033 0.013797
v 0.004188 0.001372 0.013797
v 0.003954 0.001021 0.013797
v 0.003942 0.000749 0.013797
v 0.003603 0.000787 0.013797
v 0.003586 0.000568 0.013797
v 0.003190 0.000505 0.013797
v 0.002150 0.000505 0.013797
v -0.003676 0.000820 0.011727
v -0.003713 0.000840 0.011727
v -0.003820 0.001034 0.011827
v -0.003638 0.000802 0.011727
v -0.003525 0.000864 0.011827
v -0.003600 0.000786 0.011727
v -0.003467 0.000741 0.011727
v -0.003884 0.000958 0.011727
v -0.004030 0.001107 0.011727
v -0.004039 0.001295 0.011827
v -0.004145 0.001281 0.011727
v -0.004195 0.001388 0.011727
v -0.004155 0.001615 0.011827
v -0.004232 0.001501 0.011727
v -0.004257 0.001617 0.011727
v -0.004223 0.001616 0.011761
v -0.004189 0.001615 0.011794
v -0.003190 0.000805 0.011827
v -0.003190 0.000705 0.011727
v -0.003330 0.000714 0.011727
v -0.004197 0.001785 0.011577
v -0.004170 0.001785 0.011604
v -0.004211 0.001781 0.011613
v -0.004170 0.001773 0.011683
v -0.004224 0.001769 0.011644
v -0.004169 0.001739 0.011755
v -0.004243 0.001731 0.011690
v -0.004168 0.001714 0.011784
v -0.004255 0.001682 0.011718
v -0.004165 0.001685 0.011807
v -0.004161 0.001652 0.011822
v -0.004258 0.001635 0.011727
v -0.004258 0.001629 0.011727
v -0.004257 0.001623 0.011727
v 0.001317 0.001067 0.012747
v 0.001317 0.001067 0.012247
v 0.005650 0.000405 0.014300
v 0.005650 0.000405 0.014297
v -0.003565 0.000880 0.013697
v -0.003883 0.001092 0.013697
v -0.004095 0.001410 0.013697
v -0.004170 0.001785 0.013697
v -0.002803 0.003470 0.010284
v -0.002831 0.003380 0.010361
v -0.002803 0.003380 0.010373
v -0.002754 0.003483 0.010316
v -0.002777 0.003380 0.010393
v -0.002754 0.003380 0.010419
v -0.002721 0.003503 0.010365
v -0.002721 0.003380 0.010488
v -0.002710 0.003527 0.010422
v -0.002710 0.003380 0.010569
v -0.000245 0.000805 0.016364
v -0.000245 0.000505 0.016364
v 0.005519 0.000405 0.014449
v 0.005422 0.000405 0.014483
v 0.005347 0.000405 0.014552
v 0.005305 0.000405 0.014646
v 0.005305 0.000405 0.014748
v 0.005347 0.000405 0.014842
v 0.005422 0.000405 0.014912
v 0.005519 0.000405 0.014945
v 0.004208 0.002115 0.010747
v 0.004232 0.002126 0.010805
v 0.004470 0.002115 0.010747
v 0.004470 0.002126 0.010805
v 0.004252 0.002159 0.010853
v 0.004470 0.002159 0.010853
v 0.004265 0.002208 0.010886
v 0.004470 0.002208 0.010886
v 0.004270 0.002265 0.010897
v 0.004470 0.002265 0.010897
v -0.001867 0.001305 0.012747
v -0.001867 0.001305 0.012247
v -0.002017 0.001276 0.012747
v -0.002017 0.001276 0.012247
v -0.002145 0.001193 0.012247
v -0.002145 0.001193 0.012747
v -0.002232 0.001067 0.012247
v -0.002232 0.001067 0.012747
v 0.002063 0.000713 0.012747
v 0.001528 0.000805 0.012747
v 0.002022 0.000805 0.012747
v 0.001487 0.000713 0.012747
v 0.002139 0.000603 0.012747
v 0.001411 0.000603 0.012747
v 0.002251 0.000531 0.012747
v 0.001299 0.000531 0.012747
v 0.001168 0.000505 0.012747
v 0.002383 0.000505 0.012747
v 0.004365 0.002893 0.010897
v 0.004059 0.003027 0.010897
v 0.004237 0.003121 0.010897
v 0.004174 0.002829 0.010897
v 0.004443 0.002645 0.010897
v 0.004246 0.002612 0.010897
v 0.004470 0.002385 0.010897
v 0.004270 0.002385 0.010897
v -0.005305 0.000745 0.010818
v -0.004620 0.000745 0.010217
v -0.005305 0.000745 0.010716
v -0.005346 0.000745 0.010912
v -0.005346 0.000745 0.010622
v -0.005422 0.000745 0.010553
v -0.005422 0.000745 0.010982
v -0.005500 0.000745 0.010217
v -0.005519 0.000745 0.011015
v -0.005519 0.000745 0.010519
v -0.005557 0.000745 0.011306
v -0.005557 0.000745 0.010229
v -0.005570 0.000745 0.011032
v -0.005570 0.000745 0.010503
v -0.005606 0.000745 0.011273
v -0.005606 0.000745 0.010261
v -0.005612 0.000745 0.010470
v -0.005612 0.000745 0.011065
v -0.005639 0.000745 0.010310
v -0.005639 0.000745 0.011225
v -0.005640 0.000745 0.011111
v -0.005640 0.000745 0.010423
v -0.005650 0.000745 0.010370
v -0.005650 0.000745 0.010367
v -0.005650 0.000745 0.011164
v -0.005650 0.000745 0.011167
v -0.002147 0.002977 0.012247
v -0.002019 0.002894 0.012247
v -0.001869 0.002865 0.012247
v 0.002383 0.003365 0.012247
v 0.002364 0.003361 0.012247
v 0.002348 0.003351 0.012247
v 0.002337 0.003335 0.012247
v -0.003190 0.000505 0.015597
v -0.003585 0.000568 0.015597
v -0.003942 0.000749 0.015597
v -0.004225 0.001033 0.015597
v -0.004407 0.001389 0.015597
v -0.004470 0.001785 0.015597
v 0.001591 0.000946 0.012247
v 0.001613 0.000977 0.012247
v 0.001591 0.000946 0.012747
v 0.001613 0.000977 0.012747
v 0.001645 0.000998 0.012247
v 0.001645 0.000998 0.012747
v 0.001682 0.001005 0.012247
v 0.001682 0.001005 0.012747
v -0.001815 0.002727 0.010772
v -0.001808 0.002736 0.010838
v -0.001787 0.002761 0.010897
v -0.001755 0.002799 0.010942
v -0.001715 0.002846 0.010967
v -0.001477 0.003130 0.010967
v 0.003858 0.003232 0.010273
v 0.004031 0.003350 0.010272
v 0.003871 0.003216 0.010277
v 0.003842 0.003246 0.010272
v 0.004074 0.003310 0.010284
v 0.004110 0.003275 0.010317
v 0.003894 0.003188 0.010293
v 0.004134 0.003250 0.010365
v 0.003921 0.003162 0.010322
v 0.004140 0.003243 0.010393
v 0.003949 0.003146 0.010365
v 0.003973 0.003146 0.010422
v 0.004143 0.003240 0.010422
v 0.003190 0.003365 0.017247
v 0.003190 0.003365 0.010372
v 0.003565 0.003290 0.017247
v 0.003401 0.003342 0.010372
v 0.003603 0.003274 0.010372
v 0.003883 0.003078 0.017247
v 0.003785 0.003164 0.010372
v 0.003805 0.003148 0.010375
v 0.003822 0.003134 0.010385
v 0.003837 0.003122 0.010401
v 0.003849 0.003111 0.010421
v 0.003865 0.003095 0.010473
v 0.003871 0.003090 0.010818
v 0.003871 0.003090 0.010528
v 0.003878 0.003083 0.010882
v 0.003898 0.003064 0.010939
v 0.004095 0.002760 0.017247
v 0.003911 0.003049 0.010963
v 0.003927 0.003032 0.010981
v 0.003944 0.003011 0.010993
v 0.003963 0.002987 0.010997
v 0.004076 0.002804 0.010997
v 0.004146 0.002599 0.010997
v 0.004170 0.002385 0.017247
v 0.004170 0.002385 0.010997
v 0.004620 0.000405 0.015247
v 0.005500 0.000405 0.015247
v 0.004563 0.000716 0.015247
v 0.004514 0.000749 0.015247
v 0.004481 0.000798 0.015247
v 0.004466 0.000431 0.015247
v 0.004470 0.000855 0.015247
v 0.004470 0.001855 0.015247
v 0.004330 0.000508 0.015247
v 0.004228 0.000625 0.015247
v 0.004170 0.000770 0.015247
v 0.004170 0.001855 0.015247
v -0.002336 0.000835 0.012247
v -0.002336 0.000835 0.012747
v 0.004363 0.001994 0.013890
v 0.004420 0.002005 0.013947
v 0.004170 0.002005 0.013697
v 0.004314 0.001961 0.013841
v 0.004295 0.001938 0.013823
v 0.004281 0.001912 0.013809
v 0.004273 0.001884 0.013800
v 0.004170 0.001785 0.013697
v 0.001324 0.003312 0.010372
v 0.001292 0.003341 0.010372
v 0.001365 0.003358 0.010311
v 0.001393 0.003386 0.010272
v 0.001340 0.003429 0.010272
v 0.001253 0.003359 0.010372
v 0.001277 0.003456 0.010272
v 0.001210 0.003465 0.010272
v 0.001210 0.003365 0.010372
v -0.003883 0.003078 0.017247
v -0.003878 0.003083 0.010882
v -0.003897 0.003064 0.010939
v -0.003603 0.003274 0.010372
v -0.003565 0.003290 0.017247
v -0.003401 0.003342 0.010372
v -0.003190 0.003365 0.017247
v -0.004095 0.002760 0.017247
v -0.003911 0.003049 0.010963
v -0.003927 0.003032 0.010981
v -0.003944 0.003011 0.010993
v -0.003963 0.002987 0.010997
v -0.004076 0.002804 0.010997
v -0.004146 0.002600 0.010997
v -0.004170 0.002385 0.017247
v -0.004170 0.002385 0.010997
v 0.002022 0.000805 0.012247
v 0.002063 0.000713 0.012247
v -0.005650 0.000445 0.010370
v -0.005640 0.000445 0.010423
v -0.005612 0.000445 0.010470
v -0.005570 0.000445 0.010503
v -0.005519 0.000445 0.010519
v 0.000505 0.000505 0.016680
v 0.000205 0.000505 0.016680
v 0.000205 0.000525 0.016680
v 0.000505 0.000525 0.016680
v 0.005640 0.000745 0.011111
v 0.005640 0.000445 0.011111
v 0.005613 0.000745 0.011065
v 0.005613 0.000445 0.011065
v 0.005570 0.000745 0.011032
v 0.005570 0.000445 0.011032
v -0.001168 0.003665 0.012246
v 0.001168 0.003665 0.012247
v 0.001168 0.003665 0.012246
v -0.001168 0.003665 0.012247
v -0.001168 0.003665 0.012748
v -0.002383 0.003665 0.012748
v -0.002383 0.003665 0.012246
v 0.002383 0.003665 0.012246
v -0.002586 0.003665 0.011407
v -0.002651 0.003665 0.011364
v -0.002695 0.003665 0.011299
v -0.002721 0.003665 0.010365
v -0.002710 0.003665 0.011222
v -0.002710 0.003665 0.010422
v -0.002754 0.003665 0.010316
v -0.002803 0.003665 0.010284
v 0.002860 0.003665 0.010272
v 0.003190 0.003665 0.010272
v 0.002803 0.003665 0.010284
v 0.002754 0.003665 0.010316
v 0.002721 0.003665 0.010365
v 0.001153 0.003665 0.010983
v 0.001211 0.003665 0.010972
v 0.001210 0.003665 0.010272
v 0.001104 0.003665 0.011016
v 0.001072 0.003665 0.011065
v 0.001060 0.003665 0.011122
v 0.001060 0.003665 0.011272
v 0.001071 0.003665 0.011330
v 0.001104 0.003665 0.011378
v 0.001153 0.003665 0.011411
v -0.001060 0.003665 0.011122
v -0.001071 0.003665 0.011065
v -0.001104 0.003665 0.011016
v -0.001153 0.003665 0.010984
v -0.001210 0.003665 0.010272
v -0.004170 0.001785 0.017247
v -0.004095 0.001410 0.017247
v -0.004170 0.001785 0.015597
v -0.004095 0.001410 0.015597
v -0.003883 0.001092 0.017247
v -0.003883 0.001092 0.015597
v -0.003565 0.000880 0.015597
v -0.003565 0.000880 0.017247
v -0.003190 0.000805 0.015597
v -0.003190 0.000805 0.017247
v 0.005557 0.000745 0.011306
v 0.005557 0.000445 0.011306
v 0.005606 0.000745 0.011273
v 0.005606 0.000445 0.011273
v 0.005639 0.000745 0.011225
v 0.005639 0.000445 0.011225
v 0.000205 0.000505 0.014092
v 0.000205 0.000505 0.012940
v 0.000205 0.000525 0.012940
v 0.000205 0.000525 0.014092
v -0.005650 0.000445 0.011167
v -0.005639 0.000445 0.011225
v -0.005606 0.000445 0.011273
v -0.005557 0.000445 0.011306
v 0.003934 0.003125 0.010747
v 0.004143 0.003240 0.010747
v 0.001868 0.003165 0.012247
v 0.001682 0.003165 0.012247
v -0.000079 0.000805 0.016215
v -0.000079 0.000505 0.016215
v -0.000141 0.000805 0.016221
v -0.000141 0.000505 0.016221
v -0.000195 0.000805 0.016252
v -0.000195 0.000505 0.016252
v -0.000232 0.000805 0.016303
v -0.000232 0.000505 0.016303
v 0.000515 0.000805 0.012750
v 0.000515 0.000505 0.012750
v 0.000578 0.000805 0.012729
v 0.000578 0.000505 0.012729
v 0.000644 0.000805 0.012736
v 0.000644 0.000505 0.012736
v 0.000702 0.000805 0.012770
v 0.000702 0.000505 0.012770
v 0.000741 0.000805 0.012823
v 0.000741 0.000505 0.012823
v 0.000755 0.000805 0.012888
v 0.000755 0.000505 0.012888
v -0.001960 0.003224 0.012247
v -0.002064 0.003457 0.012247
v 0.004620 0.000445 0.010217
v 0.005650 0.000445 0.010370
v 0.005640 0.000445 0.010423
v 0.005613 0.000445 0.010470
v 0.005570 0.000445 0.010503
v 0.002139 0.000603 0.012247
v 0.002251 0.000531 0.012247
v 0.002383 0.000505 0.012247
v 0.000505 0.000525 0.014277
v -0.000020 0.000805 0.013974
v 0.000515 0.000805 0.014283
v 0.000205 0.000525 0.014104
v 0.000505 0.000505 0.014277
v 0.000205 0.000505 0.014104
v -0.000020 0.000505 0.013974
v 0.000515 0.000505 0.014283
v 0.003676 0.000820 0.011727
v 0.003713 0.000840 0.011727
v 0.004053 0.000840 0.011727
v 0.003638 0.000802 0.011727
v 0.003600 0.000786 0.011727
v 0.003915 0.000730 0.011727
v 0.003763 0.000640 0.011727
v 0.003600 0.000572 0.011727
v 0.002364 0.000809 0.012747
v 0.002383 0.000805 0.012247
v 0.002348 0.000819 0.012747
v 0.002383 0.000805 0.012747
v 0.002364 0.000809 0.012247
v 0.002337 0.000835 0.012747
v 0.002348 0.000819 0.012247
v 0.002337 0.000835 0.012247
v -0.004170 0.001855 0.015597
v -0.004470 0.001855 0.015597
v -0.004170 0.001912 0.015586
v -0.004470 0.001912 0.015586
v -0.004170 0.001961 0.015553
v -0.004470 0.001961 0.015553
v -0.004170 0.001994 0.015505
v -0.004470 0.001994 0.015505
v -0.004170 0.002005 0.015447
v -0.004470 0.002005 0.015447
v 0.000505 0.000525 0.014420
v 0.000205 0.000525 0.014420
v 0.005570 0.000745 0.010503
v 0.005613 0.000745 0.010470
v 0.005640 0.000745 0.010423
v 0.005650 0.000745 0.010370
v 0.000205 0.000505 0.015246
v 0.000205 0.000505 0.014930
v 0.000205 0.000525 0.014930
v 0.000205 0.000525 0.015246
v 0.001850 0.003018 0.010972
v 0.001850 0.003140 0.010972
v 0.001469 0.003140 0.010972
v 0.001458 0.003591 0.010972
v 0.001340 0.003646 0.010972
v 0.001325 0.003311 0.010972
v 0.001292 0.003340 0.010972
v 0.001253 0.003359 0.010972
v 0.001210 0.003365 0.010972
v -0.004620 0.000405 0.014147
v -0.005640 0.000405 0.014353
v -0.005612 0.000405 0.014400
v -0.005570 0.000405 0.014433
v -0.005519 0.000405 0.014449
v -0.005422 0.000405 0.014483
v -0.005346 0.000405 0.014552
v -0.005305 0.000405 0.014646
v -0.005305 0.000405 0.014748
v -0.005346 0.000405 0.014842
v -0.005612 0.000405 0.014995
v -0.005570 0.000405 0.014962
v -0.005519 0.000405 0.014945
v -0.005422 0.000405 0.014912
v -0.005640 0.000405 0.015041
v -0.004620 0.000405 0.015247
v 0.002146 0.001193 0.012747
v 0.002233 0.001067 0.012747
v 0.002018 0.001276 0.012747
v 0.001868 0.001305 0.012747
v 0.001682 0.001305 0.012747
v 0.001532 0.001276 0.012747
v 0.001404 0.001193 0.012747
v -0.002150 0.000505 0.013797
v -0.002093 0.000505 0.013809
v -0.002044 0.000505 0.013841
v -0.002011 0.000505 0.013890
v -0.002000 0.000505 0.013947
v 0.001404 0.002977 0.012247
v 0.001532 0.002894 0.012247
v 0.001682 0.002865 0.012247
v -0.001850 0.002988 0.010971
v -0.001850 0.002960 0.010967
v 0.000505 0.000525 0.012767
v -0.000015 0.000805 0.013067
v 0.000505 0.000505 0.012767
v -0.000015 0.000505 0.013067
v -0.001867 0.001005 0.012247
v -0.001681 0.001005 0.012247
v -0.001681 0.001005 0.012747
v -0.001867 0.001005 0.012747
v 0.005500 0.000405 0.014147
v 0.005557 0.000405 0.014159
v 0.005606 0.000405 0.014191
v 0.005639 0.000405 0.014240
v -0.002000 0.000805 0.015447
v -0.002000 0.000505 0.015447
v -0.002011 0.000805 0.015505
v -0.002011 0.000505 0.015505
v -0.002044 0.000805 0.015553
v -0.002044 0.000505 0.015553
v -0.002093 0.000805 0.015586
v -0.002093 0.000505 0.015586
v -0.002150 0.000805 0.015597
v -0.002150 0.000505 0.015597
v 0.000755 0.000505 0.014144
v 0.000755 0.000805 0.014144
v 0.000505 0.000525 0.014266
v 0.000520 0.000505 0.014274
v 0.000520 0.000805 0.014274
v 0.000505 0.000505 0.014266
v -0.000015 0.000505 0.013965
v -0.000015 0.000805 0.013965
v -0.002383 0.003365 0.012247
v -0.002365 0.003361 0.012247
v -0.002349 0.003351 0.012247
v 0.004170 0.000895 0.010217
v 0.004204 0.000723 0.010217
v 0.004302 0.000577 0.010217
v 0.004448 0.000479 0.010217
v 0.000755 0.000505 0.016404
v 0.000741 0.000505 0.016469
v 0.000755 0.000805 0.016404
v 0.000741 0.000805 0.016469
v 0.000702 0.000505 0.016523
v 0.000702 0.000805 0.016523
v 0.000644 0.000505 0.016556
v 0.000644 0.000805 0.016556
v 0.000578 0.000805 0.016563
v 0.000578 0.000505 0.016563
v 0.000741 0.000505 0.014210
v 0.000741 0.000805 0.014210
v 0.000702 0.000505 0.014263
v 0.000702 0.000805 0.014263
v 0.000644 0.000505 0.014297
v 0.000644 0.000805 0.014297
v 0.000578 0.000805 0.014303
v 0.000578 0.000505 0.014303
v 0.001868 0.002865 0.012247
v -0.001614 0.003193 0.012247
v -0.001646 0.003172 0.012247
v -0.001683 0.003165 0.012247
v 0.000505 0.000505 0.012756
v -0.000020 0.000505 0.013059
v 0.000205 0.000505 0.012929
v -0.000020 0.000805 0.013059
v -0.001168 0.003365 0.012247
v -0.001187 0.003361 0.012247
v -0.001203 0.003351 0.012247
v -0.001214 0.003335 0.012247
v 0.001487 0.003457 0.012247
v 0.001411 0.003567 0.012247
v 0.001299 0.003639 0.012247
v 0.003958 0.003125 0.010801
v 0.003990 0.003109 0.010850
v 0.004007 0.003095 0.010869
v 0.004023 0.003077 0.010884
v 0.004009 0.003011 0.010946
v 0.004170 0.001915 0.010217
v 0.004170 0.001992 0.010232
v 0.004470 0.001915 0.010217
v 0.004470 0.001992 0.010232
v 0.004170 0.002056 0.010276
v 0.004470 0.002056 0.010276
v 0.004170 0.002100 0.010341
v 0.004470 0.002100 0.010341
v 0.004170 0.002115 0.010417
v 0.004470 0.002115 0.010417
v 0.001687 0.002880 0.010372
v 0.001763 0.002944 0.010272
v 0.001712 0.002851 0.010377
v 0.001817 0.002890 0.010287
v 0.001736 0.002822 0.010394
v 0.001758 0.002795 0.010420
v 0.001872 0.002852 0.010331
v 0.001778 0.002772 0.010455
v 0.001805 0.002739 0.010547
v 0.001921 0.002836 0.010396
v 0.001815 0.002727 0.010655
v 0.001955 0.002845 0.010472
v 0.002233 0.001067 0.012247
v -0.002381 0.000505 0.012247
v -0.002250 0.000531 0.012247
v -0.002138 0.000603 0.012247
v -0.002062 0.000713 0.012247
v -0.001318 0.003103 0.012247
v 0.004470 0.000855 0.014147
v 0.004170 0.001855 0.014147
v 0.004470 0.001855 0.014147
v 0.004481 0.000798 0.014147
v 0.004170 0.000770 0.014147
v 0.004514 0.000749 0.014147
v 0.004563 0.000716 0.014147
v 0.004228 0.000625 0.014147
v 0.004330 0.000508 0.014147
v 0.004466 0.000431 0.014147
v 0.004620 0.000405 0.014147
v -0.001869 0.003165 0.012247
v -0.001906 0.003172 0.012247
v -0.001938 0.003193 0.012247
v 0.001477 0.003130 0.010967
v 0.001715 0.002846 0.010967
v 0.001755 0.002799 0.010942
v 0.001787 0.002761 0.010897
v 0.001808 0.002736 0.010838
v 0.001815 0.002727 0.010772
v -0.002140 0.003567 0.012247
v -0.002252 0.003639 0.012247
v -0.002383 0.003665 0.012247
v 0.003190 0.000805 0.011827
v 0.001528 0.000805 0.012247
v 0.002000 0.000805 0.015447
v 0.002011 0.000805 0.015505
v 0.002044 0.000805 0.015553
v 0.002093 0.000805 0.015586
v 0.000750 0.000805 0.012457
v 0.000750 0.000805 0.011827
v 0.000450 0.000805 0.012457
v -0.000079 0.000805 0.013955
v -0.000141 0.000805 0.013961
v -0.000195 0.000805 0.013992
v -0.000232 0.000805 0.014043
v -0.000245 0.000805 0.014104
v 0.000450 0.000805 0.011827
v -0.000079 0.000805 0.013078
v -0.000141 0.000805 0.013072
v -0.000195 0.000805 0.013040
v -0.000232 0.000805 0.012990
v -0.002021 0.000805 0.012247
v -0.001410 0.000603 0.012247
v -0.001298 0.000531 0.012247
v -0.001166 0.000505 0.012247
v 0.003820 0.001034 0.011827
v 0.003330 0.000714 0.011727
v 0.003467 0.000741 0.011727
v 0.003190 0.000705 0.011727
v 0.003525 0.000864 0.011827
v 0.003885 0.000958 0.011727
v 0.004039 0.001295 0.011827
v 0.004030 0.001107 0.011727
v 0.004145 0.001281 0.011727
v 0.004195 0.001389 0.011727
v 0.004232 0.001501 0.011727
v 0.003565 0.000880 0.017247
v 0.003883 0.001092 0.017247
v 0.004095 0.001410 0.017247
v 0.004170 0.001785 0.017247
v -0.001060 0.003365 0.011122
v 0.000505 0.000505 0.014420
v 0.004173 0.003205 0.010852
v 0.004203 0.003167 0.010885
v 0.004151 0.003231 0.010804
v 0.004145 0.003238 0.010777
v 0.003779 0.003522 0.010272
v 0.003493 0.003629 0.010272
v 0.002146 0.001193 0.012247
v 0.002018 0.001276 0.012247
v 0.001868 0.001305 0.012247
v 0.003000 0.003365 0.011257
v 0.003000 0.003365 0.010372
v -0.001168 0.003365 0.012246
v -0.002383 0.003365 0.012246
v 0.001168 0.003365 0.012246
v 0.002383 0.003365 0.012246
v 0.001168 0.003365 0.012247
v -0.001168 0.003365 0.012748
v -0.003000 0.003365 0.011257
v -0.002683 0.003365 0.011322
v -0.002707 0.003365 0.011257
v -0.002638 0.003365 0.011376
v -0.002578 0.003365 0.011410
v -0.002383 0.003365 0.012748
v -0.001152 0.003365 0.010984
v 0.001152 0.003365 0.010984
v -0.001104 0.003365 0.011016
v 0.001104 0.003365 0.011016
v 0.001071 0.003365 0.011065
v -0.001071 0.003365 0.011065
v 0.001060 0.003365 0.011122
v 0.001060 0.003365 0.011272
v 0.001071 0.003365 0.011330
v 0.001104 0.003365 0.011378
v 0.001153 0.003365 0.011411
v -0.005519 0.000445 0.011015
v -0.005570 0.000445 0.011032
v -0.005612 0.000445 0.011065
v -0.005640 0.000445 0.011111
v -0.005650 0.000445 0.011164
v 0.002721 0.003380 0.010488
v 0.002721 0.003503 0.010365
v 0.002754 0.003380 0.010419
v 0.002754 0.003483 0.010316
v 0.002777 0.003380 0.010393
v 0.002803 0.003380 0.010373
v 0.002803 0.003470 0.010284
v 0.002831 0.003380 0.010361
v 0.002860 0.003465 0.010272
v 0.002860 0.003380 0.010357
v 0.005640 0.000405 0.014353
v 0.005613 0.000405 0.014400
v 0.005570 0.000405 0.014433
v 0.005613 0.000405 0.014995
v 0.005570 0.000405 0.014962
v 0.005640 0.000405 0.015041
v 0.005639 0.000405 0.015155
v 0.005606 0.000405 0.015203
v 0.005557 0.000405 0.015236
v -0.002381 0.000805 0.012747
v -0.002363 0.000809 0.012747
v -0.002381 0.000805 0.012247
v -0.002363 0.000809 0.012247
v -0.002347 0.000819 0.012747
v -0.002347 0.000819 0.012247
v 0.000205 0.000505 0.012670
v 0.002063 0.003457 0.012247
v 0.001959 0.003224 0.012247
v -0.000015 0.000505 0.015385
v -0.000078 0.000505 0.015406
v -0.000015 0.000805 0.015385
v -0.000078 0.000805 0.015406
v -0.000144 0.000805 0.015399
v -0.000144 0.000505 0.015399
v -0.000202 0.000505 0.015365
v -0.000202 0.000805 0.015365
v -0.000241 0.000505 0.015311
v -0.000241 0.000805 0.015311
v -0.000255 0.000805 0.017247
v 0.002000 0.000505 0.015447
v 0.002000 0.000505 0.013947
v -0.001212 0.000835 0.012747
v -0.001201 0.000819 0.012747
v -0.001185 0.000809 0.012747
v -0.001166 0.000805 0.012747
v -0.001612 0.000977 0.012747
v -0.001644 0.000998 0.012747
v -0.001904 0.000998 0.012747
v -0.001936 0.000977 0.012747
v -0.001958 0.000946 0.012747
v 0.001682 0.001305 0.012247
v 0.001532 0.001276 0.012247
v 0.001404 0.001193 0.012247
v 0.004470 0.000895 0.010217
v 0.004481 0.000838 0.010217
v 0.004514 0.000789 0.010217
v 0.004563 0.000756 0.010217
v 0.004620 0.000745 0.010217
v 0.004470 0.001912 0.014136
v 0.004170 0.001912 0.014136
v 0.004470 0.001961 0.014103
v 0.004170 0.001961 0.014103
v 0.004470 0.001994 0.014055
v 0.004170 0.001994 0.014055
v 0.004470 0.002005 0.013997
v 0.004170 0.002005 0.013997
v -0.001644 0.000998 0.012247
v -0.001612 0.000977 0.012247
v 0.003190 0.000505 0.011727
v 0.003442 0.000530 0.011727
v 0.003358 0.000516 0.011727
v 0.003274 0.000508 0.011727
v 0.000205 0.000505 0.016352
v 0.000205 0.000505 0.015258
v -0.004270 0.001785 0.013797
v -0.004188 0.001372 0.013797
v -0.003954 0.001021 0.013797
v -0.003603 0.000787 0.013797
v 0.000505 0.000505 0.016525
v 0.001645 0.003172 0.012247
v 0.001613 0.003193 0.012247
v 0.001591 0.003224 0.012247
v -0.001683 0.002865 0.012247
v -0.001533 0.002894 0.012247
v -0.001405 0.002977 0.012247
v 0.002018 0.002894 0.012247
v 0.002146 0.002977 0.012247
v 0.002233 0.003103 0.012247
v -0.004170 0.000770 0.014147
v -0.004228 0.000625 0.014147
v -0.004330 0.000508 0.014147
v -0.004466 0.000431 0.014147
v -0.004170 0.000895 0.010217
v -0.004470 0.001915 0.010217
v -0.004170 0.001915 0.010217
v -0.004470 0.000895 0.010217
v -0.004481 0.000838 0.010217
v -0.004514 0.000789 0.010217
v -0.004563 0.000756 0.010217
v -0.004204 0.000723 0.010217
v -0.004302 0.000577 0.010217
v -0.004448 0.000479 0.010217
v -0.005500 0.000445 0.010217
v -0.004620 0.000445 0.010217
v 0.001168 0.000505 0.012247
v 0.001299 0.000531 0.012247
v 0.001411 0.000603 0.012247
v 0.001487 0.000713 0.012247
v 0.000520 0.000805 0.015076
v 0.000505 0.000505 0.015085
v 0.000520 0.000505 0.015076
v 0.004470 0.001912 0.015586
v 0.004170 0.001912 0.015586
v 0.004470 0.001961 0.015553
v 0.004170 0.001961 0.015553
v 0.004470 0.001994 0.015505
v 0.004170 0.001994 0.015505
v 0.004470 0.002005 0.015447
v 0.004170 0.002005 0.015447
v -0.002710 0.003380 0.011197
v -0.002710 0.003374 0.011222
v -0.000079 0.000505 0.013955
v -0.000141 0.000505 0.013961
v -0.000195 0.000505 0.013992
v -0.000232 0.000505 0.014043
v -0.000245 0.000505 0.014104
v 0.004170 0.001912 0.015259
v 0.004470 0.001912 0.015259
v 0.004170 0.001961 0.015291
v 0.004470 0.001961 0.015291
v 0.004170 0.001994 0.015340
v 0.004470 0.001994 0.015340
v 0.004170 0.002005 0.015397
v 0.004470 0.002005 0.015397
v 0.004170 0.002115 0.010785
v 0.000505 0.000505 0.012670
v -0.000232 0.000505 0.012990
v -0.000195 0.000505 0.013040
v -0.000141 0.000505 0.013072
v -0.000079 0.000505 0.013078
v 0.002093 0.000505 0.013809
v 0.002044 0.000505 0.013841
v 0.002011 0.000505 0.013890
v 0.002011 0.000505 0.015505
v 0.002044 0.000505 0.015553
v 0.002093 0.000505 0.015586
v 0.000205 0.000505 0.014420
v 0.003190 0.003465 0.010272
v 0.003422 0.003440 0.010272
v 0.003643 0.003366 0.010272
v 0.004461 0.001635 0.011727
v 0.004405 0.001381 0.011727
v 0.004298 0.001144 0.011727
v 0.004145 0.000933 0.011727
v -0.004470 0.001855 0.013797
v -0.004270 0.001855 0.013797
v -0.004470 0.001912 0.013809
v -0.004273 0.001884 0.013800
v -0.004281 0.001912 0.013809
v -0.004470 0.001961 0.013841
v -0.004295 0.001938 0.013823
v -0.004314 0.001961 0.013841
v -0.004470 0.001994 0.013890
v -0.004363 0.001994 0.013890
v -0.004470 0.002005 0.013947
v -0.004420 0.002005 0.013947
v 0.001937 0.003193 0.012247
v 0.001905 0.003172 0.012247
v 0.001339 0.003646 0.010272
v -0.001339 0.003646 0.010272
v -0.001458 0.003591 0.010272
v 0.001458 0.003591 0.010272
v -0.001300 0.003639 0.012247
v -0.001412 0.003567 0.012247
v -0.000241 0.000505 0.012994
v -0.000202 0.000505 0.013048
v -0.000144 0.000505 0.013081
v -0.000078 0.000505 0.013088
v -0.000078 0.000505 0.013945
v -0.000144 0.000505 0.013952
v -0.000202 0.000505 0.013985
v -0.000241 0.000505 0.014039
v -0.000241 0.000805 0.014039
v -0.000202 0.000805 0.013985
v -0.000144 0.000805 0.013952
v -0.000078 0.000805 0.013945
v -0.004470 0.001855 0.015247
v -0.004170 0.001855 0.015247
v -0.004470 0.001912 0.015259
v -0.004170 0.001912 0.015259
v -0.004470 0.001961 0.015291
v -0.004170 0.001961 0.015291
v -0.004470 0.001994 0.015340
v -0.004170 0.001994 0.015340
v -0.004470 0.002005 0.015397
v -0.004170 0.002005 0.015397
v 0.004470 0.001912 0.013809
v 0.004470 0.001961 0.013841
v 0.004470 0.001994 0.013890
v 0.004470 0.002005 0.013947
v -0.004228 0.000625 0.015247
v -0.004170 0.000770 0.015247
v -0.004330 0.000508 0.015247
v -0.004466 0.000431 0.015247
v -0.004470 0.002265 0.010897
v -0.004470 0.002208 0.010886
v -0.004470 0.002159 0.010853
v -0.004470 0.002126 0.010805
v -0.004470 0.002100 0.010341
v -0.004470 0.002056 0.010276
v -0.004470 0.001992 0.010232
v -0.001212 0.000835 0.012247
v -0.004170 0.002005 0.013697
v 0.000745 0.000505 0.014144
v 0.000732 0.000505 0.014205
v 0.000695 0.000505 0.014256
v 0.000641 0.000505 0.014287
v 0.000579 0.000505 0.014294
v 0.003565 0.000880 0.013697
v 0.003883 0.001092 0.013697
v 0.004095 0.001410 0.013697
v -0.001166 0.000805 0.012247
v -0.000750 0.000805 0.012457
v -0.000750 0.000805 0.011827
v -0.000241 0.000805 0.012994
v -0.000202 0.000805 0.013048
v -0.000144 0.000805 0.013081
v -0.000078 0.000805 0.013088
v -0.000450 0.000805 0.011827
v -0.000450 0.000805 0.012457
v 0.000732 0.000805 0.015145
v 0.000695 0.000805 0.015095
v 0.000641 0.000805 0.015063
v 0.000579 0.000805 0.015057
v 0.000745 0.000805 0.014144
v 0.000732 0.000805 0.014205
v 0.000695 0.000805 0.014256
v 0.000641 0.000805 0.014287
v 0.000579 0.000805 0.014294
v 0.001850 0.002960 0.010967
v 0.001850 0.002988 0.010971
v -0.004170 0.001992 0.010232
v -0.004170 0.002056 0.010276
v -0.004170 0.002100 0.010341
v -0.004170 0.002126 0.010866
v -0.004170 0.002159 0.010935
v -0.004170 0.002182 0.010962
v -0.004170 0.002208 0.010981
v -0.004170 0.002265 0.010997
v -0.004170 0.002236 0.010993
v -0.005557 0.000445 0.010229
v -0.005606 0.000445 0.010261
v -0.005639 0.000445 0.010310
v -0.005650 0.000445 0.010367
v 0.004170 0.001662 0.011332
v 0.004470 0.001662 0.011332
v 0.004170 0.001726 0.011376
v 0.004470 0.001726 0.011376
v 0.004170 0.001770 0.011441
v 0.004470 0.001770 0.011441
v 0.003825 0.003188 0.010329
v -0.004175 0.002827 0.010897
v -0.004246 0.002611 0.010897
v -0.004270 0.002385 0.010897
v -0.004270 0.002265 0.010897
v 0.003495 0.000542 0.011727
v 0.003548 0.000556 0.011727
v 0.004085 0.000870 0.011727
v 0.004116 0.000901 0.011727
v 0.004467 0.001692 0.011715
v 0.004469 0.001740 0.011682
v 0.004470 0.001773 0.011634
v 0.000579 0.000505 0.015057
v 0.000641 0.000505 0.015063
v 0.000695 0.000505 0.015095
v 0.000732 0.000505 0.015145
v -0.005422 0.000445 0.010553
v -0.005346 0.000445 0.010622
v -0.005305 0.000445 0.010716
v -0.005305 0.000445 0.010818
v -0.005346 0.000445 0.010912
v -0.005422 0.000445 0.010982
v 0.004170 0.002265 0.010997
v 0.004170 0.002236 0.010993
v 0.004170 0.002208 0.010981
v 0.004170 0.002182 0.010962
v 0.004170 0.002159 0.010935
v 0.004170 0.002126 0.010866
v 0.003000 0.003380 0.010357
v -0.001201 0.000819 0.012247
v -0.001185 0.000809 0.012247
v -0.002709 0.003368 0.011246
v -0.002710 0.003371 0.011234
v -0.004265 0.002208 0.010886
v -0.004252 0.002159 0.010853
v -0.004232 0.002126 0.010805
v -0.001958 0.000946 0.012247
v -0.001936 0.000977 0.012247
v -0.001904 0.000998 0.012247
v 0.001186 0.003361 0.012247
v 0.001202 0.003351 0.012247
v 0.002383 0.003665 0.012247
v 0.002251 0.003639 0.012247
v 0.002139 0.003567 0.012247
v 0.001850 0.002530 0.010967
v 0.001850 0.001980 0.010897
v 0.001850 0.002530 0.010897
v 0.001850 0.002988 0.010971
v 0.001850 0.002960 0.010967
v 0.001850 0.003018 0.010972
v 0.001850 0.003330 0.011067
v 0.001850 0.003140 0.010972
v 0.001850 0.001980 0.011147
v 0.001850 0.003330 0.011347
v 0.001850 0.002280 0.011347
v 0.001150 0.003330 0.011727
v 0.000750 0.003330 0.011727
v 0.000750 0.002930 0.011727
v 0.000950 0.002730 0.011727
v 0.001150 0.002730 0.011727
v -0.002880 0.001735 0.014347
v -0.002880 0.001760 0.014347
v -0.003220 0.001760 0.014347
v -0.003220 0.001735 0.014347
v 0.003329 0.001774 0.014260
v 0.003345 0.001885 0.014247
v 0.003345 0.002285 0.014247
v 0.003329 0.002396 0.014260
v 0.003283 0.002498 0.014297
v 0.003283 0.001672 0.014297
v 0.003220 0.002435 0.014347
v 0.003220 0.002410 0.014347
v 0.003220 0.001760 0.014347
v 0.003220 0.001735 0.014347
v 0.003095 0.002410 0.014447
v 0.003095 0.001760 0.014447
v 0.002600 0.000840 0.012547
v 0.003045 0.000840 0.012547
v 0.003045 0.001040 0.012747
v 0.002400 0.001040 0.012747
v 0.003800 0.003030 0.010747
v 0.003800 0.003030 0.010197
v 0.003692 0.003120 0.012547
v 0.003935 0.002877 0.012547
v 0.003870 0.002958 0.010819
v 0.003932 0.002880 0.010897
v 0.004017 0.002745 0.010897
v 0.004091 0.002570 0.012547
v 0.004082 0.002598 0.010897
v 0.004124 0.002444 0.010897
v 0.004145 0.002230 0.012547
v 0.004134 0.002386 0.010897
v 0.004141 0.002328 0.010897
v 0.003577 0.003193 0.010197
v 0.003319 0.003295 0.010197
v 0.003385 0.003276 0.012547
v 0.003045 0.003330 0.012547
v 0.003045 0.003330 0.010197
v 0.004145 0.002230 0.010907
v 0.004145 0.002220 0.010897
v 0.004145 0.002230 0.010897
v 0.004145 0.002269 0.010897
v -0.001850 0.002530 0.010897
v -0.001250 0.002530 0.010967
v -0.001250 0.002530 0.010197
v -0.001850 0.002530 0.010967
v -0.002250 0.002530 0.010897
v -0.002450 0.002530 0.010967
v -0.002250 0.002530 0.010967
v -0.002450 0.002530 0.010197
v -0.001150 0.000840 0.011727
v -0.001150 0.001440 0.011727
v -0.001150 0.001440 0.012077
v -0.001150 0.000840 0.012077
v 0.000400 0.002080 0.011147
v -0.000400 0.002080 0.011147
v -0.000400 0.002080 0.010897
v 0.000400 0.002080 0.010897
v -0.000450 0.000760 0.011782
v -0.000450 0.000760 0.011727
v -0.000450 0.000840 0.011727
v -0.000450 0.000805 0.011827
v -0.000450 0.000805 0.012457
v -0.000450 0.000840 0.012527
v 0.003000 0.003380 0.010357
v 0.003000 0.003330 0.010197
v 0.003000 0.003380 0.010197
v 0.003000 0.003365 0.010372
v 0.003000 0.003365 0.011257
v 0.003000 0.003330 0.011397
v 0.002250 0.002530 0.010897
v 0.002450 0.002530 0.010967
v 0.002450 0.002530 0.010197
v 0.002250 0.002530 0.010967
v 0.001250 0.002530 0.010967
v 0.001250 0.002530 0.010197
v -0.001850 0.003140 0.010972
v -0.001850 0.003330 0.011347
v -0.001850 0.003330 0.011067
v -0.001850 0.003018 0.010972
v -0.001850 0.002988 0.010971
v -0.001850 0.002960 0.010967
v -0.001850 0.002280 0.011347
v -0.001850 0.001980 0.010897
v -0.001850 0.001980 0.011147
v -0.004145 0.002120 0.010747
v -0.004145 0.002268 0.010895
v -0.004445 0.002268 0.010895
v -0.004445 0.002120 0.010747
v 0.003945 0.001940 0.012747
v 0.003877 0.001596 0.012747
v 0.004145 0.001940 0.012547
v 0.004091 0.001600 0.012547
v 0.003681 0.001304 0.012747
v 0.003935 0.001293 0.012547
v 0.003389 0.001109 0.012747
v 0.003692 0.001050 0.012547
v 0.003385 0.000894 0.012547
v 0.000450 0.000760 0.011727
v 0.000750 0.000760 0.011727
v 0.000750 0.000760 0.011782
v 0.000450 0.000760 0.011782
v -0.004045 0.002880 0.010897
v -0.004045 0.002882 0.010895
v -0.004045 0.002268 0.010895
v -0.004045 0.002270 0.010897
v -0.004045 0.002688 0.010897
v 0.004124 0.002881 0.010896
v 0.004124 0.002880 0.010897
v 0.004124 0.002270 0.010897
v 0.004124 0.002269 0.010896
v -0.004208 0.002115 0.010747
v -0.004232 0.002126 0.010805
v -0.004170 0.002115 0.010785
v -0.004170 0.002126 0.010866
v -0.004170 0.002159 0.010935
v -0.004252 0.002159 0.010853
v -0.004170 0.002182 0.010962
v -0.004265 0.002208 0.010886
v -0.004170 0.002208 0.010981
v -0.004270 0.002265 0.010897
v -0.004170 0.002236 0.010993
v -0.004170 0.002265 0.010997
v 0.001168 0.003665 0.012247
v 0.001168 0.003365 0.012247
v 0.001168 0.003365 0.012246
v 0.001168 0.003665 0.012246
v -0.004145 0.002230 0.012547
v -0.003945 0.002230 0.012747
v -0.004091 0.002570 0.012547
v -0.003876 0.002574 0.012747
v -0.003935 0.002877 0.012547
v -0.003681 0.002866 0.012747
v -0.003692 0.003120 0.012547
v -0.003389 0.003061 0.012747
v -0.003385 0.003276 0.012547
v -0.003045 0.003130 0.012747
v -0.003045 0.003330 0.012547
v 0.003877 0.002574 0.012747
v 0.003945 0.002230 0.012747
v 0.003681 0.002866 0.012747
v 0.003389 0.003061 0.012747
v 0.003345 0.001885 0.012747
v 0.003345 0.002285 0.012747
v 0.003315 0.002438 0.012747
v 0.003315 0.001732 0.012747
v 0.003228 0.002568 0.012747
v 0.003228 0.001602 0.012747
v 0.003098 0.001515 0.012747
v 0.003098 0.002655 0.012747
v 0.003045 0.003130 0.012747
v 0.002945 0.001485 0.012747
v 0.002945 0.002685 0.012747
v 0.002400 0.003130 0.012747
v 0.002400 0.001485 0.012747
v 0.002400 0.002685 0.012747
v 0.001100 0.002685 0.012747
v 0.001100 0.002685 0.012347
v 0.001100 0.002835 0.012197
v 0.001100 0.003130 0.012197
v 0.001100 0.003130 0.012747
v -0.004170 0.002385 0.010997
v -0.004270 0.002385 0.010897
v 0.002880 0.002435 0.014347
v 0.002880 0.002410 0.014347
v 0.003190 0.000805 0.011827
v 0.003190 0.000705 0.011727
v 0.000750 0.000805 0.011827
v -0.000245 0.000705 0.011727
v 0.000450 0.000805 0.011827
v -0.000245 0.000805 0.011827
v -0.002600 0.000840 0.012547
v -0.002600 0.000840 0.012197
v -0.002400 0.001040 0.012197
v -0.002400 0.001040 0.012747
v -0.000950 0.001440 0.011727
v -0.000950 0.001440 0.012077
v 0.003195 0.001760 0.016027
v 0.003195 0.002410 0.016027
v 0.003345 0.002410 0.016027
v 0.003345 0.001760 0.016027
v -0.002916 -0.000120 0.011516
v -0.002813 -0.000120 0.011505
v -0.002838 0.000380 0.011512
v -0.002942 0.000380 0.011512
v -0.003037 0.000380 0.011469
v -0.003015 -0.000120 0.011484
v -0.003106 0.000380 0.011392
v -0.003092 -0.000120 0.011414
v -0.003139 0.000380 0.011293
v -0.003134 -0.000120 0.011319
v -0.003128 0.000380 0.011190
v -0.003134 -0.000120 0.011215
v -0.003076 0.000380 0.011100
v -0.003092 -0.000120 0.011120
v -0.002992 0.000380 0.011039
v -0.003015 -0.000120 0.011051
v -0.002890 0.000380 0.011017
v -0.002916 -0.000120 0.011019
v -0.002788 0.000380 0.011039
v -0.002813 -0.000120 0.011030
v -0.002704 0.000380 0.011100
v -0.002723 -0.000120 0.011081
v -0.002652 0.000380 0.011190
v -0.002662 -0.000120 0.011166
v -0.002641 0.000380 0.011293
v -0.002640 -0.000120 0.011267
v -0.002673 0.000380 0.011392
v -0.002662 -0.000120 0.011369
v -0.002743 0.000380 0.011469
v -0.002723 -0.000120 0.011453
v 0.002383 0.003365 0.012247
v 0.002383 0.003665 0.012247
v 0.002383 0.003665 0.012246
v 0.002383 0.003365 0.012246
v 0.000880 0.002435 0.014347
v 0.000880 0.002410 0.014347
v 0.001120 0.002410 0.014347
v 0.001120 0.002435 0.014347
v -0.001250 0.003130 0.010967
v -0.001250 0.003130 0.010197
v 0.004445 0.002881 0.010896
v 0.004445 0.002269 0.010896
v 0.004445 0.002120 0.010747
v 0.004445 0.002120 0.010197
v 0.004445 0.003030 0.010197
v 0.004445 0.003030 0.010747
v -0.001100 0.003130 0.012197
v -0.001100 0.002835 0.012197
v -0.001100 0.002685 0.012347
v -0.001100 0.002685 0.012747
v -0.001100 0.003130 0.012747
v -0.004145 0.002270 0.010897
v -0.002995 0.002410 0.015827
v -0.002995 0.001760 0.015827
v -0.003010 0.002410 0.015904
v -0.003010 0.001760 0.015904
v -0.003054 0.002410 0.015969
v -0.003054 0.001760 0.015969
v -0.003118 0.002410 0.016012
v -0.003118 0.001760 0.016012
v -0.003195 0.002410 0.016027
v -0.003195 0.001760 0.016027
v 0.004145 0.001940 0.011727
v 0.004091 0.001600 0.011727
v 0.003935 0.001293 0.011727
v 0.003692 0.001050 0.011727
v 0.003385 0.000894 0.011727
v 0.003045 0.000840 0.011727
v 0.000450 0.000840 0.012527
v 0.000450 0.000840 0.011727
v 0.000450 0.000805 0.012457
v -0.002017 0.001276 0.012247
v -0.001867 0.001305 0.012247
v -0.001681 0.001305 0.012247
v -0.001531 0.001276 0.012247
v -0.002145 0.001193 0.012247
v -0.001403 0.001193 0.012247
v -0.002232 0.001067 0.012247
v -0.001316 0.001067 0.012247
v -0.001681 0.001005 0.012247
v -0.001867 0.001005 0.012247
v -0.001904 0.000998 0.012247
v -0.001644 0.000998 0.012247
v -0.001936 0.000977 0.012247
v -0.001612 0.000977 0.012247
v -0.001958 0.000946 0.012247
v -0.001590 0.000946 0.012247
v -0.002336 0.000835 0.012247
v -0.001212 0.000835 0.012247
v -0.001201 0.000819 0.012247
v -0.002347 0.000819 0.012247
v -0.002363 0.000809 0.012247
v -0.001185 0.000809 0.012247
v -0.002021 0.000805 0.012247
v -0.002381 0.000805 0.012247
v -0.001527 0.000805 0.012247
v -0.001166 0.000805 0.012247
v 0.001100 0.001485 0.012347
v 0.001100 0.001335 0.012197
v 0.002400 0.001335 0.012197
v 0.002400 0.001485 0.012347
v -0.002802 -0.000220 0.011146
v -0.002921 -0.000220 0.011121
v -0.002859 -0.000220 0.011121
v -0.002978 -0.000220 0.011146
v -0.003020 -0.000220 0.011192
v -0.002760 -0.000220 0.011192
v -0.002741 -0.000220 0.011252
v -0.003039 -0.000220 0.011252
v -0.002747 -0.000220 0.011314
v -0.003033 -0.000220 0.011314
v -0.003001 -0.000220 0.011368
v -0.002778 -0.000220 0.011368
v -0.002829 -0.000220 0.011404
v -0.002951 -0.000220 0.011404
v -0.002890 -0.000220 0.011417
v -0.003193 0.000530 0.011092
v -0.003238 0.000530 0.011231
v -0.003223 0.000530 0.011375
v -0.003150 0.000530 0.011502
v -0.003032 0.000530 0.011587
v -0.003096 0.000530 0.010984
v -0.002890 0.000530 0.011617
v -0.002748 0.000530 0.011587
v -0.002630 0.000530 0.011502
v -0.002557 0.000530 0.011375
v -0.002542 0.000530 0.011231
v -0.002587 0.000530 0.011092
v -0.002684 0.000530 0.010984
v -0.002817 0.000530 0.010925
v -0.002963 0.000530 0.010925
v 0.003425 0.000530 0.010537
v 0.003425 0.000530 0.010197
v 0.003600 0.000530 0.010197
v -0.000400 0.000530 0.010897
v 0.000400 0.000530 0.010897
v 0.002817 0.000530 0.010925
v 0.002963 0.000530 0.010925
v 0.003096 0.000530 0.010984
v 0.002684 0.000530 0.010984
v 0.003193 0.000530 0.011092
v 0.002587 0.000530 0.011092
v 0.003238 0.000530 0.011231
v 0.002542 0.000530 0.011231
v 0.000400 0.000530 0.011347
v 0.002557 0.000530 0.011375
v 0.003223 0.000530 0.011375
v 0.002630 0.000530 0.011502
v 0.002748 0.000530 0.011587
v 0.002890 0.000530 0.011617
v -0.000245 0.000530 0.011727
v -0.000255 0.000530 0.011727
v 0.003442 0.000530 0.011727
v 0.003032 0.000530 0.011587
v 0.003150 0.000530 0.011502
v 0.003600 0.000530 0.011727
v -0.003442 0.000530 0.011727
v -0.003600 0.000530 0.011727
v -0.002625 0.000530 0.010537
v -0.002975 0.000530 0.010537
v -0.002975 0.000530 0.010197
v -0.002625 0.000530 0.010197
v -0.003425 0.000530 0.010537
v -0.003600 0.000530 0.010197
v -0.003425 0.000530 0.010197
v -0.002175 0.000530 0.010537
v 0.000850 0.000530 0.010537
v -0.000400 0.000530 0.011347
v -0.002175 0.000530 0.010197
v -0.001850 0.000530 0.010197
v -0.001850 0.000530 0.010537
v -0.001650 0.000530 0.010537
v -0.001650 0.000530 0.010197
v -0.001350 0.000530 0.010197
v -0.001350 0.000530 0.010537
v -0.001150 0.000530 0.010537
v -0.001150 0.000530 0.010197
v -0.000850 0.000530 0.010197
v -0.000850 0.000530 0.010537
v -0.000650 0.000530 0.010537
v -0.000650 0.000530 0.010197
v -0.000350 0.000530 0.010197
v -0.000350 0.000530 0.010537
v -0.000150 0.000530 0.010537
v -0.000150 0.000530 0.010197
v 0.000150 0.000530 0.010197
v 0.000150 0.000530 0.010537
v 0.000350 0.000530 0.010537
v 0.000350 0.000530 0.010197
v 0.000650 0.000530 0.010197
v 0.000650 0.000530 0.010537
v 0.000850 0.000530 0.010197
v 0.001150 0.000530 0.010197
v 0.001150 0.000530 0.010537
v 0.001350 0.000530 0.010537
v 0.001350 0.000530 0.010197
v 0.001650 0.000530 0.010197
v 0.001650 0.000530 0.010537
v 0.001850 0.000530 0.010537
v 0.001850 0.000530 0.010197
v 0.002175 0.000530 0.010197
v 0.002175 0.000530 0.010537
v 0.002625 0.000530 0.010537
v 0.002625 0.000530 0.010197
v 0.002975 0.000530 0.010197
v 0.002975 0.000530 0.010537
v 0.004145 0.001281 0.011727
v 0.004030 0.001107 0.011727
v 0.003885 0.000958 0.011727
v 0.003713 0.000840 0.011727
v 0.003600 0.000840 0.011727
v 0.003467 0.000741 0.011727
v 0.003600 0.000786 0.011727
v 0.003330 0.000714 0.011727
v 0.001150 0.000840 0.011727
v 0.000950 0.001440 0.011727
v 0.001150 0.001440 0.011727
v 0.000750 0.001240 0.011727
v -0.000255 0.000705 0.011727
v -0.000750 0.000760 0.011727
v -0.000750 0.001240 0.011727
v -0.003045 0.000840 0.011727
v -0.003190 0.000705 0.011727
v -0.003330 0.000714 0.011727
v -0.003385 0.000894 0.011727
v -0.003467 0.000741 0.011727
v -0.003600 0.000786 0.011727
v -0.003600 0.000840 0.011727
v -0.003692 0.001050 0.011727
v -0.003713 0.000840 0.011727
v -0.003884 0.000958 0.011727
v -0.003935 0.001293 0.011727
v -0.004030 0.001107 0.011727
v -0.004091 0.001600 0.011727
v -0.004145 0.001940 0.011727
v -0.004145 0.001281 0.011727
v -0.004145 0.000840 0.011727
v -0.004115 0.000901 0.011727
v -0.004145 0.000933 0.011727
v -0.004085 0.000870 0.011727
v -0.004053 0.000840 0.011727
v 0.003345 0.002410 0.016497
v 0.003345 0.001760 0.016497
v -0.000880 0.002410 0.014347
v -0.000880 0.002435 0.014347
v -0.001120 0.002435 0.014347
v -0.001120 0.002410 0.014347
v 0.002620 0.001735 0.014347
v 0.002620 0.001760 0.014347
v 0.001380 0.001760 0.014347
v 0.001380 0.001735 0.014347
v -0.002250 0.003330 0.010967
v -0.002450 0.003330 0.010967
v -0.003000 0.003365 0.010372
v -0.003000 0.003380 0.010357
v -0.003000 0.003380 0.010197
v -0.003000 0.003330 0.011397
v -0.003000 0.003365 0.011257
v -0.003000 0.003330 0.010197
v -0.000120 0.002435 0.014347
v -0.000120 0.002410 0.014347
v 0.000120 0.002410 0.014347
v 0.000120 0.002435 0.014347
v 0.004270 0.002265 0.010897
v 0.004170 0.002265 0.010997
v 0.004170 0.002385 0.010997
v 0.004270 0.002385 0.010897
v 0.001100 0.001040 0.012197
v 0.001100 0.001485 0.012747
v 0.001100 0.001040 0.012747
v 0.004009 0.003011 0.010946
v 0.004059 0.003027 0.010897
v 0.004076 0.002804 0.010997
v 0.003963 0.002987 0.010997
v 0.004174 0.002829 0.010897
v 0.004246 0.002612 0.010897
v 0.004146 0.002599 0.010997
v 0.002945 0.002685 0.014147
v 0.002400 0.002685 0.012347
v -0.002400 0.002685 0.012347
v -0.002400 0.002685 0.012747
v -0.002945 0.002685 0.014147
v -0.002945 0.002685 0.012747
v -0.004012 0.002755 0.010897
v -0.003974 0.002819 0.010897
v -0.003932 0.002880 0.010897
v 0.000505 0.000505 0.012670
v 0.000505 0.000505 0.012756
v 0.000505 0.000525 0.012756
v 0.000505 0.000525 0.012670
v 0.003220 0.001594 0.014234
v 0.003138 0.001535 0.014187
v 0.003045 0.001498 0.014157
v 0.002945 0.001485 0.014147
v 0.002880 0.001735 0.014347
v 0.001120 0.001735 0.014347
v 0.000880 0.001735 0.014347
v 0.000620 0.001735 0.014347
v 0.000380 0.001735 0.014347
v 0.000120 0.001735 0.014347
v -0.000120 0.001735 0.014347
v -0.000380 0.001735 0.014347
v -0.000620 0.001735 0.014347
v -0.000880 0.001735 0.014347
v -0.001120 0.001735 0.014347
v -0.001380 0.001735 0.014347
v -0.002620 0.001735 0.014347
v -0.002945 0.001485 0.014147
v -0.003045 0.001498 0.014157
v -0.003138 0.001535 0.014187
v -0.003219 0.001594 0.014234
v -0.003283 0.001672 0.014297
v -0.002400 0.003130 0.012747
v -0.002600 0.003330 0.012547
v -0.003045 0.001040 0.012747
v -0.003045 0.000840 0.012547
v -0.003045 0.003330 0.010197
v -0.003319 0.003295 0.010197
v -0.003576 0.003193 0.010197
v -0.003800 0.003030 0.010747
v -0.003870 0.002958 0.010819
v -0.004096 0.002554 0.010897
v -0.004130 0.002413 0.010897
v -0.004145 0.002230 0.010907
v -0.004145 0.002220 0.010897
v -0.003800 0.003030 0.010197
v 0.003095 0.002410 0.016997
v 0.002995 0.002260 0.017197
v 0.002995 0.001910 0.017197
v 0.003095 0.001760 0.016997
v -0.004145 0.002120 0.010197
v -0.004145 0.001940 0.012547
v -0.004145 0.000840 0.010197
v -0.002383 0.003665 0.012247
v -0.002383 0.003365 0.012247
v -0.002383 0.003365 0.012246
v -0.002383 0.003665 0.012246
v -0.003345 0.002410 0.016497
v -0.003345 0.001760 0.016497
v -0.003095 0.001760 0.016997
v -0.002995 0.001910 0.017197
v -0.002995 0.002260 0.017197
v -0.003095 0.002410 0.016997
v -0.002250 0.001980 0.011147
v -0.002250 0.001980 0.010897
v 0.000400 0.001780 0.011347
v -0.000400 0.001780 0.011347
v 0.002864 -0.000120 0.011019
v 0.002967 -0.000120 0.011030
v 0.002921 -0.000220 0.011121
v 0.002859 -0.000220 0.011121
v 0.002802 -0.000220 0.011146
v 0.002765 -0.000120 0.011051
v 0.002760 -0.000220 0.011192
v 0.002688 -0.000120 0.011120
v 0.002741 -0.000220 0.011252
v 0.002646 -0.000120 0.011215
v 0.002747 -0.000220 0.011314
v 0.002646 -0.000120 0.011319
v 0.002779 -0.000220 0.011368
v 0.002688 -0.000120 0.011414
v 0.002829 -0.000220 0.011404
v 0.002765 -0.000120 0.011484
v 0.002890 -0.000220 0.011417
v 0.002864 -0.000120 0.011516
v 0.002951 -0.000220 0.011404
v 0.002967 -0.000120 0.011505
v 0.003002 -0.000220 0.011368
v 0.003057 -0.000120 0.011453
v 0.003033 -0.000220 0.011314
v 0.003118 -0.000120 0.011369
v 0.003039 -0.000220 0.011252
v 0.003140 -0.000120 0.011267
v 0.003020 -0.000220 0.011192
v 0.003118 -0.000120 0.011166
v 0.002978 -0.000220 0.011146
v 0.003057 -0.000120 0.011081
v -0.001168 0.003665 0.012747
v -0.001168 0.003365 0.012747
v -0.001168 0.003365 0.012748
v -0.001168 0.003665 0.012748
v 0.000750 0.000840 0.012527
v 0.000750 0.000805 0.012457
v 0.002250 0.001980 0.010897
v -0.003220 0.002410 0.014347
v -0.003095 0.001760 0.014447
v -0.003095 0.002410 0.014447
v -0.003283 0.002498 0.014297
v -0.003220 0.002435 0.014347
v -0.003329 0.002396 0.014260
v -0.003329 0.001774 0.014260
v -0.003345 0.002285 0.014247
v -0.003345 0.001885 0.014247
v 0.002942 0.000380 0.011512
v 0.002838 0.000380 0.011512
v 0.002743 0.000380 0.011469
v 0.002674 0.000380 0.011392
v 0.002641 0.000380 0.011293
v 0.002652 0.000380 0.011190
v 0.002704 0.000380 0.011100
v 0.002788 0.000380 0.011039
v 0.002890 0.000380 0.011017
v 0.002992 0.000380 0.011039
v 0.003076 0.000380 0.011100
v 0.003128 0.000380 0.011190
v 0.003139 0.000380 0.011293
v 0.003106 0.000380 0.011392
v 0.003037 0.000380 0.011469
v -0.003871 0.003090 0.010818
v -0.003878 0.003083 0.010882
v -0.003934 0.003125 0.010747
v -0.003960 0.003129 0.010810
v -0.003897 0.003064 0.010939
v -0.003988 0.003114 0.010854
v -0.003911 0.003049 0.010963
v -0.004003 0.003100 0.010871
v -0.003927 0.003032 0.010981
v -0.004018 0.003082 0.010883
v -0.003944 0.003011 0.010993
v -0.003963 0.002987 0.010997
v -0.003993 0.003004 0.010964
v -0.004052 0.003036 0.010896
v -0.004022 0.003020 0.010930
v -0.002995 0.002410 0.014620
v -0.002995 0.001760 0.014620
v 0.000900 0.000840 0.012547
v 0.000900 0.000840 0.012197
v 0.002018 0.001276 0.012247
v 0.001682 0.001305 0.012247
v 0.001868 0.001305 0.012247
v 0.001532 0.001276 0.012247
v 0.001404 0.001193 0.012247
v 0.002146 0.001193 0.012247
v 0.001317 0.001067 0.012247
v 0.002233 0.001067 0.012247
v 0.001868 0.001005 0.012247
v 0.001682 0.001005 0.012247
v 0.001645 0.000998 0.012247
v 0.001905 0.000998 0.012247
v 0.001613 0.000977 0.012247
v 0.001937 0.000977 0.012247
v 0.001591 0.000946 0.012247
v 0.001959 0.000946 0.012247
v 0.001213 0.000835 0.012247
v 0.002337 0.000835 0.012247
v 0.001202 0.000819 0.012247
v 0.002348 0.000819 0.012247
v 0.001186 0.000809 0.012247
v 0.002364 0.000809 0.012247
v 0.002022 0.000805 0.012247
v 0.002383 0.000805 0.012247
v 0.001528 0.000805 0.012247
v 0.001168 0.000805 0.012247
v 0.002600 0.003330 0.012547
v 0.002600 0.003330 0.012197
v 0.002400 0.003130 0.012197
v 0.002450 0.003330 0.010967
v 0.002450 0.003330 0.010197
v -0.000750 0.001240 0.012077
v 0.002400 0.002835 0.012197
v -0.000620 0.002435 0.014347
v -0.000620 0.002410 0.014347
v -0.000380 0.002410 0.014347
v -0.000380 0.002435 0.014347
v 0.001050 0.003330 0.011067
v 0.001469 0.003140 0.010972
v 0.001250 0.003130 0.010967
v 0.001477 0.003130 0.010967
v 0.002400 0.001040 0.012197
v 0.002250 0.003330 0.011347
v 0.002250 0.003330 0.010967
v 0.002250 0.002280 0.011347
v 0.002250 0.001980 0.011147
v 0.004145 0.002120 0.010747
v 0.004145 0.000840 0.010197
v 0.004145 0.002120 0.010197
v 0.004145 0.000840 0.011727
v 0.001120 0.001760 0.014347
v 0.000880 0.001760 0.014347
v -0.002707 0.003365 0.011257
v -0.002700 0.003330 0.011397
v -0.002700 0.003380 0.011197
v -0.002709 0.003368 0.011246
v -0.002710 0.003371 0.011234
v -0.002710 0.003380 0.011197
v -0.002710 0.003374 0.011222
v -0.001100 0.001040 0.012747
v -0.001100 0.001485 0.012747
v 0.002995 0.001760 0.014620
v 0.002995 0.002410 0.014620
v 0.002995 0.002410 0.015827
v 0.002995 0.001760 0.015827
v 0.002375 0.000525 0.010534
v 0.002375 0.000525 0.010197
v 0.002425 0.000525 0.010197
v 0.002425 0.000525 0.010534
v 0.000620 0.001760 0.014347
v 0.000380 0.001760 0.014347
v -0.003600 0.000840 0.010197
v -0.002400 0.002835 0.012197
v -0.002400 0.003130 0.012197
v -0.004445 0.002882 0.010895
v 0.002860 0.003380 0.010357
v 0.002831 0.003380 0.010361
v 0.002803 0.003380 0.010373
v 0.002777 0.003380 0.010393
v 0.002700 0.003380 0.011197
v 0.002710 0.003380 0.011197
v 0.002710 0.003380 0.010569
v 0.002700 0.003380 0.010197
v 0.002721 0.003380 0.010488
v 0.002754 0.003380 0.010419
v 0.003119 0.002410 0.016012
v 0.003119 0.001760 0.016012
v 0.003054 0.002410 0.015969
v 0.003054 0.001760 0.015969
v 0.003010 0.002410 0.015904
v 0.003010 0.001760 0.015904
v -0.002620 0.002435 0.014347
v -0.002620 0.002410 0.014347
v -0.001380 0.002410 0.014347
v -0.001380 0.002435 0.014347
v -0.003385 0.000894 0.012547
v -0.003389 0.001109 0.012747
v -0.003692 0.001050 0.012547
v -0.003681 0.001304 0.012747
v -0.003935 0.001293 0.012547
v -0.003876 0.001596 0.012747
v -0.004091 0.001600 0.012547
v -0.003945 0.001940 0.012747
v 0.000750 0.002930 0.012077
v 0.000750 0.003330 0.012077
v -0.003345 0.001885 0.012747
v -0.003314 0.001732 0.012747
v -0.003228 0.001602 0.012747
v -0.003098 0.001515 0.012747
v -0.002945 0.001485 0.012747
v -0.000380 0.001760 0.014347
v -0.000620 0.001760 0.014347
v -0.000750 0.000840 0.012077
v -0.000750 0.000805 0.012457
v -0.000750 0.000840 0.012527
v -0.000750 0.000805 0.011827
v -0.000750 0.000760 0.011782
v 0.002600 0.000840 0.012197
v -0.001412 0.003567 0.012247
v -0.001300 0.003639 0.012247
v -0.001168 0.003665 0.012247
v -0.002140 0.003567 0.012247
v -0.002252 0.003639 0.012247
v -0.001488 0.003457 0.012247
v -0.002064 0.003457 0.012247
v -0.001168 0.003365 0.012247
v -0.001187 0.003361 0.012247
v -0.002365 0.003361 0.012247
v -0.001203 0.003351 0.012247
v -0.002349 0.003351 0.012247
v -0.002338 0.003335 0.012247
v -0.001214 0.003335 0.012247
v -0.001960 0.003224 0.012247
v -0.001592 0.003224 0.012247
v -0.001938 0.003193 0.012247
v -0.001614 0.003193 0.012247
v -0.001646 0.003172 0.012247
v -0.001906 0.003172 0.012247
v -0.002234 0.003103 0.012247
v -0.001869 0.003165 0.012247
v -0.001683 0.003165 0.012247
v -0.001318 0.003103 0.012247
v -0.002147 0.002977 0.012247
v -0.001405 0.002977 0.012247
v -0.001533 0.002894 0.012247
v -0.002019 0.002894 0.012247
v -0.001683 0.002865 0.012247
v -0.001869 0.002865 0.012247
v -0.001150 0.003330 0.011727
v -0.001150 0.003330 0.012077
v -0.001150 0.002730 0.012077
v -0.001150 0.002730 0.011727
v -0.003600 0.000572 0.011727
v 0.001250 0.003130 0.010197
v 0.003007 0.002410 0.014552
v 0.003007 0.001760 0.014552
v 0.003042 0.002410 0.014492
v 0.003042 0.001760 0.014492
v 0.000750 0.001240 0.012077
v 0.000950 0.001440 0.012077
v 0.002383 0.003665 0.012747
v 0.002383 0.003365 0.012747
v 0.002383 0.003365 0.012748
v 0.002383 0.003665 0.012748
v 0.002710 0.003371 0.011234
v 0.002710 0.003374 0.011222
v 0.002709 0.003368 0.011246
v 0.002707 0.003365 0.011257
v 0.002700 0.003330 0.011397
v 0.004208 0.002115 0.010747
v 0.004170 0.002115 0.010785
v 0.004232 0.002126 0.010805
v 0.004170 0.002126 0.010866
v 0.004252 0.002159 0.010853
v 0.004170 0.002159 0.010935
v 0.004265 0.002208 0.010886
v 0.004170 0.002182 0.010962
v 0.004170 0.002208 0.010981
v 0.004170 0.002236 0.010993
v -0.003345 0.001760 0.016027
v -0.003345 0.002410 0.016027
v 0.000900 0.003330 0.012197
v 0.000900 0.003330 0.012547
v -0.000880 0.001760 0.014347
v -0.001120 0.001760 0.014347
v -0.002400 0.001335 0.012197
v -0.002400 0.001485 0.012347
v -0.002400 0.001485 0.012747
v -0.003175 0.000525 0.010197
v -0.003175 0.000525 0.010534
v -0.003225 0.000525 0.010534
v -0.003225 0.000525 0.010197
v -0.000900 0.003330 0.012547
v -0.000900 0.003330 0.012197
v 0.000750 0.000840 0.012077
v -0.001050 0.003330 0.011067
v -0.001050 0.003330 0.010197
v 0.002139 0.003567 0.012247
v 0.002251 0.003639 0.012247
v 0.001411 0.003567 0.012247
v 0.001299 0.003639 0.012247
v 0.002063 0.003457 0.012247
v 0.001487 0.003457 0.012247
v 0.002364 0.003361 0.012247
v 0.001186 0.003361 0.012247
v 0.001202 0.003351 0.012247
v 0.002348 0.003351 0.012247
v 0.001213 0.003335 0.012247
v 0.002337 0.003335 0.012247
v 0.001591 0.003224 0.012247
v 0.001959 0.003224 0.012247
v 0.001613 0.003193 0.012247
v 0.001937 0.003193 0.012247
v 0.001905 0.003172 0.012247
v 0.001645 0.003172 0.012247
v 0.002233 0.003103 0.012247
v 0.001682 0.003165 0.012247
v 0.001868 0.003165 0.012247
v 0.001317 0.003103 0.012247
v 0.002146 0.002977 0.012247
v 0.001404 0.002977 0.012247
v 0.002018 0.002894 0.012247
v 0.001532 0.002894 0.012247
v 0.001868 0.002865 0.012247
v 0.001682 0.002865 0.012247
v -0.002700 0.003380 0.010197
v -0.002700 0.003330 0.010197
v 0.000950 0.002730 0.012077
v 0.000120 0.001760 0.014347
v -0.000120 0.001760 0.014347
v 0.001150 0.000840 0.012077
v 0.001150 0.001440 0.012077
v -0.000950 0.002730 0.012077
v -0.000950 0.002730 0.011727
v 0.001150 0.002730 0.012077
v 0.003600 0.000840 0.010197
v 0.003600 0.000572 0.011727
v 0.001150 0.003330 0.012077
v -0.001715 0.002846 0.010967
v -0.001477 0.003130 0.010967
v -0.002880 0.002410 0.014347
v -0.002880 0.002435 0.014347
v -0.001100 0.001335 0.012197
v -0.001100 0.001485 0.012347
v -0.000750 0.003330 0.011727
v -0.000750 0.002930 0.011727
v -0.000750 0.002930 0.012077
v -0.000750 0.003330 0.012077
v 0.001168 0.003365 0.012747
v 0.001168 0.003665 0.012747
v 0.001168 0.003665 0.012748
v 0.001168 0.003365 0.012748
v -0.003138 0.002635 0.014187
v -0.003098 0.002655 0.012747
v -0.003219 0.002576 0.014234
v -0.003045 0.002672 0.014157
v -0.003228 0.002568 0.012747
v -0.003314 0.002438 0.012747
v -0.003345 0.002285 0.012747
v -0.000900 0.000840 0.012197
v -0.000900 0.000840 0.012547
v -0.004058 0.003028 0.010897
v -0.004061 0.003024 0.010897
v -0.004055 0.003032 0.010897
v -0.004076 0.002804 0.010997
v -0.004175 0.002827 0.010897
v -0.004146 0.002600 0.010997
v -0.004246 0.002611 0.010897
v -0.001100 0.001040 0.012197
v 0.000380 0.002435 0.014347
v 0.000380 0.002410 0.014347
v 0.000620 0.002410 0.014347
v 0.000620 0.002435 0.014347
v -0.001469 0.003140 0.010972
v 0.003548 0.000556 0.011727
v 0.003495 0.000542 0.011727
v -0.002600 0.003330 0.012197
v -0.002450 0.003330 0.010197
v -0.002250 0.003330 0.011347
v 0.002700 0.003330 0.010197
v 0.001050 0.003330 0.010197
v 0.002880 0.002410 0.016672
v 0.002620 0.002410 0.016672
v 0.001380 0.002410 0.014347
v 0.002620 0.002410 0.014347
v 0.001380 0.002410 0.016672
v 0.001120 0.002410 0.016672
v 0.000880 0.002410 0.016172
v 0.000620 0.002410 0.016172
v 0.000380 0.002410 0.016172
v 0.000120 0.002410 0.016172
v -0.000120 0.002410 0.016172
v -0.000380 0.002410 0.016172
v -0.000620 0.002410 0.016172
v -0.000880 0.002410 0.016172
v -0.001120 0.002410 0.016672
v -0.001380 0.002410 0.016672
v -0.002620 0.002410 0.016672
v -0.002880 0.002410 0.016672
v -0.003007 0.002410 0.014552
v -0.003042 0.002410 0.014492
v -0.001168 0.003665 0.012246
v -0.001168 0.003365 0.012246
v 0.003220 0.002576 0.014234
v 0.003138 0.002635 0.014187
v 0.003045 0.002672 0.014157
v 0.002620 0.002435 0.014347
v 0.001380 0.002435 0.014347
v -0.002250 0.002280 0.011347
v 0.001715 0.002846 0.010967
v -0.002375 0.000525 0.010197
v -0.002375 0.000525 0.010534
v -0.002425 0.000525 0.010534
v -0.002425 0.000525 0.010197
v -0.004445 0.003030 0.010747
v -0.004445 0.003030 0.010197
v -0.004445 0.002120 0.010197
v 0.003175 0.000525 0.010534
v 0.003175 0.000525 0.010197
v 0.003225 0.000525 0.010197
v 0.003225 0.000525 0.010534
v -0.003425 0.000525 0.010197
v -0.002975 0.000525 0.010197
v -0.002625 0.000525 0.010197
v -0.002175 0.000525 0.010197
v -0.001850 0.000525 0.010197
v -0.001650 0.000525 0.010197
v -0.001350 0.000525 0.010197
v -0.001150 0.000525 0.010197
v -0.000850 0.000525 0.010197
v -0.000650 0.000525 0.010197
v -0.000350 0.000525 0.010197
v -0.000150 0.000525 0.010197
v 0.000150 0.000525 0.010197
v 0.000350 0.000525 0.010197
v 0.000650 0.000525 0.010197
v 0.000850 0.000525 0.010197
v 0.001150 0.000525 0.010197
v 0.001350 0.000525 0.010197
v 0.001650 0.000525 0.010197
v 0.001850 0.000525 0.010197
v 0.002175 0.000525 0.010197
v 0.003425 0.000525 0.010197
v 0.002975 0.000525 0.010197
v 0.002625 0.000525 0.010197
v -0.002620 0.001760 0.014347
v -0.001380 0.001760 0.014347
v -0.000255 0.000805 0.011827
v -0.003190 0.000805 0.011827
v 0.004116 0.000901 0.011727
v 0.004145 0.000933 0.011727
v 0.004085 0.000870 0.011727
v 0.004053 0.000840 0.011727
v -0.002710 0.003380 0.010569
v -0.002721 0.003380 0.010488
v -0.002754 0.003380 0.010419
v -0.002777 0.003380 0.010393
v -0.002803 0.003380 0.010373
v -0.002831 0.003380 0.010361
v -0.002860 0.003380 0.010357
v -0.005650 0.000445 0.010370
v -0.005650 0.000745 0.010370
v -0.005650 0.000745 0.010367
v -0.005650 0.000445 0.010367
v 0.002880 0.001760 0.014347
v -0.002383 0.003365 0.012747
v -0.002383 0.003665 0.012747
v -0.002383 0.003665 0.012748
v -0.002383 0.003365 0.012748
v -0.003007 0.001760 0.014552
v -0.003042 0.001760 0.014492
v -0.003548 0.000556 0.011727
v -0.003495 0.000542 0.011727
v -0.000880 0.001760 0.016172
v 0.000620 0.001760 0.016172
v 0.000380 0.001760 0.016172
v 0.000120 0.001760 0.016172
v -0.000120 0.001760 0.016172
v -0.000620 0.001760 0.016172
v -0.000380 0.001760 0.016172
v 0.000880 0.001760 0.016172
v 0.001380 0.001760 0.016672
v 0.001120 0.001760 0.016672
v 0.002880 0.001760 0.016672
v -0.002620 0.001760 0.016672
v 0.002620 0.001760 0.016672
v -0.001120 0.001760 0.016672
v -0.001380 0.001760 0.016672
v -0.002880 0.001760 0.016672
v -0.002625 0.000525 0.010197
v -0.002625 0.000530 0.010537
v -0.002625 0.000530 0.010197
v -0.002625 0.000464 0.010488
v -0.002625 0.000525 0.009847
v -0.002625 0.000420 0.010419
v -0.002625 0.000405 0.010338
v -0.002625 0.000405 0.009847
v 0.002375 0.000405 0.009847
v 0.002375 0.000405 0.010338
v 0.002175 0.000405 0.010338
v 0.002175 0.000405 0.009847
v -0.002620 0.001760 0.016672
v -0.002880 0.001760 0.016672
v -0.002880 0.001735 0.016647
v -0.002620 0.001735 0.016647
v -0.001380 0.002410 0.014347
v -0.001380 0.002410 0.016672
v -0.001380 0.002435 0.016647
v -0.001380 0.002435 0.014347
v 0.000120 0.001735 0.014347
v 0.000380 0.001735 0.014347
v 0.000380 0.001735 0.016147
v 0.000120 0.001735 0.016147
v 0.000380 0.001760 0.014347
v 0.000380 0.001760 0.016172
v 0.002880 0.001760 0.014347
v 0.002880 0.001760 0.016672
v 0.002880 0.001735 0.016647
v 0.002880 0.001735 0.014347
v 0.003425 0.000525 0.010197
v 0.003425 0.000525 0.009847
v 0.003225 0.000525 0.009847
v 0.003225 0.000525 0.010197
v -0.000620 0.001760 0.016172
v -0.000880 0.001760 0.016172
v -0.000880 0.001735 0.016147
v -0.000620 0.001735 0.016147
v -0.003425 0.000525 0.009847
v -0.003225 0.000525 0.009847
v -0.003225 0.000405 0.009847
v -0.003425 0.000405 0.009847
v -0.000150 0.000530 0.010537
v -0.000350 0.000530 0.010537
v -0.000150 0.000464 0.010488
v -0.000350 0.000464 0.010488
v -0.000150 0.000420 0.010419
v -0.000350 0.000420 0.010419
v -0.000150 0.000405 0.010338
v -0.000350 0.000405 0.010338
v 0.001150 0.000525 0.010197
v 0.001150 0.000530 0.010537
v 0.001150 0.000530 0.010197
v 0.001150 0.000464 0.010488
v 0.001150 0.000525 0.009847
v 0.001150 0.000420 0.010419
v 0.001150 0.000405 0.010338
v 0.001150 0.000405 0.009847
v 0.002625 0.000464 0.010488
v 0.002625 0.000530 0.010537
v 0.002425 0.000525 0.010534
v 0.002425 0.000461 0.010486
v 0.002625 0.000420 0.010419
v 0.002425 0.000420 0.010417
v 0.002625 0.000405 0.010338
v 0.002425 0.000405 0.010338
v 0.002175 0.000530 0.010537
v 0.002375 0.000525 0.010534
v 0.002175 0.000464 0.010488
v 0.002375 0.000461 0.010486
v 0.002175 0.000420 0.010419
v 0.002375 0.000420 0.010417
v -0.002880 0.001760 0.014347
v -0.002880 0.001735 0.014347
v -0.002620 0.001760 0.014347
v -0.002620 0.001735 0.014347
v -0.000380 0.001760 0.016172
v -0.000380 0.001760 0.014347
v -0.000380 0.001735 0.014347
v -0.000380 0.001735 0.016147
v -0.001120 0.002435 0.014347
v -0.001120 0.002435 0.016647
v 0.001850 0.000530 0.010537
v 0.001650 0.000530 0.010537
v 0.001850 0.000464 0.010488
v 0.001650 0.000464 0.010488
v 0.001850 0.000420 0.010419
v 0.001650 0.000420 0.010419
v 0.001850 0.000405 0.010338
v 0.001650 0.000405 0.010338
v 0.002175 0.000525 0.010197
v 0.002175 0.000530 0.010197
v 0.002175 0.000525 0.009847
v -0.000120 0.002435 0.014347
v -0.000380 0.002435 0.014347
v -0.000380 0.002435 0.016147
v -0.000120 0.002435 0.016147
v 0.003425 0.000464 0.010488
v 0.003425 0.000530 0.010537
v 0.003225 0.000525 0.010534
v 0.003225 0.000461 0.010486
v 0.003425 0.000420 0.010419
v 0.003225 0.000420 0.010417
v 0.003425 0.000405 0.010338
v 0.003225 0.000405 0.010338
v 0.002975 0.000530 0.010537
v 0.003175 0.000525 0.010534
v 0.002975 0.000464 0.010488
v 0.003175 0.000461 0.010486
v 0.002975 0.000420 0.010419
v 0.003175 0.000420 0.010417
v 0.003175 0.000405 0.010338
v 0.002975 0.000405 0.010338
v -0.001350 0.000525 0.009847
v -0.001350 0.000525 0.010197
v -0.001150 0.000525 0.010197
v -0.001150 0.000525 0.009847
v 0.003225 0.000405 0.009847
v -0.003175 0.000461 0.010486
v -0.003175 0.000525 0.010534
v -0.003175 0.000525 0.009847
v -0.003175 0.000420 0.010417
v -0.003175 0.000405 0.010338
v -0.003175 0.000405 0.009847
v -0.001650 0.000530 0.010537
v -0.001850 0.000530 0.010537
v -0.001650 0.000464 0.010488
v -0.001850 0.000464 0.010488
v -0.001650 0.000420 0.010419
v -0.001850 0.000420 0.010419
v -0.001650 0.000405 0.010338
v -0.001850 0.000405 0.010338
v 0.002620 0.002410 0.016672
v 0.002880 0.002410 0.016672
v 0.002880 0.002435 0.016647
v 0.002620 0.002435 0.016647
v 0.001650 0.000525 0.009847
v 0.001650 0.000525 0.010197
v 0.001850 0.000525 0.010197
v 0.001850 0.000525 0.009847
v -0.000150 0.000405 0.009847
v -0.000350 0.000405 0.009847
v 0.000350 0.000525 0.010197
v 0.000350 0.000405 0.009847
v 0.000350 0.000525 0.009847
v 0.000350 0.000405 0.010338
v 0.000350 0.000530 0.010197
v 0.000350 0.000420 0.010419
v 0.000350 0.000464 0.010488
v 0.000350 0.000530 0.010537
v -0.001850 0.000525 0.009847
v -0.001650 0.000525 0.009847
v -0.001650 0.000405 0.009847
v -0.001850 0.000405 0.009847
v 0.001350 0.000525 0.009847
v 0.001350 0.000405 0.009847
v -0.000850 0.000525 0.010197
v -0.000850 0.000530 0.010537
v -0.000850 0.000530 0.010197
v -0.000850 0.000464 0.010488
v -0.000850 0.000525 0.009847
v -0.000850 0.000420 0.010419
v -0.000850 0.000405 0.010338
v -0.000850 0.000405 0.009847
v -0.000350 0.000525 0.010197
v -0.000350 0.000530 0.010197
v -0.000350 0.000525 0.009847
v 0.003425 0.000405 0.009847
v -0.000880 0.002410 0.016172
v -0.000620 0.002410 0.016172
v -0.000620 0.002435 0.016147
v -0.000880 0.002435 0.016147
v 0.001120 0.002410 0.016672
v 0.001380 0.002410 0.016672
v 0.001380 0.002435 0.016647
v 0.001120 0.002435 0.016647
v -0.001850 0.000525 0.010197
v -0.001650 0.000525 0.010197
v 0.000880 0.002410 0.016172
v 0.000880 0.002410 0.014347
v 0.000880 0.002435 0.014347
v 0.000880 0.002435 0.016147
v 0.002425 0.000525 0.009847
v 0.002425 0.000405 0.009847
v 0.001850 0.000405 0.009847
v 0.001650 0.000405 0.009847
v 0.000120 0.002410 0.014347
v 0.000120 0.002410 0.016172
v 0.000120 0.002435 0.016147
v 0.000120 0.002435 0.014347
v -0.001150 0.000405 0.009847
v -0.001350 0.000405 0.009847
v 0.000150 0.000525 0.010197
v 0.000150 0.000530 0.010537
v 0.000150 0.000530 0.010197
v 0.000150 0.000464 0.010488
v 0.000150 0.000525 0.009847
v 0.000150 0.000420 0.010419
v 0.000150 0.000405 0.010338
v 0.000150 0.000405 0.009847
v -0.000120 0.002410 0.016172
v -0.000120 0.002410 0.014347
v -0.002620 0.002410 0.016672
v -0.002620 0.002410 0.014347
v -0.002620 0.002435 0.014347
v -0.002620 0.002435 0.016647
v 0.002880 0.002435 0.014347
v 0.002620 0.002435 0.014347
v 0.000380 0.002435 0.014347
v 0.000380 0.002435 0.016147
v -0.002175 0.000464 0.010488
v -0.002175 0.000530 0.010537
v -0.002375 0.000525 0.010534
v -0.002375 0.000461 0.010486
v -0.002175 0.000420 0.010419
v -0.002375 0.000420 0.010417
v -0.002175 0.000405 0.010338
v -0.002375 0.000405 0.010338
v -0.002425 0.000405 0.010338
v -0.002425 0.000420 0.010417
v -0.002425 0.000461 0.010486
v -0.002425 0.000525 0.010534
v -0.001120 0.002410 0.016672
v -0.000650 0.000530 0.010537
v -0.000650 0.000464 0.010488
v -0.000650 0.000420 0.010419
v -0.000650 0.000405 0.010338
v -0.001120 0.001760 0.014347
v -0.001120 0.001760 0.016672
v -0.001120 0.001735 0.016647
v -0.001120 0.001735 0.014347
v 0.001120 0.002410 0.014347
v 0.001120 0.002435 0.014347
v -0.000620 0.002435 0.014347
v -0.000880 0.002435 0.014347
v -0.002175 0.000405 0.009847
v -0.002375 0.000405 0.009847
v -0.001850 0.000530 0.010197
v -0.000620 0.001760 0.014347
v -0.000620 0.001735 0.014347
v 0.002375 0.000525 0.010197
v 0.002375 0.000525 0.009847
v 0.000620 0.002410 0.014347
v 0.000620 0.002410 0.016172
v 0.000620 0.002435 0.016147
v 0.000620 0.002435 0.014347
v -0.000150 0.000525 0.009847
v -0.000120 0.001735 0.014347
v -0.000120 0.001735 0.016147
v -0.000120 0.001760 0.014347
v -0.000120 0.001760 0.016172
v -0.000620 0.002410 0.014347
v -0.001150 0.000530 0.010537
v -0.001350 0.000530 0.010537
v -0.001150 0.000464 0.010488
v -0.001350 0.000464 0.010488
v -0.001150 0.000420 0.010419
v -0.001350 0.000420 0.010419
v -0.001150 0.000405 0.010338
v -0.001350 0.000405 0.010338
v 0.001380 0.002410 0.014347
v 0.001380 0.002435 0.014347
v -0.000650 0.000525 0.010197
v -0.000650 0.000405 0.009847
v -0.000650 0.000525 0.009847
v -0.000650 0.000530 0.010197
v 0.003425 0.000530 0.010197
v -0.001120 0.002410 0.014347
v 0.000380 0.002410 0.016172
v -0.002425 0.000525 0.010197
v -0.002425 0.000405 0.009847
v -0.002425 0.000525 0.009847
v -0.002975 0.000405 0.009847
v -0.002975 0.000405 0.010338
v 0.000650 0.000525 0.009847
v 0.000650 0.000525 0.010197
v 0.000850 0.000525 0.010197
v 0.000850 0.000525 0.009847
v -0.002975 0.000464 0.010488
v -0.002975 0.000530 0.010537
v -0.002975 0.000420 0.010419
v -0.003225 0.000405 0.010338
v -0.003225 0.000420 0.010417
v -0.003425 0.000420 0.010419
v -0.003425 0.000405 0.010338
v -0.003225 0.000461 0.010486
v -0.003425 0.000464 0.010488
v -0.003225 0.000525 0.010534
v -0.003425 0.000530 0.010537
v -0.002175 0.000525 0.010197
v -0.002175 0.000525 0.009847
v -0.002175 0.000530 0.010197
v 0.002975 0.000525 0.010197
v 0.002975 0.000530 0.010197
v 0.002975 0.000525 0.009847
v 0.002975 0.000405 0.009847
v 0.001350 0.000405 0.010338
v -0.002375 0.000525 0.009847
v 0.001120 0.001760 0.016672
v 0.001120 0.001760 0.014347
v 0.001120 0.001735 0.014347
v 0.001120 0.001735 0.016647
v 0.001350 0.000530 0.010537
v 0.001350 0.000464 0.010488
v 0.001350 0.000420 0.010419
v 0.000880 0.001760 0.014347
v 0.000880 0.001760 0.016172
v 0.000880 0.001735 0.016147
v 0.000880 0.001735 0.014347
v -0.000380 0.002410 0.016172
v 0.003175 0.000525 0.010197
v 0.003175 0.000405 0.009847
v 0.003175 0.000525 0.009847
v -0.000880 0.002410 0.014347
v 0.001380 0.001760 0.014347
v 0.001380 0.001760 0.016672
v 0.001380 0.001735 0.016647
v 0.001380 0.001735 0.014347
v -0.000150 0.000525 0.010197
v -0.000150 0.000530 0.010197
v 0.000620 0.001735 0.014347
v 0.000620 0.001735 0.016147
v 0.000850 0.000405 0.009847
v 0.000850 0.000405 0.010338
v 0.000850 0.000530 0.010197
v 0.000850 0.000420 0.010419
v 0.000850 0.000464 0.010488
v 0.000850 0.000530 0.010537
v -0.002375 0.000525 0.010197
v 0.001650 0.000530 0.010197
v -0.000880 0.001760 0.014347
v -0.000880 0.001735 0.014347
v -0.003225 0.000525 0.010197
v 0.002620 0.002410 0.014347
v 0.001350 0.000525 0.010197
v 0.001350 0.000530 0.010197
v -0.001380 0.001760 0.016672
v -0.001380 0.001735 0.016647
v 0.000380 0.002410 0.014347
v -0.002975 0.000525 0.009847
v 0.002625 0.000405 0.009847
v 0.002425 0.000525 0.010197
v 0.002625 0.000525 0.010197
v 0.002625 0.000525 0.009847
v 0.002620 0.001760 0.016672
v 0.002620 0.001760 0.014347
v 0.002620 0.001735 0.014347
v 0.002620 0.001735 0.016647
v 0.001850 0.000530 0.010197
v 0.000620 0.001760 0.016172
v 0.000620 0.001760 0.014347
v 0.000120 0.001760 0.016172
v -0.000380 0.002410 0.014347
v 0.002625 0.000530 0.010197
v 0.000120 0.001760 0.014347
v -0.003425 0.000525 0.010197
v -0.001380 0.001760 0.014347
v -0.001380 0.001735 0.014347
v 0.000650 0.000405 0.010338
v 0.000650 0.000405 0.009847
v -0.002880 0.002435 0.014347
v -0.002880 0.002435 0.016647
v -0.001650 0.000530 0.010197
v -0.003425 0.000530 0.010197
v 0.000650 0.000530 0.010537
v 0.000650 0.000530 0.010197
v 0.000650 0.000464 0.010488
v 0.000650 0.000420 0.010419
v 0.002880 0.002410 0.014347
v -0.003175 0.000525 0.010197
v -0.002975 0.000525 0.010197
v -0.002880 0.002410 0.016672
v -0.001350 0.000530 0.010197
v -0.001150 0.000530 0.010197
v -0.002975 0.000530 0.010197
v -0.002880 0.002410 0.014347
v 0.011634 0.000425 0.010226
v 0.011634 -0.000425 0.010226
v 0.011662 0.000425 0.010358
v 0.011554 -0.000425 0.010116
v 0.011554 0.000425 0.010116
v 0.011437 -0.000425 0.010049
v 0.011437 0.000425 0.010049
v 0.011303 -0.000425 0.010035
v 0.011303 0.000425 0.010035
v 0.011174 -0.000425 0.010076
v 0.011174 0.000425 0.010076
v 0.011074 -0.000425 0.010167
v 0.011074 0.000425 0.010167
v 0.011019 -0.000425 0.010290
v 0.011019 0.000425 0.010290
v 0.011019 -0.000425 0.010426
v 0.011019 0.000425 0.010426
v 0.011074 -0.000425 0.010549
v 0.011074 0.000425 0.010549
v 0.011174 -0.000425 0.010639
v 0.011174 0.000425 0.010639
v 0.011303 -0.000425 0.010681
v 0.011303 0.000425 0.010681
v 0.011437 -0.000425 0.010667
v 0.011437 0.000425 0.010667
v 0.011554 -0.000425 0.010600
v 0.011554 0.000425 0.010600
v 0.011634 -0.000425 0.010490
v 0.011634 0.000425 0.010490
v 0.011662 -0.000425 0.010358
v 0.011634 0.000425 0.011226
v 0.011634 -0.000425 0.011226
v 0.011662 0.000425 0.011358
v 0.011554 -0.000425 0.011116
v 0.011554 0.000425 0.011116
v 0.011437 -0.000425 0.011049
v 0.011437 0.000425 0.011049
v 0.011303 -0.000425 0.011035
v 0.011303 0.000425 0.011035
v 0.011174 -0.000425 0.011076
v 0.011174 0.000425 0.011076
v 0.011074 -0.000425 0.011167
v 0.011074 0.000425 0.011167
v 0.011019 -0.000425 0.011290
v 0.011019 0.000425 0.011290
v 0.011019 -0.000425 0.011426
v 0.011019 0.000425 0.011426
v 0.011074 -0.000425 0.011549
v 0.011074 0.000425 0.011549
v 0.011174 -0.000425 0.011639
v 0.011174 0.000425 0.011639
v 0.011303 -0.000425 0.011681
v 0.011303 0.000425 0.011681
v 0.011437 -0.000425 0.011667
v 0.011437 0.000425 0.011667
v 0.011554 -0.000425 0.011600
v 0.011554 0.000425 0.011600
v 0.011634 -0.000425 0.011490
v 0.011634 0.000425 0.011490
v 0.011662 -0.000425 0.011358
v 0.010634 0.000425 0.010226
v 0.010634 -0.000425 0.010226
v 0.010662 0.000425 0.010358
v 0.010554 -0.000425 0.010116
v 0.010554 0.000425 0.010116
v 0.010437 -0.000425 0.010049
v 0.010437 0.000425 0.010049
v 0.010303 -0.000425 0.010035
v 0.010303 0.000425 0.010035
v 0.010174 -0.000425 0.010076
v 0.010174 0.000425 0.010076
v 0.010074 -0.000425 0.010167
v 0.010074 0.000425 0.010167
v 0.010019 -0.000425 0.010290
v 0.010019 0.000425 0.010290
v 0.010019 -0.000425 0.010426
v 0.010019 0.000425 0.010426
v 0.010074 -0.000425 0.010549
v 0.010074 0.000425 0.010549
v 0.010174 -0.000425 0.010639
v 0.010174 0.000425 0.010639
v 0.010303 -0.000425 0.010681
v 0.010303 0.000425 0.010681
v 0.010437 -0.000425 0.010667
v 0.010437 0.000425 0.010667
v 0.010554 -0.000425 0.010600
v 0.010554 0.000425 0.010600
v 0.010634 -0.000425 0.010490
v 0.010634 0.000425 0.010490
v 0.010662 -0.000425 0.010358
v 0.009634 0.000425 0.010226
v 0.009634 -0.000425 0.010226
v 0.009662 0.000425 0.010358
v 0.009554 -0.000425 0.010116
v 0.009554 0.000425 0.010116
v 0.009437 -0.000425 0.010049
v 0.009437 0.000425 0.010049
v 0.009303 -0.000425 0.010035
v 0.009303 0.000425 0.010035
v 0.009174 -0.000425 0.010076
v 0.009174 0.000425 0.010076
v 0.009074 -0.000425 0.010167
v 0.009074 0.000425 0.010167
v 0.009019 -0.000425 0.010290
v 0.009019 0.000425 0.010290
v 0.009019 -0.000425 0.010426
v 0.009019 0.000425 0.010426
v 0.009074 -0.000425 0.010549
v 0.009074 0.000425 0.010549
v 0.009174 -0.000425 0.010639
v 0.009174 0.000425 0.010639
v 0.009303 -0.000425 0.010681
v 0.009303 0.000425 0.010681
v 0.009437 -0.000425 0.010667
v 0.009437 0.000425 0.010667
v 0.009554 -0.000425 0.010600
v 0.009554 0.000425 0.010600
v 0.009634 -0.000425 0.010490
v 0.009634 0.000425 0.010490
v 0.009662 -0.000425 0.010358
v 0.009634 0.000425 0.011226
v 0.009634 -0.000425 0.011226
v 0.009662 0.000425 0.011358
v 0.009554 -0.000425 0.011116
v 0.009554 0.000425 0.011116
v 0.009437 -0.000425 0.011049
v 0.009437 0.000425 0.011049
v 0.009303 -0.000425 0.011035
v 0.009303 0.000425 0.011035
v 0.009174 -0.000425 0.011076
v 0.009174 0.000425 0.011076
v 0.009074 -0.000425 0.011167
v 0.009074 0.000425 0.011167
v 0.009019 -0.000425 0.011290
v 0.009019 0.000425 0.011290
v 0.009019 -0.000425 0.011426
v 0.009019 0.000425 0.011426
v 0.009074 -0.000425 0.011549
v 0.009074 0.000425 0.011549
v 0.009174 -0.000425 0.011639
v 0.009174 0.000425 0.011639
v 0.009303 -0.000425 0.011681
v 0.009303 0.000425 0.011681
v 0.009437 -0.000425 0.011667
v 0.009437 0.000425 0.011667
v 0.009554 -0.000425 0.011600
v 0.009554 0.000425 0.011600
v 0.009634 -0.000425 0.011490
v 0.009634 0.000425 0.011490
v 0.009662 -0.000425 0.011358
v 0.010634 0.000425 0.011226
v 0.010634 -0.000425 0.011226
v 0.010662 0.000425 0.011358
v 0.010554 -0.000425 0.011116
v 0.010554 0.000425 0.011116
v 0.010437 -0.000425 0.011049
v 0.010437 0.000425 0.011049
v 0.010303 -0.000425 0.011035
v 0.010303 0.000425 0.011035
v 0.010174 -0.000425 0.011076
v 0.010174 0.000425 0.011076
v 0.010074 -0.000425 0.011167
v 0.010074 0.000425 0.011167
v 0.010019 -0.000425 0.011290
v 0.010019 0.000425 0.011290
v 0.010019 -0.000425 0.011426
v 0.010019 0.000425 0.011426
v 0.010074 -0.000425 0.011549
v 0.010074 0.000425 0.011549
v 0.010174 -0.000425 0.011639
v 0.010174 0.000425 0.011639
v 0.010303 -0.000425 0.011681
v 0.010303 0.000425 0.011681
v 0.010437 -0.000425 0.011667
v 0.010437 0.000425 0.011667
v 0.010554 -0.000425 0.011600
v 0.010554 0.000425 0.011600
v 0.010634 -0.000425 0.011490
v 0.010634 0.000425 0.011490
v 0.010662 -0.000425 0.011358
v -0.010732 0.000425 0.007376
v -0.010732 -0.000425 0.007376
v -0.010680 0.000425 0.007620
v -0.010878 -0.000425 0.007174
v -0.010878 0.000425 0.007174
v -0.011095 -0.000425 0.007049
v -0.011095 0.000425 0.007049
v -0.011343 -0.000425 0.007023
v -0.011343 0.000425 0.007023
v -0.011580 -0.000425 0.007100
v -0.011580 0.000425 0.007100
v -0.011765 -0.000425 0.007267
v -0.011765 0.000425 0.007267
v -0.011867 -0.000425 0.007495
v -0.011867 0.000425 0.007495
v -0.011867 -0.000425 0.007745
v -0.011867 0.000425 0.007745
v -0.011765 -0.000425 0.007973
v -0.011765 0.000425 0.007973
v -0.011580 -0.000425 0.008140
v -0.011580 0.000425 0.008140
v -0.011343 -0.000425 0.008217
v -0.011343 0.000425 0.008217
v -0.011095 -0.000425 0.008191
v -0.011095 0.000425 0.008191
v -0.010878 -0.000425 0.008066
v -0.010878 0.000425 0.008066
v -0.010732 -0.000425 0.007864
v -0.010732 0.000425 0.007864
v -0.010680 -0.000425 0.007620
v -0.010732 0.000425 0.004836
v -0.010732 -0.000425 0.004836
v -0.010680 0.000425 0.005080
v -0.010879 -0.000425 0.004634
v -0.010879 0.000425 0.004634
v -0.011095 -0.000425 0.004509
v -0.011095 0.000425 0.004509
v -0.011343 -0.000425 0.004483
v -0.011343 0.000425 0.004483
v -0.011580 -0.000425 0.004560
v -0.011580 0.000425 0.004560
v -0.011765 -0.000425 0.004727
v -0.011765 0.000425 0.004727
v -0.011867 -0.000425 0.004955
v -0.011867 0.000425 0.004955
v -0.011867 -0.000425 0.005205
v -0.011867 0.000425 0.005205
v -0.011765 -0.000425 0.005433
v -0.011765 0.000425 0.005433
v -0.011580 -0.000425 0.005600
v -0.011580 0.000425 0.005600
v -0.011343 -0.000425 0.005677
v -0.011343 0.000425 0.005677
v -0.011095 -0.000425 0.005651
v -0.011095 0.000425 0.005651
v -0.010878 -0.000425 0.005526
v -0.010878 0.000425 0.005526
v -0.010732 -0.000425 0.005324
v -0.010732 0.000425 0.005324
v -0.010680 -0.000425 0.005080
v -0.010732 0.000425 0.002296
v -0.010732 -0.000425 0.002296
v -0.010680 0.000425 0.002540
v -0.010879 -0.000425 0.002094
v -0.010879 0.000425 0.002094
v -0.011095 -0.000425 0.001969
v -0.011095 0.000425 0.001969
v -0.011343 -0.000425 0.001943
v -0.011343 0.000425 0.001943
v -0.011580 -0.000425 0.002020
v -0.011580 0.000425 0.002020
v -0.011765 -0.000425 0.002187
v -0.011765 0.000425 0.002187
v -0.011867 -0.000425 0.002415
v -0.011867 0.000425 0.002415
v -0.011867 -0.000425 0.002665
v -0.011867 0.000425 0.002665
v -0.011765 -0.000425 0.002893
v -0.011765 0.000425 0.002893
v -0.011580 -0.000425 0.003060
v -0.011580 0.000425 0.003060
v -0.011343 -0.000425 0.003137
v -0.011343 0.000425 0.003137
v -0.011095 -0.000425 0.003111
v -0.011095 0.000425 0.003111
v -0.010879 -0.000425 0.002986
v -0.010879 0.000425 0.002986
v -0.010732 -0.000425 0.002784
v -0.010732 0.000425 0.002784
v -0.010680 -0.000425 0.002540
v -0.010732 0.000425 -0.000244
v -0.010732 -0.000425 -0.000244
v -0.010680 0.000425 -0.000000
v -0.010879 -0.000425 -0.000446
v -0.010879 0.000425 -0.000446
v -0.011095 -0.000425 -0.000571
v -0.011095 0.000425 -0.000571
v -0.011343 -0.000425 -0.000597
v -0.011343 0.000425 -0.000597
v -0.011580 -0.000425 -0.000520
v -0.011580 0.000425 -0.000520
v -0.011765 -0.000425 -0.000353
v -0.011765 0.000425 -0.000353
v -0.011867 -0.000425 -0.000125
v -0.011867 0.000425 -0.000125
v -0.011867 -0.000425 0.000125
v -0.011867 0.000425 0.000125
v -0.011765 -0.000425 0.000353
v -0.011765 0.000425 0.000353
v -0.011580 -0.000425 0.000520
v -0.011580 0.000425 0.000520
v -0.011343 -0.000425 0.000597
v -0.011343 0.000425 0.000597
v -0.011095 -0.000425 0.000571
v -0.011095 0.000425 0.000571
v -0.010879 -0.000425 0.000446
v -0.010879 0.000425 0.000446
v -0.010732 -0.000425 0.000244
v -0.010732 0.000425 0.000244
v -0.010680 -0.000425 -0.000000
v 0.011778 0.000425 -0.007864
v 0.011778 -0.000425 -0.007864
v 0.011830 0.000425 -0.007620
v 0.011631 -0.000425 -0.008066
v 0.011631 0.000425 -0.008066
v 0.011415 -0.000425 -0.008191
v 0.011415 0.000425 -0.008191
v 0.011167 -0.000425 -0.008217
v 0.011167 0.000425 -0.008217
v 0.010930 -0.000425 -0.008140
v 0.010930 0.000425 -0.008140
v 0.010745 -0.000425 -0.007973
v 0.010745 0.000425 -0.007973
v 0.010643 -0.000425 -0.007745
v 0.010643 0.000425 -0.007745
v 0.010643 -0.000425 -0.007495
v 0.010643 0.000425 -0.007495
v 0.010745 -0.000425 -0.007267
v 0.010745 0.000425 -0.007267
v 0.010930 -0.000425 -0.007100
v 0.010930 0.000425 -0.007100
v 0.011167 -0.000425 -0.007023
v 0.011167 0.000425 -0.007023
v 0.011415 -0.000425 -0.007049
v 0.011415 0.000425 -0.007049
v 0.011631 -0.000425 -0.007174
v 0.011631 0.000425 -0.007174
v 0.011778 -0.000425 -0.007376
v 0.011778 0.000425 -0.007376
v 0.011830 -0.000425 -0.007620
v 0.011778 0.000425 -0.005324
v 0.011778 -0.000425 -0.005324
v 0.011830 0.000425 -0.005080
v 0.011631 -0.000425 -0.005526
v 0.011631 0.000425 -0.005526
v 0.011415 -0.000425 -0.005651
v 0.011415 0.000425 -0.005651
v 0.011167 -0.000425 -0.005677
v 0.011167 0.000425 -0.005677
v 0.010930 -0.000425 -0.005600
v 0.010930 0.000425 -0.005600
v 0.010745 -0.000425 -0.005433
v 0.010745 0.000425 -0.005433
v 0.010643 -0.000425 -0.005205
v 0.010643 0.000425 -0.005205
v 0.010643 -0.000425 -0.004955
v 0.010643 0.000425 -0.004955
v 0.010745 -0.000425 -0.004727
v 0.010745 0.000425 -0.004727
v 0.010930 -0.000425 -0.004560
v 0.010930 0.000425 -0.004560
v 0.011167 -0.000425 -0.004483
v 0.011167 0.000425 -0.004483
v 0.011415 -0.000425 -0.004509
v 0.011415 0.000425 -0.004509
v 0.011632 -0.000425 -0.004634
v 0.011632 0.000425 -0.004634
v 0.011778 -0.000425 -0.004836
v 0.011778 0.000425 -0.004836
v 0.011830 -0.000425 -0.005080
v 0.011778 0.000425 -0.002784
v 0.011778 -0.000425 -0.002784
v 0.011830 0.000425 -0.002540
v 0.011632 -0.000425 -0.002986
v 0.011632 0.000425 -0.002986
v 0.011415 -0.000425 -0.003111
v 0.011415 0.000425 -0.003111
v 0.011167 -0.000425 -0.003137
v 0.011167 0.000425 -0.003137
v 0.010930 -0.000425 -0.003060
v 0.010930 0.000425 -0.003060
v 0.010745 -0.000425 -0.002893
v 0.010745 0.000425 -0.002893
v 0.010643 -0.000425 -0.002665
v 0.010643 0.000425 -0.002665
v 0.010643 -0.000425 -0.002415
v 0.010643 0.000425 -0.002415
v 0.010745 -0.000425 -0.002187
v 0.010745 0.000425 -0.002187
v 0.010930 -0.000425 -0.002020
v 0.010930 0.000425 -0.002020
v 0.011167 -0.000425 -0.001943
v 0.011167 0.000425 -0.001943
v 0.011415 -0.000425 -0.001969
v 0.011415 0.000425 -0.001969
v 0.011632 -0.000425 -0.002094
v 0.011632 0.000425 -0.002094
v 0.011778 -0.000425 -0.002296
v 0.011778 0.000425 -0.002296
v 0.011830 -0.000425 -0.002540
v 0.011778 0.000425 0.007376
v 0.011778 -0.000425 0.007376
v 0.011830 0.000425 0.007620
v 0.011632 -0.000425 0.007174
v 0.011632 0.000425 0.007174
v 0.011415 -0.000425 0.007049
v 0.011415 0.000425 0.007049
v 0.011167 -0.000425 0.007023
v 0.011167 0.000425 0.007023
v 0.010930 -0.000425 0.007100
v 0.010930 0.000425 0.007100
v 0.010745 -0.000425 0.007267
v 0.010745 0.000425 0.007267
v 0.010643 -0.000425 0.007495
v 0.010643 0.000425 0.007495
v 0.010643 -0.000425 0.007745
v 0.010643 0.000425 0.007745
v 0.010745 -0.000425 0.007973
v 0.010745 0.000425 0.007973
v 0.010930 -0.000425 0.008140
v 0.010930 0.000425 0.008140
v 0.011167 -0.000425 0.008217
v 0.011167 0.000425 0.008217
v 0.011415 -0.000425 0.008191
v 0.011415 0.000425 0.008191
v 0.011632 -0.000425 0.008066
v 0.011632 0.000425 0.008066
v 0.011778 -0.000425 0.007864
v 0.011778 0.000425 0.007864
v 0.011830 -0.000425 0.007620
v 0.011778 0.000425 0.004836
v 0.011778 -0.000425 0.004836
v 0.011830 0.000425 0.005080
v 0.011632 -0.000425 0.004634
v 0.011632 0.000425 0.004634
v 0.011415 -0.000425 0.004509
v 0.011415 0.000425 0.004509
v 0.011167 -0.000425 0.004483
v 0.011167 0.000425 0.004483
v 0.010930 -0.000425 0.004560
v 0.010930 0.000425 0.004560
v 0.010745 -0.000425 0.004727
v 0.010745 0.000425 0.004727
v 0.010643 -0.000425 0.004955
v 0.010643 0.000425 0.004955
v 0.010643 -0.000425 0.005205
v 0.010643 0.000425 0.005205
v 0.010745 -0.000425 0.005433
v 0.010745 0.000425 0.005433
v 0.010930 -0.000425 0.005600
v 0.010930 0.000425 0.005600
v 0.011167 -0.000425 0.005677
v 0.011167 0.000425 0.005677
v 0.011415 -0.000425 0.005651
v 0.011415 0.000425 0.005651
v 0.011632 -0.000425 0.005526
v 0.011632 0.000425 0.005526
v 0.011778 -0.000425 0.005324
v 0.011778 0.000425 0.005324
v 0.011830 -0.000425 0.005080
v 0.011778 0.000425 0.002296
v 0.011778 -0.000425 0.002296
v 0.011830 0.000425 0.002540
v 0.011632 -0.000425 0.002094
v 0.011632 0.000425 0.002094
v 0.011415 -0.000425 0.001969
v 0.011415 0.000425 0.001969
v 0.011167 -0.000425 0.001943
v 0.011167 0.000425 0.001943
v 0.010930 -0.000425 0.002020
v 0.010930 0.000425 0.002020
v 0.010745 -0.000425 0.002187
v 0.010745 0.000425 0.002187
v 0.010643 -0.000425 0.002415
v 0.010643 0.000425 0.002415
v 0.010643 -0.000425 0.002665
v 0.010643 0.000425 0.002665
v 0.010745 -0.000425 0.002893
v 0.010745 0.000425 0.002893
v 0.010930 -0.000425 0.003060
v 0.010930 0.000425 0.003060
v 0.011167 -0.000425 0.003137
v 0.011167 0.000425 0.003137
v 0.011415 -0.000425 0.003111
v 0.011415 0.000425 0.003111
v 0.011632 -0.000425 0.002986
v 0.011632 0.000425 0.002986
v 0.011778 -0.000425 0.002784
v 0.011778 0.000425 0.002784
v 0.011830 -0.000425 0.002540
v 0.011778 0.000425 -0.000244
v 0.011778 -0.000425 -0.000244
v 0.011830 0.000425 -0.000000
v 0.011632 -0.000425 -0.000446
v 0.011632 0.000425 -0.000446
v 0.011415 -0.000425 -0.000571
v 0.011415 0.000425 -0.000571
v 0.011167 -0.000425 -0.000597
v 0.011167 0.000425 -0.000597
v 0.010930 -0.000425 -0.000520
v 0.010930 0.000425 -0.000520
v 0.010745 -0.000425 -0.000353
v 0.010745 0.000425 -0.000353
v 0.010643 -0.000425 -0.000125
v 0.010643 0.000425 -0.000125
v 0.010643 -0.000425 0.000125
v 0.010643 0.000425 0.000125
v 0.010745 -0.000425 0.000353
v 0.010745 0.000425 0.000353
v 0.010930 -0.000425 0.000520
v 0.010930 0.000425 0.000520
v 0.011167 -0.000425 0.000597
v 0.011167 0.000425 0.000597
v 0.011415 -0.000425 0.000571
v 0.011415 0.000425 0.000571
v 0.011632 -0.000425 0.000446
v 0.011632 0.000425 0.000446
v 0.011778 -0.000425 0.000244
v 0.011778 0.000425 0.000244
v 0.011830 -0.000425 -0.000000
v -0.010732 0.000425 -0.002784
v -0.010732 -0.000425 -0.002784
v -0.010680 0.000425 -0.002540
v -0.010879 -0.000425 -0.002986
v -0.010879 0.000425 -0.002986
v -0.011095 -0.000425 -0.003111
v -0.011095 0.000425 -0.003111
v -0.011343 -0.000425 -0.003137
v -0.011343 0.000425 -0.003137
v -0.011580 -0.000425 -0.003060
v -0.011580 0.000425 -0.003060
v -0.011765 -0.000425 -0.002893
v -0.011765 0.000425 -0.002893
v -0.011867 -0.000425 -0.002665
v -0.011867 0.000425 -0.002665
v -0.011867 -0.000425 -0.002415
v -0.011867 0.000425 -0.002415
v -0.011765 -0.000425 -0.002187
v -0.011765 0.000425 -0.002187
v -0.011580 -0.000425 -0.002020
v -0.011580 0.000425 -0.002020
v -0.011343 -0.000425 -0.001943
v -0.011343 0.000425 -0.001943
v -0.011095 -0.000425 -0.001969
v -0.011095 0.000425 -0.001969
v -0.010879 -0.000425 -0.002094
v -0.010879 0.000425 -0.002094
v -0.010732 -0.000425 -0.002296
v -0.010732 0.000425 -0.002296
v -0.010680 -0.000425 -0.002540
v -0.010732 0.000425 -0.007864
v -0.010732 -0.000425 -0.007864
v -0.010680 0.000425 -0.007620
v -0.010879 -0.000425 -0.008066
v -0.010879 0.000425 -0.008066
v -0.011095 -0.000425 -0.008191
v -0.011095 0.000425 -0.008191
v -0.011343 -0.000425 -0.008217
v -0.011343 0.000425 -0.008217
v -0.011580 -0.000425 -0.008140
v -0.011580 0.000425 -0.008140
v -0.011765 -0.000425 -0.007973
v -0.011765 0.000425 -0.007973
v -0.011867 -0.000425 -0.007745
v -0.011867 0.000425 -0.007745
v -0.011867 -0.000425 -0.007495
v -0.011867 0.000425 -0.007495
v -0.011765 -0.000425 -0.007267
v -0.011765 0.000425 -0.007267
v -0.011580 -0.000425 -0.007100
v -0.011580 0.000425 -0.007100
v -0.011343 -0.000425 -0.007023
v -0.011343 0.000425 -0.007023
v -0.011095 -0.000425 -0.007049
v -0.011095 0.000425 -0.007049
v -0.010879 -0.000425 -0.007174
v -0.010879 0.000425 -0.007174
v -0.010732 -0.000425 -0.007376
v -0.010732 0.000425 -0.007376
v -0.010680 -0.000425 -0.007620
v -0.010732 0.000425 -0.005324
v -0.010732 -0.000425 -0.005324
v -0.010680 0.000425 -0.005080
v -0.010879 -0.000425 -0.005526
v -0.010879 0.000425 -0.005526
v -0.011095 -0.000425 -0.005651
v -0.011095 0.000425 -0.005651
v -0.011343 -0.000425 -0.005677
v -0.011343 0.000425 -0.005677
v -0.011580 -0.000425 -0.005600
v -0.011580 0.000425 -0.005600
v -0.011765 -0.000425 -0.005433
v -0.011765 0.000425 -0.005433
v -0.011867 -0.000425 -0.005205
v -0.011867 0.000425 -0.005205
v -0.011867 -0.000425 -0.004955
v -0.011867 0.000425 -0.004955
v -0.011765 -0.000425 -0.004727
v -0.011765 0.000425 -0.004727
v -0.011580 -0.000425 -0.004560
v -0.011580 0.000425 -0.004560
v -0.011343 -0.000425 -0.004483
v -0.011343 0.000425 -0.004483
v -0.011095 -0.000425 -0.004509
v -0.011095 0.000425 -0.004509
v -0.010879 -0.000425 -0.004634
v -0.010879 0.000425 -0.004634
v -0.010732 -0.000425 -0.004836
v -0.010732 0.000425 -0.004836
v -0.010680 -0.000425 -0.005080
v 0.011500 -0.000425 -0.016000
v 0.011500 0.000425 -0.016000
v 0.011883 -0.000425 -0.015924
v 0.011883 0.000425 -0.015924
v 0.012207 -0.000425 -0.015707
v 0.012207 0.000425 -0.015707
v 0.012424 -0.000425 -0.015383
v 0.012424 0.000425 -0.015383
v 0.012500 -0.000425 -0.015000
v 0.012500 0.000425 -0.015000
v -0.011500 -0.000425 0.016000
v -0.011500 0.000425 0.016000
v -0.011883 -0.000425 0.015924
v -0.011883 0.000425 0.015924
v -0.012207 -0.000425 0.015707
v -0.012207 0.000425 0.015707
v -0.012424 -0.000425 0.015383
v -0.012424 0.000425 0.015383
v -0.012500 -0.000425 0.015000
v -0.012500 0.000425 0.015000
v -0.009641 0.000425 0.013618
v -0.009641 -0.000425 0.013618
v -0.009560 0.000425 0.014000
v -0.009871 -0.000425 0.013302
v -0.009871 0.000425 0.013302
v -0.010210 -0.000425 0.013106
v -0.010210 0.000425 0.013106
v -0.010598 -0.000425 0.013065
v -0.010598 0.000425 0.013065
v -0.010970 -0.000425 0.013186
v -0.010970 0.000425 0.013186
v -0.011260 -0.000425 0.013448
v -0.011260 0.000425 0.013448
v -0.011419 -0.000425 0.013805
v -0.011419 0.000425 0.013805
v -0.011419 -0.000425 0.014195
v -0.011419 0.000425 0.014195
v -0.011260 -0.000425 0.014552
v -0.011260 0.000425 0.014552
v -0.010970 -0.000425 0.014814
v -0.010970 0.000425 0.014814
v -0.010598 -0.000425 0.014935
v -0.010598 0.000425 0.014935
v -0.010210 -0.000425 0.014894
v -0.010210 0.000425 0.014894
v -0.009871 -0.000425 0.014698
v -0.009871 0.000425 0.014698
v -0.009641 -0.000425 0.014382
v -0.009641 0.000425 0.014382
v -0.009560 -0.000425 0.014000
v 0.011359 0.000425 -0.014382
v 0.011359 -0.000425 -0.014382
v 0.011440 0.000425 -0.014000
v 0.011129 -0.000425 -0.014698
v 0.011129 0.000425 -0.014698
v 0.010790 -0.000425 -0.014894
v 0.010790 0.000425 -0.014894
v 0.010402 -0.000425 -0.014935
v 0.010402 0.000425 -0.014935
v 0.010030 -0.000425 -0.014814
v 0.010030 0.000425 -0.014814
v 0.009740 -0.000425 -0.014552
v 0.009740 0.000425 -0.014552
v 0.009581 -0.000425 -0.014195
v 0.009581 0.000425 -0.014195
v 0.009581 -0.000425 -0.013805
v 0.009581 0.000425 -0.013805
v 0.009740 -0.000425 -0.013448
v 0.009740 0.000425 -0.013448
v 0.010030 -0.000425 -0.013186
v 0.010030 0.000425 -0.013186
v 0.010402 -0.000425 -0.013065
v 0.010402 0.000425 -0.013065
v 0.010790 -0.000425 -0.013106
v 0.010790 0.000425 -0.013106
v 0.011129 -0.000425 -0.013302
v 0.011129 0.000425 -0.013302
v 0.011359 -0.000425 -0.013618
v 0.011359 0.000425 -0.013618
v 0.011440 -0.000425 -0.014000
v -0.009641 0.000425 -0.014382
v -0.009641 -0.000425 -0.014382
v -0.009560 0.000425 -0.014000
v -0.009871 -0.000425 -0.014698
v -0.009871 0.000425 -0.014698
v -0.010210 -0.000425 -0.014894
v -0.010210 0.000425 -0.014894
v -0.010598 -0.000425 -0.014935
v -0.010598 0.000425 -0.014935
v -0.010970 -0.000425 -0.014814
v -0.010970 0.000425 -0.014814
v -0.011260 -0.000425 -0.014552
v -0.011260 0.000425 -0.014552
v -0.011419 -0.000425 -0.014195
v -0.011419 0.000425 -0.014195
v -0.011419 -0.000425 -0.013805
v -0.011419 0.000425 -0.013805
v -0.011260 -0.000425 -0.013448
v -0.011260 0.000425 -0.013448
v -0.010970 -0.000425 -0.013186
v -0.010970 0.000425 -0.013186
v -0.010598 -0.000425 -0.013065
v -0.010598 0.000425 -0.013065
v -0.010210 -0.000425 -0.013106
v -0.010210 0.000425 -0.013106
v -0.009871 -0.000425 -0.013302
v -0.009871 0.000425 -0.013302
v -0.009641 -0.000425 -0.013618
v -0.009641 0.000425 -0.013618
v -0.009560 -0.000425 -0.014000
v 0.011359 0.000425 0.013618
v 0.011359 -0.000425 0.013618
v 0.011440 0.000425 0.014000
v 0.011129 -0.000425 0.013302
v 0.011129 0.000425 0.013302
v 0.010790 -0.000425 0.013106
v 0.010790 0.000425 0.013106
v 0.010402 -0.000425 0.013065
v 0.010402 0.000425 0.013065
v 0.010030 -0.000425 0.013186
v 0.010030 0.000425 0.013186
v 0.009740 -0.000425 0.013448
v 0.009740 0.000425 0.013448
v 0.009581 -0.000425 0.013805
v 0.009581 0.000425 0.013805
v 0.009581 -0.000425 0.014195
v 0.009581 0.000425 0.014195
v 0.009740 -0.000425 0.014552
v 0.009740 0.000425 0.014552
v 0.010030 -0.000425 0.014814
v 0.010030 0.000425 0.014814
v 0.010402 -0.000425 0.014935
v 0.010402 0.000425 0.014935
v 0.010790 -0.000425 0.014894
v 0.010790 0.000425 0.014894
v 0.011129 -0.000425 0.014698
v 0.011129 0.000425 0.014698
v 0.011359 -0.000425 0.014382
v 0.011359 0.000425 0.014382
v 0.011440 -0.000425 0.014000
v 0.012500 -0.000425 0.015000
v 0.012500 0.000425 0.015000
v 0.012424 -0.000425 0.015383
v 0.012424 0.000425 0.015383
v 0.012207 -0.000425 0.015707
v 0.012207 0.000425 0.015707
v 0.011883 -0.000425 0.015924
v 0.011883 0.000425 0.015924
v 0.011500 -0.000425 0.016000
v 0.011500 0.000425 0.016000
v -0.011500 0.000425 -0.016000
v -0.011500 -0.000425 -0.016000
v -0.012500 -0.000425 -0.015000
v -0.012500 0.000425 -0.015000
v -0.012424 -0.000425 -0.015383
v -0.012424 0.000425 -0.015383
v -0.012207 -0.000425 -0.015707
v -0.012207 0.000425 -0.015707
v -0.011883 -0.000425 -0.015924
v -0.011883 0.000425 -0.015924
v -0.000505 0.000925 -0.005948
v 0.000495 0.000925 -0.005948
v 0.000495 0.000425 -0.005948
v -0.000505 0.000425 -0.005948
v -0.000505 0.000925 -0.004948
v -0.000505 0.000425 -0.004948
v 0.000495 0.000925 -0.004948
v 0.000495 0.000425 -0.004948
v -0.010722 0.000450 0.007734
v -0.010260 0.000450 0.008636
v -0.010260 0.000450 0.006604
v -0.010722 0.000450 0.007506
v -0.010815 0.000450 0.007943
v -0.010815 0.000450 0.007297
v -0.010985 0.000450 0.008096
v -0.010985 0.000450 0.007144
v -0.011202 0.000450 0.008167
v -0.011202 0.000450 0.007073
v -0.011430 0.000450 0.007097
v -0.011430 0.000450 0.008143
v -0.012260 0.000450 0.008636
v -0.011810 0.000450 0.007620
v -0.011762 0.000450 0.007396
v -0.011762 0.000450 0.007844
v -0.011628 0.000450 0.008029
v -0.012260 0.000450 0.006604
v -0.011628 0.000450 0.007211
v -0.011202 -0.000450 0.007073
v -0.012260 -0.000450 0.006604
v -0.010260 -0.000450 0.006604
v -0.011430 -0.000450 0.007097
v -0.010985 -0.000450 0.007144
v -0.011628 -0.000450 0.007211
v -0.010815 -0.000450 0.007297
v -0.011762 -0.000450 0.007396
v -0.010722 -0.000450 0.007506
v -0.011810 -0.000450 0.007620
v -0.010722 -0.000450 0.007734
v -0.011762 -0.000450 0.007844
v -0.012260 -0.000450 0.008636
v -0.011202 -0.000450 0.008167
v -0.010985 -0.000450 0.008096
v -0.011430 -0.000450 0.008143
v -0.011628 -0.000450 0.008029
v -0.010260 -0.000450 0.008636
v -0.010815 -0.000450 0.007943
v -0.010722 0.000450 -0.007506
v -0.010260 0.000450 -0.006604
v -0.010260 0.000450 -0.008636
v -0.010722 0.000450 -0.007734
v -0.010815 0.000450 -0.007297
v -0.010815 0.000450 -0.007943
v -0.010985 0.000450 -0.007144
v -0.010985 0.000450 -0.008096
v -0.011203 0.000450 -0.007073
v -0.011203 0.000450 -0.008167
v -0.011430 0.000450 -0.008143
v -0.011430 0.000450 -0.007097
v -0.012260 0.000450 -0.006604
v -0.011810 0.000450 -0.007620
v -0.011762 0.000450 -0.007844
v -0.011762 0.000450 -0.007396
v -0.011628 0.000450 -0.007211
v -0.012260 0.000450 -0.008636
v -0.011628 0.000450 -0.008029
v -0.011203 -0.000450 -0.008167
v -0.012260 -0.000450 -0.008636
v -0.010260 -0.000450 -0.008636
v -0.011430 -0.000450 -0.008143
v -0.010985 -0.000450 -0.008096
v -0.011628 -0.000450 -0.008029
v -0.010815 -0.000450 -0.007943
v -0.011762 -0.000450 -0.007844
v -0.010722 -0.000450 -0.007734
v -0.011810 -0.000450 -0.007620
v -0.010722 -0.000450 -0.007506
v -0.011762 -0.000450 -0.007396
v -0.012260 -0.000450 -0.006604
v -0.011203 -0.000450 -0.007073
v -0.010985 -0.000450 -0.007144
v -0.011430 -0.000450 -0.007097
v -0.011628 -0.000450 -0.007211
v -0.010260 -0.000450 -0.006604
v -0.010815 -0.000450 -0.007297
v 0.011798 0.000450 0.002654
v 0.012260 0.000450 0.003556
v 0.012260 0.000450 0.001524
v 0.011798 0.000450 0.002426
v 0.011705 0.000450 0.002863
v 0.011705 0.000450 0.002217
v 0.011535 0.000450 0.003016
v 0.011535 0.000450 0.002064
v 0.011318 0.000450 0.003087
v 0.011318 0.000450 0.001993
v 0.011090 0.000450 0.003063
v 0.011090 0.000450 0.002017
v 0.010260 0.000450 0.003556
v 0.010710 0.000450 0.002540
v 0.010758 0.000450 0.002316
v 0.010758 0.000450 0.002764
v 0.010892 0.000450 0.002949
v 0.010260 0.000450 0.001524
v 0.010892 0.000450 0.002131
v 0.011318 -0.000450 0.001993
v 0.010260 -0.000450 0.001524
v 0.012260 -0.000450 0.001524
v 0.011090 -0.000450 0.002017
v 0.011535 -0.000450 0.002064
v 0.010892 -0.000450 0.002131
v 0.011705 -0.000450 0.002217
v 0.010758 -0.000450 0.002316
v 0.011798 -0.000450 0.002426
v 0.010710 -0.000450 0.002540
v 0.011798 -0.000450 0.002654
v 0.010758 -0.000450 0.002764
v 0.012260 -0.000450 0.003556
v 0.011090 -0.000450 0.003063
v 0.011318 -0.000450 0.003087
v 0.011535 -0.000450 0.003016
v 0.011705 -0.000450 0.002863
v 0.010260 -0.000450 0.003556
v 0.010892 -0.000450 0.002949
v 0.011798 0.000450 0.000114
v 0.012260 0.000450 0.001016
v 0.012260 0.000450 -0.001016
v 0.011798 0.000450 -0.000114
v 0.011705 0.000450 0.000323
v 0.011705 0.000450 -0.000323
v 0.011535 0.000450 0.000476
v 0.011535 0.000450 -0.000476
v 0.011318 0.000450 0.000547
v 0.011318 0.000450 -0.000547
v 0.011090 0.000450 0.000523
v 0.011090 0.000450 -0.000523
v 0.010260 0.000450 0.001016
v 0.010710 0.000450 -0.000000
v 0.010758 0.000450 -0.000224
v 0.010758 0.000450 0.000224
v 0.010892 0.000450 0.000409
v 0.010260 0.000450 -0.001016
v 0.010892 0.000450 -0.000409
v 0.011318 -0.000450 -0.000547
v 0.010260 -0.000450 -0.001016
v 0.012260 -0.000450 -0.001016
v 0.011090 -0.000450 -0.000523
v 0.011535 -0.000450 -0.000476
v 0.010892 -0.000450 -0.000409
v 0.011705 -0.000450 -0.000323
v 0.010758 -0.000450 -0.000224
v 0.011798 -0.000450 -0.000114
v 0.010710 -0.000450 -0.000000
v 0.011798 -0.000450 0.000114
v 0.010758 -0.000450 0.000224
v 0.012260 -0.000450 0.001016
v 0.011090 -0.000450 0.000523
v 0.011318 -0.000450 0.000547
v 0.011535 -0.000450 0.000476
v 0.011705 -0.000450 0.000323
v 0.010260 -0.000450 0.001016
v 0.010892 -0.000450 0.000409
v -0.011762 -0.000450 0.004856
v -0.011762 0.000450 0.004856
v -0.011810 -0.000450 0.005080
v -0.011628 0.000450 0.004671
v -0.011628 -0.000450 0.004671
v -0.011430 0.000450 0.004557
v -0.011430 -0.000450 0.004557
v -0.011203 0.000450 0.004533
v -0.011203 -0.000450 0.004533
v -0.010985 0.000450 0.004604
v -0.010985 -0.000450 0.004604
v -0.010815 0.000450 0.004757
v -0.010815 -0.000450 0.004757
v -0.010722 0.000450 0.004966
v -0.010722 -0.000450 0.004966
v -0.010722 0.000450 0.005194
v -0.010722 -0.000450 0.005194
v -0.010815 0.000450 0.005403
v -0.010815 -0.000450 0.005403
v -0.010985 0.000450 0.005556
v -0.010985 -0.000450 0.005556
v -0.011202 0.000450 0.005627
v -0.011202 -0.000450 0.005627
v -0.011430 0.000450 0.005603
v -0.011430 -0.000450 0.005603
v -0.011628 0.000450 0.005489
v -0.011628 -0.000450 0.005489
v -0.011762 0.000450 0.005304
v -0.011762 -0.000450 0.005304
v -0.011810 0.000450 0.005080
v 0.011798 0.000450 -0.002426
v 0.012260 0.000450 -0.001524
v 0.012260 0.000450 -0.003556
v 0.011798 0.000450 -0.002654
v 0.011705 0.000450 -0.002217
v 0.011705 0.000450 -0.002863
v 0.011535 0.000450 -0.002064
v 0.011535 0.000450 -0.003016
v 0.011318 0.000450 -0.001993
v 0.011318 0.000450 -0.003087
v 0.011090 0.000450 -0.002017
v 0.011090 0.000450 -0.003063
v 0.010260 0.000450 -0.001524
v 0.010710 0.000450 -0.002540
v 0.010758 0.000450 -0.002764
v 0.010758 0.000450 -0.002316
v 0.010892 0.000450 -0.002131
v 0.010260 0.000450 -0.003556
v 0.010892 0.000450 -0.002949
v 0.011318 -0.000450 -0.003087
v 0.010260 -0.000450 -0.003556
v 0.012260 -0.000450 -0.003556
v 0.011090 -0.000450 -0.003063
v 0.011535 -0.000450 -0.003016
v 0.010892 -0.000450 -0.002949
v 0.011705 -0.000450 -0.002863
v 0.010758 -0.000450 -0.002764
v 0.011798 -0.000450 -0.002654
v 0.010710 -0.000450 -0.002540
v 0.011798 -0.000450 -0.002426
v 0.010758 -0.000450 -0.002316
v 0.012260 -0.000450 -0.001524
v 0.011090 -0.000450 -0.002017
v 0.011318 -0.000450 -0.001993
v 0.011535 -0.000450 -0.002064
v 0.011705 -0.000450 -0.002217
v 0.010260 -0.000450 -0.001524
v 0.010892 -0.000450 -0.002131
v 0.012260 -0.000450 0.006096
v 0.012260 -0.000450 0.004064
v 0.012260 0.000450 0.004064
v 0.012260 0.000450 0.006096
v 0.010758 -0.000450 0.004856
v 0.010758 0.000450 0.004856
v 0.010710 -0.000450 0.005080
v 0.010892 0.000450 0.004671
v 0.010892 -0.000450 0.004671
v 0.011090 0.000450 0.004557
v 0.011090 -0.000450 0.004557
v 0.011318 0.000450 0.004533
v 0.011318 -0.000450 0.004533
v 0.011535 0.000450 0.004604
v 0.011535 -0.000450 0.004604
v 0.011705 0.000450 0.004757
v 0.011705 -0.000450 0.004757
v 0.011798 0.000450 0.004966
v 0.011798 -0.000450 0.004966
v 0.011798 0.000450 0.005194
v 0.011798 -0.000450 0.005194
v 0.011705 0.000450 0.005403
v 0.011705 -0.000450 0.005403
v 0.011535 0.000450 0.005556
v 0.011535 -0.000450 0.005556
v 0.011318 0.000450 0.005627
v 0.011318 -0.000450 0.005627
v 0.011090 0.000450 0.005603
v 0.011090 -0.000450 0.005603
v 0.010892 0.000450 0.005489
v 0.010892 -0.000450 0.005489
v 0.010758 0.000450 0.005304
v 0.010758 -0.000450 0.005304
v 0.010710 0.000450 0.005080
v 0.011798 0.000450 -0.004966
v 0.012260 0.000450 -0.004064
v 0.012260 0.000450 -0.006096
v 0.011798 0.000450 -0.005194
v 0.011705 0.000450 -0.004757
v 0.011705 0.000450 -0.005403
v 0.011535 0.000450 -0.004604
v 0.011535 0.000450 -0.005556
v 0.011318 0.000450 -0.004533
v 0.011318 0.000450 -0.005627
v 0.011090 0.000450 -0.004557
v 0.011090 0.000450 -0.005603
v 0.010260 0.000450 -0.004064
v 0.010710 0.000450 -0.005080
v 0.010758 0.000450 -0.005304
v 0.010758 0.000450 -0.004856
v 0.010892 0.000450 -0.004671
v 0.010260 0.000450 -0.006096
v 0.010892 0.000450 -0.005489
v 0.011318 -0.000450 -0.005627
v 0.010260 -0.000450 -0.006096
v 0.012260 -0.000450 -0.006096
v 0.011090 -0.000450 -0.005603
v 0.011535 -0.000450 -0.005556
v 0.010892 -0.000450 -0.005489
v 0.011705 -0.000450 -0.005403
v 0.010758 -0.000450 -0.005304
v 0.011798 -0.000450 -0.005194
v 0.010710 -0.000450 -0.005080
v 0.011798 -0.000450 -0.004966
v 0.010758 -0.000450 -0.004856
v 0.012260 -0.000450 -0.004064
v 0.011090 -0.000450 -0.004557
v 0.011318 -0.000450 -0.004533
v 0.011535 -0.000450 -0.004604
v 0.011705 -0.000450 -0.004757
v 0.010260 -0.000450 -0.004064
v 0.010892 -0.000450 -0.004671
v 0.011798 0.000450 -0.007506
v 0.012260 0.000450 -0.006604
v 0.012260 0.000450 -0.008636
v 0.011798 0.000450 -0.007734
v 0.011705 0.000450 -0.007297
v 0.011705 0.000450 -0.007943
v 0.011535 0.000450 -0.007144
v 0.011535 0.000450 -0.008096
v 0.011318 0.000450 -0.007073
v 0.011318 0.000450 -0.008167
v 0.011090 0.000450 -0.007097
v 0.011090 0.000450 -0.008143
v 0.010260 0.000450 -0.006604
v 0.010710 0.000450 -0.007620
v 0.010758 0.000450 -0.007844
v 0.010758 0.000450 -0.007396
v 0.010892 0.000450 -0.007211
v 0.010260 0.000450 -0.008636
v 0.010892 0.000450 -0.008029
v 0.011318 -0.000450 -0.008167
v 0.010260 -0.000450 -0.008636
v 0.012260 -0.000450 -0.008636
v 0.011090 -0.000450 -0.008143
v 0.011535 -0.000450 -0.008096
v 0.010892 -0.000450 -0.008029
v 0.011705 -0.000450 -0.007943
v 0.010758 -0.000450 -0.007844
v 0.011798 -0.000450 -0.007734
v 0.010710 -0.000450 -0.007620
v 0.011798 -0.000450 -0.007506
v 0.010758 -0.000450 -0.007396
v 0.012260 -0.000450 -0.006604
v 0.011090 -0.000450 -0.007097
v 0.011318 -0.000450 -0.007073
v 0.011535 -0.000450 -0.007144
v 0.011705 -0.000450 -0.007297
v 0.010260 -0.000450 -0.006604
v 0.010892 -0.000450 -0.007211
v -0.012260 -0.000450 0.004064
v -0.012260 -0.000450 0.006096
v -0.012260 0.000450 0.006096
v -0.012260 0.000450 0.004064
v -0.010260 -0.000450 0.004064
v -0.010260 0.000450 0.004064
v -0.010260 -0.000450 0.006096
v -0.010260 0.000450 0.006096
v 0.010550 -0.000450 0.009977
v 0.010186 -0.000450 0.009939
v 0.010372 -0.000450 0.009919
v 0.010024 -0.000450 0.010032
v 0.010689 -0.000450 0.010102
v 0.010351 -0.000450 0.010118
v 0.010248 -0.000450 0.010129
v 0.010450 -0.000450 0.010150
v 0.010158 -0.000450 0.010181
v 0.009914 -0.000450 0.010184
v 0.010527 -0.000450 0.010220
v 0.010097 -0.000450 0.010265
v 0.010765 -0.000450 0.010273
v 0.010570 -0.000450 0.010315
v 0.010075 -0.000450 0.010367
v 0.009875 -0.000450 0.010367
v 0.010570 -0.000450 0.010419
v 0.010765 -0.000450 0.010460
v 0.010097 -0.000450 0.010468
v 0.010527 -0.000450 0.010514
v 0.009914 -0.000450 0.010550
v 0.010158 -0.000450 0.010553
v 0.010450 -0.000450 0.010583
v 0.010248 -0.000450 0.010605
v 0.010689 -0.000450 0.010631
v 0.010351 -0.000450 0.010615
v 0.010024 -0.000450 0.010701
v 0.010550 -0.000450 0.010756
v 0.010186 -0.000450 0.010795
v 0.010372 -0.000450 0.010814
v 0.010689 0.000450 0.010631
v 0.010765 0.000450 0.010460
v 0.010765 0.000450 0.010273
v 0.010689 0.000450 0.010102
v 0.010570 0.000450 0.010419
v 0.010570 0.000450 0.010315
v 0.010550 0.000450 0.010756
v 0.010550 0.000450 0.009977
v 0.010527 0.000450 0.010220
v 0.010527 0.000450 0.010514
v 0.010450 0.000450 0.010583
v 0.010450 0.000450 0.010150
v 0.010372 0.000450 0.009919
v 0.010372 0.000450 0.010814
v 0.010351 0.000450 0.010615
v 0.010351 0.000450 0.010118
v 0.010248 0.000450 0.010605
v 0.010248 0.000450 0.010129
v 0.010186 0.000450 0.010795
v 0.010186 0.000450 0.009939
v 0.010158 0.000450 0.010181
v 0.010158 0.000450 0.010553
v 0.010097 0.000450 0.010468
v 0.010097 0.000450 0.010265
v 0.010024 0.000450 0.010701
v 0.010075 0.000450 0.010367
v 0.010024 0.000450 0.010032
v 0.009914 0.000450 0.010184
v 0.009914 0.000450 0.010550
v 0.009875 0.000450 0.010367
v 0.010260 -0.000450 0.006096
v 0.010260 0.000450 0.006096
v 0.010260 -0.000450 0.004064
v 0.010260 0.000450 0.004064
v 0.009550 -0.000450 0.010977
v 0.009186 -0.000450 0.010939
v 0.009372 -0.000450 0.010919
v 0.009024 -0.000450 0.011032
v 0.009689 -0.000450 0.011102
v 0.009351 -0.000450 0.011118
v 0.009248 -0.000450 0.011129
v 0.009450 -0.000450 0.011150
v 0.009158 -0.000450 0.011181
v 0.008914 -0.000450 0.011184
v 0.009527 -0.000450 0.011220
v 0.009097 -0.000450 0.011265
v 0.009765 -0.000450 0.011273
v 0.009570 -0.000450 0.011315
v 0.009075 -0.000450 0.011367
v 0.008875 -0.000450 0.011367
v 0.009570 -0.000450 0.011419
v 0.009765 -0.000450 0.011460
v 0.009097 -0.000450 0.011468
v 0.009527 -0.000450 0.011514
v 0.008914 -0.000450 0.011550
v 0.009158 -0.000450 0.011553
v 0.009450 -0.000450 0.011583
v 0.009248 -0.000450 0.011605
v 0.009689 -0.000450 0.011631
v 0.009351 -0.000450 0.011615
v 0.009024 -0.000450 0.011701
v 0.009550 -0.000450 0.011756
v 0.009186 -0.000450 0.011795
v 0.009372 -0.000450 0.011814
v 0.009689 0.000450 0.011631
v 0.009765 0.000450 0.011460
v 0.009765 0.000450 0.011273
v 0.009689 0.000450 0.011102
v 0.009570 0.000450 0.011419
v 0.009570 0.000450 0.011315
v 0.009550 0.000450 0.011756
v 0.009550 0.000450 0.010977
v 0.009527 0.000450 0.011220
v 0.009527 0.000450 0.011514
v 0.009450 0.000450 0.011583
v 0.009450 0.000450 0.011150
v 0.009372 0.000450 0.010919
v 0.009372 0.000450 0.011814
v 0.009351 0.000450 0.011615
v 0.009351 0.000450 0.011118
v 0.009248 0.000450 0.011605
v 0.009248 0.000450 0.011129
v 0.009186 0.000450 0.011795
v 0.009186 0.000450 0.010939
v 0.009158 0.000450 0.011181
v 0.009158 0.000450 0.011553
v 0.009097 0.000450 0.011468
v 0.009097 0.000450 0.011265
v 0.009024 0.000450 0.011701
v 0.009075 0.000450 0.011367
v 0.009024 0.000450 0.011032
v 0.008914 0.000450 0.011184
v 0.008914 0.000450 0.011550
v 0.008875 0.000450 0.011367
v 0.010550 -0.000450 0.010977
v 0.010186 -0.000450 0.010939
v 0.010372 -0.000450 0.010919
v 0.010024 -0.000450 0.011032
v 0.010689 -0.000450 0.011102
v 0.010351 -0.000450 0.011118
v 0.010248 -0.000450 0.011129
v 0.010450 -0.000450 0.011150
v 0.010158 -0.000450 0.011181
v 0.009914 -0.000450 0.011184
v 0.010527 -0.000450 0.011220
v 0.010097 -0.000450 0.011265
v 0.010765 -0.000450 0.011273
v 0.010570 -0.000450 0.011315
v 0.010075 -0.000450 0.011367
v 0.009875 -0.000450 0.011367
v 0.010570 -0.000450 0.011419
v 0.010765 -0.000450 0.011460
v 0.010097 -0.000450 0.011468
v 0.010527 -0.000450 0.011514
v 0.009914 -0.000450 0.011550
v 0.010158 -0.000450 0.011553
v 0.010450 -0.000450 0.011583
v 0.010248 -0.000450 0.011605
v 0.010689 -0.000450 0.011631
v 0.010351 -0.000450 0.011615
v 0.010024 -0.000450 0.011701
v 0.010550 -0.000450 0.011756
v 0.010186 -0.000450 0.011795
v 0.010372 -0.000450 0.011814
v 0.010689 0.000450 0.011631
v 0.010765 0.000450 0.011460
v 0.010765 0.000450 0.011273
v 0.010689 0.000450 0.011102
v 0.010570 0.000450 0.011419
v 0.010570 0.000450 0.011315
v 0.010550 0.000450 0.011756
v 0.010550 0.000450 0.010977
v 0.010527 0.000450 0.011220
v 0.010527 0.000450 0.011514
v 0.010450 0.000450 0.011583
v 0.010450 0.000450 0.011150
v 0.010372 0.000450 0.010919
v 0.010372 0.000450 0.011814
v 0.010351 0.000450 0.011615
v 0.010351 0.000450 0.011118
v 0.010248 0.000450 0.011605
v 0.010248 0.000450 0.011129
v 0.010186 0.000450 0.011795
v 0.010186 0.000450 0.010939
v 0.010158 0.000450 0.011181
v 0.010158 0.000450 0.011553
v 0.010097 0.000450 0.011468
v 0.010097 0.000450 0.011265
v 0.010024 0.000450 0.011701
v 0.010075 0.000450 0.011367
v 0.010024 0.000450 0.011032
v 0.009914 0.000450 0.011184
v 0.009914 0.000450 0.011550
v 0.009875 0.000450 0.011367
v 0.011550 -0.000450 0.010977
v 0.011186 -0.000450 0.010939
v 0.011372 -0.000450 0.010919
v 0.011024 -0.000450 0.011032
v 0.011689 -0.000450 0.011102
v 0.011351 -0.000450 0.011118
v 0.011248 -0.000450 0.011129
v 0.011450 -0.000450 0.011150
v 0.011158 -0.000450 0.011181
v 0.010914 -0.000450 0.011184
v 0.011527 -0.000450 0.011220
v 0.011097 -0.000450 0.011265
v 0.011765 -0.000450 0.011273
v 0.011570 -0.000450 0.011315
v 0.011075 -0.000450 0.011367
v 0.010875 -0.000450 0.011367
v 0.011570 -0.000450 0.011419
v 0.011765 -0.000450 0.011460
v 0.011097 -0.000450 0.011468
v 0.011527 -0.000450 0.011514
v 0.010914 -0.000450 0.011550
v 0.011158 -0.000450 0.011553
v 0.011450 -0.000450 0.011583
v 0.011248 -0.000450 0.011605
v 0.011689 -0.000450 0.011631
v 0.011351 -0.000450 0.011615
v 0.011024 -0.000450 0.011701
v 0.011550 -0.000450 0.011756
v 0.011186 -0.000450 0.011795
v 0.011372 -0.000450 0.011814
v 0.011689 0.000450 0.011631
v 0.011765 0.000450 0.011460
v 0.011765 0.000450 0.011273
v 0.011689 0.000450 0.011102
v 0.011570 0.000450 0.011419
v 0.011570 0.000450 0.011315
v 0.011550 0.000450 0.011756
v 0.011550 0.000450 0.010977
v 0.011527 0.000450 0.011220
v 0.011527 0.000450 0.011514
v 0.011450 0.000450 0.011583
v 0.011450 0.000450 0.011150
v 0.011372 0.000450 0.010919
v 0.011372 0.000450 0.011814
v 0.011351 0.000450 0.011615
v 0.011351 0.000450 0.011118
v 0.011248 0.000450 0.011605
v 0.011248 0.000450 0.011129
v 0.011186 0.000450 0.011795
v 0.011186 0.000450 0.010939
v 0.011158 0.000450 0.011181
v 0.011158 0.000450 0.011553
v 0.011097 0.000450 0.011468
v 0.011097 0.000450 0.011265
v 0.011024 0.000450 0.011701
v 0.011075 0.000450 0.011367
v 0.011024 0.000450 0.011032
v 0.010914 0.000450 0.011184
v 0.010914 0.000450 0.011550
v 0.010875 0.000450 0.011367
v 0.011550 -0.000450 0.009977
v 0.011186 -0.000450 0.009939
v 0.011372 -0.000450 0.009919
v 0.011024 -0.000450 0.010032
v 0.011689 -0.000450 0.010102
v 0.011351 -0.000450 0.010118
v 0.011248 -0.000450 0.010129
v 0.011450 -0.000450 0.010150
v 0.011158 -0.000450 0.010181
v 0.010914 -0.000450 0.010184
v 0.011527 -0.000450 0.010220
v 0.011097 -0.000450 0.010265
v 0.011765 -0.000450 0.010273
v 0.011570 -0.000450 0.010315
v 0.011075 -0.000450 0.010367
v 0.010875 -0.000450 0.010367
v 0.011570 -0.000450 0.010419
v 0.011765 -0.000450 0.010460
v 0.011097 -0.000450 0.010468
v 0.011527 -0.000450 0.010514
v 0.010914 -0.000450 0.010550
v 0.011158 -0.000450 0.010553
v 0.011450 -0.000450 0.010583
v 0.011248 -0.000450 0.010605
v 0.011689 -0.000450 0.010631
v 0.011351 -0.000450 0.010615
v 0.011024 -0.000450 0.010701
v 0.011550 -0.000450 0.010756
v 0.011186 -0.000450 0.010795
v 0.011372 -0.000450 0.010814
v 0.011689 0.000450 0.010631
v 0.011765 0.000450 0.010460
v 0.011765 0.000450 0.010273
v 0.011689 0.000450 0.010102
v 0.011570 0.000450 0.010419
v 0.011570 0.000450 0.010315
v 0.011550 0.000450 0.010756
v 0.011550 0.000450 0.009977
v 0.011527 0.000450 0.010220
v 0.011527 0.000450 0.010514
v 0.011450 0.000450 0.010583
v 0.011450 0.000450 0.010150
v 0.011372 0.000450 0.009919
v 0.011372 0.000450 0.010814
v 0.011351 0.000450 0.010615
v 0.011351 0.000450 0.010118
v 0.011248 0.000450 0.010605
v 0.011248 0.000450 0.010129
v 0.011186 0.000450 0.010795
v 0.011186 0.000450 0.009939
v 0.011158 0.000450 0.010181
v 0.011158 0.000450 0.010553
v 0.011097 0.000450 0.010468
v 0.011097 0.000450 0.010265
v 0.011024 0.000450 0.010701
v 0.011075 0.000450 0.010367
v 0.011024 0.000450 0.010032
v 0.010914 0.000450 0.010184
v 0.010914 0.000450 0.010550
v 0.010875 0.000450 0.010367
v 0.009097 -0.000450 0.010265
v 0.009097 0.000450 0.010265
v 0.009075 -0.000450 0.010367
v 0.009158 0.000450 0.010181
v 0.009158 -0.000450 0.010181
v 0.009248 0.000450 0.010129
v 0.009248 -0.000450 0.010129
v 0.009351 0.000450 0.010118
v 0.009351 -0.000450 0.010118
v 0.009450 0.000450 0.010150
v 0.009450 -0.000450 0.010150
v 0.009527 0.000450 0.010220
v 0.009527 -0.000450 0.010220
v 0.009570 0.000450 0.010315
v 0.009570 -0.000450 0.010315
v 0.009570 0.000450 0.010419
v 0.009570 -0.000450 0.010419
v 0.009527 0.000450 0.010514
v 0.009527 -0.000450 0.010514
v 0.009450 0.000450 0.010583
v 0.009450 -0.000450 0.010583
v 0.009351 0.000450 0.010615
v 0.009351 -0.000450 0.010615
v 0.009248 0.000450 0.010605
v 0.009248 -0.000450 0.010605
v 0.009158 0.000450 0.010553
v 0.009158 -0.000450 0.010553
v 0.009097 0.000450 0.010468
v 0.009097 -0.000450 0.010468
v 0.009075 0.000450 0.010367
v 0.009765 0.000450 0.010273
v 0.009765 0.000450 0.010460
v 0.009765 -0.000450 0.010460
v 0.009765 -0.000450 0.010273
v 0.009689 -0.000450 0.010102
v 0.009689 0.000450 0.010102
v 0.009550 -0.000450 0.009977
v 0.009550 0.000450 0.009977
v 0.009372 -0.000450 0.009919
v 0.009372 0.000450 0.009919
v 0.009186 -0.000450 0.009939
v 0.009186 0.000450 0.009939
v 0.009024 -0.000450 0.010032
v 0.009024 0.000450 0.010032
v 0.008914 -0.000450 0.010184
v 0.008914 0.000450 0.010184
v 0.008875 -0.000450 0.010367
v 0.008875 0.000450 0.010367
v 0.008914 -0.000450 0.010550
v 0.008914 0.000450 0.010550
v 0.009024 -0.000450 0.010701
v 0.009024 0.000450 0.010701
v 0.009186 -0.000450 0.010795
v 0.009186 0.000450 0.010795
v 0.009372 -0.000450 0.010814
v 0.009372 0.000450 0.010814
v 0.009550 -0.000450 0.010756
v 0.009550 0.000450 0.010756
v 0.009689 -0.000450 0.010631
v 0.009689 0.000450 0.010631
v 0.010758 -0.000450 0.007396
v 0.010758 0.000450 0.007396
v 0.010710 -0.000450 0.007620
v 0.010892 0.000450 0.007211
v 0.010892 -0.000450 0.007211
v 0.011090 0.000450 0.007097
v 0.011090 -0.000450 0.007097
v 0.011318 0.000450 0.007073
v 0.011318 -0.000450 0.007073
v 0.011535 0.000450 0.007144
v 0.011535 -0.000450 0.007144
v 0.011705 0.000450 0.007297
v 0.011705 -0.000450 0.007297
v 0.011798 0.000450 0.007506
v 0.011798 -0.000450 0.007506
v 0.011798 0.000450 0.007734
v 0.011798 -0.000450 0.007734
v 0.011705 0.000450 0.007943
v 0.011705 -0.000450 0.007943
v 0.011535 0.000450 0.008096
v 0.011535 -0.000450 0.008096
v 0.011318 0.000450 0.008167
v 0.011318 -0.000450 0.008167
v 0.011090 0.000450 0.008143
v 0.011090 -0.000450 0.008143
v 0.010892 0.000450 0.008029
v 0.010892 -0.000450 0.008029
v 0.010758 0.000450 0.007844
v 0.010758 -0.000450 0.007844
v 0.010710 0.000450 0.007620
v 0.010260 -0.000450 0.008636
v 0.012260 -0.000450 0.008636
v 0.012260 0.000450 0.008636
v 0.010260 0.000450 0.008636
v 0.010260 -0.000450 0.006604
v 0.010260 0.000450 0.006604
v 0.012260 -0.000450 0.006604
v 0.012260 0.000450 0.006604
v -0.011762 -0.000450 0.002316
v -0.011762 0.000450 0.002316
v -0.011810 -0.000450 0.002540
v -0.011628 0.000450 0.002131
v -0.011628 -0.000450 0.002131
v -0.011430 0.000450 0.002017
v -0.011430 -0.000450 0.002017
v -0.011203 0.000450 0.001993
v -0.011203 -0.000450 0.001993
v -0.010985 0.000450 0.002064
v -0.010985 -0.000450 0.002064
v -0.010815 0.000450 0.002217
v -0.010815 -0.000450 0.002217
v -0.010722 0.000450 0.002426
v -0.010722 -0.000450 0.002426
v -0.010722 0.000450 0.002654
v -0.010722 -0.000450 0.002654
v -0.010815 0.000450 0.002863
v -0.010815 -0.000450 0.002863
v -0.010985 0.000450 0.003016
v -0.010985 -0.000450 0.003016
v -0.011203 0.000450 0.003087
v -0.011203 -0.000450 0.003087
v -0.011430 0.000450 0.003063
v -0.011430 -0.000450 0.003063
v -0.011628 0.000450 0.002949
v -0.011628 -0.000450 0.002949
v -0.011762 0.000450 0.002764
v -0.011762 -0.000450 0.002764
v -0.011810 0.000450 0.002540
v -0.012260 -0.000450 0.001524
v -0.012260 -0.000450 0.003556
v -0.012260 0.000450 0.003556
v -0.012260 0.000450 0.001524
v -0.010260 -0.000450 0.001524
v -0.010260 0.000450 0.001524
v -0.010260 -0.000450 0.003556
v -0.010260 0.000450 0.003556
v -0.011762 -0.000450 -0.002764
v -0.011762 0.000450 -0.002764
v -0.011810 -0.000450 -0.002540
v -0.011628 0.000450 -0.002949
v -0.011628 -0.000450 -0.002949
v -0.011430 0.000450 -0.003063
v -0.011430 -0.000450 -0.003063
v -0.011203 0.000450 -0.003087
v -0.011203 -0.000450 -0.003087
v -0.010985 0.000450 -0.003016
v -0.010985 -0.000450 -0.003016
v -0.010815 0.000450 -0.002863
v -0.010815 -0.000450 -0.002863
v -0.010722 0.000450 -0.002654
v -0.010722 -0.000450 -0.002654
v -0.010722 0.000450 -0.002426
v -0.010722 -0.000450 -0.002426
v -0.010815 0.000450 -0.002217
v -0.010815 -0.000450 -0.002217
v -0.010985 0.000450 -0.002064
v -0.010985 -0.000450 -0.002064
v -0.011203 0.000450 -0.001993
v -0.011203 -0.000450 -0.001993
v -0.011430 0.000450 -0.002017
v -0.011430 -0.000450 -0.002017
v -0.011628 0.000450 -0.002131
v -0.011628 -0.000450 -0.002131
v -0.011762 0.000450 -0.002316
v -0.011762 -0.000450 -0.002316
v -0.011810 0.000450 -0.002540
v -0.012260 -0.000450 -0.003556
v -0.012260 -0.000450 -0.001524
v -0.012260 0.000450 -0.001524
v -0.012260 0.000450 -0.003556
v -0.010260 -0.000450 -0.003556
v -0.010260 0.000450 -0.003556
v -0.010260 -0.000450 -0.001524
v -0.010260 0.000450 -0.001524
v -0.011762 -0.000450 -0.000224
v -0.011762 0.000450 -0.000224
v -0.011810 -0.000450 -0.000000
v -0.011628 0.000450 -0.000409
v -0.011628 -0.000450 -0.000409
v -0.011430 0.000450 -0.000523
v -0.011430 -0.000450 -0.000523
v -0.011203 0.000450 -0.000547
v -0.011203 -0.000450 -0.000547
v -0.010985 0.000450 -0.000476
v -0.010985 -0.000450 -0.000476
v -0.010815 0.000450 -0.000323
v -0.010815 -0.000450 -0.000323
v -0.010722 0.000450 -0.000114
v -0.010722 -0.000450 -0.000114
v -0.010722 0.000450 0.000114
v -0.010722 -0.000450 0.000114
v -0.010815 0.000450 0.000323
v -0.010815 -0.000450 0.000323
v -0.010985 0.000450 0.000476
v -0.010985 -0.000450 0.000476
v -0.011203 0.000450 0.000547
v -0.011203 -0.000450 0.000547
v -0.011430 0.000450 0.000523
v -0.011430 -0.000450 0.000523
v -0.011628 0.000450 0.000409
v -0.011628 -0.000450 0.000409
v -0.011762 0.000450 0.000224
v -0.011762 -0.000450 0.000224
v -0.011810 0.000450 -0.000000
v -0.012260 -0.000450 -0.001016
v -0.012260 -0.000450 0.001016
v -0.012260 0.000450 0.001016
v -0.012260 0.000450 -0.001016
v -0.010260 -0.000450 -0.001016
v -0.010260 0.000450 -0.001016
v -0.010260 -0.000450 0.001016
v -0.010260 0.000450 0.001016
v -0.011762 -0.000450 -0.005304
v -0.011762 0.000450 -0.005304
v -0.011810 -0.000450 -0.005080
v -0.011628 0.000450 -0.005489
v -0.011628 -0.000450 -0.005489
v -0.011430 0.000450 -0.005603
v -0.011430 -0.000450 -0.005603
v -0.011203 0.000450 -0.005627
v -0.011203 -0.000450 -0.005627
v -0.010985 0.000450 -0.005556
v -0.010985 -0.000450 -0.005556
v -0.010815 0.000450 -0.005403
v -0.010815 -0.000450 -0.005403
v -0.010722 0.000450 -0.005194
v -0.010722 -0.000450 -0.005194
v -0.010722 0.000450 -0.004966
v -0.010722 -0.000450 -0.004966
v -0.010815 0.000450 -0.004757
v -0.010815 -0.000450 -0.004757
v -0.010985 0.000450 -0.004604
v -0.010985 -0.000450 -0.004604
v -0.011203 0.000450 -0.004533
v -0.011203 -0.000450 -0.004533
v -0.011430 0.000450 -0.004557
v -0.011430 -0.000450 -0.004557
v -0.011628 0.000450 -0.004671
v -0.011628 -0.000450 -0.004671
v -0.011762 0.000450 -0.004856
v -0.011762 -0.000450 -0.004856
v -0.011810 0.000450 -0.005080
v -0.012260 -0.000450 -0.006096
v -0.012260 -0.000450 -0.004064
v -0.012260 0.000450 -0.004064
v -0.012260 0.000450 -0.006096
v -0.010260 -0.000450 -0.006096
v -0.010260 0.000450 -0.006096
v -0.010260 -0.000450 -0.004064
v -0.010260 0.000450 -0.004064
v 0.001250 0.003175 -0.009150
v 0.000750 0.003175 -0.009150
v 0.000750 0.000925 -0.009150
v 0.001250 0.000925 -0.009150
v 0.001250 0.000825 -0.009050
v 0.000750 0.000825 -0.009050
v 0.000750 0.000825 -0.007050
v 0.001250 0.000825 -0.007050
v 0.001250 0.000887 -0.009142
v 0.000750 0.000887 -0.009142
v 0.001250 0.000854 -0.009121
v 0.000750 0.000854 -0.009121
v 0.001250 0.000833 -0.009088
v 0.000750 0.000833 -0.009088
v 0.001250 0.000325 -0.007050
v 0.000750 0.000325 -0.007050
v -0.005250 0.003175 -0.009150
v -0.004750 0.003175 -0.009150
v -0.005250 0.003381 -0.009187
v -0.004750 0.003381 -0.009187
v -0.005250 0.003562 -0.009292
v -0.004750 0.003562 -0.009292
v -0.005250 0.003696 -0.009453
v -0.004750 0.003696 -0.009453
v -0.005250 0.003767 -0.009650
v -0.004750 0.003767 -0.009650
v -0.002750 0.003775 -0.014700
v -0.002750 0.003275 -0.014700
v -0.003250 0.003275 -0.014700
v -0.003250 0.003775 -0.014700
v -0.000750 0.003775 -0.014700
v -0.000750 0.003275 -0.014700
v -0.001250 0.003275 -0.014700
v -0.001250 0.003775 -0.014700
v -0.004750 0.003775 -0.014700
v -0.004750 0.003275 -0.014700
v -0.005250 0.003275 -0.014700
v -0.005250 0.003775 -0.014700
v 0.003250 0.003775 -0.014700
v 0.003250 0.003275 -0.014700
v 0.002750 0.003275 -0.014700
v 0.002750 0.003775 -0.014700
v 0.001250 0.003775 -0.014700
v 0.001250 0.003275 -0.014700
v 0.000750 0.003275 -0.014700
v 0.000750 0.003775 -0.014700
v 0.005250 0.003775 -0.014700
v 0.005250 0.003275 -0.014700
v 0.004750 0.003275 -0.014700
v 0.004750 0.003775 -0.014700
v 0.002750 0.003175 -0.009150
v 0.003250 0.003175 -0.009150
v 0.002750 0.003381 -0.009187
v 0.003250 0.003381 -0.009187
v 0.002750 0.003562 -0.009292
v 0.003250 0.003562 -0.009292
v 0.002750 0.003696 -0.009453
v 0.003250 0.003696 -0.009453
v 0.002750 0.003767 -0.009650
v 0.003250 0.003767 -0.009650
v 0.000750 0.003381 -0.009187
v 0.001250 0.003381 -0.009187
v 0.000750 0.003562 -0.009292
v 0.001250 0.003562 -0.009292
v 0.000750 0.003696 -0.009453
v 0.001250 0.003696 -0.009453
v 0.000750 0.003767 -0.009650
v 0.001250 0.003767 -0.009650
v -0.000750 0.003275 -0.011400
v -0.001250 0.003275 -0.011400
v 0.004750 0.003775 -0.011400
v 0.005250 0.003775 -0.011400
v 0.001250 0.003275 -0.011400
v 0.000750 0.003275 -0.011400
v -0.002750 0.003275 -0.011400
v -0.003250 0.003275 -0.011400
v 0.001250 0.003775 -0.011400
v -0.003250 0.003775 -0.011400
v -0.002750 0.003775 -0.011400
v -0.001250 0.003775 -0.011400
v -0.005250 0.003275 -0.011400
v -0.005250 0.003775 -0.011400
v 0.002750 0.003775 -0.011400
v 0.003250 0.003775 -0.011400
v 0.003250 0.003275 -0.011400
v 0.002750 0.003275 -0.011400
v 0.000750 0.003775 -0.011400
v -0.004750 0.003275 -0.011400
v -0.000750 0.003775 -0.011400
v 0.004750 0.003275 -0.011400
v -0.004750 0.003775 -0.011400
v 0.004750 0.003175 -0.009150
v 0.005250 0.003175 -0.009150
v 0.004750 0.003381 -0.009187
v 0.005250 0.003381 -0.009187
v 0.004750 0.003562 -0.009292
v 0.005250 0.003562 -0.009292
v 0.004750 0.003696 -0.009453
v 0.005250 0.003696 -0.009453
v 0.004750 0.003767 -0.009650
v 0.005250 0.003767 -0.009650
v 0.005250 0.003275 -0.011400
v -0.004750 0.000695 -0.009604
v -0.004750 0.000925 -0.009650
v -0.004750 0.000501 -0.009474
v -0.004750 0.000371 -0.009280
v -0.004750 0.000925 -0.009150
v -0.004750 0.000887 -0.009142
v -0.004750 0.000854 -0.009121
v -0.004750 0.000833 -0.009088
v -0.004750 0.000325 -0.009050
v -0.004750 0.000825 -0.009050
v -0.004750 0.000825 -0.007050
v -0.004750 0.000325 -0.007050
v -0.001250 0.003175 -0.009150
v -0.000750 0.003175 -0.009150
v -0.001250 0.003381 -0.009187
v -0.000750 0.003381 -0.009187
v -0.001250 0.003562 -0.009292
v -0.000750 0.003562 -0.009292
v -0.001250 0.003696 -0.009453
v -0.000750 0.003696 -0.009453
v -0.001250 0.003767 -0.009650
v -0.000750 0.003767 -0.009650
v -0.005250 0.000925 -0.009650
v -0.005250 0.000925 -0.009150
v -0.005250 0.000887 -0.009142
v -0.005250 0.000854 -0.009121
v -0.005250 0.000833 -0.009088
v -0.005250 0.000825 -0.009050
v -0.005250 0.000695 -0.009604
v -0.005250 0.000825 -0.007050
v -0.005250 0.000501 -0.009474
v -0.005250 0.000371 -0.009280
v -0.005250 0.000325 -0.009050
v -0.005250 0.000325 -0.007050
v 0.001250 0.000695 -0.009604
v 0.001250 0.000925 -0.009650
v 0.001250 0.000501 -0.009474
v 0.001250 0.000371 -0.009280
v 0.001250 0.000325 -0.009050
v 0.003250 0.000695 -0.009604
v 0.003250 0.000925 -0.009650
v 0.003250 0.000501 -0.009474
v 0.003250 0.000371 -0.009280
v 0.003250 0.000925 -0.009150
v 0.003250 0.000887 -0.009142
v 0.003250 0.000854 -0.009121
v 0.003250 0.000833 -0.009088
v 0.003250 0.000325 -0.009050
v 0.003250 0.000825 -0.009050
v 0.003250 0.000825 -0.007050
v 0.003250 0.000325 -0.007050
v -0.001250 0.000925 -0.009650
v -0.001250 0.000925 -0.009150
v -0.001250 0.000887 -0.009142
v -0.001250 0.000854 -0.009121
v -0.001250 0.000833 -0.009088
v -0.001250 0.000825 -0.009050
v -0.001250 0.000695 -0.009604
v -0.001250 0.000825 -0.007050
v -0.001250 0.000501 -0.009474
v -0.001250 0.000371 -0.009280
v -0.001250 0.000325 -0.009050
v -0.001250 0.000325 -0.007050
v 0.005250 0.000695 -0.009604
v 0.005250 0.000925 -0.009650
v 0.005250 0.000501 -0.009474
v 0.005250 0.000371 -0.009280
v 0.005250 0.000925 -0.009150
v 0.005250 0.000887 -0.009142
v 0.005250 0.000854 -0.009121
v 0.005250 0.000833 -0.009088
v 0.005250 0.000325 -0.009050
v 0.005250 0.000825 -0.009050
v 0.005250 0.000825 -0.007050
v 0.005250 0.000325 -0.007050
v 0.002750 0.000925 -0.009650
v 0.002750 0.000925 -0.009150
v 0.002750 0.000887 -0.009142
v 0.002750 0.000854 -0.009121
v 0.002750 0.000833 -0.009088
v 0.002750 0.000825 -0.009050
v 0.002750 0.000695 -0.009604
v 0.002750 0.000825 -0.007050
v 0.002750 0.000501 -0.009474
v 0.002750 0.000371 -0.009280
v 0.002750 0.000325 -0.009050
v 0.002750 0.000325 -0.007050
v 0.004750 0.000925 -0.009650
v 0.004750 0.000925 -0.009150
v 0.004750 0.000887 -0.009142
v 0.004750 0.000854 -0.009121
v 0.004750 0.000833 -0.009088
v 0.004750 0.000825 -0.009050
v 0.004750 0.000695 -0.009604
v 0.004750 0.000825 -0.007050
v 0.004750 0.000501 -0.009474
v 0.004750 0.000371 -0.009280
v 0.004750 0.000325 -0.009050
v 0.004750 0.000325 -0.007050
v -0.000750 0.000695 -0.009604
v -0.000750 0.000925 -0.009650
v -0.000750 0.000501 -0.009474
v -0.000750 0.000371 -0.009280
v -0.000750 0.000925 -0.009150
v -0.000750 0.000887 -0.009142
v -0.000750 0.000854 -0.009121
v -0.000750 0.000833 -0.009088
v -0.000750 0.000325 -0.009050
v -0.000750 0.000825 -0.009050
v -0.000750 0.000825 -0.007050
v -0.000750 0.000325 -0.007050
v 0.000750 0.000925 -0.009650
v 0.000750 0.000695 -0.009604
v 0.000750 0.000501 -0.009474
v 0.000750 0.000371 -0.009280
v 0.000750 0.000325 -0.009050
v -0.002750 0.000825 -0.009050
v -0.003250 0.000825 -0.009050
v -0.003250 0.000825 -0.007050
v -0.002750 0.000825 -0.007050
v -0.002750 0.000325 -0.007050
v -0.003250 0.000325 -0.007050
v -0.002750 0.000695 -0.009604
v -0.002750 0.000925 -0.009650
v -0.002750 0.003767 -0.009650
v -0.002750 0.000501 -0.009474
v -0.002750 0.003696 -0.009453
v -0.002750 0.003562 -0.009292
v -0.002750 0.000371 -0.009280
v -0.002750 0.003381 -0.009187
v -0.002750 0.003175 -0.009150
v -0.002750 0.000925 -0.009150
v -0.002750 0.000887 -0.009142
v -0.002750 0.000854 -0.009121
v -0.002750 0.000833 -0.009088
v -0.002750 0.000325 -0.009050
v -0.003250 0.003175 -0.009150
v -0.003250 0.003381 -0.009187
v -0.003250 0.003562 -0.009292
v -0.003250 0.003696 -0.009453
v -0.003250 0.003767 -0.009650
v -0.003250 0.000925 -0.009150
v -0.003250 0.000887 -0.009142
v -0.003250 0.000854 -0.009121
v -0.003250 0.000833 -0.009088
v -0.003250 0.000925 -0.009650
v -0.003250 0.000695 -0.009604
v -0.003250 0.000501 -0.009474
v -0.003250 0.000371 -0.009280
v -0.003250 0.000325 -0.009050
v -0.006967 0.000925 0.002097
v -0.003967 0.000925 0.002097
v -0.003967 0.000425 0.002097
v -0.006967 0.000425 0.002097
v -0.003967 0.000925 0.004097
v -0.003967 0.000425 0.004097
v -0.006967 0.000925 0.004097
v -0.006967 0.000425 0.004097
v -0.004159 0.000425 0.007890
v -0.006977 0.000425 0.007890
v -0.006977 0.000425 0.006702
v -0.004159 0.000425 0.006702
v -0.004159 0.001325 0.007890
v -0.004159 0.001325 0.006702
v -0.006977 0.001325 0.006702
v -0.006977 0.001325 0.007890
v 0.011318 0.001025 -0.010800
v 0.011318 0.001025 -0.009200
v 0.011318 0.000425 -0.009200
v 0.011318 0.000425 -0.010800
v 0.009318 0.001025 -0.010800
v 0.009318 0.000425 -0.010800
v 0.009318 0.001025 -0.009200
v 0.009318 0.000425 -0.009200
v -0.010418 0.000425 0.009452
v -0.007418 0.000425 0.009452
v -0.007418 0.000425 0.011452
v -0.010418 0.000425 0.011452
v -0.007418 0.001425 0.011452
v -0.007418 0.001425 0.009452
v -0.010418 0.001425 0.009452
v -0.010418 0.001425 0.011452
v 0.006492 0.000825 0.010200
v 0.007992 0.000825 0.010200
v 0.007992 0.000425 0.010200
v 0.006492 0.000425 0.010200
v 0.006492 0.000825 0.012500
v 0.006492 0.000425 0.012500
v 0.007992 0.000825 0.012500
v 0.007992 0.000425 0.012500
v 0.000260 0.000925 0.005357
v 0.000260 0.000925 0.006957
v 0.000260 0.000425 0.006957
v 0.000260 0.000425 0.005357
v -0.000540 0.000925 0.005357
v -0.000540 0.000425 0.005357
v 0.003881 0.000425 -0.003207
v 0.003881 0.000425 -0.004807
v 0.004681 0.000425 -0.004807
v 0.004681 0.000425 -0.003207
v 0.004681 0.000925 -0.004807
v 0.003881 0.000925 -0.004807
v 0.003881 0.000925 -0.003207
v 0.004681 0.000925 -0.003207
v 0.002750 0.001425 -0.004173
v 0.002750 0.001425 -0.001173
v 0.002750 0.000425 -0.001173
v 0.002750 0.000425 -0.004173
v 0.001715 0.000425 -0.000043
v 0.006715 0.000425 -0.000043
v 0.006715 0.000425 0.004957
v 0.001715 0.000425 0.004957
v 0.006715 0.001425 0.004957
v 0.006715 0.001425 -0.000043
v 0.001715 0.001425 -0.000043
v 0.001715 0.001425 0.004957
v 0.008247 0.000425 -0.009618
v 0.008247 0.000425 -0.011218
v 0.009047 0.000425 -0.011218
v 0.009047 0.000425 -0.009618
v 0.009047 0.000925 -0.011218
v 0.008247 0.000925 -0.011218
v 0.008247 0.000925 -0.009618
v 0.009047 0.000925 -0.009618
v -0.008733 0.000425 0.011818
v -0.007133 0.000425 0.011818
v -0.007133 0.000425 0.012618
v -0.008733 0.000425 0.012618
v -0.007133 0.000925 0.012618
v -0.007133 0.000925 0.011818
v -0.008733 0.000925 0.011818
v -0.008733 0.000925 0.012618
v -0.002840 0.000425 -0.006313
v -0.001240 0.000425 -0.006313
v -0.001240 0.000425 -0.005513
v -0.002840 0.000425 -0.005513
v -0.001240 0.000925 -0.005513
v -0.001240 0.000925 -0.006313
v -0.002840 0.000925 -0.006313
v -0.002840 0.000925 -0.005513
v -0.002666 0.000425 -0.005247
v -0.001066 0.000425 -0.005247
v -0.001066 0.000425 -0.004447
v -0.002666 0.000425 -0.004447
v -0.004285 0.000425 -0.002043
v -0.004285 0.000425 0.000457
v -0.007285 0.000425 0.000457
v -0.007285 0.000425 -0.002043
v -0.001066 0.000925 -0.004447
v -0.001066 0.000925 -0.005247
v -0.002666 0.000925 -0.005247
v -0.002666 0.000925 -0.004447
v -0.007285 0.001425 0.000457
v -0.004285 0.001425 0.000457
v -0.004285 0.001425 -0.002043
v -0.007285 0.001425 -0.002043
v -0.007461 0.000925 0.015044
v -0.007461 0.000925 0.013444
v -0.007461 0.000425 0.013444
v -0.007461 0.000425 0.015044
v -0.006661 0.000925 0.013444
v -0.006661 0.000925 0.015044
v 0.000722 0.000425 0.006580
v 0.002322 0.000425 0.006580
v 0.002322 0.000425 0.007380
v 0.000722 0.000425 0.007380
v 0.002322 0.000925 0.007380
v 0.002322 0.000925 0.006580
v 0.000722 0.000925 0.006580
v 0.000722 0.000925 0.007380
v -0.006661 0.000425 0.013444
v -0.006661 0.000425 0.015044
v -0.009202 0.001027 0.006728
v -0.009233 0.001027 0.006728
v -0.009233 0.000977 0.006728
v -0.009202 0.000977 0.006728
v -0.009173 0.000977 0.006741
v -0.009173 0.001027 0.006741
v -0.009152 0.000977 0.006764
v -0.009152 0.001027 0.006764
v -0.009143 0.000977 0.006794
v -0.009143 0.001027 0.006794
v -0.009146 0.000977 0.006825
v -0.009146 0.001027 0.006825
v -0.009162 0.000977 0.006852
v -0.009162 0.001027 0.006852
v -0.009187 0.000977 0.006870
v -0.009187 0.001027 0.006870
v -0.009217 0.000977 0.006877
v -0.009217 0.001027 0.006877
v -0.009248 0.000977 0.006870
v -0.009248 0.001027 0.006870
v -0.009273 0.000977 0.006852
v -0.009273 0.001027 0.006852
v -0.009288 0.000977 0.006825
v -0.009288 0.001027 0.006825
v -0.009292 0.000977 0.006794
v -0.009292 0.001027 0.006794
v -0.009282 0.000977 0.006764
v -0.009282 0.001027 0.006764
v -0.009261 0.000977 0.006741
v -0.009261 0.001027 0.006741
v -0.008274 0.000557 0.006742
v -0.008267 0.000477 0.006602
v -0.008311 0.000981 0.006646
v -0.008267 0.000477 0.006742
v -0.008274 0.000557 0.006962
v -0.008274 0.000557 0.007242
v -0.008267 0.000477 0.006962
v -0.008267 0.000477 0.007242
v -0.008274 0.000557 0.007462
v -0.008267 0.000477 0.007742
v -0.008267 0.000477 0.007462
v -0.008274 0.000557 0.007742
v -0.008274 0.000557 0.007962
v -0.008267 0.000477 0.008242
v -0.008267 0.000477 0.007962
v -0.008274 0.000557 0.008242
v -0.008274 0.000557 0.008462
v -0.008311 0.000981 0.008558
v -0.008267 0.000477 0.008462
v -0.008267 0.000477 0.008602
v -0.009460 0.000557 0.007962
v -0.009423 0.000981 0.008558
v -0.009423 0.000981 0.006646
v -0.009460 0.000557 0.007242
v -0.009460 0.000557 0.006962
v -0.009460 0.000557 0.008242
v -0.009460 0.000557 0.008462
v -0.009460 0.000557 0.006742
v -0.009467 0.000477 0.008602
v -0.009467 0.000477 0.006602
v -0.009467 0.000477 0.006742
v -0.009467 0.000477 0.008462
v -0.009467 0.000477 0.008242
v -0.009467 0.000477 0.006962
v -0.009467 0.000477 0.007242
v -0.009467 0.000477 0.007962
v -0.009467 0.000477 0.007742
v -0.009460 0.000557 0.007742
v -0.009460 0.000557 0.007462
v -0.009467 0.000477 0.007462
v -0.009437 0.000477 0.006556
v -0.009417 0.000477 0.006552
v -0.008317 0.000477 0.006552
v -0.008298 0.000477 0.006556
v -0.009453 0.000477 0.006566
v -0.008282 0.000477 0.006566
v -0.009463 0.000477 0.006582
v -0.008271 0.000477 0.006582
v -0.009367 0.000477 0.006742
v -0.008367 0.000477 0.006742
v -0.008367 0.000477 0.006962
v -0.009367 0.000477 0.006962
v -0.008367 0.000477 0.007242
v -0.009367 0.000477 0.007242
v -0.008367 0.000477 0.007462
v -0.009367 0.000477 0.007462
v -0.008367 0.000477 0.007742
v -0.009367 0.000477 0.007742
v -0.009367 0.000477 0.007962
v -0.008367 0.000477 0.007962
v -0.008367 0.000477 0.008242
v -0.008367 0.000477 0.008462
v -0.009367 0.000477 0.008242
v -0.009367 0.000477 0.008462
v -0.008271 0.000477 0.008621
v -0.009463 0.000477 0.008621
v -0.008282 0.000477 0.008637
v -0.009453 0.000477 0.008637
v -0.008298 0.000477 0.008648
v -0.009437 0.000477 0.008648
v -0.009417 0.000477 0.008652
v -0.008317 0.000477 0.008652
v -0.009373 0.000981 0.006596
v -0.008361 0.000981 0.006596
v -0.000250 0.001425 -0.004173
v -0.000250 0.000425 -0.004173
v -0.008361 0.001027 0.008558
v -0.008361 0.001027 0.006646
v -0.009373 0.001027 0.006646
v -0.009373 0.001027 0.008558
v -0.008315 0.000982 0.006627
v -0.008326 0.000983 0.006611
v -0.008342 0.000982 0.006600
v -0.008343 0.001023 0.006646
v -0.008343 0.001023 0.008558
v -0.008327 0.001014 0.006646
v -0.008327 0.001014 0.008558
v -0.008316 0.000999 0.006646
v -0.008316 0.000999 0.008558
v -0.000540 0.000925 0.006957
v -0.000540 0.000425 0.006957
v -0.008361 0.001023 0.006628
v -0.008354 0.001026 0.006639
v -0.008355 0.001022 0.006625
v -0.008341 0.001022 0.006639
v -0.008342 0.001018 0.006625
v -0.008345 0.001011 0.006613
v -0.008356 0.001014 0.006613
v -0.008331 0.001011 0.006625
v -0.008329 0.001014 0.006639
v -0.008319 0.001003 0.006639
v -0.008323 0.001001 0.006625
v -0.008314 0.000991 0.006639
v -0.008317 0.000990 0.006625
v -0.008325 0.000987 0.006613
v -0.008335 0.000984 0.006604
v -0.008338 0.000991 0.006604
v -0.008352 0.000987 0.006598
v -0.008355 0.000990 0.006598
v -0.008359 0.000991 0.006598
v -0.008357 0.001003 0.006604
v -0.008361 0.000999 0.006601
v -0.008361 0.001014 0.006612
v -0.008350 0.001001 0.006604
v -0.008343 0.000997 0.006604
v -0.008336 0.001005 0.006613
v -0.008329 0.000997 0.006613
v -0.008326 0.000983 0.008593
v -0.008325 0.000987 0.008591
v -0.008335 0.000984 0.008600
v -0.008342 0.000982 0.008604
v -0.008338 0.000991 0.008600
v -0.008352 0.000987 0.008606
v -0.008343 0.000997 0.008600
v -0.008350 0.001001 0.008600
v -0.008336 0.001005 0.008591
v -0.008345 0.001011 0.008591
v -0.008356 0.001014 0.008591
v -0.008357 0.001003 0.008600
v -0.008342 0.001018 0.008579
v -0.008331 0.001011 0.008579
v -0.008329 0.001014 0.008565
v -0.008341 0.001022 0.008565
v -0.008323 0.001001 0.008579
v -0.008329 0.000997 0.008591
v -0.008317 0.000990 0.008579
v -0.008315 0.000982 0.008577
v -0.008314 0.000991 0.008565
v -0.008319 0.001003 0.008565
v -0.008354 0.001026 0.008565
v -0.008355 0.001022 0.008579
v -0.008361 0.001023 0.008576
v -0.008361 0.001014 0.008592
v -0.008361 0.000999 0.008603
v -0.008359 0.000991 0.008606
v -0.008355 0.000990 0.008606
v -0.008361 0.000981 0.008608
v -0.009392 0.000982 0.006600
v -0.009408 0.000983 0.006611
v -0.009419 0.000982 0.006627
v -0.009373 0.001023 0.006628
v -0.009373 0.001014 0.006612
v -0.009373 0.000999 0.006601
v -0.009373 0.000981 0.008608
v -0.009373 0.000999 0.008603
v -0.009373 0.001014 0.008592
v -0.009373 0.001023 0.008576
v -0.009419 0.000982 0.008577
v -0.009408 0.000983 0.008593
v -0.009392 0.000982 0.008604
v -0.009391 0.001023 0.006646
v -0.009380 0.001026 0.006639
v -0.009394 0.001022 0.006639
v -0.009380 0.001022 0.006625
v -0.009392 0.001018 0.006625
v -0.009403 0.001011 0.006625
v -0.009406 0.001014 0.006639
v -0.009389 0.001011 0.006613
v -0.009379 0.001014 0.006613
v -0.009377 0.001003 0.006604
v -0.009384 0.001001 0.006604
v -0.009375 0.000991 0.006598
v -0.009379 0.000990 0.006598
v -0.009382 0.000987 0.006598
v -0.009391 0.000997 0.006604
v -0.009396 0.000991 0.006604
v -0.009405 0.000997 0.006613
v -0.009399 0.000984 0.006604
v -0.009409 0.000987 0.006613
v -0.009417 0.000990 0.006625
v -0.009412 0.001001 0.006625
v -0.009421 0.000991 0.006639
v -0.009418 0.000999 0.006646
v -0.009415 0.001003 0.006639
v -0.009407 0.001014 0.006646
v -0.009398 0.001005 0.006613
v -0.009418 0.000999 0.008558
v -0.009421 0.000991 0.008565
v -0.009415 0.001003 0.008565
v -0.009417 0.000990 0.008579
v -0.009412 0.001001 0.008579
v -0.009403 0.001011 0.008579
v -0.009406 0.001014 0.008565
v -0.009405 0.000997 0.008591
v -0.009409 0.000987 0.008591
v -0.009399 0.000984 0.008600
v -0.009396 0.000991 0.008600
v -0.009382 0.000987 0.008606
v -0.009391 0.000997 0.008600
v -0.009379 0.000990 0.008606
v -0.009384 0.001001 0.008600
v -0.009389 0.001011 0.008591
v -0.009398 0.001005 0.008591
v -0.009377 0.001003 0.008600
v -0.009375 0.000991 0.008606
v -0.009379 0.001014 0.008591
v -0.009380 0.001022 0.008579
v -0.009392 0.001018 0.008579
v -0.009394 0.001022 0.008565
v -0.009380 0.001026 0.008565
v -0.009391 0.001023 0.008558
v -0.009407 0.001014 0.008558
v -0.009367 0.000557 0.006742
v -0.009367 0.000557 0.006962
v -0.008367 0.000557 0.007962
v -0.008367 0.000557 0.007742
v -0.009367 0.000557 0.008242
v -0.009367 0.000557 0.008462
v -0.008367 0.000557 0.008462
v -0.008367 0.000557 0.008242
v -0.008367 0.000557 0.006962
v -0.008367 0.000557 0.006742
v -0.009367 0.000557 0.007242
v -0.009367 0.000557 0.007462
v -0.008367 0.000557 0.007462
v -0.008367 0.000557 0.007242
v -0.009367 0.000557 0.007742
v -0.009367 0.000557 0.007962
v -0.000250 0.001425 -0.001173
v -0.009512 0.000925 -0.000305
v -0.008712 0.000925 -0.000305
v -0.008712 0.000425 -0.000305
v -0.009512 0.000425 -0.000305
v -0.008712 0.000925 0.001295
v -0.008712 0.000425 0.001295
v -0.009512 0.000925 0.001295
v -0.009512 0.000425 0.001295
v -0.000250 0.000425 -0.001173
v 0.000727 0.000425 0.007705
v 0.002327 0.000425 0.007705
v 0.002327 0.000425 0.008505
v 0.000727 0.000425 0.008505
v 0.002327 0.000925 0.008505
v 0.002327 0.000925 0.007705
v 0.000727 0.000925 0.007705
v 0.000727 0.000925 0.008505
v 0.002532 0.000425 -0.006158
v 0.004132 0.000425 -0.006158
v 0.004132 0.000425 -0.005358
v 0.002532 0.000425 -0.005358
v 0.004132 0.000925 -0.005358
v 0.004132 0.000925 -0.006158
v 0.002532 0.000925 -0.006158
v 0.002532 0.000925 -0.005358
v 0.009800 0.001425 -0.006150
v 0.009800 0.001425 -0.003150
v 0.009800 0.000425 -0.003150
v 0.009800 0.000425 -0.006150
v 0.006800 0.001425 -0.003150
v 0.006800 0.000425 -0.003150
v 0.006800 0.001425 -0.006150
v 0.006800 0.000425 -0.006150
v -0.003555 0.001425 -0.005193
v -0.003555 0.001425 -0.003193
v -0.003555 0.000425 -0.003193
v -0.003555 0.000425 -0.005193
v -0.005555 0.001425 -0.003193
v -0.005555 0.000425 -0.003193
v -0.005555 0.001425 -0.005193
v -0.005555 0.000425 -0.005193
v 0.006950 0.000925 -0.001120
v 0.006150 0.000925 -0.001120
v 0.006150 0.000425 -0.001120
v 0.006950 0.000425 -0.001120
v 0.006150 0.000925 -0.002720
v 0.006150 0.000425 -0.002720
v 0.006950 0.000925 -0.002720
v 0.006950 0.000425 -0.002720
v 0.005930 0.000925 -0.004475
v 0.005130 0.000925 -0.004475
v 0.005130 0.000425 -0.004475
v 0.005930 0.000425 -0.004475
v 0.005130 0.000925 -0.006075
v 0.005130 0.000425 -0.006075
v 0.005930 0.000925 -0.006075
v 0.005930 0.000425 -0.006075
v 0.006931 0.000925 0.007969
v 0.006131 0.000925 0.007969
v 0.006131 0.000425 0.007969
v 0.006931 0.000425 0.007969
v 0.006131 0.000925 0.006369
v 0.006131 0.000425 0.006369
v 0.006931 0.000925 0.006369
v 0.006931 0.000425 0.006369
v -0.000800 0.000925 0.004787
v -0.001600 0.000925 0.004787
v -0.001600 0.000425 0.004787
v -0.000800 0.000425 0.004787
v -0.001600 0.000925 0.003187
v -0.001600 0.000425 0.003187
v -0.000800 0.000925 0.003187
v -0.000800 0.000425 0.003187
v -0.000752 0.000925 0.000014
v -0.001552 0.000925 0.000014
v -0.001552 0.000425 0.000014
v -0.000752 0.000425 0.000014
v -0.001552 0.000925 -0.001586
v -0.001552 0.000425 -0.001586
v -0.000752 0.000925 -0.001586
v -0.000752 0.000425 -0.001586
v -0.001901 0.000925 0.000009
v -0.002701 0.000925 0.000009
v -0.002701 0.000425 0.000009
v -0.001901 0.000425 0.000009
v -0.002701 0.000925 -0.001591
v -0.002701 0.000425 -0.001591
v -0.001901 0.000925 -0.001591
v -0.001901 0.000425 -0.001591
v -0.002511 0.000925 0.003897
v -0.003311 0.000925 0.003897
v -0.003311 0.000425 0.003897
v -0.002511 0.000425 0.003897
v -0.003311 0.000925 0.002297
v -0.003311 0.000425 0.002297
v -0.002511 0.000925 0.002297
v -0.002511 0.000425 0.002297
v -0.007621 0.000925 0.003897
v -0.008421 0.000925 0.003897
v -0.008421 0.000425 0.003897
v -0.007621 0.000425 0.003897
v -0.008421 0.000925 0.002297
v -0.008421 0.000425 0.002297
v -0.007621 0.000925 0.002297
v -0.007621 0.000425 0.002297
v -0.006455 0.000925 -0.003743
v -0.007255 0.000925 -0.003743
v -0.007255 0.000425 -0.003743
v -0.006455 0.000425 -0.003743
v -0.007255 0.000925 -0.005343
v -0.007255 0.000425 -0.005343
v -0.006455 0.000925 -0.005343
v -0.006455 0.000425 -0.005343
v -0.007677 0.000925 -0.002186
v -0.008477 0.000925 -0.002186
v -0.008477 0.000425 -0.002186
v -0.007677 0.000425 -0.002186
v -0.008477 0.000925 -0.003786
v -0.008477 0.000425 -0.003786
v -0.007677 0.000925 -0.003786
v -0.007677 0.000425 -0.003786
v -0.008844 0.000925 -0.002059
v -0.009644 0.000925 -0.002059
v -0.009644 0.000425 -0.002059
v -0.008844 0.000425 -0.002059
v -0.009644 0.000925 -0.003659
v -0.009644 0.000425 -0.003659
v -0.008844 0.000925 -0.003659
v -0.008844 0.000425 -0.003659
v 0.009112 0.000925 0.007537
v 0.009112 0.000925 0.008337
v 0.009112 0.000425 0.008337
v 0.009112 0.000425 0.007537
v 0.007512 0.000925 0.008337
v 0.007512 0.000425 0.008337
v 0.007512 0.000925 0.007537
v 0.007512 0.000425 0.007537
v 0.009112 0.000925 0.006189
v 0.009112 0.000925 0.006989
v 0.009112 0.000425 0.006989
v 0.009112 0.000425 0.006189
v 0.007512 0.000925 0.006989
v 0.007512 0.000425 0.006989
v 0.007512 0.000925 0.006189
v 0.007512 0.000425 0.006189
v 0.009118 0.000925 0.004897
v 0.009118 0.000925 0.005697
v 0.009118 0.000425 0.005697
v 0.009118 0.000425 0.004897
v 0.007518 0.000925 0.005697
v 0.007518 0.000425 0.005697
v 0.007518 0.000925 0.004897
v 0.007518 0.000425 0.004897
v -0.001063 0.000925 0.007966
v -0.001063 0.000925 0.008766
v -0.001063 0.000425 0.008766
v -0.001063 0.000425 0.007966
v -0.002664 0.000925 0.008766
v -0.002664 0.000425 0.008766
v -0.002664 0.000925 0.007966
v -0.002664 0.000425 0.007966
v -0.001063 0.000925 0.006696
v -0.001063 0.000925 0.007496
v -0.001063 0.000425 0.007496
v -0.001063 0.000425 0.006696
v -0.002664 0.000925 0.007496
v -0.002664 0.000425 0.007496
v -0.002664 0.000925 0.006696
v -0.002664 0.000425 0.006696
v -0.001063 0.000925 0.005426
v -0.001063 0.000925 0.006226
v -0.001063 0.000425 0.006226
v -0.001063 0.000425 0.005426
v -0.002664 0.000925 0.006226
v -0.002664 0.000425 0.006226
v -0.002664 0.000925 0.005426
v -0.002664 0.000425 0.005426
v -0.000993 0.000925 -0.002880
v -0.000993 0.000925 -0.002080
v -0.000993 0.000425 -0.002080
v -0.000993 0.000425 -0.002880
v -0.002593 0.000925 -0.002080
v -0.002593 0.000425 -0.002080
v -0.002593 0.000925 -0.002880
v -0.002593 0.000425 -0.002880
v 0.005300 0.005925 -0.009650
v -0.005300 0.005925 -0.009650
v -0.005300 0.004625 -0.009650
v 0.005300 0.004625 -0.009650
v 0.006300 0.004625 -0.009650
v 0.007950 0.004125 -0.009650
v 0.007950 0.005925 -0.009650
v 0.006300 0.005925 -0.009650
v -0.006300 0.004625 -0.009650
v 0.005250 0.003767 -0.009650
v 0.007150 0.000425 -0.009650
v 0.007150 0.004125 -0.009650
v 0.005250 0.000925 -0.009650
v 0.004750 0.003767 -0.009650
v 0.004750 0.000925 -0.009650
v 0.003250 0.003767 -0.009650
v 0.003250 0.000925 -0.009650
v 0.002750 0.003767 -0.009650
v 0.002750 0.000925 -0.009650
v 0.001250 0.003767 -0.009650
v 0.001250 0.000925 -0.009650
v 0.000750 0.000925 -0.009650
v 0.000750 0.003767 -0.009650
v -0.000750 0.003767 -0.009650
v -0.000750 0.000925 -0.009650
v -0.001250 0.003767 -0.009650
v -0.001250 0.000925 -0.009650
v -0.002750 0.000925 -0.009650
v -0.002750 0.003767 -0.009650
v -0.003250 0.000925 -0.009650
v -0.003250 0.003767 -0.009650
v -0.004750 0.000925 -0.009650
v -0.004750 0.003767 -0.009650
v -0.005250 0.003767 -0.009650
v -0.005250 0.000925 -0.009650
v -0.007150 0.004125 -0.009650
v -0.006300 0.005925 -0.009650
v -0.007150 0.000425 -0.009650
v -0.007950 0.005925 -0.009650
v -0.007950 0.004125 -0.009650
v -0.003250 0.000695 -0.009604
v -0.002750 0.000695 -0.009604
v -0.003250 0.000501 -0.009474
v -0.002750 0.000501 -0.009474
v -0.003250 0.000371 -0.009280
v -0.002750 0.000371 -0.009280
v -0.003250 0.000325 -0.009050
v -0.002750 0.000325 -0.009050
v -0.002750 0.000325 -0.007050
v -0.003250 0.000325 -0.007050
v -0.005250 0.000695 -0.009604
v -0.004750 0.000695 -0.009604
v -0.005250 0.000501 -0.009474
v -0.004750 0.000501 -0.009474
v -0.005250 0.000371 -0.009280
v -0.004750 0.000371 -0.009280
v -0.005250 0.000325 -0.009050
v -0.004750 0.000325 -0.009050
v 0.005300 0.004625 -0.011400
v 0.005300 0.004625 -0.013650
v 0.005300 0.005925 -0.013650
v -0.007150 0.003201 -0.008050
v -0.007150 0.000425 -0.008050
v -0.005300 0.004625 -0.013650
v -0.005300 0.004625 -0.011400
v -0.005300 0.005925 -0.013650
v -0.001250 0.000695 -0.009604
v -0.000750 0.000695 -0.009604
v -0.001250 0.000501 -0.009474
v -0.000750 0.000501 -0.009474
v -0.001250 0.000371 -0.009280
v -0.000750 0.000371 -0.009280
v -0.001250 0.000325 -0.009050
v -0.000750 0.000325 -0.009050
v 0.007150 0.003201 -0.008050
v 0.007950 0.003201 -0.008050
v 0.004750 0.000695 -0.009604
v 0.005250 0.000695 -0.009604
v 0.004750 0.000501 -0.009474
v 0.005250 0.000501 -0.009474
v 0.004750 0.000371 -0.009280
v 0.005250 0.000371 -0.009280
v 0.004750 0.000325 -0.009050
v 0.005250 0.000325 -0.009050
v -0.006300 0.003775 -0.013750
v -0.006300 0.003775 -0.015650
v -0.006300 0.004625 -0.015650
v -0.006300 0.002975 -0.013750
v -0.006300 0.001125 -0.015650
v -0.006300 0.002975 -0.015650
v -0.006300 0.004625 -0.013650
v -0.006300 0.002975 -0.011400
v -0.006300 0.005925 -0.013650
v -0.006300 0.004625 -0.011400
v -0.006300 0.001125 -0.010800
v -0.006300 0.002375 -0.010800
v 0.007050 0.005925 -0.014850
v 0.007950 0.005925 -0.014850
v 0.007050 0.005925 -0.015650
v 0.006300 0.005925 -0.013650
v -0.007050 0.005925 -0.014850
v -0.007050 0.005925 -0.015650
v -0.007950 0.005925 -0.014850
v 0.006300 0.004625 -0.011400
v -0.006450 0.000425 -0.012650
v -0.006450 0.000425 -0.015650
v 0.006450 0.000425 -0.015650
v 0.006450 0.000425 -0.012650
v 0.007950 0.000425 -0.012650
v -0.007950 0.000425 -0.012650
v 0.007150 0.000425 -0.008050
v 0.007950 0.000425 -0.008050
v -0.007950 0.000425 -0.008050
v 0.007950 0.003775 -0.013750
v 0.007950 0.003775 -0.014850
v 0.007950 0.002975 -0.013750
v 0.007950 0.000825 -0.014850
v 0.007950 0.002975 -0.014850
v 0.007950 0.000825 -0.012650
v 0.002750 0.000695 -0.009604
v 0.003250 0.000695 -0.009604
v 0.002750 0.000501 -0.009474
v 0.003250 0.000501 -0.009474
v 0.002750 0.000371 -0.009280
v 0.003250 0.000371 -0.009280
v 0.002750 0.000325 -0.009050
v 0.003250 0.000325 -0.009050
v -0.007950 0.003201 -0.008050
v 0.006300 0.004625 -0.013650
v 0.006300 0.003775 -0.015650
v 0.006300 0.004625 -0.015650
v 0.006300 0.003775 -0.013750
v 0.006300 0.002975 -0.013750
v 0.006300 0.002975 -0.011400
v 0.006300 0.002375 -0.010800
v 0.006300 0.002975 -0.015650
v 0.006300 0.001125 -0.015650
v 0.006300 0.001125 -0.010800
v 0.000750 0.000695 -0.009604
v 0.001250 0.000695 -0.009604
v 0.000750 0.000501 -0.009474
v 0.001250 0.000501 -0.009474
v 0.000750 0.000371 -0.009280
v 0.001250 0.000371 -0.009280
v 0.000750 0.000325 -0.009050
v 0.001250 0.000325 -0.009050
v -0.007950 0.003775 -0.014850
v -0.007950 0.003775 -0.013750
v -0.007950 0.002975 -0.013750
v -0.007950 0.000825 -0.012650
v -0.007950 0.002975 -0.014850
v -0.007950 0.000825 -0.014850
v 0.001250 0.000325 -0.007050
v 0.000750 0.000325 -0.007050
v 0.009900 0.000425 -0.001750
v 0.009900 0.000425 -0.000150
v 0.009100 0.000425 -0.000150
v 0.009100 0.000425 -0.001750
v 0.009100 0.000925 -0.000150
v 0.009900 0.000925 -0.000150
v 0.009900 0.000925 -0.001750
v 0.009100 0.000925 -0.001750
v 0.009950 0.000425 -0.008245
v 0.009950 0.000425 -0.006645
v 0.009150 0.000425 -0.006645
v 0.009150 0.000425 -0.008245
v 0.009150 0.000925 -0.006645
v 0.009950 0.000925 -0.006645
v 0.009950 0.000925 -0.008245
v 0.009150 0.000925 -0.008245
v -0.000750 0.000325 -0.007050
v -0.001250 0.000325 -0.007050
v -0.004750 0.000325 -0.007050
v -0.005250 0.000325 -0.007050
v 0.003800 0.004625 -0.015650
v 0.003800 0.004625 -0.011400
v -0.003800 0.004625 -0.015650
v -0.003800 0.004625 -0.011400
v 0.005250 0.000325 -0.007050
v 0.004750 0.000325 -0.007050
v 0.007050 0.002525 -0.015650
v 0.007050 0.002975 -0.015650
v -0.007050 0.002525 -0.015650
v -0.007050 0.002975 -0.015650
v -0.007450 0.002525 -0.015650
v 0.007450 0.002525 -0.015650
v 0.006450 0.000825 -0.015650
v -0.007050 0.000825 -0.015650
v 0.007050 0.000825 -0.015650
v -0.006450 0.000825 -0.015650
v -0.007050 0.000325 -0.015650
v 0.007450 0.000325 -0.015650
v 0.007050 0.000325 -0.015650
v -0.007450 0.000325 -0.015650
v -0.004750 0.003775 -0.011400
v 0.004750 0.003775 -0.011400
v -0.005250 0.003775 -0.011400
v 0.005250 0.003775 -0.011400
v 0.003250 0.003775 -0.011400
v 0.002750 0.003275 -0.011400
v 0.001250 0.003275 -0.011400
v 0.001250 0.003775 -0.011400
v 0.003250 0.003275 -0.011400
v -0.000750 0.003275 -0.011400
v -0.000750 0.003775 -0.011400
v 0.000750 0.003275 -0.011400
v -0.005250 0.003275 -0.011400
v -0.004750 0.003275 -0.011400
v -0.002750 0.003275 -0.011400
v -0.002750 0.003775 -0.011400
v -0.001250 0.003275 -0.011400
v -0.003250 0.003275 -0.011400
v 0.005250 0.003275 -0.011400
v 0.004750 0.003275 -0.011400
v -0.003800 0.005425 -0.011400
v 0.003800 0.005425 -0.011400
v 0.000750 0.003775 -0.011400
v -0.003250 0.003775 -0.011400
v 0.002750 0.003775 -0.011400
v -0.001250 0.003775 -0.011400
v -0.007050 0.002975 -0.014850
v -0.003800 0.005425 -0.015650
v 0.003800 0.005425 -0.015650
v -0.007050 0.003775 -0.015650
v 0.007050 0.003775 -0.015650
v -0.007050 0.003775 -0.014850
v 0.003250 0.000325 -0.007050
v 0.002750 0.000325 -0.007050
v 0.007050 0.003775 -0.014850
v -0.006450 0.000825 -0.012650
v 0.006450 0.000825 -0.012650
v -0.007050 0.000325 -0.012750
v -0.007050 0.000825 -0.012750
v -0.007450 0.000825 -0.012750
v -0.007450 0.000325 -0.012750
v 0.007050 0.000825 -0.012750
v 0.007050 0.000325 -0.012750
v 0.007450 0.000325 -0.012750
v 0.007450 0.000825 -0.012750
v 0.007050 0.002525 -0.014850
v 0.007450 0.002525 -0.014850
v -0.007450 0.000825 -0.014850
v -0.007450 0.002525 -0.014850
v 0.007450 0.000825 -0.014850
v -0.007050 0.002525 -0.014850
v 0.007050 0.002975 -0.014850
vn -0.0000 -0.0656 -0.9978
vn -0.0000 0.9953 -0.0967
vn -0.0000 0.1787 -0.9839
vn -0.0000 0.4529 -0.8916
vn -0.0000 0.8906 -0.4548
vn -0.0000 1.0000 -0.0000
vn -0.0000 -0.0000 1.0000
vn -0.0000 -0.9999 0.0128
vn -0.0000 -0.6642 0.7476
vn -0.0000 -0.1765 0.9843
vn -0.0000 -0.5587 0.8294
vn -0.0000 -0.9891 0.1473
vn -1.0000 -0.0000 -0.0000
vn 1.0000 -0.0000 -0.0000
vn -0.0000 -0.0657 0.9978
vn -0.0000 0.9953 0.0967
vn -0.0000 0.1784 0.9840
vn -0.0000 0.4533 0.8914
vn -0.0000 0.8906 0.4548
vn -0.0000 -0.0000 -1.0000
vn -0.0000 -0.9999 -0.0128
vn -0.0000 -0.6641 -0.7476
vn -0.0000 -0.1765 -0.9843
vn -0.0000 -1.0000 -0.0000
vn -0.0000 -0.5587 -0.8294
vn -0.0000 -0.9891 -0.1473
vn -0.0000 -1.0000 0.0003
vn 0.1784 -0.0000 0.9840
vn 0.1787 -0.0000 0.9839
vn -0.0007 -0.0000 1.0000
vn 0.3509 -0.0000 0.9364
vn 0.5131 -0.0000 0.8583
vn 0.5127 -0.0000 0.8585
vn 0.6581 -0.0000 0.7529
vn 0.6578 -0.0000 0.7532
vn 0.7821 -0.0000 0.6232
vn 0.7819 -0.0000 0.6234
vn 0.8807 -0.0000 0.4738
vn 0.8806 -0.0000 0.4739
vn 0.9510 -0.0000 0.3091
vn 0.9511 -0.0000 0.3090
vn 0.9909 -0.0000 0.1344
vn 0.9990 -0.0000 -0.0450
vn 0.9749 -0.0000 -0.2225
vn 0.9750 -0.0000 -0.2224
vn 0.9197 -0.0000 -0.3925
vn 0.9196 -0.0000 -0.3929
vn 0.8346 -0.0000 -0.5508
vn 0.8344 -0.0000 -0.5511
vn 0.7228 -0.0000 -0.6910
vn 0.7229 -0.0000 -0.6910
vn 0.5876 -0.0000 -0.8091
vn 0.5883 -0.0000 -0.8086
vn 0.4335 -0.0000 -0.9012
vn 0.4343 -0.0000 -0.9008
vn 0.2660 -0.0000 -0.9640
vn 0.2659 -0.0000 -0.9640
vn 0.0893 -0.0000 -0.9960
vn -0.0893 -0.0000 -0.9960
vn -0.2659 -0.0000 -0.9640
vn -0.2660 -0.0000 -0.9640
vn -0.4343 -0.0000 -0.9008
vn -0.4335 -0.0000 -0.9011
vn -0.5887 -0.0000 -0.8083
vn -0.5876 -0.0000 -0.8091
vn -0.7229 -0.0000 -0.6910
vn -0.7228 -0.0000 -0.6910
vn -0.8344 -0.0000 -0.5511
vn -0.8346 -0.0000 -0.5508
vn -0.9196 -0.0000 -0.3929
vn -0.9197 -0.0000 -0.3926
vn -0.9749 -0.0000 -0.2225
vn -0.9990 -0.0000 -0.0450
vn -0.9909 -0.0000 0.1344
vn -0.9510 -0.0000 0.3090
vn -0.9510 -0.0000 0.3092
vn -0.8805 -0.0000 0.4740
vn -0.8806 -0.0000 0.4739
vn -0.7818 -0.0000 0.6235
vn -0.7822 -0.0000 0.6230
vn -0.6578 -0.0000 0.7532
vn -0.6581 -0.0000 0.7529
vn -0.5127 -0.0000 0.8586
vn -0.5131 -0.0000 0.8584
vn -0.3512 -0.0000 0.9363
vn -0.1789 -0.0000 0.9839
vn -0.1784 -0.0000 0.9840
vn 0.0006 -0.0000 1.0000
vn -0.4832 -0.8755 -0.0001
vn -0.4831 -0.8756 -0.0001
vn -0.4739 -0.8585 -0.1961
vn -0.4351 -0.7886 -0.4345
vn -0.4463 -0.8088 -0.3831
vn -0.3527 -0.6394 -0.6832
vn -0.2936 -0.5318 -0.7944
vn -0.3413 -0.6186 -0.7077
vn -0.2234 -0.4047 -0.8867
vn -0.0488 -0.0871 -0.9950
vn -0.1845 -0.3342 -0.9243
vn -0.0325 -0.0581 -0.9978
vn -0.0150 -0.0291 -0.9995
vn -0.0000 -0.0001 -1.0000
vn 0.0009 -0.0000 -1.0000
vn 1.0000 -0.0000 -0.0001
vn -0.0011 -0.0000 1.0000
vn -0.0001 -0.0000 1.0000
vn 0.0001 -0.0000 -1.0000
vn -0.0001 -0.0000 -1.0000
vn -0.0000 0.9487 0.3162
vn -0.0001 -1.0000 -0.0000
vn 0.0001 -1.0000 -0.0000
vn -0.0016 -1.0000 -0.0015
vn -0.0028 -1.0000 -0.0029
vn -0.3418 -0.0000 -0.9398
vn -0.3826 -0.0000 -0.9239
vn -0.6423 -0.0000 -0.7664
vn -0.7071 -0.0000 -0.7071
vn -0.8655 -0.0000 -0.5009
vn -0.9239 -0.0000 -0.3827
vn -0.9846 0.0002 -0.1750
vn -0.9239 -0.0025 -0.3826
vn -0.9931 0.0001 -0.1170
vn -0.9846 -0.0000 -0.1751
vn -0.9983 -0.0001 -0.0586
vn 0.0001 0.7072 0.7070
vn -0.0000 0.7071 0.7071
vn -0.0000 0.7070 0.7072
vn 0.0003 0.7071 0.7071
vn 0.0001 0.7071 0.7071
vn -0.0002 0.7071 0.7071
vn 0.0002 0.7071 0.7071
vn 0.4959 -0.0000 -0.8684
vn 0.5000 -0.0000 -0.8660
vn 0.4999 -0.0000 -0.8661
vn 0.4998 -0.0000 -0.8661
vn 0.5000 -0.0000 -0.8661
vn -1.0000 0.0001 -0.0000
vn -0.9240 0.3824 -0.0000
vn -0.7071 0.7072 -0.0000
vn -0.3825 0.9240 -0.0000
vn -0.9238 -0.0000 -0.3828
vn -0.9239 -0.0000 -0.3826
vn -0.3828 -0.0000 -0.9238
vn -0.3823 -0.0000 -0.9241
vn -0.7073 -0.0000 -0.7070
vn -0.3829 -0.0000 -0.9238
vn 0.0003 -0.0000 1.0000
vn 0.0009 -0.0000 1.0000
vn -0.0006 -0.0000 1.0000
vn -0.9138 -0.4062 -0.0000
vn -0.9137 -0.4063 -0.0000
vn -0.9138 -0.4061 -0.0000
vn 0.9240 -0.0000 -0.3823
vn 0.9238 -0.0000 -0.3828
vn 0.7071 -0.0000 -0.7071
vn 0.3826 -0.0000 -0.9239
vn -0.0000 -0.7071 -0.7071
vn 0.0001 -0.7071 -0.7071
vn -0.0006 -0.7071 -0.7071
vn 0.1906 -0.6810 -0.7071
vn 0.2013 -0.6778 -0.7072
vn 0.3869 -0.5919 -0.7071
vn 0.3671 -0.6044 -0.7071
vn 0.5164 -0.4830 -0.7071
vn 0.5204 -0.4788 -0.7071
vn 0.5400 -0.4564 -0.7071
vn -0.0003 0.7071 0.7071
vn -0.0001 0.7072 0.7070
vn -0.0005 -0.0000 1.0000
vn 0.0001 -0.0000 1.0000
vn 0.0005 -0.0000 1.0000
vn 0.0010 -0.0000 1.0000
vn 0.9138 0.4062 0.0001
vn 0.6949 0.7191 -0.0000
vn 0.9138 0.4062 -0.0000
vn 0.3749 0.9271 -0.0000
vn 0.1250 -0.0000 -0.9922
vn 0.1251 -0.0000 -0.9921
vn 0.5128 -0.0000 -0.8585
vn 0.8142 -0.0000 -0.5806
vn 0.9787 -0.0000 -0.2053
vn 0.9788 -0.0000 -0.2049
vn 0.9788 -0.0000 0.2049
vn 0.9787 -0.0000 0.2053
vn 0.8142 -0.0000 0.5806
vn 0.5128 -0.0000 0.8585
vn 0.1250 -0.0000 0.9922
vn -0.3747 0.9272 -0.0000
vn -0.3748 0.9271 -0.0000
vn -0.6950 0.7190 -0.0000
vn -0.9138 0.4061 -0.0000
vn -0.5001 -0.0000 0.8660
vn -0.1041 -0.0000 0.9946
vn -0.4999 -0.0001 0.8661
vn -0.1042 -0.0000 0.9946
vn 0.3090 -0.0000 0.9510
vn 0.3090 -0.0000 0.9511
vn 0.6691 -0.0000 0.7431
vn 0.6692 -0.0000 0.7431
vn 0.9135 -0.0000 0.4069
vn 0.9137 -0.0000 0.4064
vn -0.9511 -0.3090 -0.0000
vn -0.9999 -0.0105 -0.0000
vn -0.9994 -0.0356 -0.0000
vn -0.9973 -0.0728 -0.0000
vn -0.9931 -0.1171 -0.0000
vn -0.9489 -0.3157 -0.0000
vn -0.8090 -0.5878 -0.0000
vn -0.8654 -0.5011 -0.0000
vn -0.7461 -0.6658 -0.0000
vn -0.5878 -0.8090 -0.0000
vn -0.7231 -0.6908 -0.0000
vn -0.6992 -0.7149 -0.0000
vn -0.6744 -0.7383 -0.0000
vn -0.5877 -0.8090 -0.0000
vn -0.6745 -0.7383 -0.0000
vn -0.5665 -0.8241 -0.0000
vn -0.3090 -0.9511 -0.0000
vn -0.4477 -0.8942 -0.0000
vn -0.3203 -0.9473 0.0002
vn -0.2796 -0.9601 -0.0000
vn -0.2383 -0.9712 -0.0000
vn -0.1967 -0.9805 -0.0000
vn -0.1316 -0.9913 -0.0000
vn -0.0660 -0.9978 -0.0000
vn -0.3829 -0.0000 0.9238
vn -0.7073 -0.0000 0.7069
vn -0.9239 -0.0000 0.3827
vn 0.9136 -0.0000 0.4066
vn 0.6690 -0.0000 0.7432
vn 0.6690 -0.0000 0.7433
vn 0.3087 -0.0000 0.9512
vn -0.1044 -0.0000 0.9945
vn -0.5000 -0.0000 0.8660
vn -0.0000 -0.3827 0.9239
vn -0.0000 -0.7071 0.7071
vn -0.0000 -0.9239 0.3827
vn 0.0008 -0.0000 1.0000
vn -0.9138 0.4062 -0.0000
vn 1.0000 0.0001 -0.0000
vn 0.9135 -0.0000 -0.4068
vn 0.9137 -0.0000 -0.4064
vn 0.6691 -0.0000 -0.7431
vn 0.6693 -0.0000 -0.7430
vn 0.3089 -0.0000 -0.9511
vn -0.1045 -0.0000 -0.9945
vn -0.1046 -0.0000 -0.9945
vn -0.5000 -0.0000 -0.8660
vn -0.4998 -0.0000 -0.8661
vn -0.0000 -0.3827 -0.9239
vn -0.0000 -0.3831 -0.9237
vn -0.0000 -0.7073 -0.7069
vn -0.0000 -0.9238 -0.3829
vn -0.4831 -0.8755 -0.0000
vn -0.4735 -0.8581 -0.1986
vn -0.4836 -0.8753 -0.0007
vn -0.4631 -0.8391 -0.2853
vn -0.4455 -0.8072 -0.3872
vn -0.3855 -0.6985 -0.6029
vn -0.3385 -0.6135 -0.7134
vn -0.2730 -0.4947 -0.8251
vn -0.1804 -0.3270 -0.9277
vn -0.1262 -0.2289 -0.9652
vn -0.0623 -0.1129 -0.9917
vn 0.1993 -0.7762 -0.5982
vn 0.4220 -0.5650 -0.7090
vn 0.3008 -0.6932 -0.6550
vn 0.1778 -0.7890 -0.5881
vn 0.0571 -0.8589 -0.5089
vn -0.0389 -0.8979 -0.4386
vn -0.0604 -0.9056 -0.4198
vn -0.2983 -0.9316 -0.2077
vn -0.2837 -0.9332 -0.2204
vn -0.4829 -0.8757 -0.0003
vn 0.4267 -0.5626 -0.7081
vn 0.4255 -0.5638 -0.7078
vn 0.4267 -0.5633 -0.7076
vn -0.9792 0.2028 -0.0000
vn -0.9511 0.3090 -0.0000
vn -0.8090 0.5878 -0.0000
vn -0.9178 0.3971 -0.0000
vn -0.8182 0.5750 -0.0000
vn -0.5878 0.8090 -0.0000
vn -0.7916 0.6111 -0.0000
vn -0.7678 0.6407 -0.0000
vn -0.7509 0.6604 -0.0000
vn -0.7454 0.6666 -0.0000
vn -0.7441 0.6680 -0.0000
vn -0.7437 0.6685 -0.0000
vn -0.7426 0.6697 -0.0000
vn -0.7373 0.6756 -0.0000
vn -0.7186 0.6954 -0.0000
vn -0.6910 0.7229 -0.0000
vn -0.6571 0.7538 -0.0000
vn -0.3090 0.9511 -0.0000
vn -0.4600 0.8879 -0.0000
vn -0.2367 0.9716 -0.0000
vn -0.9135 -0.0000 0.4069
vn -0.6690 -0.0000 0.7432
vn -0.3087 -0.0000 0.9512
vn -0.3090 -0.0000 0.9511
vn 0.1041 -0.0000 0.9946
vn 0.1045 -0.0000 0.9945
vn 0.4999 -0.0000 0.8661
vn 0.5000 -0.0000 0.8660
vn -0.2650 -0.9260 -0.2687
vn -0.2935 -0.9085 -0.2976
vn -0.4833 -0.7256 -0.4899
vn -0.5029 -0.6981 -0.5096
vn -0.5993 -0.5216 -0.6072
vn -0.6425 -0.4040 -0.6511
vn -0.6639 -0.3267 -0.6727
vn -0.6855 -0.2176 -0.6948
vn -0.6975 -0.1176 -0.7069
vn -0.7023 -0.0079 -0.7118
vn -0.6970 0.1239 -0.7063
vn -0.6910 0.0295 -0.7223
vn -0.7089 0.0597 -0.7027
vn -0.6966 0.1230 -0.7068
vn -0.6966 0.1234 -0.7068
vn -0.6965 0.1228 -0.7069
vn -0.7660 0.6428 -0.0000
vn -0.7661 0.6428 -0.0000
vn -0.7660 0.6429 -0.0000
vn -0.7659 0.6430 -0.0000
vn -0.7661 0.6427 -0.0000
vn 0.7660 0.6428 0.0002
vn 0.7660 0.6429 0.0001
vn 0.7660 0.6428 -0.0000
vn 0.7660 0.6428 -0.0003
vn 0.7660 0.6428 -0.0002
vn 0.7660 0.6429 -0.0000
vn 0.7659 0.6429 0.0002
vn 0.7660 0.6429 -0.0001
vn 0.1043 -0.0000 0.9945
vn -0.6688 -0.0000 0.7434
vn -0.6689 -0.0000 0.7434
vn -0.9136 -0.0000 0.4066
vn -0.9135 -0.0000 0.4067
vn 0.5417 -0.4545 -0.7071
vn 0.4058 -0.5953 -0.6935
vn 0.2545 -0.7130 -0.6533
vn 0.2541 -0.7133 -0.6532
vn 0.0929 -0.8037 -0.5877
vn -0.0715 -0.8631 -0.5000
vn -0.0720 -0.8632 -0.4997
vn -0.3866 -0.8817 -0.2706
vn -0.3872 -0.8816 -0.2699
vn -0.6428 -0.7660 -0.0000
vn -0.3749 -0.9271 -0.0000
vn -0.6949 -0.7191 -0.0000
vn -0.6950 -0.7191 -0.0000
vn 0.3184 0.6314 -0.7071
vn 0.3424 0.6187 -0.7071
vn 0.4546 0.5416 -0.7071
vn 0.2936 0.6433 -0.7071
vn 0.2419 0.6644 -0.7071
vn 0.2685 0.6542 -0.7071
vn 0.1815 0.6834 -0.7071
vn 0.4548 0.5415 -0.7071
vn 0.5502 0.4441 -0.7071
vn 0.6124 0.3534 -0.7071
vn 0.6252 0.3302 -0.7071
vn 0.6577 0.2596 -0.7071
vn 0.6253 0.3302 -0.7071
vn 0.6967 0.1216 -0.7070
vn 0.6822 0.1859 -0.7071
vn 0.6980 0.1139 -0.7070
vn 0.6982 0.1138 -0.7068
vn 0.6965 0.1231 -0.7069
vn -0.0000 0.7071 -0.7071
vn 0.0915 0.7011 -0.7071
vn 0.0001 -1.0000 -0.0004
vn 0.0008 -1.0000 -0.0009
vn 0.1793 -0.9668 -0.1819
vn 0.2672 -0.9247 -0.2711
vn 0.3139 -0.8945 -0.3183
vn 0.5040 -0.6966 -0.5106
vn 0.5379 -0.6432 -0.5449
vn 0.5993 -0.5217 -0.6072
vn 0.6661 -0.3168 -0.6752
vn 0.6636 -0.3279 -0.6724
vn 0.6976 -0.1157 -0.7071
vn 0.7023 -0.0047 -0.7119
vn 0.7019 0.0360 -0.7114
vn 0.7002 0.0771 -0.7097
vn 0.3421 0.9397 -0.0000
vn 0.6429 0.7660 -0.0000
vn 0.3827 0.9239 -0.0000
vn 0.8661 0.4998 -0.0000
vn 0.7071 0.7071 -0.0000
vn 0.9849 0.1733 -0.0000
vn 0.9239 0.3827 -0.0000
vn 0.9907 0.1357 -0.0000
vn 0.9948 0.1018 -0.0000
vn 0.9974 0.0721 -0.0000
vn 0.9989 0.0470 -0.0000
vn 0.9999 0.0125 -0.0000
vn 1.0000 -0.0000 -0.0006
vn 0.3826 -0.6533 -0.6533
vn 0.1949 -0.6936 -0.6935
vn 0.3827 -0.6532 -0.6533
vn 0.7071 -0.5000 -0.5000
vn 0.5557 -0.5879 -0.5878
vn 0.7072 -0.5000 -0.4999
vn 0.9239 -0.2705 -0.2706
vn 0.9239 -0.2706 -0.2706
vn 0.7660 -0.6428 -0.0000
vn 0.7651 -0.6439 0.0001
vn 0.5492 -0.8357 -0.0001
vn 0.5472 -0.8370 -0.0000
vn 0.2847 -0.9586 -0.0000
vn 0.2866 -0.9581 -0.0000
vn -0.0003 -1.0000 -0.0000
vn -0.0004 -1.0000 -0.0000
vn 0.1251 -0.0002 0.9921
vn -0.0000 0.9239 -0.3827
vn -0.0000 0.9238 -0.3829
vn -0.0000 0.7073 -0.7069
vn -0.0000 0.3827 -0.9239
vn -0.0000 0.3831 -0.9237
vn 0.5416 -0.4545 -0.7071
vn 0.0001 -0.0001 -1.0000
vn -0.6950 -0.7190 -0.0000
vn -0.3748 -0.9271 -0.0000
vn 0.3751 -0.9270 -0.0000
vn 0.6949 -0.7191 -0.0000
vn 0.6950 -0.7190 -0.0000
vn 0.9138 -0.4061 -0.0000
vn 0.9138 -0.4062 -0.0000
vn -0.8091 -0.5877 -0.0000
vn -0.9510 -0.3091 -0.0000
vn 0.3749 -0.9271 -0.0000
vn 0.7659 -0.6429 -0.0000
vn 0.7666 -0.6422 -0.0000
vn 0.7660 -0.6429 -0.0001
vn 0.7661 -0.6427 -0.0000
vn 0.7658 -0.6430 -0.0004
vn 0.7660 -0.6428 -0.0001
vn 0.7660 -0.6428 0.0001
vn 0.7660 -0.6429 -0.0000
vn 0.7659 -0.6430 -0.0000
vn 0.7661 -0.6428 -0.0000
vn 0.7660 -0.6429 0.0002
vn 0.0625 -0.1135 -0.9916
vn 0.1268 -0.2298 -0.9650
vn -0.0001 -0.0001 -1.0000
vn 0.1804 -0.3270 -0.9276
vn 0.3385 -0.6135 -0.7134
vn 0.2430 -0.4405 -0.8643
vn 0.4453 -0.8073 -0.3873
vn 0.3592 -0.6508 -0.6689
vn 0.4734 -0.8581 -0.1987
vn 0.4468 -0.8095 -0.3808
vn 0.4825 -0.8759 -0.0020
vn 0.4832 -0.8755 -0.0000
vn -0.3826 -0.9239 -0.0002
vn -0.2157 -0.9765 -0.0000
vn -0.4213 -0.9069 -0.0000
vn -0.7071 -0.7071 -0.0000
vn -0.6069 -0.7948 -0.0000
vn -0.6272 -0.7788 -0.0000
vn -0.6450 -0.7642 -0.0000
vn -0.6599 -0.7514 -0.0000
vn -0.6720 -0.7406 -0.0000
vn -0.6890 -0.7248 -0.0000
vn -0.6945 -0.7195 -0.0000
vn -0.7021 -0.7121 -0.0000
vn -0.7216 -0.6923 -0.0000
vn -0.9239 -0.3827 -0.0000
vn -0.7354 -0.6777 -0.0000
vn -0.7516 -0.6597 -0.0000
vn -0.7695 -0.6386 -0.0000
vn -0.7888 -0.6146 -0.0000
vn -0.9042 -0.4272 -0.0000
vn -0.9758 -0.2187 0.0003
vn -0.7071 -0.0002 0.7071
vn -0.7070 -0.0000 0.7072
vn -0.7071 -0.0000 0.7071
vn -0.7072 -0.0000 0.7070
vn -0.5402 -0.4567 -0.7069
vn -0.3869 -0.5919 -0.7071
vn -0.5205 -0.4787 -0.7070
vn -0.5162 -0.4833 -0.7071
vn -0.3669 -0.6045 -0.7070
vn -0.2013 -0.6778 -0.7071
vn -0.1905 -0.6810 -0.7071
vn 0.0006 -0.7071 -0.7071
vn 0.6946 -0.7194 -0.0000
vn 0.6890 -0.7248 -0.0000
vn 0.6948 -0.7192 -0.0000
vn 0.7071 -0.7071 -0.0000
vn 0.7018 -0.7124 -0.0000
vn 0.7071 -0.7071 -0.0006
vn 0.7216 -0.6923 -0.0000
vn 0.6725 -0.7401 -0.0000
vn 0.6604 -0.7509 -0.0000
vn 0.6453 -0.7639 -0.0000
vn 0.6276 -0.7786 -0.0000
vn 0.6070 -0.7947 -0.0000
vn 0.4213 -0.9069 -0.0000
vn 0.3827 -0.9239 -0.0000
vn 0.2157 -0.9765 -0.0000
vn 0.9239 -0.3827 -0.0000
vn 0.7355 -0.6775 -0.0000
vn 0.7515 -0.6598 -0.0000
vn 0.7694 -0.6387 -0.0000
vn 0.7888 -0.6147 -0.0000
vn 0.9042 -0.4272 -0.0000
vn 0.9758 -0.2187 0.0003
vn 0.9487 -0.0000 0.3162
vn 0.8765 -0.3630 0.3163
vn 0.8765 -0.3630 0.3162
vn 0.6708 -0.6708 0.3162
vn 0.3630 -0.8765 0.3162
vn 0.3630 -0.8765 0.3163
vn -0.0000 -0.9487 0.3162
vn -0.9354 -0.0000 0.3535
vn -0.9354 -0.0000 0.3537
vn -0.9354 -0.0000 0.3536
vn -0.7500 -0.0000 0.6615
vn -0.7501 -0.0000 0.6613
vn -0.4676 -0.0000 0.8839
vn -0.1250 -0.0000 0.9922
vn 0.9354 -0.0000 -0.3536
vn 0.7500 -0.0000 -0.6615
vn 0.4676 -0.0000 -0.8840
vn 0.4680 -0.0000 -0.8837
vn 0.0001 1.0000 -0.0000
vn 0.0007 1.0000 -0.0000
vn -0.0000 1.0000 -0.0002
vn -0.0002 1.0000 -0.0000
vn 0.9239 0.3826 -0.0000
vn 0.3826 0.9239 -0.0000
vn 0.3829 -0.0000 0.9238
vn 0.7070 -0.0000 0.7072
vn 0.7073 -0.0000 0.7069
vn 0.9239 -0.0000 0.3827
vn -1.0000 -0.0000 0.0001
vn -0.3826 -0.0000 0.9239
vn 0.4828 -0.8757 -0.0005
vn 0.4825 -0.8759 -0.0007
vn 0.4806 -0.8769 -0.0029
vn 0.1049 -0.0000 -0.9945
vn -0.3090 -0.0000 -0.9511
vn -0.3086 -0.0000 -0.9512
vn -0.6694 -0.0000 -0.7429
vn -0.9135 -0.0000 -0.4067
vn -0.9137 -0.0000 -0.4064
vn 0.5001 -0.0000 0.8660
vn 0.4998 -0.0000 0.8662
vn 0.1044 -0.0000 0.9945
vn -0.3089 -0.0000 0.9511
vn -0.3086 -0.0000 0.9512
vn 0.9138 0.4061 0.0001
vn 0.9138 0.4061 -0.0000
vn 0.5000 -0.0001 -0.8660
vn 0.4992 -0.0000 -0.8665
vn 0.4996 0.0001 -0.8663
vn 0.3748 0.9271 -0.0000
vn 0.6950 0.7190 -0.0000
vn 0.6950 0.7191 -0.0000
vn -0.3630 -0.8765 0.3163
vn -0.3630 -0.8765 0.3162
vn -0.6708 -0.6708 0.3162
vn -0.8765 -0.3630 0.3162
vn -0.8765 -0.3630 0.3163
vn -0.9487 -0.0000 0.3162
vn -0.0000 -0.9239 -0.3826
vn -0.0000 -0.9238 -0.3830
vn 0.4679 -0.0000 0.8838
vn 0.7502 -0.0000 0.6612
vn 0.7500 -0.0000 0.6615
vn 0.9354 -0.0000 0.3536
vn 0.9510 -0.3091 -0.0000
vn 0.8090 -0.5878 -0.0000
vn 0.5878 -0.8090 -0.0000
vn 0.3090 -0.9511 -0.0000
vn -0.0008 -0.0000 1.0000
vn -0.0015 -0.0006 1.0000
vn 0.0011 -0.0000 1.0000
vn -0.1951 -0.0000 0.9808
vn -0.3827 -0.0000 0.9239
vn -0.3828 -0.0000 0.9238
vn -0.5556 -0.0000 0.8315
vn -0.7069 -0.0000 0.7073
vn -0.0730 -0.0856 0.9936
vn -0.1430 -0.1702 0.9750
vn -0.2459 -0.2932 0.9239
vn -0.1429 -0.1702 0.9750
vn -0.3418 -0.4074 0.8469
vn -0.4545 -0.5417 0.7071
vn -0.5024 -0.5989 0.6236
vn -0.5938 -0.7078 0.3827
vn -0.6067 -0.7230 0.3303
vn -0.6428 -0.7661 -0.0000
vn -0.4980 -0.0000 -0.8672
vn -0.4999 -0.0000 -0.8661
vn -0.4997 -0.0000 -0.8662
vn -0.5001 -0.0000 -0.8660
vn 0.3823 -0.0000 -0.9240
vn 0.9239 -0.0000 -0.3826
vn 0.1518 -0.6904 -0.7073
vn 0.1527 -0.6904 -0.7071
vn 0.2979 -0.6413 -0.7071
vn 0.2964 -0.6420 -0.7071
vn 0.4271 -0.5636 -0.7070
vn 0.4378 -0.5552 -0.7072
vn 0.4480 -0.5472 -0.7070
vn -0.5000 -0.0000 0.8661
vn -0.4999 -0.0000 0.8661
vn -1.0000 -0.0001 -0.0000
vn -0.3827 -0.9239 -0.0000
vn -0.9136 -0.0000 -0.4066
vn -0.9136 -0.0000 -0.4065
vn -0.6690 -0.0000 -0.7433
vn -0.3089 -0.0000 -0.9511
vn 0.1044 -0.0000 -0.9945
vn 0.1043 -0.0000 -0.9945
vn -0.6691 -0.0000 -0.7432
vn -0.6692 -0.0000 -0.7431
vn -0.3087 -0.0000 -0.9512
vn -0.3749 0.9271 -0.0000
vn -0.3745 0.9272 -0.0000
vn 0.4994 -0.0000 0.8663
vn 0.5000 0.0001 0.8660
vn 0.3748 -0.9271 -0.0000
vn 0.6951 0.7189 -0.0000
vn 0.3747 0.9271 -0.0000
vn 0.2420 -0.9390 -0.2445
vn 0.2632 -0.9381 -0.2252
vn -0.0160 -0.8927 -0.4503
vn -0.0700 -0.8703 -0.4874
vn -0.1669 -0.8195 -0.5482
vn -0.2246 -0.7821 -0.5813
vn -0.3097 -0.7170 -0.6245
vn -0.3532 -0.6782 -0.6444
vn -0.4390 -0.5906 -0.6771
vn -0.5663 -0.4222 -0.7078
vn -0.5598 -0.4324 -0.7069
vn -0.5892 -0.3853 -0.7102
vn -0.9354 -0.0000 -0.3536
vn -0.7499 -0.0000 -0.6615
vn -0.7500 -0.0000 -0.6615
vn -0.4675 -0.0000 -0.8840
vn -0.4678 -0.0000 -0.8838
vn -0.1250 -0.0000 -0.9922
vn -0.1251 -0.0000 -0.9921
vn -0.0000 0.3823 -0.9240
vn -0.0000 0.7069 -0.7073
vn -0.0000 0.9239 -0.3826
vn -0.5416 -0.4544 -0.7072
vn -0.5416 -0.4545 -0.7071
vn -0.4058 -0.5953 -0.6935
vn -0.2544 -0.7131 -0.6533
vn -0.2541 -0.7133 -0.6532
vn -0.0928 -0.8037 -0.5878
vn 0.0715 -0.8631 -0.5000
vn 0.0720 -0.8632 -0.4996
vn 0.3873 -0.8816 -0.2699
vn 0.3866 -0.8817 -0.2706
vn 0.6428 -0.7660 -0.0000
vn 0.3747 -0.9271 -0.0000
vn 0.6951 -0.7189 -0.0000
vn -0.7659 -0.6429 0.0003
vn -0.7660 -0.6428 0.0003
vn -0.7645 -0.6446 -0.0000
vn -0.7661 -0.6428 -0.0000
vn -0.7661 -0.6427 -0.0002
vn -0.7660 -0.6428 -0.0001
vn -0.7660 -0.6428 -0.0000
vn -0.7661 -0.6427 -0.0000
vn -0.7662 -0.6426 -0.0000
vn -0.7663 -0.6425 -0.0000
vn -0.7659 -0.6430 -0.0000
vn -0.7664 -0.6424 -0.0000
vn -0.0000 1.0000 -0.0029
vn -0.2935 0.6432 -0.7072
vn -0.2684 0.6541 -0.7072
vn -0.4547 0.5416 -0.7071
vn -0.3183 0.6314 -0.7071
vn -0.3424 0.6187 -0.7071
vn -0.0916 0.7012 -0.7071
vn -0.1815 0.6834 -0.7071
vn -0.0914 0.7012 -0.7071
vn 0.0001 0.7071 -0.7071
vn -0.2420 0.6644 -0.7071
vn -0.3423 0.6187 -0.7071
vn -0.4546 0.5416 -0.7071
vn -0.4547 0.5415 -0.7071
vn -0.6126 0.3533 -0.7070
vn -0.5503 0.4441 -0.7071
vn -0.6252 0.3302 -0.7072
vn -0.6577 0.2595 -0.7072
vn -0.6823 0.1857 -0.7071
vn -0.6986 0.1096 -0.7070
vn -0.3827 0.9239 -0.0000
vn -0.3826 0.9239 -0.0000
vn -0.7071 0.7071 -0.0000
vn -0.9239 0.3826 -0.0000
vn -0.9239 0.3827 -0.0000
vn -1.0000 -0.0000 -0.0008
vn -0.0000 -0.9714 -0.2375
vn -0.0000 -0.9241 -0.3822
vn -0.0000 -0.8966 -0.4429
vn -0.0000 -0.6459 -0.7634
vn -0.0000 -0.7064 -0.7078
vn -0.0000 -0.3152 -0.9490
vn -0.0000 -0.3805 -0.9248
vn 0.9177 0.3972 -0.0000
vn 0.8181 0.5751 -0.0000
vn 0.9511 0.3090 -0.0000
vn 0.9792 0.2028 -0.0000
vn 0.7677 0.6408 -0.0000
vn 0.8090 0.5878 -0.0000
vn 0.7915 0.6112 -0.0000
vn 0.7504 0.6610 -0.0000
vn 0.7472 0.6646 -0.0000
vn 0.7445 0.6677 -0.0000
vn 0.7372 0.6757 -0.0000
vn 0.7422 0.6702 -0.0000
vn 0.7443 0.6679 -0.0000
vn 0.7186 0.6954 -0.0000
vn 0.6909 0.7229 -0.0000
vn 0.6571 0.7538 -0.0000
vn 0.4600 0.8879 -0.0000
vn 0.5878 0.8090 -0.0000
vn 0.2367 0.9716 -0.0000
vn 0.3090 0.9511 -0.0000
vn -0.0000 -1.0000 0.0001
vn 0.0004 -1.0000 -0.0000
vn 0.0007 -1.0000 -0.0000
vn -0.1251 -0.0000 -0.9922
vn -0.9239 -0.2706 -0.2706
vn -0.7072 -0.5000 -0.4999
vn -0.7071 -0.5000 -0.5000
vn -0.5557 -0.5879 -0.5878
vn -0.3827 -0.6532 -0.6533
vn -0.3827 -0.6533 -0.6533
vn -0.1951 -0.6935 -0.6935
vn -0.0001 -0.7071 -0.7071
vn -0.3750 0.9270 -0.0000
vn -0.6951 0.7189 -0.0000
vn -0.6949 0.7191 -0.0000
vn -0.1047 -0.0000 -0.9945
vn -0.1043 -0.0000 -0.9945
vn 0.3087 -0.0000 -0.9512
vn 0.3090 -0.0000 -0.9511
vn 0.6688 -0.0000 -0.7434
vn 0.6689 -0.0000 -0.7434
vn 0.9136 -0.0000 -0.4066
vn 0.9135 -0.0000 -0.4067
vn 1.0000 -0.0000 0.0001
vn 0.4677 -0.0000 -0.8839
vn -0.2460 -0.2931 -0.9239
vn -0.2457 -0.2929 -0.9240
vn -0.4545 -0.5417 -0.7071
vn -0.4543 -0.5416 -0.7073
vn -0.5939 -0.7077 -0.3827
vn -0.5938 -0.7079 -0.3824
vn 0.7071 -0.0000 0.7071
vn 0.6533 0.2706 0.7072
vn 0.6533 0.2706 0.7071
vn 0.5000 0.5000 0.7071
vn 0.2705 0.6533 0.7072
vn 0.2706 0.6532 0.7072
vn -0.5002 -0.0000 0.8659
vn -0.5001 -0.0000 0.8659
vn -0.5000 -0.0001 0.8660
vn 0.3746 0.9272 -0.0000
vn 0.5005 -0.0000 0.8658
vn 0.4992 -0.0000 0.8665
vn 1.0000 0.0001 -0.0002
vn 0.9242 -0.0000 0.3820
vn 1.0000 -0.0000 0.0012
vn 0.7077 -0.0000 0.7065
vn 0.9230 -0.0000 0.3848
vn 0.3837 -0.0000 0.9235
vn 0.7049 -0.0000 0.7093
vn 0.3792 -0.0000 0.9253
vn 0.3825 0.9240 -0.0000
vn 0.3825 0.9239 -0.0000
vn 0.7071 0.7072 -0.0000
vn 0.9240 0.3824 -0.0000
vn 0.3828 -0.0000 -0.9239
vn 0.3827 -0.0000 -0.9239
vn 0.7072 -0.0000 -0.7070
vn 0.9239 -0.0000 -0.3827
vn -0.4986 -0.0000 -0.8668
vn 1.0000 0.0015 -0.0000
vn -0.8765 0.3630 0.3163
vn -0.8765 0.3630 0.3162
vn -0.6708 0.6708 0.3162
vn -0.3630 0.8765 0.3163
vn 0.1045 -0.0000 -0.9945
vn -0.9137 -0.0000 -0.4065
vn -0.0000 -0.3824 0.9240
vn -0.0000 -0.7072 0.7071
vn -0.0000 -0.9240 0.3825
vn -1.0000 -0.0000 -0.0001
vn -0.0000 -0.1951 0.9808
vn -0.0001 -0.5555 0.8315
vn -0.6950 0.7191 -0.0000
vn 0.3630 0.8765 0.3163
vn 0.6708 0.6708 0.3162
vn 0.8765 0.3630 0.3162
vn 0.8765 0.3630 0.3163
vn 0.9487 -0.0000 0.3163
vn 0.3093 -0.0000 0.9510
vn 1.0000 -0.0001 0.0001
vn 0.0001 -0.5556 0.8315
vn -0.0000 -0.9238 0.3828
vn 0.2869 0.9580 -0.0002
vn 0.2874 0.9578 -0.0000
vn 0.5499 0.8352 -0.0000
vn 0.5496 0.8355 -0.0001
vn -0.5417 -0.4545 -0.7071
vn -1.0000 -0.0006 -0.0000
vn -1.0000 -0.0003 -0.0000
vn -0.9238 0.0003 0.3829
vn -0.9244 -0.0000 0.3815
vn -0.7063 0.0003 0.7079
vn -0.7078 -0.0000 0.7065
vn -0.3808 -0.0000 0.9246
vn -0.3835 -0.0000 0.9235
vn 0.7071 -0.0000 0.7072
vn 0.7071 0.0001 0.7072
vn 0.7071 -0.0002 0.7071
vn 0.2458 -0.2929 -0.9240
vn 0.2460 -0.2932 -0.9239
vn 0.4547 -0.5417 -0.7070
vn 0.4545 -0.5417 -0.7071
vn 0.5937 -0.7078 -0.3827
vn 0.5938 -0.7078 -0.3827
vn 0.6427 -0.7661 -0.0000
vn -0.9783 -0.2074 -0.0000
vn -0.8529 -0.5221 -0.0000
vn -0.6295 -0.7770 -0.0000
vn -0.3339 -0.9426 -0.0000
vn -0.2705 0.6533 0.7072
vn -0.2706 0.6532 0.7072
vn -0.5000 0.5000 0.7071
vn -0.6533 0.2706 0.7071
vn -0.6533 0.2706 0.7072
vn -0.1251 -0.0000 0.9921
vn -0.7502 -0.0000 0.6612
vn -0.2846 -0.9587 -0.0000
vn -0.2858 -0.9583 -0.0001
vn -0.5471 -0.8371 -0.0000
vn -0.5489 -0.8359 -0.0000
vn -0.5130 -0.0000 -0.8584
vn -0.5127 -0.0000 -0.8586
vn -0.8142 -0.0000 -0.5806
vn -0.9787 -0.0000 -0.2053
vn -0.9788 -0.0000 0.2049
vn -0.8142 -0.0000 0.5806
vn -0.5125 -0.0000 0.8587
vn -0.5130 -0.0000 0.8584
vn 0.1430 -0.1702 0.9750
vn 0.1429 -0.1702 0.9750
vn 0.2458 -0.2931 0.9239
vn 0.0726 -0.0856 0.9937
vn 0.6425 -0.7663 -0.0000
vn 0.6428 -0.7661 -0.0000
vn 0.6067 -0.7230 0.3303
vn 0.5939 -0.7077 0.3827
vn 0.5025 -0.5988 0.6236
vn 0.4545 -0.5417 0.7071
vn 0.3418 -0.4074 0.8469
vn 0.2460 -0.2932 0.9239
vn 0.1429 -0.1703 0.9750
vn 0.7073 -0.0000 -0.7070
vn 0.3829 -0.0000 -0.9238
vn 1.0000 -0.0010 -0.0000
vn 1.0000 0.0004 -0.0000
vn 1.0000 -0.0016 -0.0000
vn -0.1044 -0.0000 -0.9945
vn 0.3086 -0.0000 -0.9512
vn 0.3091 -0.0000 -0.9510
vn 0.6690 -0.0000 -0.7432
vn 0.6690 -0.0000 -0.7433
vn -0.3823 -0.0000 -0.9240
vn -0.3828 -0.0000 -0.9239
vn -0.3827 -0.0000 -0.9239
vn -0.7072 -0.0000 -0.7070
vn -0.9999 0.0122 -0.0000
vn -0.9989 0.0472 -0.0000
vn -0.9974 0.0722 -0.0000
vn -0.9948 0.1018 -0.0000
vn -0.9908 0.1353 -0.0000
vn -0.9849 0.1731 -0.0000
vn -0.8662 0.4997 -0.0000
vn -0.6430 0.7659 -0.0000
vn -0.3422 0.9396 -0.0000
vn -0.0000 -0.3823 0.9240
vn -0.0000 -0.3826 0.9239
vn -0.0000 -0.7069 0.7073
vn -0.0000 -0.9239 0.3826
vn 0.9239 -0.0000 0.3826
vn 0.7069 -0.0000 0.7073
vn 0.5556 -0.0000 0.8315
vn 0.3827 -0.0000 0.9239
vn 0.3828 -0.0000 0.9238
vn 0.1951 -0.0000 0.9808
vn -0.1524 -0.6903 -0.7073
vn -0.1513 -0.6907 -0.7071
vn -0.2964 -0.6420 -0.7071
vn -0.2978 -0.6413 -0.7071
vn -0.4272 -0.5636 -0.7070
vn -0.4292 -0.5620 -0.7071
vn -0.4379 -0.5552 -0.7071
vn -0.4385 -0.5544 -0.7073
vn -0.4479 -0.5469 -0.7073
vn 0.0660 -0.9978 -0.0000
vn 0.1316 -0.9913 -0.0000
vn 0.1967 -0.9805 -0.0000
vn 0.2383 -0.9712 -0.0000
vn 0.2796 -0.9601 -0.0000
vn 0.3203 -0.9473 -0.0000
vn 0.4477 -0.8942 -0.0000
vn 0.3091 -0.9510 -0.0000
vn 0.5665 -0.8241 -0.0000
vn 0.6744 -0.7383 -0.0000
vn 0.6992 -0.7149 -0.0000
vn 0.7231 -0.6908 -0.0000
vn 0.7460 -0.6659 -0.0000
vn 0.7461 -0.6658 -0.0000
vn 0.8654 -0.5011 -0.0000
vn 0.9489 -0.3157 -0.0000
vn 0.9511 -0.3090 -0.0000
vn 0.9931 -0.1171 -0.0000
vn 0.9973 -0.0730 -0.0000
vn 0.9994 -0.0354 -0.0000
vn 1.0000 -0.0096 -0.0000
vn 1.0000 -0.0001 -0.0000
vn -1.0000 -0.0007 -0.0000
vn -1.0000 0.0004 -0.0000
vn -1.0000 -0.0005 -0.0000
vn -0.0000 -0.9241 -0.3821
vn -0.0000 -0.9056 -0.4242
vn -0.0000 -0.7217 -0.6922
vn -0.0000 -0.4114 -0.9115
vn -0.0000 -0.3806 -0.9248
vn -0.0000 -0.2163 -0.9763
vn 0.7501 -0.0000 0.6613
vn 0.7500 -0.0000 0.6614
vn -0.0000 0.3826 -0.9239
vn 0.3747 0.9272 -0.0000
vn -0.9137 -0.0000 0.4065
vn -0.9137 -0.0000 0.4064
vn -0.6694 -0.0000 0.7429
vn 0.1049 -0.0000 0.9945
vn 0.1046 -0.0000 0.9945
vn 0.9783 -0.2074 -0.0000
vn 0.8529 -0.5221 -0.0000
vn 0.6295 -0.7770 -0.0000
vn 0.3339 -0.9426 -0.0000
vn 0.3416 -0.0000 -0.9398
vn 0.6423 -0.0000 -0.7665
vn 0.8655 -0.0000 -0.5009
vn 0.9846 -0.0000 -0.1750
vn 0.9931 -0.0000 -0.1171
vn 0.9983 -0.0000 -0.0586
vn -0.9787 -0.0000 0.2053
vn -0.9788 -0.0000 -0.2049
vn -0.5125 -0.0000 -0.8587
vn -0.1046 -0.0000 0.9945
vn 0.3091 -0.0000 0.9510
vn 0.9137 -0.0000 0.4065
vn 0.9137 -0.4063 -0.0000
vn -0.2867 0.9580 0.0001
vn -0.2871 0.9579 -0.0000
vn -0.5496 0.8354 -0.0000
vn -0.5497 0.8354 -0.0000
vn 0.9135 -0.0000 -0.4069
vn -0.1043 -0.0000 -0.9946
vn -0.3746 -0.9272 -0.0000
vn -0.3747 -0.9271 -0.0000
vn 0.4737 -0.8586 -0.1960
vn 0.4488 -0.8133 -0.3703
vn 0.4462 -0.8089 -0.3828
vn 0.3520 -0.6382 -0.6847
vn 0.3415 -0.6190 -0.7073
vn 0.2846 -0.5157 -0.8081
vn 0.2070 -0.3750 -0.9036
vn 0.1848 -0.3350 -0.9239
vn 0.0123 -0.0221 -0.9997
vn 0.0007 -0.0013 -1.0000
vn -0.3746 0.9272 -0.0000
vn -0.4452 -0.5503 -0.7064
vn -0.2539 -0.7333 -0.6308
vn -0.4506 -0.5457 -0.7065
vn -0.3175 -0.6792 -0.6618
vn -0.4403 -0.5294 -0.7251
vn -0.1740 -0.7918 -0.5855
vn -0.0238 -0.8746 -0.4843
vn -0.0635 -0.8557 -0.5136
vn 0.0539 -0.9032 -0.4258
vn 0.2129 -0.9330 -0.2901
vn 0.2815 -0.9333 -0.2229
vn 0.6246 -0.0000 0.7809
vn 0.6245 -0.0000 0.7811
vn 0.6249 -0.0000 0.7807
vn 0.6247 -0.0000 0.7809
vn 0.6245 -0.0000 0.7810
vn 0.6248 -0.0000 0.7808
vn 0.6251 -0.0000 0.7805
vn 0.6250 -0.0000 0.7807
vn 0.6247 -0.0000 0.7808
vn 0.6863 0.7273 -0.0000
vn 0.7496 0.6618 -0.0000
vn 0.8067 0.5909 -0.0000
vn 0.8838 0.4678 -0.0000
vn 0.9422 0.3350 -0.0000
vn 0.9808 0.1948 -0.0000
vn 0.9898 0.1422 -0.0000
vn 0.9960 0.0892 -0.0000
vn 0.4832 0.8755 -0.0000
vn 0.2495 0.9684 -0.0000
vn -0.1112 0.9111 0.3970
vn 1.0000 -0.0003 -0.0000
vn 0.9994 0.0356 -0.0004
vn 0.9994 0.0358 -0.0000
vn 0.6533 -0.2706 0.7071
vn 0.6725 -0.2185 0.7071
vn 0.5000 -0.5000 0.7071
vn 0.5721 -0.4156 0.7071
vn 0.2706 -0.6533 0.7071
vn 0.4156 -0.5720 0.7071
vn 0.2185 -0.6725 0.7071
vn 0.2706 0.9239 -0.2706
vn 0.5000 0.7072 -0.5000
vn 0.5000 0.7071 -0.5000
vn 0.5880 0.5556 -0.5879
vn 0.6533 0.3826 -0.6533
vn 0.6533 0.3827 -0.6533
vn 0.6935 0.1951 -0.6935
vn -0.6725 0.2185 0.7071
vn -0.5721 0.4156 0.7071
vn -0.4156 0.5721 0.7071
vn -0.2706 0.6533 0.7071
vn -0.2185 0.6725 0.7071
vn 0.2080 -0.0000 0.9781
vn -0.2079 -0.0000 0.9782
vn -0.5877 -0.0000 0.8091
vn -0.8660 -0.0000 0.5000
vn -0.8090 -0.0000 0.5878
vn -0.9945 -0.0000 0.1045
vn -0.9781 -0.0000 0.2079
vn -0.9511 -0.0000 -0.3090
vn -0.9781 -0.0000 -0.2079
vn -0.7432 -0.0000 -0.6691
vn -0.8090 -0.0000 -0.5878
vn -0.4068 -0.0000 -0.9135
vn -0.5000 -0.0000 -0.8661
vn 0.4068 -0.0000 -0.9135
vn 0.7431 -0.0000 -0.6691
vn 0.6692 -0.0000 -0.7431
vn 0.9511 -0.0000 -0.3090
vn 0.9945 -0.0000 0.1045
vn 0.8660 -0.0000 0.5000
vn 0.9135 -0.0000 0.4068
vn 0.5878 -0.0000 0.8090
vn 0.6691 -0.0000 0.7432
vn -0.0000 0.7068 -0.7074
vn -0.7070 -0.0000 -0.7072
vn 0.9510 -0.3090 -0.0000
vn -0.0009 -0.0000 -1.0000
vn -0.7913 -0.5548 -0.2571
vn -0.7206 -0.5547 -0.4160
vn -0.6183 -0.5547 -0.5567
vn -0.8275 -0.5547 0.0870
vn -0.8275 -0.5547 -0.0870
vn -0.7206 -0.5547 0.4160
vn -0.7913 -0.5547 0.2571
vn -0.4891 -0.5547 0.6731
vn -0.6183 -0.5547 0.5567
vn -0.3384 -0.5547 0.7601
vn -0.4891 -0.5547 -0.6731
vn -0.3384 -0.5547 -0.7601
vn -0.1730 -0.5547 0.8139
vn -0.0000 -0.5547 0.8321
vn 0.1730 -0.5547 0.8139
vn 0.3384 -0.5547 0.7601
vn 0.4890 -0.5547 0.6731
vn 0.6184 -0.5547 0.5568
vn 0.7205 -0.5547 0.4160
vn 0.7913 -0.5547 0.2571
vn 0.8275 -0.5547 0.0870
vn 0.8275 -0.5547 -0.0870
vn 0.7913 -0.5548 -0.2571
vn 0.7206 -0.5547 -0.4160
vn 0.6184 -0.5547 -0.5567
vn 0.4891 -0.5547 -0.6732
vn 0.3384 -0.5547 -0.7601
vn -0.0000 -0.5547 -0.8320
vn 0.1730 -0.5547 -0.8139
vn -0.1730 -0.5547 -0.8139
vn -0.0000 -1.0000 -0.0002
vn 0.0013 -0.0000 1.0000
vn 0.0004 -0.0000 1.0000
vn -0.0001 0.7069 -0.7073
vn -0.0000 0.7071 0.7072
vn -0.0000 0.7072 0.7070
vn -0.5620 -0.4292 -0.7071
vn -0.5692 -0.4203 -0.7066
vn -0.6394 -0.3019 -0.7071
vn -0.5578 -0.4346 -0.7071
vn -0.6445 -0.2910 -0.7071
vn -0.6913 -0.1488 -0.7071
vn -0.6900 -0.1548 -0.7071
vn -0.0003 -0.0000 1.0000
vn -0.0004 -0.6247 0.7809
vn 0.0002 -0.6247 0.7808
vn 0.0001 -0.6247 0.7809
vn -0.0000 -0.6247 0.7809
vn -0.0002 -0.6246 0.7809
vn -0.0000 -0.6247 0.7808
vn -0.0002 -0.6247 0.7808
vn -0.2495 0.9684 -0.0000
vn -0.4832 0.8755 -0.0000
vn -0.6863 0.7273 -0.0000
vn -0.7497 0.6618 -0.0000
vn -0.8067 0.5909 -0.0000
vn -0.8448 0.5351 0.0001
vn -0.8789 0.4770 -0.0000
vn -0.9091 0.4166 -0.0000
vn -0.9558 0.2941 -0.0000
vn -0.9860 0.1667 -0.0000
vn -1.0000 -0.0036 -0.0019
vn 0.8944 -0.0000 0.4472
vn -1.0000 -0.0000 0.0004
vn -0.8944 -0.0000 0.4472
vn -0.0000 -0.5547 -0.8321
vn -0.0739 -0.7071 -0.7032
vn 0.2185 -0.7071 -0.6725
vn 0.1470 -0.7071 -0.6916
vn -0.1470 -0.7071 -0.6917
vn -0.4156 -0.7071 -0.5721
vn -0.3536 -0.7071 -0.6123
vn -0.6123 -0.7072 -0.3536
vn -0.5721 -0.7071 -0.4156
vn -0.7032 -0.7071 -0.0739
vn -0.6916 -0.7071 -0.1470
vn -0.6726 -0.7070 0.2185
vn -0.6916 -0.7071 0.1470
vn -0.5255 -0.7071 0.4731
vn -0.5720 -0.7071 0.4156
vn -0.2876 -0.7071 0.6460
vn -0.3535 -0.7071 0.6124
vn -0.0739 -0.7071 0.7032
vn 0.2875 -0.7072 0.6460
vn 0.2185 -0.7071 0.6725
vn 0.5254 -0.7072 0.4732
vn 0.4732 -0.7071 0.5255
vn 0.6725 -0.7071 0.2185
vn 0.6460 -0.7071 0.2876
vn 0.7032 -0.7071 -0.0739
vn 0.6124 -0.7071 -0.3536
vn 0.6460 -0.7071 -0.2876
vn 0.4157 -0.7071 -0.5721
vn 0.4731 -0.7071 -0.5255
vn -0.0000 -0.8944 0.4472
vn -0.6247 -0.0000 0.7808
vn -0.6246 -0.0000 0.7810
vn -0.6248 -0.0000 0.7808
vn -0.6247 -0.0000 0.7809
vn -0.6245 -0.0000 0.7810
vn -0.6250 -0.0000 0.7807
vn -0.6249 -0.0000 0.7807
vn -0.6244 -0.0000 0.7811
vn 0.2079 -0.0000 0.9781
vn -0.4794 -0.8776 -0.0044
vn -0.2633 -0.9381 -0.2251
vn -0.1977 -0.9384 -0.2834
vn 0.0157 -0.8928 -0.4501
vn 0.0640 -0.8730 -0.4835
vn 0.1663 -0.8198 -0.5480
vn 0.1951 -0.8018 -0.5648
vn 0.3088 -0.7176 -0.6243
vn 0.3202 -0.7079 -0.6295
vn 0.4383 -0.5912 -0.6770
vn 0.5588 -0.4332 -0.7071
vn 0.5628 -0.4302 -0.7058
vn 0.5631 -0.4275 -0.7072
vn 0.5663 -0.4109 -0.7145
vn -0.0000 0.4472 -0.8944
vn -0.0000 0.4471 -0.8945
vn -0.0000 0.4475 -0.8943
vn 0.2185 0.6725 0.7071
vn 0.2706 0.6533 0.7071
vn 0.4156 0.5721 0.7071
vn 0.5721 0.4156 0.7071
vn 0.6725 0.2185 0.7071
vn -0.0001 0.9701 0.2425
vn -0.0000 0.9701 0.2425
vn -0.0000 0.9702 0.2423
vn 0.0009 0.9702 0.2422
vn -0.0011 0.9702 0.2424
vn -0.0001 0.9702 0.2424
vn -0.0059 0.9705 0.2412
vn -0.0000 -0.0001 1.0000
vn 0.7070 -0.0000 -0.7072
vn -0.2185 -0.6725 0.7071
vn -0.2706 -0.6533 0.7071
vn -0.4156 -0.5721 0.7071
vn -0.5000 -0.5000 0.7071
vn -0.5721 -0.4156 0.7071
vn -0.6533 -0.2706 0.7071
vn -0.6725 -0.2185 0.7071
vn -0.0002 -0.0000 -1.0000
vn -0.9607 -0.2776 -0.0000
vn -0.8459 -0.5334 -0.0000
vn -0.6861 -0.7275 -0.0000
vn -0.4830 -0.8756 -0.0000
vn -0.2494 -0.9684 -0.0000
vn -0.0003 -0.0000 -1.0000
vn -0.0007 -0.0000 -1.0000
vn -0.0000 -0.8000 0.6000
vn 0.9397 -0.0000 0.3420
vn 0.7661 -0.0000 0.6427
vn 0.5002 -0.0000 0.8659
vn 0.0059 0.9705 0.2412
vn -0.0025 0.9702 0.2422
vn 0.0028 0.9702 0.2424
vn 0.0001 0.9701 0.2425
vn 0.0002 0.9701 0.2429
vn -0.0000 0.9702 0.2422
vn -0.0001 1.0000 -0.0001
vn -0.2706 0.9239 -0.2706
vn -0.5000 0.7071 -0.5000
vn -0.6533 0.3827 -0.6533
vn -0.5880 0.5555 -0.5879
vn -0.6935 0.1951 -0.6935
vn -0.0000 0.5547 -0.8321
vn 0.4830 -0.8756 -0.0000
vn 0.6861 -0.7275 -0.0000
vn 0.2494 -0.9684 -0.0000
vn 0.8459 -0.5334 -0.0000
vn 0.9607 -0.2776 -0.0000
vn -0.0008 -0.0000 -1.0000
vn -0.1469 -0.7071 -0.6916
vn -0.3536 -0.7071 -0.6124
vn -0.4830 0.8756 -0.0000
vn -0.6861 0.7275 -0.0000
vn -0.2494 0.9684 -0.0000
vn -0.8459 0.5334 -0.0000
vn -0.9607 0.2776 -0.0000
vn 0.5682 -0.4205 -0.7073
vn 0.5700 -0.4181 -0.7073
vn 0.5665 -0.4232 -0.7071
vn 0.6393 -0.3021 -0.7072
vn 0.6451 -0.2895 -0.7071
vn 0.6900 -0.1548 -0.7071
vn 0.6915 -0.1480 -0.7071
vn -0.0006 0.4472 -0.8945
vn -0.0005 0.4471 -0.8945
vn -0.7913 -0.5547 -0.2571
vn -0.6183 -0.5547 0.5568
vn -0.0000 -0.5547 0.8320
vn 0.7206 -0.5547 0.4160
vn 0.6183 -0.5547 -0.5567
vn 0.4891 -0.5547 -0.6731
vn 0.3384 -0.5547 -0.7602
vn 0.0001 0.6247 0.7808
vn 0.0001 0.6247 0.7809
vn 0.0002 0.6247 0.7808
vn -0.0000 0.6247 0.7809
vn -0.0000 0.6247 0.7808
vn -0.0002 0.6247 0.7808
vn 0.9607 0.2776 -0.0000
vn 0.8459 0.5334 -0.0000
vn 0.6861 0.7275 -0.0000
vn 0.4830 0.8756 -0.0000
vn 0.2494 0.9684 -0.0000
vn -0.0000 0.8000 0.6000
vn -0.9510 -0.3090 -0.0000
vn -0.9397 -0.0000 0.3420
vn -0.9397 -0.0000 0.3419
vn -0.7661 -0.0000 0.6427
vn -0.0013 0.7073 0.7069
vn -0.0002 0.7073 0.7069
vn -0.0012 0.7073 0.7069
vn -0.0000 -0.4318 0.9019
vn -0.0000 -0.7320 0.6813
vn -0.0000 -0.9306 0.3659
vn -0.0000 -0.4319 0.9019
vn -0.0000 -0.4545 0.8907
vn -0.0000 -0.7434 0.6688
vn 0.0001 -0.9306 0.3660
vn -0.0002 -0.9337 0.3581
vn -0.0000 -0.4318 0.9020
vn 0.0001 -0.4319 0.9019
vn 0.0001 -0.7434 0.6688
vn -0.0000 -0.9306 0.3660
vn -0.0000 -0.9336 0.3582
vn -0.0000 -0.9306 0.3661
vn -0.0000 -0.9337 0.3581
vn -0.0000 -0.4545 0.8908
vn -0.0000 -0.9337 0.3582
vn -0.0001 -0.9306 0.3660
vn -0.9136 -0.0000 0.4067
vn -0.6693 -0.0000 0.7430
vn -0.3091 -0.0000 0.9510
vn 0.8091 -0.0000 0.5877
vn 0.9781 -0.0000 0.2081
vn 0.9782 -0.0000 -0.2079
vn 0.8089 -0.0000 -0.5880
vn 0.9781 -0.0000 -0.2080
vn 0.1047 -0.0000 -0.9945
vn -0.3091 -0.0000 -0.9510
vn -0.6693 -0.0000 -0.7430
vn -0.9136 -0.0000 -0.4067
vn 0.9781 -0.0000 -0.2081
vn -0.6691 -0.0000 0.7431
vn -0.6692 -0.0000 0.7431
vn 0.8090 -0.0000 0.5878
vn 0.9782 -0.0000 0.2079
vn 0.8090 -0.0000 -0.5878
vn -0.6691 -0.0000 -0.7431
vn 0.8089 -0.0000 -0.5879
vn 0.9781 -0.0000 -0.2079
vn 0.8090 -0.0000 -0.5879
vn -0.6691 -0.0000 0.7432
vn -0.3093 -0.0000 0.9510
vn 0.8091 -0.0000 -0.5877
vn -0.3093 -0.0000 -0.9510
vn 0.5002 -0.0000 -0.8659
vn 0.5000 -0.0000 0.8661
vn 0.3828 -0.0000 -0.9238
vn 0.7071 -0.0000 -0.7072
vn 0.9238 -0.0000 -0.3829
vn -0.3090 -0.0000 0.9510
vn 0.9781 -0.0000 0.2080
vn 0.5001 -0.0000 -0.8660
vn -0.3090 -0.0000 -0.9510
vn -0.9135 -0.0000 0.4068
vn -0.6692 -0.0000 0.7430
vn 0.8093 -0.0000 -0.5874
vn 0.1046 -0.0000 -0.9945
vn -0.6692 -0.0000 -0.7430
vn -0.9135 -0.0000 -0.4068
vn -0.9135 -0.0000 -0.4069
vn 0.8093 -0.0000 0.5874
vn -0.3092 -0.0000 -0.9510
vn -0.9238 -0.0000 -0.3829
vn -0.7071 -0.0000 -0.7072
vn 0.6693 -0.0000 0.7430
vn 0.3092 -0.0000 0.9510
vn -0.8090 -0.0000 0.5879
vn -0.9782 -0.0000 0.2079
vn -0.9782 -0.0000 -0.2078
vn 0.9136 -0.0000 0.4067
vn 0.3086 -0.0000 0.9512
vn -0.1045 -0.0000 0.9945
vn -0.9782 -0.0000 0.2078
vn -0.1050 -0.0000 -0.9945
vn 0.6691 -0.0000 -0.7432
vn 0.9136 -0.0000 -0.4067
vn -0.1047 -0.0000 0.9945
vn -0.5005 -0.0000 0.8657
vn -0.8091 -0.0000 0.5877
vn -0.9782 -0.0000 0.2075
vn -0.9782 -0.0000 -0.2077
vn -0.8091 -0.0000 -0.5876
vn 0.9781 -0.0000 0.2079
vn 0.4998 -0.0000 0.8661
vn 0.8089 -0.0000 0.5879
vn -0.4995 -0.0000 0.8663
vn -0.8092 -0.0000 -0.5876
vn -0.0000 0.3827 0.9239
vn -0.0000 0.9239 0.3827
vn -0.0000 0.3438 0.9390
vn -0.0000 0.3437 0.9391
vn -0.0000 0.6455 0.7638
vn -0.0000 0.6454 0.7638
vn -0.0000 0.8686 0.4956
vn -0.0000 0.8687 0.4954
vn -0.0000 0.9860 0.1667
vn -0.2080 -0.0000 0.9781
vn -0.5878 -0.0000 0.8090
vn -0.8661 -0.0000 0.4999
vn -0.9510 -0.0000 -0.3092
vn -0.7430 -0.0000 -0.6693
vn -0.4069 -0.0000 -0.9135
vn 0.4069 -0.0000 -0.9135
vn 0.7430 -0.0000 -0.6693
vn 0.9510 -0.0000 -0.3091
vn 0.9510 -0.0000 -0.3092
vn 0.9945 -0.0000 0.1046
vn 0.8662 -0.0000 0.4997
vn 0.5877 -0.0000 0.8091
vn 0.9962 0.0871 -0.0000
vn 0.9962 0.0872 -0.0000
vn 0.9962 0.0870 -0.0000
vn 0.9962 0.0877 -0.0000
vn 0.9962 0.0871 -0.0002
vn -0.9962 0.0871 -0.0000
vn -0.9962 0.0872 -0.0000
vn 0.0001 0.0872 -0.9962
vn -0.0001 0.0872 -0.9962
vn 0.0002 0.0872 -0.9962
vn -0.0001 1.0000 -0.0000
vn 0.9184 0.1135 -0.3789
vn 0.9182 0.1135 -0.3796
vn 0.7017 0.1228 -0.7018
vn 0.7016 0.1230 -0.7019
vn 0.3798 0.1135 -0.9181
vn 0.3790 0.1135 -0.9184
vn 0.3624 0.9320 -0.0000
vn 0.3626 0.9320 -0.0000
vn 0.6757 0.7372 -0.0000
vn 0.6755 0.7374 0.0001
vn 0.8969 0.4423 -0.0001
vn 0.8970 0.4420 -0.0000
vn -0.0002 0.9320 -0.3624
vn 0.1409 0.9797 -0.1423
vn 0.1293 0.9004 -0.4155
vn 0.4113 0.9003 -0.1423
vn 0.3780 0.8274 -0.4154
vn 0.3140 0.6875 -0.6548
vn 0.1069 0.7481 -0.6549
vn 0.5958 0.6874 -0.4154
vn 0.6482 0.7480 -0.1423
vn 0.8327 0.5351 -0.1423
vn 0.7652 0.4918 -0.4154
vn 0.9497 0.2788 -0.1424
vn 0.8728 0.2562 -0.4154
vn 0.7251 0.2131 -0.6549
vn 0.5185 0.1516 -0.8415
vn 0.4551 0.2922 -0.8411
vn 0.1842 0.2129 -0.9595
vn 0.1171 0.2562 -0.9595
vn 0.0426 0.2789 -0.9594
vn 0.0761 0.5352 -0.8413
vn -0.0006 0.4423 -0.8969
vn -0.0005 0.7373 -0.6756
vn 0.2248 0.4918 -0.8412
vn 0.3543 0.4086 -0.8411
vn 0.4952 0.5711 -0.6547
vn 0.6358 0.4085 -0.6548
vn 0.7017 0.1229 0.7018
vn 0.7252 0.2131 0.6547
vn 0.5184 0.1523 0.8415
vn 0.3792 0.1136 0.9183
vn 0.4547 0.2923 0.8413
vn 0.1841 0.2129 0.9596
vn 0.3540 0.4086 0.8413
vn 0.2245 0.4918 0.8413
vn 0.4950 0.5712 0.6548
vn 0.3139 0.6875 0.6548
vn 0.1074 0.7481 0.6548
vn 0.0770 0.5352 0.8412
vn 0.3779 0.8274 0.4154
vn 0.5958 0.6874 0.4154
vn 0.6479 0.7483 0.1423
vn 0.4114 0.9003 0.1423
vn 0.7653 0.4917 0.4154
vn 0.6360 0.4085 0.6547
vn 0.8728 0.2563 0.4153
vn 0.9182 0.1136 0.3794
vn 0.9497 0.2788 0.1423
vn 0.8328 0.5349 0.1423
vn 0.1409 0.9797 0.1423
vn 0.1292 0.9004 0.4155
vn -0.0002 0.9320 0.3624
vn -0.0001 0.7373 0.6756
vn 0.0005 0.4423 0.8969
vn 0.0411 0.2789 0.9594
vn 0.1164 0.2562 0.9596
vn -0.0001 0.0872 0.9962
vn -0.3790 0.1135 -0.9184
vn -0.3798 0.1135 -0.9181
vn -0.7017 0.1228 -0.7018
vn -0.7016 0.1227 -0.7019
vn -0.9182 0.1136 -0.3796
vn -0.9184 0.1135 -0.3789
vn 0.0002 0.9320 -0.3624
vn 0.0001 0.7373 -0.6756
vn 0.0007 0.4422 -0.8969
vn 0.0001 0.0872 0.9962
vn 0.0001 0.4422 0.8969
vn 0.0001 0.7372 0.6756
vn 0.0001 0.9320 0.3624
vn -0.9184 0.1135 0.3789
vn -0.9182 0.1135 0.3794
vn -0.7018 0.1228 0.7017
vn -0.7018 0.1226 0.7018
vn -0.3794 0.1136 0.9182
vn -0.3792 0.1135 0.9183
vn -0.3624 0.9320 -0.0000
vn -0.1410 0.9797 -0.1423
vn -0.4112 0.9004 -0.1423
vn -0.1293 0.9004 -0.4154
vn -0.3779 0.8274 -0.4154
vn -0.5957 0.6875 -0.4154
vn -0.6483 0.7480 -0.1423
vn -0.3140 0.6875 -0.6548
vn -0.1072 0.7481 -0.6549
vn -0.0759 0.5351 -0.8414
vn -0.2247 0.4918 -0.8412
vn -0.0412 0.2789 -0.9594
vn -0.1166 0.2564 -0.9595
vn -0.1840 0.2129 -0.9596
vn -0.3542 0.4085 -0.8412
vn -0.4550 0.2922 -0.8412
vn -0.6358 0.4086 -0.6548
vn -0.5185 0.1524 -0.8414
vn -0.7251 0.2130 -0.6549
vn -0.8728 0.2563 -0.4154
vn -0.7653 0.4917 -0.4154
vn -0.9497 0.2788 -0.1423
vn -0.8968 0.4424 -0.0000
vn -0.8327 0.5351 -0.1423
vn -0.6756 0.7372 -0.0000
vn -0.4951 0.5711 -0.6548
vn -0.8969 0.4422 -0.0000
vn -0.9497 0.2788 0.1424
vn -0.8327 0.5351 0.1423
vn -0.8728 0.2564 0.4153
vn -0.7652 0.4918 0.4154
vn -0.5957 0.6875 0.4154
vn -0.6478 0.7484 0.1424
vn -0.6360 0.4085 0.6547
vn -0.7252 0.2128 0.6548
vn -0.5187 0.1529 0.8412
vn -0.4550 0.2922 0.8412
vn -0.1838 0.2130 0.9596
vn -0.3540 0.4086 0.8413
vn -0.1164 0.2564 0.9595
vn -0.2244 0.4918 0.8413
vn -0.3139 0.6875 0.6549
vn -0.4951 0.5711 0.6548
vn -0.0766 0.5351 0.8413
vn -0.0413 0.2788 0.9594
vn -0.1074 0.7480 0.6549
vn -0.1293 0.9004 0.4155
vn -0.3779 0.8274 0.4154
vn -0.4113 0.9003 0.1423
vn -0.1409 0.9797 0.1423
vn -0.3626 0.9319 -0.0000
vn -0.6754 0.7374 -0.0000
vn 0.0001 0.0871 0.9962
vn 0.3792 0.1135 0.9183
vn 0.7018 0.1228 0.7017
vn 0.9184 0.1135 0.3789
vn -0.0000 -0.3829 -0.9238
vn -0.0000 -0.3826 -0.9239
vn -0.0000 -0.7071 -0.7072
vn -0.0000 -0.7070 -0.7072
vn -0.0000 -0.9239 -0.3827
vn -0.0000 0.8660 0.5000
s 1
usemtl TSS_USBC_B_SuiteModelMtl01
f 1//1 2//1 3//1 4//1
f 2//2 5//2 6//2 3//2
f 5//3 7//3 8//3 6//3
f 7//4 9//4 10//4 8//4
f 9//5 11//5 12//5 10//5
f 11//6 13//6 14//6 12//6
f 13//7 15//7 16//7 14//7
f 15//8 17//8 18//8 16//8
f 17//9 19//9 20//9 18//9
f 19//10 21//10 22//10 20//10
f 21//11 23//11 24//11 22//11
f 23//12 1//12 4//12 24//12
f 9//13 13//13 11//13
f 15//13 13//13 9//13
f 17//13 15//13 9//13
f 7//13 17//13 9//13
f 19//13 17//13 7//13
f 5//13 19//13 7//13
f 21//13 19//13 5//13
f 2//13 21//13 5//13
f 23//13 21//13 2//13
f 1//13 23//13 2//13
f 6//14 4//14 3//14
f 10//14 6//14 8//14
f 24//14 6//14 10//14
f 24//14 4//14 6//14
f 22//14 24//14 10//14
f 20//14 22//14 10//14
f 12//14 20//14 10//14
f 18//14 20//14 12//14
f 16//14 18//14 12//14
f 14//14 16//14 12//14
f 25//1 26//1 27//1 28//1
f 26//2 29//2 30//2 27//2
f 29//3 31//3 32//3 30//3
f 31//4 33//4 34//4 32//4
f 33//5 35//5 36//5 34//5
f 35//6 37//6 38//6 36//6
f 37//7 39//7 40//7 38//7
f 39//8 41//8 42//8 40//8
f 41//9 43//9 44//9 42//9
f 43//10 45//10 46//10 44//10
f 45//11 47//11 48//11 46//11
f 47//12 25//12 28//12 48//12
f 33//13 37//13 35//13
f 39//13 37//13 33//13
f 41//13 39//13 33//13
f 31//13 41//13 33//13
f 43//13 41//13 31//13
f 29//13 43//13 31//13
f 45//13 43//13 29//13
f 26//13 45//13 29//13
f 47//13 45//13 26//13
f 25//13 47//13 26//13
f 30//14 28//14 27//14
f 34//14 30//14 32//14
f 48//14 30//14 34//14
f 48//14 28//14 30//14
f 46//14 48//14 34//14
f 44//14 46//14 34//14
f 36//14 44//14 34//14
f 42//14 44//14 36//14
f 40//14 42//14 36//14
f 38//14 40//14 36//14
f 49//15 50//15 51//15 52//15
f 50//16 53//16 54//16 51//16
f 53//17 55//17 56//17 54//17
f 55//18 57//18 58//18 56//18
f 57//19 59//19 60//19 58//19
f 59//6 61//6 62//6 60//6
f 61//20 63//20 64//20 62//20
f 63//21 65//21 66//21 64//21
f 67//7 68//7 69//7 70//7
f 71//14 72//14 68//14 67//14
f 65//22 73//22 74//22 66//22
f 73//23 75//23 76//23 74//23
f 77//20 78//20 72//20 71//20
f 70//13 69//13 78//13 77//13
f 67//24 70//24 77//24 71//24
f 75//25 79//25 80//25 76//25
f 79//26 49//26 52//26 80//26
f 81//24 82//24 83//24
f 84//24 82//24 81//24
f 85//24 84//24 81//24
f 86//24 85//24 81//24
f 87//24 85//24 86//24
f 88//24 85//24 87//24
f 89//24 88//24 87//24
f 90//24 89//24 87//24
f 91//24 89//24 90//24
f 92//24 89//24 91//24
f 93//24 92//24 91//24
f 94//24 92//24 93//24
f 95//24 94//24 93//24
f 96//24 95//24 93//24
f 97//24 95//24 96//24
f 98//24 95//24 97//24
f 99//24 98//24 97//24
f 100//24 98//24 99//24
f 101//24 100//24 99//24
f 102//24 101//24 99//24
f 103//24 101//24 102//24
f 104//24 103//24 102//24
f 105//24 103//24 104//24
f 106//24 103//24 105//24
f 107//24 106//24 105//24
f 108//24 107//24 105//24
f 109//24 107//24 108//24
f 110//24 109//24 108//24
f 111//24 109//24 110//24
f 112//24 111//24 110//24
f 113//24 111//24 112//24
f 114//27 111//24 113//24
f 115//24 114//27 113//24
f 116//6 117//6 118//6
f 119//6 117//6 116//6
f 120//6 119//6 116//6
f 121//6 119//6 120//6
f 122//6 121//6 120//6
f 123//6 121//6 122//6
f 124//6 123//6 122//6
f 125//6 123//6 124//6
f 126//6 125//6 124//6
f 127//6 125//6 126//6
f 128//6 127//6 126//6
f 129//6 127//6 128//6
f 130//6 129//6 128//6
f 131//6 129//6 130//6
f 132//6 131//6 130//6
f 133//6 131//6 132//6
f 134//6 133//6 132//6
f 135//6 133//6 134//6
f 136//6 135//6 134//6
f 137//6 135//6 136//6
f 138//6 137//6 136//6
f 139//6 137//6 138//6
f 140//6 139//6 138//6
f 141//6 139//6 140//6
f 142//6 141//6 140//6
f 143//6 141//6 142//6
f 144//6 143//6 142//6
f 145//6 143//6 144//6
f 146//6 145//6 144//6
f 147//6 145//6 146//6
f 148//6 147//6 146//6
f 149//6 147//6 148//6
f 150//6 149//6 148//6
f 113//28 131//29 115//30
f 113//28 112//31 131//29
f 131//29 112//31 129//31
f 129//31 112//31 110//32
f 127//33 110//32 108//34
f 125//35 108//34 105//36
f 123//37 105//36 104//38
f 121//39 104//38 102//40
f 119//41 102//40 99//42
f 117//42 99//42 97//43
f 118//43 97//43 96//44
f 116//45 96//44 93//46
f 120//47 93//46 91//48
f 122//49 91//48 90//50
f 124//51 90//50 87//52
f 126//53 87//52 86//54
f 128//55 86//54 81//56
f 130//57 81//56 83//58
f 132//58 83//58 134//59
f 132//58 130//57 83//58
f 83//58 82//59 134//59
f 134//59 82//59 84//60
f 136//61 84//60 85//62
f 138//63 85//62 88//64
f 140//65 88//64 89//66
f 142//67 89//66 92//68
f 144//69 92//68 94//70
f 146//71 94//70 95//72
f 148//72 95//72 98//73
f 150//73 98//73 100//74
f 149//74 100//74 101//75
f 147//76 101//75 103//77
f 145//78 103//77 106//79
f 143//80 106//79 107//81
f 141//82 107//81 109//83
f 139//84 109//83 111//85
f 137//85 111//85 114//86
f 135//87 114//86 133//88
f 135//87 137//85 114//86
f 114//86 115//30 133//88
f 133//88 115//30 131//29
f 137//85 139//84 111//85
f 139//84 141//82 109//83
f 141//82 143//80 107//81
f 143//80 145//78 106//79
f 145//78 147//76 103//77
f 147//76 149//74 101//75
f 149//74 150//73 100//74
f 150//73 148//72 98//73
f 148//72 146//71 95//72
f 146//71 144//69 94//70
f 144//69 142//67 92//68
f 142//67 140//65 89//66
f 140//65 138//63 88//64
f 138//63 136//61 85//62
f 136//61 134//59 84//60
f 130//57 128//55 81//56
f 128//55 126//53 86//54
f 126//53 124//51 87//52
f 124//51 122//49 90//50
f 122//49 120//47 91//48
f 120//47 116//45 93//46
f 116//45 118//43 96//44
f 118//43 117//42 97//43
f 117//42 119//41 99//42
f 119//41 121//39 102//40
f 121//39 123//37 104//38
f 123//37 125//35 105//36
f 125//35 127//33 108//34
f 127//33 129//31 110//32
f 65//14 63//14 61//14
f 59//14 65//14 61//14
f 73//14 65//14 59//14
f 75//14 73//14 59//14
f 57//14 75//14 59//14
f 79//14 75//14 57//14
f 55//14 79//14 57//14
f 53//14 79//14 55//14
f 49//14 79//14 53//14
f 50//14 49//14 53//14
f 151//6 152//6 153//6 154//6
f 155//7 151//7 154//7 156//7
f 58//13 60//13 62//13
f 64//13 58//13 62//13
f 66//13 58//13 64//13
f 56//13 58//13 66//13
f 74//13 56//13 66//13
f 54//13 56//13 74//13
f 76//13 54//13 74//13
f 51//13 54//13 76//13
f 80//13 51//13 76//13
f 52//13 51//13 80//13
f 157//24 158//24 159//24 160//24
f 158//7 161//7 162//7 159//7
f 159//13 162//13 163//13 160//13
f 160//20 163//20 164//20 157//20
f 157//14 164//14 161//14 158//14
f 164//6 163//6 162//6 161//6
f 165//24 166//24 167//24 168//24
f 166//7 169//7 170//7 167//7
f 167//13 170//13 171//13 168//13
f 172//14 152//14 151//14 155//14
f 173//20 153//20 152//20 172//20
f 168//20 171//20 174//20 165//20
f 156//13 154//13 153//13 173//13
f 155//24 156//24 173//24 172//24
f 175//6 176//6 177//6 178//6
f 165//14 174//14 169//14 166//14
f 179//7 175//7 178//7 180//7
f 181//14 176//14 175//14 179//14
f 68//6 72//6 78//6 69//6
f 182//20 177//20 176//20 181//20
f 174//6 171//6 170//6 169//6
f 183//24 184//24 185//24 186//24
f 184//13 187//13 188//13 185//13
f 185//20 188//20 189//20 186//20
f 186//14 189//14 190//14 183//14
f 183//7 190//7 187//7 184//7
f 190//6 189//6 188//6 187//6
f 191//24 192//24 193//24 194//24
f 180//13 178//13 177//13 182//13
f 179//24 180//24 182//24 181//24
f 195//6 196//6 197//6 198//6
f 199//14 195//14 198//14 200//14
f 201//20 196//20 195//20 199//20
f 192//7 202//7 203//7 193//7
f 193//13 203//13 204//13 194//13
f 205//13 197//13 196//13 201//13
f 194//20 204//20 206//20 191//20
f 200//7 198//7 197//7 205//7
f 191//14 206//14 202//14 192//14
f 199//24 200//24 205//24 201//24
f 206//6 204//6 203//6 202//6
usemtl TSS_USBC_B_SuiteModelMtl02
f 207//13 208//13 209//13 210//13 211//13 212//13
f 213//13 214//13 215//13
f 216//13 214//13 213//13
f 217//13 214//13 216//13
f 218//13 214//13 217//13
f 219//89 220//90 221//91
f 221//91 220//90 222//92
f 223//93 222//92 224//94
f 225//95 223//93 224//94
f 225//95 226//96 223//93
f 225//95 227//97 226//96
f 226//96 227//97 228//98
f 229//99 228//98 230//100
f 231//101 229//99 230//100
f 231//101 232//102 229//99
f 231//101 233//103 232//102
f 229//99 226//96 228//98
f 223//93 221//91 222//92
f 234//104 235//14 236//14 237//14
f 238//7 239//7 240//7
f 241//7 238//7 240//7
f 242//7 241//7 240//7
f 243//7 242//7 240//7
f 244//105 242//7 243//7
f 245//105 242//7 244//105
f 246//7 242//7 245//105
f 247//7 242//7 246//7
f 248//7 242//7 247//7
f 249//7 242//7 248//7
f 250//106 249//7 248//7
f 251//7 250//106 248//7
f 252//107 253//20 254//20 255//108
f 256//109 257//109 258//109 259//109
f 260//13 261//13 262//13 263//13
f 264//110 265//24 266//111
f 267//112 265//24 264//110
f 268//113 265//24 267//112
f 269//108 270//107 271//114
f 271//114 270//107 272//115
f 273//116 272//115 274//117
f 275//118 274//117 276//119
f 277//120 276//121 278//122
f 277//123 275//118 276//119
f 214//13 218//13 276//121
f 276//121 218//13 279//124
f 278//122 276//121 279//124
f 275//118 273//116 274//117
f 273//116 271//114 272//115
f 280//125 281//126 282//126
f 283//127 284//128 285//129
f 283//127 285//129 286//129
f 283//127 286//129 287//130
f 283//127 287//130 288//126
f 283//127 288//126 280//125
f 283//127 280//125 282//126
f 289//131 284//128 283//127
f 290//13 291//13 292//13 293//13
f 294//6 295//6 296//6
f 297//6 294//6 296//6
f 298//6 297//6 296//6
f 299//132 300//133 301//134
f 302//133 300//133 299//132
f 303//135 299//132 301//134
f 304//133 300//133 302//133
f 305//136 300//133 304//133
f 306//133 303//135 301//134
f 307//13 308//137 309//138
f 309//138 308//137 310//138
f 311//139 310//138 312//139
f 313//140 312//139 314//140
f 315//6 314//140 316//6
f 315//6 313//140 314//140
f 313//140 311//139 312//139
f 311//139 309//138 310//138
f 292//13 291//13 317//141
f 317//141 291//13 318//142
f 319//117 318//142 320//117
f 321//143 320//117 322//144
f 323//108 322//144 324//20
f 323//108 321//143 322//144
f 321//143 319//117 320//117
f 319//117 317//141 318//142
f 325//13 326//119 327//13
f 327//13 326//119 328//119
f 328//119 326//119 329//145
f 330//145 329//145 331//146
f 332//146 331//146 254//20
f 253//20 332//146 254//20
f 332//146 330//145 331//146
f 330//145 328//119 329//145
f 333//30 334//30 335//30
f 336//147 333//148 335//7
f 337//7 336//147 335//7
f 338//7 337//7 335//7
f 339//7 337//7 338//7
f 340//7 339//7 338//7
f 341//7 340//7 338//7
f 342//7 340//7 341//7
f 343//7 340//7 342//7
f 344//7 343//7 342//7
f 345//7 343//7 344//7
f 346//7 343//7 345//7
f 347//7 343//7 346//7
f 348//7 343//7 347//7
f 349//7 348//7 347//7
f 350//7 348//7 349//7
f 351//7 350//7 349//7
f 352//149 350//7 351//7
f 353//7 350//7 352//149
f 354//7 350//7 353//7
f 355//7 354//7 353//7
f 356//7 354//7 355//7
f 357//7 354//7 356//7
f 358//7 357//7 356//7
f 359//7 358//7 356//7
f 360//7 358//7 359//7
f 361//7 360//7 359//7
f 362//7 361//7 359//7
f 363//7 362//7 359//7
f 364//7 363//7 359//7
f 365//150 366//151 367//150 368//152 369//151 370//152
f 371//14 372//14 373//153
f 373//153 372//14 374//154
f 375//155 374//154 376//155
f 377//156 376//155 378//156
f 379//20 378//156 380//107
f 379//20 377//156 378//156
f 377//156 375//155 376//155
f 375//155 373//153 374//154
f 381//6 235//6 234//6
f 382//6 383//6 384//6
f 385//6 382//6 384//6
f 386//6 235//6 381//6
f 387//6 382//6 385//6
f 388//6 386//6 381//6
f 389//6 386//6 388//6
f 390//6 387//6 385//6
f 391//6 389//6 388//6
f 392//6 387//6 390//6
f 393//6 392//6 390//6
f 394//6 389//6 391//6
f 395//6 394//6 391//6
f 396//6 392//6 393//6
f 397//6 394//6 395//6
f 398//6 396//6 393//6
f 399//6 397//6 395//6
f 400//6 396//6 398//6
f 401//6 397//6 399//6
f 402//6 400//6 398//6
f 403//6 397//6 401//6
f 404//6 402//6 398//6
f 405//6 404//6 398//6
f 405//6 403//6 404//6
f 405//6 397//6 403//6
f 406//6 405//6 398//6
f 407//14 408//14 409//14 410//14
f 411//157 412//157 413//158
f 414//157 412//157 411//157
f 415//157 412//157 414//157
f 416//157 412//157 415//157
f 417//157 418//159 419//160
f 419//160 418//159 420//161
f 421//162 419//160 420//161
f 421//162 422//163 419//160
f 421//162 423//164 422//163
f 421//162 424//165 423//164
f 421//162 425//166 424//165
f 426//20 427//20 428//20 429//20
f 430//167 431//130 432//127
f 433//131 430//167 432//127
f 434//126 433//131 432//127
f 435//131 434//126 432//127
f 436//129 435//131 432//127
f 437//168 436//129 432//127
f 438//126 437//168 432//127
f 439//126 437//168 438//126
f 440//20 441//20 442//107
f 443//20 440//20 442//107
f 412//20 443//20 442//107
f 413//108 412//20 442//107
f 444//20 443//20 412//20
f 445//20 443//20 444//20
f 446//20 443//20 445//20
f 447//20 446//20 445//20
f 448//6 315//6 316//6
f 449//6 448//6 316//6
f 450//6 315//6 448//6
f 451//6 449//6 316//6
f 452//6 451//6 316//6
f 453//6 315//6 450//6
f 454//6 315//6 453//6
f 324//6 452//6 316//6
f 455//6 454//6 453//6
f 456//6 452//6 324//6
f 457//6 454//6 455//6
f 322//6 456//6 324//6
f 458//6 457//6 455//6
f 459//6 456//6 322//6
f 320//6 459//6 322//6
f 460//6 457//6 458//6
f 461//6 460//6 458//6
f 462//6 459//6 320//6
f 318//6 462//6 320//6
f 463//6 460//6 461//6
f 464//6 462//6 318//6
f 465//6 463//6 461//6
f 290//6 464//6 318//6
f 466//6 463//6 465//6
f 291//6 290//6 318//6
f 467//6 466//6 465//6
f 468//7 469//7 470//7
f 471//7 468//7 470//7
f 472//7 468//7 471//7
f 473//7 472//7 471//7
f 474//7 468//7 472//7
f 475//7 473//7 471//7
f 476//7 474//7 472//7
f 477//7 473//7 475//7
f 478//7 477//7 475//7
f 479//7 474//7 476//7
f 480//7 474//7 479//7
f 481//7 478//7 475//7
f 482//7 480//7 479//7
f 483//7 478//7 481//7
f 484//7 480//7 482//7
f 485//7 483//7 481//7
f 486//7 483//7 485//7
f 487//7 484//7 482//7
f 259//7 487//7 482//7
f 488//7 486//7 485//7
f 258//7 487//7 259//7
f 489//7 487//7 258//7
f 490//7 486//7 488//7
f 491//7 492//7 493//7
f 494//7 492//7 491//7
f 495//7 490//7 488//7
f 496//7 494//7 491//7
f 497//7 490//7 495//7
f 498//7 496//7 491//7
f 499//7 490//7 497//7
f 500//7 496//7 498//7
f 501//7 499//7 497//7
f 502//7 499//7 501//7
f 503//7 500//7 498//7
f 504//7 502//7 501//7
f 505//7 500//7 503//7
f 506//7 504//7 501//7
f 507//7 500//7 505//7
f 508//7 507//7 505//7
f 509//7 504//7 506//7
f 510//7 508//7 509//7
f 510//7 507//7 508//7
f 510//7 509//7 506//7
f 511//7 507//7 510//7
f 512//7 511//7 510//7
f 513//169 512//7 510//7
f 514//150 515//152 358//150 360//150
f 516//7 517//7 518//7
f 519//7 516//7 518//7
f 520//7 516//7 519//7
f 521//170 516//7 520//7
f 522//88 516//7 521//170
f 523//7 524//171 525//7
f 523//7 522//88 524//171
f 523//7 516//7 522//88
f 526//7 523//7 525//7
f 527//7 526//7 525//7
f 528//7 527//7 525//7
f 529//7 527//7 528//7
f 368//20 530//20 369//20
f 531//20 530//20 368//20
f 532//20 531//20 368//20
f 533//20 531//20 532//20
f 534//20 533//20 532//20
f 535//20 533//20 534//20
f 536//20 535//20 534//20
f 537//20 536//20 534//20
f 538//7 539//169 540//171
f 541//7 538//7 540//171
f 542//7 541//7 540//171
f 543//7 542//7 540//171
f 544//7 542//7 543//7
f 545//7 542//7 544//7
f 546//7 545//7 544//7
f 547//172 545//7 546//7
f 548//7 549//7 547//172
f 548//7 547//172 546//7
f 550//173 551//174 552//175
f 552//175 551//174 553//174
f 553//174 551//174 554//176
f 555//176 554//176 556//6
f 555//176 553//174 554//176
f 554//176 557//6 556//6
f 558//177 559//178 560//179
f 560//179 559//178 561//179
f 562//180 561//179 563//180
f 564//181 563//180 565//182
f 566//183 565//182 567//184
f 568//185 567//184 569//185
f 570//186 569//185 571//186
f 572//187 571//186 573//187
f 572//187 570//186 571//186
f 570//186 568//185 569//185
f 568//185 566//183 567//184
f 566//183 564//181 565//182
f 564//181 562//180 563//180
f 562//180 560//179 561//179
f 574//6 575//6 576//188
f 576//188 575//6 577//189
f 578//190 577//189 579//191
f 578//190 576//188 577//189
f 577//189 580//190 579//191
f 579//191 580//190 581//191
f 582//192 583//193 584//194
f 584//194 583//193 585//195
f 585//195 583//193 586//196
f 586//196 583//193 587//197
f 588//198 586//196 587//197
f 588//198 589//199 586//196
f 588//198 590//200 589//199
f 589//199 590//200 591//201
f 591//201 590//200 409//14
f 408//14 591//201 409//14
f 592//13 593//137 594//202
f 594//202 593//137 595//203
f 596//204 594//202 595//203
f 596//204 597//205 594//202
f 594//202 597//205 598//206
f 599//207 594//202 598//206
f 599//207 600//208 594//202
f 599//207 601//209 600//208
f 600//208 601//209 602//210
f 603//211 602//210 604//212
f 605//213 603//211 604//212
f 605//213 606//214 603//211
f 603//215 606//216 607//217
f 608//218 607//217 609//219
f 610//220 608//218 609//219
f 610//220 611//221 608//218
f 608//218 611//221 612//24
f 612//24 611//221 613//222
f 614//223 612//24 613//222
f 614//223 615//224 612//24
f 612//24 615//224 616//225
f 617//24 612//24 616//225
f 608//218 603//215 607//217
f 603//211 600//208 602//210
f 618//24 619//24 620//24 621//24
f 622//106 454//170 623//226
f 623//226 454//170 457//226
f 624//227 457//226 460//227
f 625//228 460//227 463//228
f 626//13 463//228 466//13
f 626//13 625//228 463//228
f 625//228 624//227 460//227
f 624//227 623//226 457//226
f 627//20 628//20 270//107 269//108
f 466//13 467//13 629//13 626//13
f 630//14 631//14 632//229
f 632//229 631//14 633//229
f 634//230 633//229 635//231
f 636//232 635//231 637//232
f 638//233 637//232 639//233
f 640//234 639//233 641//234
f 640//234 638//233 639//233
f 638//233 636//232 637//232
f 636//232 634//230 635//231
f 634//230 632//229 633//229
f 642//235 240//7 643//236
f 642//235 243//7 240//7
f 643//236 644//235 645//237
f 643//236 240//7 644//235
f 644//235 646//236 645//237
f 645//237 646//236 647//24
f 647//24 646//236 648//237
f 649//24 647//24 648//237
f 650//30 651//30 652//30
f 653//147 650//238 652//7
f 654//7 653//147 652//7
f 655//7 654//7 652//7
f 656//7 654//7 655//7
f 657//7 656//7 655//7
f 658//7 657//7 655//7
f 659//7 657//7 658//7
f 660//7 657//7 659//7
f 661//7 660//7 659//7
f 662//7 660//7 661//7
f 663//7 660//7 662//7
f 664//7 660//7 663//7
f 665//7 660//7 664//7
f 666//7 665//7 664//7
f 667//7 666//7 664//7
f 668//7 666//7 667//7
f 669//149 666//7 668//7
f 670//7 666//7 669//149
f 671//7 666//7 670//7
f 672//7 671//7 670//7
f 673//7 671//7 672//7
f 674//7 671//7 673//7
f 675//7 674//7 673//7
f 676//7 675//7 673//7
f 677//7 675//7 676//7
f 678//7 677//7 676//7
f 679//147 678//7 676//7
f 680//7 679//147 676//7
f 681//88 679//147 680//7
f 342//239 682//239 683//191 344//239
f 684//14 685//240 686//241
f 686//241 685//240 687//242
f 688//243 687//242 689//244
f 690//245 689//244 691//245
f 692//246 691//245 693//247
f 694//248 693//247 695//249
f 694//248 692//246 693//247
f 692//246 690//245 691//245
f 690//245 688//243 689//244
f 688//243 686//241 687//242
f 696//20 697//20 698//250
f 698//250 697//20 699//251
f 700//252 699//251 701//252
f 702//253 701//252 703//253
f 704//24 703//253 705//24
f 704//24 702//253 703//253
f 702//253 700//252 701//252
f 700//252 698//250 699//251
f 706//254 707//255 708//256
f 708//256 707//255 709//257
f 709//257 707//255 710//258
f 711//259 710//258 712//260
f 713//261 712//260 714//262
f 715//263 714//262 716//264
f 715//263 713//261 714//262
f 446//20 447//20 714//262
f 714//262 447//20 716//264
f 713//261 711//259 712//260
f 711//259 709//257 710//258
f 713//265 715//266 717//267
f 718//268 713//265 717//267
f 718//268 719//269 713//265
f 713//265 719//269 711//270
f 711//270 719//269 720//271
f 709//272 720//271 721//273
f 708//256 721//273 722//274
f 708//256 709//272 721//273
f 715//266 723//275 717//267
f 717//267 723//275 724//276
f 725//277 717//267 724//276
f 709//272 711//270 720//271
f 722//274 706//254 708//256
f 219//89 706//254 722//274
f 220//90 219//89 722//274
f 726//254 220//90 722//274
f 727//14 728//14 729//14 730//14
f 731//13 513//13 732//278
f 732//278 513//13 510//279
f 506//280 732//278 510//279
f 506//280 733//281 732//278
f 506//280 232//282 733//281
f 506//280 501//283 232//282
f 232//282 501//283 229//284
f 229//284 501//283 226//285
f 226//285 501//283 223//286
f 223//286 501//283 221//287
f 221//287 501//283 219//288
f 219//288 501//283 706//289
f 706//289 501//283 707//290
f 707//290 501//283 710//291
f 710//291 501//283 712//292
f 712//292 501//283 714//293
f 714//293 501//283 446//294
f 446//294 501//283 497//295
f 443//296 497//295 495//6
f 440//297 495//6 441//6
f 440//297 443//296 495//6
f 443//296 446//294 497//295
f 734//13 735//298 736//13
f 736//13 735//298 737//298
f 737//298 735//298 738//299
f 739//299 738//299 740//300
f 741//301 740//300 742//302
f 741//301 739//299 740//300
f 740//300 743//303 742//302
f 742//302 743//303 744//304
f 745//305 742//302 744//304
f 739//299 737//298 738//299
f 268//113 267//112 746//306
f 746//306 267//112 747//307
f 748//308 746//306 747//307
f 748//308 749//309 746//306
f 748//308 750//310 749//309
f 748//308 751//311 750//310
f 750//310 751//311 752//312
f 752//312 751//311 753//313
f 754//314 753//313 755//315
f 756//316 755//315 757//317
f 758//318 756//316 757//317
f 755//315 756//316 754//314
f 754//314 756//316 759//319
f 760//320 754//314 759//319
f 760//320 761//321 754//314
f 754//314 752//312 753//313
f 762//322 546//322 763//322
f 548//322 546//322 762//322
f 764//323 548//322 762//322
f 765//322 548//322 764//323
f 766//324 765//322 764//323
f 767//324 765//322 766//324
f 768//325 767//324 766//324
f 769//325 768//325 766//324
f 770//326 768//325 769//325
f 771//326 768//325 770//326
f 772//24 773//24 774//24 775//24
f 776//327 777//328 778//329
f 779//330 776//327 778//329
f 780//331 779//330 778//329
f 781//332 780//331 778//329
f 782//332 781//332 778//329
f 783//333 782//332 778//329
f 784//328 783//333 778//329
f 785//329 784//328 778//329
f 786//329 785//329 778//329
f 787//334 785//329 786//329
f 788//152 789//152 675//150 677//152
f 790//305 791//304 792//335
f 792//335 791//304 793//335
f 794//300 793//335 795//300
f 796//336 795//300 797//337
f 798//338 797//337 799//339
f 800//13 799//339 801//13
f 800//13 798//338 799//339
f 798//338 796//336 797//337
f 796//336 794//300 795//300
f 794//300 792//335 793//335
f 802//14 803//14 804//14 805//14
f 806//14 807//14 808//14 809//14 810//14 811//14
f 812//20 813//20 814//20
f 815//20 812//20 814//20
f 816//20 812//20 815//20
f 817//20 816//20 815//20
f 818//20 816//20 817//20
f 819//20 818//20 817//20
f 820//20 818//20 819//20
f 821//20 822//107 823//20
f 821//20 823//20 820//20
f 821//20 820//20 819//20
f 824//20 822//107 821//20
f 825//20 822//107 824//20
f 826//20 822//107 825//20
f 827//340 828//341 829//340
f 829//340 828//341 830//342
f 830//342 828//341 831//343
f 832//344 830//342 831//343
f 832//344 833//345 830//342
f 832//344 834//346 833//345
f 833//345 834//346 835//347
f 835//347 834//346 836//348
f 837//349 835//347 836//348
f 837//349 838//349 835//347
f 839//24 840//24 841//350
f 841//350 840//24 842//350
f 843//351 842//350 844//352
f 845//150 844//352 846//152
f 845//150 843//351 844//352
f 843//351 841//350 842//350
f 847//7 848//149 849//7
f 850//7 847//7 849//7
f 851//7 850//7 849//7
f 852//7 847//7 850//7
f 853//7 852//7 850//7
f 854//7 852//7 853//7
f 855//7 852//7 854//7
f 856//7 855//7 854//7
f 857//7 855//7 856//7
f 858//7 857//7 856//7
f 281//7 858//7 856//7
f 280//7 858//7 281//7
f 859//7 858//7 280//7
f 860//353 861//354 862//355
f 863//356 862//355 864//357
f 865//358 864//357 866//359
f 865//358 863//356 864//357
f 861//354 867//360 862//355
f 862//355 867//360 868//361
f 869//362 868//361 870//363
f 871//364 869//362 870//365
f 871//364 872//366 869//362
f 871//364 873//367 872//366
f 872//366 873//367 874//368
f 875//369 872//366 874//368
f 875//369 876//370 872//366
f 869//362 862//355 868//361
f 877//371 878//371 864//357
f 864//357 878//371 879//372
f 866//359 864//357 879//372
f 863//356 860//353 862//355
f 880//373 881//374 882//375
f 882//375 881//374 883//376
f 884//377 883//376 885//378
f 886//379 885//378 887//380
f 888//381 887//380 889//382
f 890//383 888//381 889//382
f 890//383 891//384 888//381
f 890//383 892//385 891//384
f 890//383 893//386 892//385
f 890//383 872//366 893//386
f 893//386 872//366 876//370
f 875//369 893//386 876//370
f 875//369 874//368 893//386
f 888//381 886//379 887//380
f 886//379 884//377 885//378
f 884//377 882//375 883//376
f 579//191 581//191 894//239 895//191
f 384//14 383//14 896//14 897//14
f 877//6 864//387 438//6
f 438//6 864//387 862//388
f 898//389 862//388 869//390
f 899//391 869//390 872//392
f 900//393 872//392 890//394
f 889//395 900//393 890//394
f 889//395 887//396 900//393
f 900//393 887//396 885//397
f 883//398 900//393 885//397
f 883//398 901//399 900//393
f 883//398 881//14 901//399
f 900//393 899//391 872//392
f 899//391 898//389 869//390
f 898//389 438//6 862//388
f 413//158 902//400 411//157
f 411//157 902//400 903//401
f 903//401 902//400 904//402
f 904//402 902//400 905//403
f 906//404 905//403 907//405
f 906//404 904//402 905//403
f 905//403 908//406 907//405
f 907//405 908//406 909//407
f 909//407 908//406 910//14
f 911//14 909//407 910//14
f 542//408 425//409 541//410
f 541//410 425//409 421//411
f 420//412 541//410 421//411
f 420//412 538//413 541//410
f 420//412 539//414 538//413
f 420//412 418//415 539//414
f 912//13 913//13 489//13 258//13 257//13
f 914//416 396//187 915//186
f 915//186 396//187 400//186
f 916//185 400//186 402//185
f 917//183 402//185 404//184
f 918//181 404//184 403//181
f 919//180 403//181 401//180
f 920//179 401//180 399//179
f 921//177 399//179 395//177
f 921//177 920//179 399//179
f 920//179 919//180 401//180
f 919//180 918//181 403//181
f 918//181 917//183 404//184
f 917//183 916//185 402//185
f 916//185 915//186 400//186
f 922//6 923//417 924//6
f 924//6 923//417 925//418
f 925//418 923//417 926//371
f 927//419 926//371 928//420
f 929//421 928//420 930//20
f 931//20 929//421 930//20
f 929//421 927//419 928//420
f 927//419 925//418 926//371
f 932//6 933//6 934//189
f 934//189 933//6 935//189
f 936//190 934//189 935//189
f 936//190 937//190 934//189
f 936//190 938//191 937//190
f 937//190 938//191 939//239
f 827//340 829//340 423//422 424//422 425//422
f 940//20 941//20 942//20
f 943//20 941//20 940//20
f 944//20 943//20 940//20
f 945//20 943//20 944//20
f 946//20 945//20 944//20
f 947//20 945//20 946//20
f 948//20 947//20 946//20
f 949//20 948//20 946//20
f 950//20 951//20 952//20
f 953//20 951//20 950//423
f 954//20 953//20 950//423
f 955//20 953//20 954//20
f 956//20 955//20 954//20
f 957//20 955//20 956//20
f 931//20 957//20 956//20
f 930//20 957//20 931//20
f 958//6 248//6 959//6
f 960//6 958//6 959//6
f 961//6 248//6 958//6
f 962//6 960//6 959//6
f 963//6 962//6 959//6
f 964//6 248//6 961//6
f 251//6 248//6 964//6
f 965//6 963//6 959//6
f 966//6 251//6 964//6
f 967//6 963//6 965//6
f 968//6 251//6 966//6
f 969//6 967//6 965//6
f 970//6 968//6 966//6
f 971//6 967//6 969//6
f 972//6 968//6 970//6
f 973//6 971//6 969//6
f 974//6 971//6 973//6
f 975//6 972//6 970//6
f 976//6 974//6 973//6
f 977//6 972//6 975//6
f 978//6 977//6 975//6
f 979//6 974//6 976//6
f 980//6 979//6 976//6
f 981//6 980//6 976//6
f 982//6 977//6 978//6
f 983//6 977//6 982//6
f 515//152 984//424 358//150
f 358//150 984//424 357//424
f 357//424 984//424 985//425
f 354//425 985//425 350//24
f 354//425 357//424 985//425
f 985//425 986//24 350//24
f 987//24 651//24 988//426
f 988//426 651//24 650//426
f 989//427 650//426 653//428
f 990//429 653//428 654//430
f 990//429 989//427 653//428
f 989//427 988//426 650//426
f 991//24 494//24 992//218
f 992//218 494//24 496//218
f 993//211 496//218 500//211
f 994//431 500//211 507//431
f 995//432 507//431 511//432
f 996//13 511//432 512//13
f 996//13 995//432 511//432
f 995//432 994//431 507//431
f 994//431 993//211 500//211
f 993//211 992//218 496//218
f 997//429 998//428 999//430
f 999//430 998//428 1000//428
f 1000//428 998//428 1001//433
f 1002//433 1001//433 1003//24
f 1004//24 1002//433 1003//24
f 1002//433 1000//428 1001//433
f 828//434 827//435 425//436
f 831//437 828//434 425//436
f 832//438 831//437 425//436
f 834//439 832//438 425//436
f 836//408 834//439 425//436
f 837//437 836//408 425//436
f 1005//440 837//437 425//436
f 1006//441 1005//440 425//436
f 1007//442 1006//441 425//436
f 1008//443 1007//442 425//436
f 1009//444 1008//443 425//436
f 1010//441 1009//443 425//409
f 545//434 1010//441 425//409
f 542//408 545//434 425//409
f 1011//445 1012//20 1013//446
f 1011//445 1014//447 1012//20
f 1012//20 1015//448 1013//446
f 1013//446 1015//448 1016//449
f 1017//450 1016//449 1018//451
f 1019//452 1018//451 1020//453
f 1021//454 1020//453 1022//455
f 1021//454 1019//452 1020//453
f 1020//453 1023//456 1022//455
f 1019//452 1017//450 1018//451
f 1017//450 1013//446 1016//449
f 1024//24 1025//24 1026//457
f 1026//457 1025//24 1027//458
f 1028//459 1026//457 1027//458
f 1028//459 1029//460 1026//457
f 1028//459 1030//461 1029//460
f 1029//460 1030//461 1031//462
f 1032//463 1029//460 1031//462
f 1032//463 1033//464 1029//460
f 1029//460 1033//464 1034//465
f 1035//466 1029//460 1034//465
f 1035//466 1036//467 1029//460
f 1035//466 1037//467 1036//467
f 1036//467 1038//468 1029//460
f 1029//460 1038//468 1039//469
f 1040//470 1039//469 1041//471
f 1042//472 1040//470 1041//471
f 1042//472 1043//473 1040//470
f 1040//470 1043//473 1044//474
f 1045//475 1040//470 1044//474
f 1045//475 1046//476 1040//470
f 1040//470 1046//476 1047//13
f 1047//13 1046//476 1048//13
f 1040//470 1029//460 1039//469
f 1049//7 1050//106 397//170
f 405//7 1049//7 397//170
f 1051//7 1049//7 405//7
f 1052//7 1049//7 1051//7
f 1053//169 1049//7 1052//7
f 1054//7 1055//7 1056//7
f 1054//7 1053//169 1055//7
f 1054//7 1049//7 1053//169
f 1057//7 1054//7 1056//7
f 1058//7 1057//7 1056//7
f 1059//7 1058//7 1056//7
f 1060//7 1059//7 1056//7
f 1061//239 1062//191 939//239 938//191
f 1063//477 1064//477 1065//478
f 1066//479 1063//477 1065//478
f 1067//480 1066//479 1065//478
f 1068//479 1067//480 1065//478
f 1069//479 1068//479 1065//478
f 851//479 1069//479 1065//478
f 1070//479 851//479 1065//478
f 850//479 851//479 1070//479
f 1071//481 1072//482 1073//483
f 1073//483 1072//482 1074//484
f 1074//484 1072//482 1075//485
f 1075//485 1072//482 1076//486
f 1077//487 1076//486 1078//158
f 1077//487 1075//485 1076//486
f 1076//486 1079//488 1078//158
f 722//489 721//490 726//491
f 726//491 721//490 1080//492
f 1081//493 1080//494 1082//495
f 1081//493 726//489 1080//494
f 721//490 720//496 1080//492
f 1080//492 720//496 719//497
f 718//498 1080//492 719//497
f 718//498 717//499 1080//492
f 1080//492 717//499 725//500
f 1083//501 1080//492 725//500
f 1083//501 1084//502 1080//492
f 1083//501 1085//503 1084//502
f 1084//502 1085//503 416//24
f 1086//24 1084//502 416//24
f 1080//494 1087//504 1082//495
f 1082//495 1087//504 1088//505
f 1088//505 1087//504 1089//506
f 1089//506 1087//504 1090//507
f 1090//507 1087//504 1091//508
f 1091//508 1087//504 1092//509
f 1092//509 1087//504 1093//510
f 1093//510 1087//504 1094//14
f 1095//14 1093//510 1094//14
f 509//511 1094//511 504//512
f 504//512 1094//511 1087//513
f 502//514 1087//513 1080//514
f 499//515 1080//514 1084//516
f 490//517 1084//516 1086//517
f 490//517 499//515 1084//516
f 499//515 502//514 1080//514
f 502//514 504//512 1087//513
f 860//20 606//20 861//20
f 863//20 606//20 860//20
f 865//20 606//20 863//20
f 607//20 606//20 865//20
f 609//20 607//20 865//20
f 610//20 609//20 865//20
f 846//152 1096//151 1097//150 940//150 942//151 845//150
f 980//13 1098//13 979//518
f 979//519 1098//13 1099//520
f 974//521 1099//520 1100//522
f 971//523 1100//522 1101//523
f 967//524 1101//523 1102//524
f 967//524 971//523 1101//523
f 971//523 974//521 1100//522
f 974//521 979//519 1099//520
f 1103//20 1104//20 1105//20 1106//20
f 805//14 804//14 1107//525
f 1107//525 804//14 1108//525
f 1109//526 1108//525 1110//526
f 1111//527 1110//526 1112//528
f 558//177 1112//528 559//178
f 558//177 1111//527 1112//528
f 1111//527 1109//526 1110//526
f 1109//526 1107//525 1108//525
f 1113//6 427//6 1114//6
f 1113//6 1114//6 1115//6
f 1116//6 427//6 1113//6
f 335//6 427//6 1116//6
f 1117//6 427//6 335//6
f 252//6 1118//6 364//6
f 252//6 364//6 1119//6
f 252//6 1119//6 1113//6
f 252//6 1113//6 1115//6
f 252//6 1115//6 1120//6
f 1121//6 1118//6 252//6
f 1122//6 1118//6 1121//6
f 1123//6 1118//6 1122//6
f 1124//6 1125//6 1126//6
f 1127//6 1125//6 1124//6
f 1128//6 1125//6 1127//6
f 442//6 1125//6 1128//6
f 441//6 1125//6 442//6
f 441//6 1123//6 1125//6
f 441//6 1118//6 1123//6
f 495//6 1118//6 441//6
f 495//6 488//6 1118//6
f 1129//6 488//529 1130//6
f 1131//6 488//529 1129//6
f 1132//6 488//529 1131//6
f 1133//6 488//529 1132//6
f 215//6 488//529 1133//6
f 214//6 488//529 215//6
f 276//6 488//529 214//6
f 274//6 488//529 276//6
f 272//6 488//529 274//6
f 270//6 488//529 272//6
f 1120//6 488//529 270//6
f 652//6 488//529 1120//6
f 428//6 488//529 652//6
f 628//6 1120//6 270//6
f 427//6 488//6 428//6
f 1117//6 488//6 427//6
f 253//6 1120//6 628//6
f 1118//6 488//6 1117//6
f 252//6 1120//6 253//6
f 1134//6 1135//530 1136//531
f 1137//6 1134//6 1136//531
f 1138//6 1137//6 1136//531
f 1139//6 1138//6 1136//531
f 327//6 1140//6 1139//6
f 327//6 1141//6 1140//6
f 327//6 1142//6 1141//6
f 327//6 1143//6 1142//6
f 327//6 628//6 1143//6
f 327//6 1139//6 1136//531
f 1144//6 327//6 1136//531
f 328//6 628//6 327//6
f 1145//6 1144//6 1136//531
f 330//6 628//6 328//6
f 1146//6 1145//6 1136//531
f 332//6 628//6 330//6
f 1147//6 1146//6 1136//531
f 253//6 628//6 332//6
f 1148//6 1147//6 1136//531
f 540//532 1147//6 1148//6
f 1149//14 1150//393 1151//14
f 1151//14 1150//393 1152//533
f 1152//533 1150//393 1153//391
f 1154//391 1153//391 1155//534
f 1154//391 1152//533 1153//391
f 1153//391 1156//389 1155//534
f 1155//534 1156//389 1157//6
f 1157//6 1156//389 1158//6
f 518//7 517//7 1159//535
f 1159//535 517//7 1160//535
f 1161//536 1160//535 1162//537
f 1163//538 1162//537 1164//538
f 802//14 1164//538 803//14
f 802//14 1163//538 1164//538
f 1163//538 1161//536 1162//537
f 1161//536 1159//535 1160//535
f 1165//14 1166//14 1167//14 1168//14
f 892//20 598//20 891//107
f 893//108 598//20 892//20
f 874//20 598//20 893//108
f 873//20 598//20 874//20
f 871//20 598//20 873//20
f 599//20 598//20 871//20
f 870//20 599//20 871//20
f 601//20 599//20 870//20
f 602//20 601//20 870//20
f 983//539 1169//13 977//228
f 977//228 1169//13 1170//228
f 972//227 1170//228 1171//478
f 968//226 1171//478 1172//540
f 251//7 1172//540 250//106
f 251//7 968//226 1172//540
f 968//226 972//227 1171//478
f 972//227 977//228 1170//228
f 1037//541 1022//455 1023//456
f 1173//542 1037//541 1023//456
f 1174//456 1173//542 1023//456
f 1036//543 1037//541 1173//542
f 1175//6 1176//6 667//6 664//6
f 300//133 305//136 1177//544
f 1177//544 305//136 1178//544
f 1179//545 1178//544 1180//546
f 1181//547 1180//546 1182//547
f 1183//548 1182//547 1184//549
f 912//13 1184//549 913//13
f 912//13 1183//548 1184//549
f 1183//548 1181//547 1182//547
f 1181//547 1179//545 1180//546
f 1179//545 1177//544 1178//544
f 1185//550 1186//551 1187//552
f 1187//552 1186//551 1188//552
f 1189//553 1188//552 1190//554
f 1191//299 1190//554 1192//299
f 1193//298 1192//299 1194//338
f 1195//13 1194//338 1196//13
f 1195//13 1193//298 1194//338
f 1193//298 1191//299 1192//299
f 1191//299 1189//553 1190//554
f 1189//553 1187//552 1188//552
f 353//175 1197//555 1198//175 355//556
f 378//24 1199//110 380//24
f 376//24 1199//110 378//24
f 374//24 1199//110 376//24
f 372//24 1199//110 374//24
f 1200//24 1199//110 372//24
f 1201//24 1199//110 1200//24
f 1202//24 1199//110 1201//24
f 1203//24 1199//110 1202//24
f 573//24 1199//110 1203//24
f 571//24 1199//110 573//24
f 569//24 1199//110 571//24
f 567//24 1199//110 569//24
f 565//24 1199//110 567//24
f 563//24 1199//110 565//24
f 1110//24 559//24 1112//24
f 1110//24 561//24 559//24
f 1108//24 561//24 1110//24
f 804//24 561//24 1108//24
f 803//24 561//24 804//24
f 1164//24 561//24 803//24
f 1164//24 563//24 561//24
f 1164//24 1199//110 563//24
f 1162//24 1199//110 1164//24
f 1160//24 1199//110 1162//24
f 516//110 1199//110 1160//24
f 517//24 516//110 1160//24
f 940//150 1097//150 944//424
f 944//424 1097//150 1204//424
f 946//350 1204//424 1205//350
f 949//24 1205//350 1206//24
f 949//24 946//350 1205//350
f 946//350 944//424 1204//424
f 1207//133 1208//134 1209//557
f 1210//133 1208//134 1207//133
f 1211//558 1207//133 1209//557
f 1212//133 1208//134 1210//133
f 1213//133 1208//134 1212//133
f 1214//559 1211//558 1209//557
f 1215//20 1216//20 1217//20
f 1218//20 1215//20 1217//20
f 1219//20 1218//20 1217//20
f 1220//20 1219//20 1217//20
f 1221//20 1219//20 1220//20
f 1222//20 1219//20 1221//20
f 1223//560 1224//6 1225//561
f 1223//560 1226//6 1224//6
f 1224//6 1227//560 1225//561
f 1225//561 1227//560 1228//175
f 1228//175 1227//560 1229//562
f 1230//175 1228//175 1229//562
f 1024//517 1026//563 486//517
f 486//517 1026//563 483//564
f 483//564 1026//563 1029//565
f 478//565 1029//565 1040//566
f 477//567 1040//566 1047//568
f 473//568 477//567 1047//568
f 477//567 478//565 1040//566
f 478//565 483//564 1029//565
f 1231//20 1232//20 1233//250
f 1233//250 1232//20 1234//251
f 1235//252 1234//251 1236//252
f 1237//569 1236//252 1238//570
f 1239//24 1238//570 1240//24
f 1239//24 1237//569 1238//570
f 1237//569 1235//252 1236//252
f 1235//252 1233//250 1234//251
f 1210//24 1207//24 1241//24 1242//24
f 572//187 573//187 1243//571
f 1243//571 573//187 1203//571
f 1244//572 1203//571 1202//573
f 1245//574 1202//573 1201//574
f 1246//14 1201//574 1200//14
f 1246//14 1245//574 1201//574
f 1245//574 1244//572 1202//573
f 1244//572 1243//571 1203//571
f 815//14 469//14 817//575
f 817//575 469//14 468//575
f 819//576 468//575 474//576
f 821//577 474//576 480//577
f 824//578 480//577 484//578
f 825//24 484//578 487//24
f 825//24 824//578 484//578
f 824//578 821//577 480//577
f 821//577 819//576 474//576
f 819//576 817//575 468//575
f 1247//14 1248//14 1249//14 1250//14
f 1251//7 787//7 1252//579
f 786//7 1252//579 787//7
f 1253//7 1252//579 786//7
f 1254//7 1253//7 786//7
f 1255//7 1253//7 1254//7
f 1256//7 1253//7 1255//7
f 1257//7 1256//7 1255//7
f 1258//7 1257//7 1255//7
f 1135//580 1258//7 1255//7
f 1259//581 1258//7 1135//580
f 321//24 323//24 1260//24
f 319//24 321//24 1260//24
f 317//24 319//24 1260//24
f 292//24 317//24 1260//24
f 293//24 292//24 1260//24
f 1261//24 293//24 1260//24
f 1262//24 1261//24 1260//24
f 1263//24 1262//24 1260//24
f 1264//24 1263//24 1260//24
f 1265//24 1264//24 1260//24
f 1266//24 1265//24 1260//24
f 1267//24 1266//24 1260//24
f 1268//24 1267//24 1260//24
f 1269//24 1268//24 1260//24
f 1270//24 1271//24 1272//24
f 1270//24 1272//24 1273//24
f 1274//24 1270//24 1273//24
f 629//24 1274//24 1273//24
f 626//24 629//24 1273//24
f 625//24 626//24 1273//24
f 625//24 1273//24 1269//24
f 625//24 1269//24 1260//24
f 624//24 625//24 1260//24
f 623//24 624//24 1260//24
f 622//24 623//24 1260//24
f 1275//24 622//24 1260//24
f 1276//7 1228//7 1277//171
f 942//7 1228//7 1276//7
f 942//7 1225//7 1228//7
f 942//7 1223//7 1225//7
f 942//7 1226//7 1223//7
f 1278//7 942//7 1276//7
f 845//7 942//7 1278//7
f 843//7 845//7 1278//7
f 841//7 843//7 1278//7
f 839//7 841//7 1278//7
f 1279//7 839//7 1278//7
f 1280//7 839//7 1279//7
f 1004//7 839//7 1280//7
f 1002//7 1004//7 1280//7
f 1000//149 1002//7 1280//7
f 999//7 1000//149 1280//7
f 1281//7 999//7 1280//7
f 941//7 999//7 1281//7
f 1282//7 941//7 1281//7
f 894//7 941//7 1282//7
f 581//7 941//7 894//7
f 580//7 941//7 581//7
f 577//7 941//7 580//7
f 575//7 941//7 577//7
f 437//7 1283//7 436//582
f 436//582 1283//7 1284//583
f 435//584 1284//583 434//585
f 435//584 436//582 1284//583
f 1284//583 1285//479 434//585
f 434//585 1285//479 433//586
f 433//586 1285//479 430//228
f 430//228 1285//479 1286//228
f 1287//13 430//228 1286//228
f 1287//13 431//539 430//228
f 303//13 1103//13 1106//13 299//13
f 675//150 789//152 674//424
f 674//424 789//152 1288//424
f 671//425 1288//424 1289//425
f 666//24 1289//425 1290//24
f 666//24 671//425 1289//425
f 671//425 674//424 1288//424
f 549//7 548//7 1291//587
f 1291//587 548//7 1292//588
f 1292//588 548//7 765//589
f 1009//590 765//589 1008//591
f 1009//590 1292//588 765//589
f 765//589 767//592 1008//591
f 1008//591 767//592 1007//593
f 1007//593 767//592 768//594
f 1006//595 768//594 771//596
f 1005//349 1006//595 771//596
f 1006//595 1007//593 768//594
f 1293//597 1294//598 694//248
f 1167//248 1294//598 1293//597
f 1295//599 1293//597 694//248
f 1166//248 1294//598 1167//248
f 1296//600 1294//598 1166//248
f 695//249 1295//599 694//248
f 1297//24 1298//24 1299//24 1300//24
f 1301//108 398//107 1302//601
f 1302//601 398//107 393//156
f 1303//155 393//156 390//155
f 1304//154 390//155 385//602
f 897//14 385//602 384//14
f 897//14 1304//154 385//602
f 1304//154 1303//155 390//155
f 1303//155 1302//601 393//156
f 412//157 416//157 444//603
f 444//603 416//157 1085//604
f 1083//605 444//603 1085//604
f 1083//605 445//606 444//603
f 1083//605 447//607 445//606
f 1083//605 725//277 447//607
f 447//607 725//277 724//276
f 723//275 447//607 724//276
f 723//275 716//608 447//607
f 723//275 715//609 716//608
f 1305//13 1306//13 1307//119
f 1307//119 1306//13 1308//119
f 1309//145 1308//119 1310//145
f 1311//146 1310//145 1312//146
f 1313//20 1312//146 1314//20
f 1313//20 1311//146 1312//146
f 1311//146 1309//145 1310//145
f 1309//145 1307//119 1308//119
f 1196//13 1315//13 1316//13 1195//13
f 1317//610 1318//234 1319//234
f 1320//611 1318//234 1317//610
f 1168//194 1317//610 1319//234
f 1321//234 1165//611 1168//194
f 1321//234 1168//194 1319//234
f 1322//234 1321//234 1319//234
f 362//425 1323//24 361//424
f 362//425 363//24 1323//24
f 1323//24 1324//425 361//424
f 361//424 1324//425 360//150
f 360//150 1324//425 1325//424
f 514//150 360//150 1325//424
f 529//13 1326//612 527//470
f 527//470 1326//612 1327//470
f 526//460 1327//470 1328//460
f 523//613 1328//460 1329//613
f 516//110 1329//613 1199//110
f 516//110 523//613 1329//613
f 523//613 526//460 1328//460
f 526//460 527//470 1327//470
f 1330//13 1331//614 1332//13
f 1332//13 1331//614 1333//615
f 1333//615 1331//614 1334//616
f 1335//616 1334//616 1336//546
f 1337//617 1336//546 1338//618
f 1337//617 1335//616 1336//546
f 1336//546 1339//619 1338//618
f 1338//618 1339//619 306//133
f 301//134 1338//618 306//133
f 1335//616 1333//615 1334//616
f 1315//13 1340//614 1316//13
f 1316//13 1340//614 1341//614
f 1341//614 1340//614 1342//620
f 1343//621 1342//620 1344//545
f 1345//622 1344//545 1346//618
f 1345//622 1343//621 1344//545
f 1344//545 1347//618 1346//618
f 1346//618 1347//618 1214//559
f 1209//557 1346//618 1214//559
f 1343//621 1341//614 1342//620
f 1290//24 1348//24 665//24 666//24
f 1295//13 1320//13 1317//13 1293//13
f 683//191 1349//190 344//239
f 344//239 1349//190 345//190
f 345//190 1349//190 1350//623
f 346//624 1350//623 347//6
f 346//624 345//190 1350//623
f 1350//623 1351//6 347//6
f 618//305 1186//551 1185//550
f 1352//625 1186//551 618//305
f 619//626 618//305 1185//550
f 1353//305 1354//305 619//626
f 1353//305 619//626 1185//550
f 1355//305 1353//305 1185//550
f 302//24 299//24 1106//24 1105//24
f 334//24 333//426 1356//24
f 1356//24 333//426 1357//627
f 1357//627 333//426 336//428
f 337//429 1357//627 336//428
f 337//429 1358//428 1357//627
f 337//429 1359//429 1358//428
f 672//175 1360//556 673//628
f 673//628 1360//556 1361//628
f 676//629 1361//628 1362//560
f 680//6 1362//560 1114//6
f 680//6 676//629 1362//560
f 676//629 673//628 1361//628
f 1173//542 1363//630 1036//543
f 1036//543 1363//630 1038//631
f 1038//631 1363//630 1039//632
f 1039//632 1363//630 1364//633
f 1041//634 1364//633 1365//635
f 1042//636 1365//635 1366//637
f 1043//638 1366//637 1367//639
f 1044//640 1043//638 1367//639
f 1366//637 951//641 1367//639
f 1043//638 1042//636 1366//637
f 1042//636 1041//634 1365//635
f 1041//634 1039//632 1364//633
f 629//13 467//13 1274//642
f 1274//642 467//13 465//642
f 1270//643 465//642 461//644
f 1271//645 461//644 458//646
f 1272//647 458//646 455//648
f 1272//647 1271//645 458//646
f 1271//645 1270//643 461//644
f 1270//643 1274//642 465//642
f 1368//20 1369//649 1370//20
f 1370//20 1369//649 1371//649
f 1371//649 1369//649 1372//650
f 1373//650 1372//650 1374//651
f 1375//651 1374//651 1376//6
f 1377//6 1375//651 1376//6
f 1375//651 1373//650 1374//651
f 1373//650 1371//649 1372//650
f 1378//652 1379//653 1380//654
f 1380//654 1379//653 1381//655
f 1382//656 1381//655 1383//657
f 1382//656 1380//654 1381//655
f 1381//655 1384//658 1383//657
f 1383//657 1384//658 1385//659
f 1385//659 1384//658 1386//660
f 1386//660 1384//658 1387//661
f 1388//662 1387//661 1389//662
f 1388//662 1386//660 1387//661
f 1230//175 1390//175 1277//175 1228//175
f 536//24 1391//24 535//663
f 535//663 1391//24 1392//663
f 533//664 1392//663 1393//664
f 531//430 1393//664 1394//430
f 531//430 533//664 1393//664
f 533//664 535//663 1392//663
f 1359//429 337//429 339//430 1395//430
f 1396//20 1397//20 1398//20
f 1399//20 1397//20 1396//20
f 1400//20 1397//20 1399//20
f 1401//20 1400//20 1399//20
f 1402//20 1400//20 1401//20
f 406//20 1400//20 1402//20
f 1403//20 406//20 398//107
f 1403//20 1400//20 406//20
f 1404//20 1403//20 398//107
f 1405//20 1404//20 398//107
f 1406//20 1405//20 398//107
f 1301//108 1406//20 398//107
f 349//6 1407//6 351//176
f 351//176 1407//6 1408//176
f 352//562 1408//176 1409//562
f 353//175 1409//562 1197//555
f 353//175 352//562 1409//562
f 352//562 351//176 1408//176
f 1253//665 1256//666 1071//667
f 1410//668 1253//668 1071//669
f 1378//670 1410//668 1071//669
f 1380//668 1410//668 1378//670
f 1411//671 1410//668 1380//668
f 1382//668 1411//671 1380//668
f 1412//672 1411//671 1382//668
f 1383//672 1412//672 1382//668
f 1385//672 1412//672 1383//672
f 1413//673 1412//672 1385//672
f 1386//674 1413//673 1385//672
f 1414//675 1413//673 1386//674
f 1415//671 1414//675 1386//674
f 1388//676 1415//671 1386//674
f 1198//175 1416//628 355//556
f 355//556 1416//628 356//628
f 356//628 1416//628 1417//176
f 359//629 1417//176 364//6
f 359//629 356//628 1417//176
f 1417//629 1418//6 364//6
f 486//517 490//517 1086//517 1024//517
f 1226//6 282//6 1419//6
f 1224//6 1226//6 1419//6
f 942//6 282//6 1226//6
f 1096//6 1224//6 1419//6
f 283//6 282//6 942//6
f 1420//6 1096//6 1419//6
f 941//6 1421//6 283//6
f 941//6 283//6 942//6
f 574//6 1420//6 1419//6
f 575//6 1421//6 941//6
f 575//6 1422//6 1421//6
f 1195//6 1422//6 575//6
f 1195//6 575//6 574//6
f 1316//6 1422//6 1195//6
f 1316//6 1423//6 1422//6
f 800//6 1423//6 1316//6
f 800//6 1424//6 1423//6
f 1332//6 1424//6 800//6
f 1332//6 822//6 1424//6
f 1425//6 1195//6 574//6
f 1426//6 1425//6 574//6
f 1426//6 574//6 1419//6
f 798//6 800//6 1316//6
f 1341//6 798//6 1316//6
f 1193//6 1195//6 1425//6
f 1191//6 1193//6 1425//6
f 796//6 798//6 1341//6
f 1343//6 796//6 1341//6
f 794//6 796//6 1343//6
f 1345//6 794//6 1343//6
f 1189//6 1191//6 1425//6
f 1346//6 794//6 1345//6
f 1187//6 1189//6 1425//6
f 792//6 794//6 1346//6
f 1427//6 1187//6 1425//6
f 790//6 792//6 1346//6
f 1209//6 790//6 1346//6
f 745//6 790//6 1209//6
f 1208//6 745//6 1209//6
f 1428//6 745//6 1208//6
f 742//6 745//6 1428//6
f 741//6 742//6 1428//6
f 1429//6 741//6 1428//6
f 1430//6 741//6 1429//6
f 739//6 741//6 1430//6
f 1431//6 739//6 1430//6
f 737//6 739//6 1431//6
f 736//6 737//6 1431//6
f 1432//6 736//6 1431//6
f 1427//6 1185//6 1187//6
f 1355//6 1427//6 1433//6
f 1355//6 1185//6 1427//6
f 1434//6 1355//6 1433//6
f 1435//6 1434//6 1433//6
f 1436//6 1435//6 1433//6
f 1437//6 1436//6 1433//6
f 210//6 1437//6 1433//6
f 209//6 1437//6 210//6
f 822//6 256//6 823//6
f 1332//6 256//6 822//6
f 1333//6 256//6 1332//6
f 1335//6 256//6 1333//6
f 1337//6 256//6 1335//6
f 1338//6 256//6 1337//6
f 1177//6 301//677 300//6
f 1179//6 301//677 1177//6
f 1181//6 301//677 1179//6
f 1183//6 301//677 1181//6
f 1183//6 1338//6 301//677
f 257//6 1338//6 1183//6
f 257//6 256//6 1338//6
f 912//6 257//6 1183//6
f 1438//7 367//7 366//7
f 1438//7 1439//7 367//7
f 1438//7 1440//7 1439//7
f 1394//7 1440//7 1438//7
f 1393//7 1440//7 1394//7
f 1393//7 1441//7 1440//7
f 1392//7 1441//7 1393//7
f 1391//7 1441//7 1392//7
f 1218//678 1219//679 1442//680
f 1215//681 1442//680 1216//682
f 1215//681 1218//678 1442//680
f 1443//683 1419//371 1444//684
f 1443//685 1445//686 1419//686
f 1419//371 1446//687 1444//684
f 1444//684 1446//687 1442//680
f 1219//679 1444//684 1442//680
f 1216//688 1442//689 1447//690
f 1447//690 1442//689 1448//691
f 1449//692 1448//691 761//321
f 1450//693 761//321 1451//694
f 1450//693 1449//692 761//321
f 1451//694 761//321 1452//695
f 1452//695 761//321 760//320
f 759//319 1452//695 760//320
f 759//319 756//696 1452//695
f 1449//692 1447//690 1448//691
f 823//6 256//6 820//697
f 820//697 256//6 1453//698
f 818//699 1453//698 1454//699
f 816//700 1454//699 1455//701
f 812//13 1455//701 1456//13
f 812//13 816//700 1455//701
f 816//700 818//699 1454//699
f 818//699 820//697 1453//698
f 1457//702 325//13 327//13 1144//137
f 1211//13 1458//13 1241//13 1207//13
f 880//373 882//703 593//24
f 593//24 882//703 595//704
f 595//704 882//703 884//705
f 886//706 595//704 884//705
f 886//706 596//707 595//704
f 886//706 888//708 596//707
f 596//707 888//708 597//709
f 597//709 888//708 598//20
f 598//20 888//708 891//107
f 950//710 952//711 471//712
f 470//14 950//710 471//712
f 470//14 954//713 950//710
f 470//14 956//14 954//713
f 1459//714 475//715 1460//716
f 1459//714 1461//717 475//715
f 475//715 1461//717 1462//718
f 1174//719 475//715 1462//718
f 1174//719 1018//720 475//715
f 1174//719 1020//721 1018//720
f 1174//719 1023//722 1020//721
f 1018//720 1016//723 475//715
f 475//715 1016//723 1015//724
f 1012//725 475//715 1015//724
f 1012//725 1463//726 475//715
f 475//715 1463//726 481//727
f 481//727 1463//726 1464//728
f 485//729 1464//728 1130//6
f 488//529 485//729 1130//6
f 485//729 481//727 1464//728
f 475//715 471//712 1460//716
f 1460//716 471//712 952//711
f 1277//175 1390//175 1276//174
f 1276//174 1390//175 1465//174
f 1278//176 1465//174 1466//176
f 1279//6 1466//176 1467//6
f 1279//6 1278//176 1466//176
f 1278//176 1276//174 1465//174
f 1468//24 1469//24 1025//24
f 273//24 275//24 1468//24
f 271//24 273//24 1468//24
f 1470//24 1471//24 269//730
f 1470//24 269//730 271//24
f 1472//24 1470//24 271//24
f 1472//24 271//24 1468//24
f 1473//24 1472//24 1468//24
f 1356//24 1470//24 1472//24
f 987//24 1473//24 1468//24
f 1474//24 1356//24 1472//24
f 681//24 1356//24 1474//24
f 651//24 987//24 1468//24
f 334//24 1356//24 681//24
f 429//24 651//24 1468//24
f 1475//24 334//24 681//24
f 426//24 1475//24 681//24
f 1024//24 1086//24 429//24
f 1024//24 429//24 1468//24
f 1024//24 1468//24 1025//24
f 1476//24 416//24 415//24
f 1477//24 1476//24 1478//24
f 1479//24 1476//24 1477//24
f 1480//24 1476//24 1479//24
f 1471//24 254//24 269//24
f 1471//24 255//24 254//24
f 1471//24 1480//24 255//24
f 1471//24 1476//24 1480//24
f 1323//24 1476//24 1471//24
f 363//24 1476//24 1323//24
f 1481//24 1476//24 363//24
f 1086//24 426//24 429//24
f 1086//24 1475//24 426//24
f 1086//24 1481//24 1475//24
f 1086//24 1476//24 1481//24
f 1086//24 416//24 1476//24
f 1259//731 418//415 1079//732
f 539//414 418//415 1259//731
f 1482//24 539//414 1259//731
f 1483//24 1482//24 1259//731
f 1484//24 1482//24 1483//24
f 1485//24 1484//24 1483//24
f 1486//24 1484//24 1485//24
f 1487//24 1484//24 1486//24
f 1488//24 1487//24 1486//24
f 1457//24 1487//24 1488//24
f 1489//24 1457//24 1488//24
f 325//24 1457//24 1489//24
f 326//24 325//24 1489//24
f 1490//24 326//24 1489//24
f 1491//24 326//24 1490//24
f 329//24 326//24 1491//24
f 1492//24 329//24 1491//24
f 331//24 329//24 1492//24
f 627//24 331//24 1492//24
f 254//24 331//24 627//24
f 275//24 277//24 1468//24
f 966//733 1493//647 970//646
f 970//646 1493//647 1494//646
f 975//644 1494//646 1495//643
f 978//642 1495//643 1496//642
f 982//13 1496//642 1497//13
f 982//13 978//642 1496//642
f 978//642 975//644 1495//643
f 975//644 970//646 1494//646
f 216//13 213//13 1498//734
f 1498//734 213//13 1499//734
f 1500//735 1499//734 1501//736
f 1502//737 1501//736 1503//738
f 1502//737 1500//735 1501//736
f 1501//736 1504//739 1503//738
f 1503//738 1504//739 1505//740
f 1505//740 1504//739 1506//741
f 1507//157 1505//740 1506//741
f 1500//735 1498//734 1499//734
f 1302//24 1406//24 1301//24
f 1303//24 1406//24 1302//24
f 1304//24 1406//24 1303//24
f 897//24 1406//24 1304//24
f 896//24 1406//24 897//24
f 1508//24 1406//24 896//24
f 1509//24 1406//24 1508//24
f 1510//24 1406//24 1509//24
f 914//24 1406//24 1510//24
f 915//24 1406//24 914//24
f 916//24 1406//24 915//24
f 917//24 1406//24 916//24
f 918//24 1406//24 917//24
f 919//24 1406//24 918//24
f 1511//24 921//24 1512//24
f 1511//24 920//24 921//24
f 1513//24 920//24 1511//24
f 237//24 920//24 1513//24
f 236//24 920//24 237//24
f 1514//24 920//24 236//24
f 1514//24 919//24 920//24
f 1514//24 1406//24 919//24
f 1515//24 1406//24 1514//24
f 1516//24 1406//24 1515//24
f 1049//24 1406//24 1516//24
f 1050//24 1049//24 1516//24
f 1517//6 1518//742 1519//6
f 1519//6 1518//742 1520//188
f 1520//188 1518//742 1521//743
f 1522//744 1521//743 1062//191
f 1061//239 1522//744 1062//191
f 1522//744 1520//188 1521//743
f 1354//14 1523//14 620//14 619//14
f 661//191 659//191 1524//239 1525//239
f 1526//248 1527//745 1528//248
f 1528//248 1527//745 1529//746
f 1529//746 1527//745 1530//747
f 1530//747 1527//745 1531//748
f 1532//749 1530//747 1531//748
f 1532//749 1533//750 1530//747
f 1532//749 1534//751 1533//750
f 1533//750 1534//751 1535//752
f 1535//752 1534//751 729//14
f 728//14 1535//752 729//14
f 631//14 630//14 1536//14 493//14 492//14
f 557//6 933//6 932//6 556//6
f 1537//14 289//14 283//14
f 1537//14 1538//753 289//14
f 1421//14 1537//14 283//14
f 553//7 1539//7 552//171
f 369//7 1539//7 553//7
f 369//7 1540//7 1539//7
f 369//7 1541//7 1540//7
f 369//7 1542//7 1541//7
f 555//7 369//7 553//7
f 370//7 369//7 555//7
f 1543//7 370//7 555//7
f 1544//7 1543//7 555//7
f 1299//7 1544//7 555//7
f 556//7 1299//7 555//7
f 932//7 1299//7 556//7
f 1300//7 1299//7 932//7
f 1545//7 1300//7 932//7
f 1546//149 1545//7 932//7
f 1547//7 1546//149 932//7
f 934//7 1547//7 932//7
f 530//7 1547//7 934//7
f 937//7 530//7 934//7
f 939//7 530//7 937//7
f 1062//7 530//7 939//7
f 1521//7 530//7 1062//7
f 1518//7 530//7 1521//7
f 1517//7 530//7 1518//7
f 1280//6 1548//6 1281//189
f 1281//189 1548//6 1549//189
f 1550//190 1281//189 1549//189
f 1550//190 1282//190 1281//189
f 1550//190 895//191 1282//190
f 1282//190 895//191 894//239
f 1326//20 1368//20 1370//20
f 1551//20 1326//20 1370//20
f 1552//20 1326//20 1551//20
f 1553//20 1326//20 1552//20
f 1554//20 1326//20 1553//20
f 1327//20 1555//20 379//20
f 1327//20 1554//20 1555//20
f 1327//20 1326//20 1554//20
f 1328//20 1327//20 379//20
f 1329//20 1328//20 379//20
f 380//107 1329//20 379//20
f 1199//20 1329//20 380//107
f 1398//20 1397//20 1556//251
f 1556//251 1397//20 1557//251
f 1558//252 1557//251 1559//252
f 1560//253 1559//252 1561//253
f 1562//24 1561//253 1563//24
f 1562//24 1560//253 1561//253
f 1560//253 1558//252 1559//252
f 1558//252 1556//251 1557//251
f 1299//24 1298//24 1544//350
f 1544//350 1298//24 1564//350
f 1543//424 1564//350 1565//424
f 370//152 1565//424 365//150
f 370//152 1543//424 1565//424
f 1543//424 1544//350 1564//350
f 921//177 395//177 1512//754
f 1512//754 395//177 391//527
f 1511//526 391//527 388//526
f 1513//525 388//526 381//525
f 237//14 381//525 234//104
f 237//14 1513//525 381//525
f 1513//525 1511//526 388//526
f 1511//526 1512//754 391//527
f 1566//20 207//20 212//20 1567//20 1568//20 1569//20
f 1481//20 1118//20 1117//20 1475//20
f 1570//14 1571//14 774//14 773//14
f 236//14 235//14 1514//538
f 1514//538 235//14 386//538
f 1515//537 386//538 389//537
f 1516//535 389//537 394//535
f 1050//106 394//535 397//170
f 1050//106 1516//535 394//535
f 1516//535 1515//537 389//537
f 1515//537 1514//538 386//538
f 829//108 830//755 762//102
f 762//102 830//755 764//756
f 764//756 830//755 833//757
f 766//758 833//757 835//759
f 769//760 835//759 770//349
f 769//760 766//758 835//759
f 835//759 838//349 770//349
f 766//758 764//756 833//757
f 901//761 1572//761 900//762
f 900//762 1572//761 1573//763
f 899//764 1573//763 1574//764
f 898//765 1574//764 1575//766
f 438//126 1575//766 439//126
f 438//126 898//765 1575//766
f 898//765 899//764 1574//764
f 899//764 900//762 1573//763
f 837//349 1005//349 771//596 770//349 838//349
f 772//767 582//192 584//194
f 1576//768 582//192 772//767
f 773//769 772//767 584//194
f 641//234 1570//234 773//769
f 641//234 773//769 584//194
f 640//234 641//234 584//194
f 667//6 1176//6 668//176
f 668//176 1176//6 1577//770
f 669//561 1577//770 1578//561
f 670//175 1578//561 1579//555
f 670//175 669//561 1578//561
f 669//561 668//176 1577//770
f 262//771 791//304 790//305
f 261//772 791//304 262//771
f 1250//305 262//771 790//305
f 744//304 1247//305 1250//305
f 744//304 1250//305 790//305
f 745//305 744//304 790//305
f 348//24 1580//24 343//433
f 343//433 1580//24 1581//433
f 340//427 1581//433 1582//427
f 339//430 1582//427 1395//430
f 339//430 340//427 1582//427
f 340//427 343//433 1581//433
f 665//24 1348//24 660//433
f 660//433 1348//24 1583//433
f 657//427 1583//433 1584//427
f 656//430 1584//427 1585//430
f 656//430 657//427 1584//427
f 657//427 660//433 1583//433
f 1488//773 1486//774 1139//775
f 1139//775 1486//774 1485//776
f 1138//777 1485//776 1483//778
f 1137//779 1483//778 1259//581
f 1134//780 1259//581 1135//580
f 1134//780 1137//779 1259//581
f 1137//779 1138//777 1483//778
f 1138//777 1139//775 1485//776
f 990//429 654//430 656//430 1585//430
f 1246//14 1200//14 372//14 371//14
f 519//6 1555//6 520//781
f 520//781 1555//6 1554//782
f 521//783 1554//782 1553//783
f 522//393 1553//783 1552//784
f 524//240 1552//784 1551//14
f 524//240 522//393 1552//784
f 522//393 521//783 1553//783
f 521//783 520//781 1554//782
f 442//107 1128//785 413//108
f 413//108 1128//785 902//786
f 902//786 1128//785 1127//155
f 905//787 1127//155 1124//602
f 908//788 1124//602 1126//14
f 910//14 908//788 1126//14
f 908//788 905//787 1124//602
f 905//787 902//786 1127//155
f 308//20 697//20 696//20
f 310//20 308//20 696//20
f 1586//20 310//20 696//20
f 312//20 310//20 1586//20
f 314//20 312//20 1586//20
f 316//20 314//20 1586//20
f 1587//20 324//20 316//20
f 1587//20 316//20 1586//20
f 1588//20 324//20 1587//20
f 1589//20 324//20 1588//20
f 323//108 324//20 1589//20
f 1260//20 323//108 1589//20
f 1590//20 1591//20 1592//20
f 1593//20 1591//20 1590//20
f 1594//20 1593//20 1590//20
f 1595//20 1594//20 1590//20
f 1596//20 1595//20 1590//20
f 1597//20 965//108 959//20
f 1597//20 959//20 1596//20
f 1597//20 1596//20 1590//20
f 1598//20 965//108 1597//20
f 1599//20 965//108 1598//20
f 1600//108 965//108 1599//20
f 1601//20 1600//108 1599//20
f 948//24 1602//24 947//663
f 947//663 1602//24 1603//663
f 945//664 1603//663 1604//664
f 943//430 1604//664 1605//430
f 943//430 945//664 1604//664
f 945//664 947//663 1603//663
f 775//789 1528//248 1606//600
f 774//248 1528//248 775//789
f 1607//598 775//789 1606//600
f 1571//248 1528//248 774//248
f 1526//248 1528//248 1571//248
f 1608//598 1607//598 1606//600
f 814//20 813//20 1609//251
f 1609//251 813//20 1610//251
f 1611//252 1610//251 1612//252
f 1613//253 1612//252 1614//570
f 1615//24 1614//570 1616//24
f 1615//24 1613//253 1614//570
f 1613//253 1611//252 1612//252
f 1611//252 1609//251 1610//251
f 911//14 910//14 1126//14
f 1617//790 911//14 1126//14
f 1618//240 1617//790 1126//14
f 1125//14 1618//240 1126//14
f 1456//568 1455//791 472//568
f 472//568 1455//791 476//792
f 476//792 1455//791 1454//793
f 479//793 1454//793 1453//794
f 482//794 1453//794 256//109
f 259//109 482//794 256//109
f 482//794 479//793 1453//794
f 479//793 476//792 1454//793
f 1208//134 1213//133 1428//795
f 1428//795 1213//133 1619//795
f 1429//546 1619//795 1620//545
f 1430//547 1620//545 1621//547
f 1431//549 1621//547 1622//796
f 1432//612 1622//796 1623//13
f 1432//612 1431//549 1622//796
f 1431//549 1430//547 1621//547
f 1430//547 1429//546 1620//545
f 1429//546 1428//795 1619//795
f 1060//7 1056//7 1624//797
f 1624//797 1056//7 1625//797
f 1626//798 1625//797 1627//798
f 1628//799 1627//798 1629//799
f 1630//24 1629//799 1631//24
f 1630//24 1628//799 1629//799
f 1628//799 1626//798 1627//798
f 1626//798 1624//797 1625//797
f 922//6 924//6 1377//6
f 1632//6 922//6 1377//6
f 1376//6 1632//6 1377//6
f 1602//24 207//24 1566//24
f 1206//24 1602//24 1566//24
f 1523//24 207//24 1602//24
f 1633//24 1523//24 1602//24
f 1188//24 1633//24 1602//24
f 1190//24 1188//24 1602//24
f 949//24 1206//24 1566//24
f 948//24 1190//24 1602//24
f 1186//24 1633//24 1188//24
f 1352//24 1633//24 1186//24
f 1192//24 948//24 949//24
f 1192//24 1190//24 948//24
f 1194//24 1192//24 949//24
f 1196//24 1194//24 949//24
f 208//24 207//24 1523//24
f 1354//24 208//24 1523//24
f 1634//24 208//24 1354//24
f 1635//24 1634//24 1354//24
f 1353//24 1635//24 1354//24
f 1636//24 1635//24 1353//24
f 1637//24 1636//24 1353//24
f 859//24 1196//24 949//24
f 859//24 949//24 1566//24
f 858//24 859//24 1566//24
f 1638//24 1196//24 859//24
f 1639//24 1196//24 1638//24
f 1640//24 1196//24 1639//24
f 1538//24 1196//24 1640//24
f 1315//24 1196//24 1538//24
f 1340//24 1315//24 1538//24
f 1342//24 1340//24 1538//24
f 1344//24 1342//24 1538//24
f 1458//24 1347//24 1344//24
f 1458//24 1344//24 1538//24
f 260//24 1458//24 1538//24
f 1248//24 1458//24 260//24
f 793//24 260//24 1538//24
f 795//24 793//24 1538//24
f 791//24 260//24 793//24
f 261//24 260//24 791//24
f 797//24 795//24 1538//24
f 799//24 797//24 1538//24
f 801//24 799//24 1538//24
f 1537//24 801//24 1538//24
f 1641//24 801//24 1537//24
f 1642//24 801//24 1641//24
f 1643//24 801//24 1642//24
f 1330//24 826//24 825//24
f 1330//24 1643//24 826//24
f 1330//24 801//24 1643//24
f 1331//24 1330//24 825//24
f 1334//24 1331//24 825//24
f 1336//24 1334//24 825//24
f 1103//24 1339//24 1336//24
f 1103//24 1336//24 825//24
f 489//24 1103//24 825//24
f 487//24 489//24 825//24
f 305//24 1180//24 1178//24
f 1182//24 1180//24 305//24
f 1184//24 1182//24 305//24
f 913//24 1184//24 305//24
f 304//24 913//24 305//24
f 1104//24 913//24 304//24
f 489//24 913//24 1104//24
f 489//24 1104//24 1103//24
f 1103//24 306//24 1339//24
f 1103//24 303//24 306//24
f 1213//24 1620//24 1619//24
f 1621//24 1620//24 1213//24
f 1622//24 1621//24 1213//24
f 1212//24 1622//24 1213//24
f 1623//24 1622//24 1212//24
f 1644//24 1623//24 1212//24
f 1248//24 1644//24 1458//24
f 1248//24 1623//24 1644//24
f 1247//24 1623//24 1248//24
f 734//24 1623//24 1247//24
f 735//24 734//24 1247//24
f 738//24 735//24 1247//24
f 744//24 738//24 1247//24
f 740//24 738//24 744//24
f 743//24 740//24 744//24
f 1458//24 1214//24 1347//24
f 1458//24 1211//24 1214//24
f 1351//6 1407//6 349//6 347//6
f 1464//20 1129//108 1130//20
f 1463//20 1129//108 1464//20
f 1645//20 1129//108 1463//20
f 1506//20 1129//108 1645//20
f 1646//20 1645//20 1463//20
f 1647//20 1646//20 1463//20
f 1012//20 1647//20 1463//20
f 1014//447 1647//20 1012//20
f 959//6 248//6 1596//140
f 1596//140 248//6 247//140
f 1595//139 247//140 246//139
f 1594//138 246//139 245//138
f 1593//137 245//138 244//800
f 1593//137 1594//138 245//138
f 1594//138 1595//139 246//139
f 1595//139 1596//140 247//140
f 757//108 755//20 1648//20
f 758//20 757//108 1648//20
f 756//20 758//20 1648//20
f 1452//108 756//20 1648//20
f 1451//20 1452//108 1648//20
f 1649//20 1451//20 1648//20
f 1450//20 1451//20 1649//20
f 1650//20 1450//20 1649//20
f 1651//20 1450//20 1650//20
f 1652//7 1653//7 1654//235
f 1654//235 1653//7 1655//801
f 1656//235 1654//235 1655//801
f 1656//235 1657//236 1654//235
f 1656//235 1658//802 1657//236
f 1657//236 1658//802 1659//236
f 1660//799 1659//236 1661//237
f 1662//24 1661//237 1663//24
f 1662//24 1660//799 1661//237
f 1660//799 1657//236 1659//236
f 661//191 1525//239 662//803
f 662//803 1525//239 1664//803
f 663//623 1664//803 1665//623
f 664//6 1665//623 1175//6
f 664//6 663//623 1665//623
f 663//623 662//803 1664//803
f 1666//20 1148//20 1136//20
f 1667//20 1148//20 1666//20
f 1668//20 1667//20 1666//20
f 1669//20 1668//20 1666//20
f 763//20 1668//20 1669//20
f 778//20 763//20 1669//20
f 417//20 763//20 778//20
f 1078//20 417//20 778//20
f 1077//20 1078//20 778//20
f 419//20 763//20 417//20
f 1075//20 1077//20 778//20
f 422//20 763//20 419//20
f 1074//20 1075//20 778//20
f 423//20 763//20 422//20
f 762//102 763//20 423//20
f 777//20 1074//20 778//20
f 829//108 762//102 423//20
f 1379//20 1074//20 777//20
f 1158//109 1156//804 491//109
f 491//109 1156//804 498//804
f 498//804 1156//804 1153//805
f 503//805 1153//805 1150//806
f 505//807 1150//806 508//511
f 505//807 503//805 1150//806
f 1150//806 1149//808 508//511
f 503//805 498//804 1153//805
f 1523//7 1633//7 621//7 620//7
f 1116//6 1670//623 335//6
f 335//6 1670//623 338//623
f 338//623 1670//623 1671//190
f 341//190 1671//190 682//239
f 342//239 341//190 682//239
f 341//190 338//623 1671//190
f 1391//24 617//24 809//24
f 1441//24 1391//24 809//24
f 536//24 617//24 1391//24
f 537//24 1441//24 809//24
f 808//24 536//24 537//24
f 808//24 537//24 809//24
f 1672//24 536//24 808//24
f 1673//24 536//24 1672//24
f 1674//24 536//24 1673//24
f 612//24 1674//24 1675//24
f 612//24 536//24 1674//24
f 612//24 617//24 536//24
f 1283//24 612//24 1675//24
f 1283//24 1675//24 1296//24
f 1284//24 1283//24 1296//24
f 1285//24 1284//24 1296//24
f 1286//24 1285//24 1296//24
f 1676//24 1286//24 1296//24
f 1676//24 1296//24 1166//24
f 1287//24 1286//24 1676//24
f 1677//24 1287//24 1676//24
f 1321//24 1676//24 1166//24
f 1678//24 1287//24 1677//24
f 1679//24 1287//24 1678//24
f 1165//24 1321//24 1166//24
f 730//24 1287//24 1679//24
f 729//24 1287//24 730//24
f 1534//24 1287//24 729//24
f 1532//24 1287//24 1534//24
f 1306//24 1531//24 1527//24
f 1306//24 1532//24 1531//24
f 1306//24 1287//24 1532//24
f 1308//24 1306//24 1527//24
f 1310//24 1308//24 1527//24
f 1312//24 1310//24 1527//24
f 1314//24 1312//24 1527//24
f 639//24 991//24 1314//24
f 639//24 1314//24 1527//24
f 639//24 1527//24 1526//24
f 639//24 1526//24 1571//24
f 637//24 991//24 639//24
f 641//24 639//24 1571//24
f 635//24 991//24 637//24
f 633//24 991//24 635//24
f 1570//24 641//24 1571//24
f 631//24 991//24 633//24
f 492//24 991//24 631//24
f 494//24 991//24 492//24
f 727//14 730//14 1680//229
f 1680//229 730//14 1679//229
f 1681//230 1679//229 1678//230
f 1682//809 1678//230 1677//809
f 1683//233 1677//809 1676//233
f 1322//234 1676//233 1321//234
f 1322//234 1683//233 1676//233
f 1683//233 1682//809 1677//809
f 1682//809 1681//230 1678//230
f 1681//230 1680//229 1679//229
f 431//539 1305//13 432//13
f 1287//13 1305//13 431//539
f 1306//13 1305//13 1287//13
f 239//810 238//504 1590//14
f 1590//14 238//504 1597//504
f 1597//504 238//504 241//492
f 1598//492 241//492 242//502
f 1599//502 242//502 249//111
f 1601//24 1599//502 249//111
f 1599//502 1598//492 242//502
f 1598//492 1597//504 241//492
f 1420//7 1097//7 1096//7
f 1420//7 1204//7 1097//7
f 1420//7 1205//7 1204//7
f 1605//7 1205//7 1420//7
f 1604//7 1205//7 1605//7
f 1604//7 1206//7 1205//7
f 1603//7 1206//7 1604//7
f 1602//7 1206//7 1603//7
f 1684//7 1685//7 1686//797
f 1686//797 1685//7 1687//797
f 1688//798 1687//797 1689//798
f 1690//799 1689//798 1691//799
f 1692//730 1691//799 1693//24
f 1692//730 1690//799 1691//799
f 1690//799 1688//798 1689//798
f 1688//798 1686//797 1687//797
f 986//24 1580//24 348//24 350//24
f 851//7 849//7 1069//801
f 1069//801 849//7 1694//235
f 1068//235 1694//235 1695//236
f 1067//811 1695//236 1066//236
f 1067//811 1068//235 1695//236
f 1695//236 1696//812 1066//236
f 1066//236 1696//812 1063//237
f 1063//237 1696//812 1697//24
f 1064//24 1063//237 1697//24
f 1068//235 1069//801 1694//235
f 1698//7 1699//7 1685//7
f 1700//7 1698//7 1685//7
f 1701//7 1700//7 1685//7
f 307//7 1701//7 1685//7
f 1684//7 307//7 1685//7
f 309//7 1701//7 307//7
f 311//7 1701//7 309//7
f 313//7 1701//7 311//7
f 315//7 1701//7 313//7
f 1275//7 1701//7 315//7
f 622//106 1275//7 315//7
f 454//170 622//106 315//7
f 1136//531 1135//530 1666//813
f 1666//813 1135//530 1255//814
f 1254//815 1666//813 1255//814
f 1254//815 1669//816 1666//813
f 1254//815 778//329 1669//816
f 1254//815 786//329 778//329
f 1379//653 1378//652 1071//817 1073//817 1074//817
f 1702//13 513//13 731//13
f 1703//13 513//13 1702//13
f 1704//13 513//13 1703//13
f 1705//13 513//13 1704//13
f 297//13 513//13 1705//13
f 1706//13 297//13 298//13
f 1707//13 297//13 1706//13
f 1707//13 513//13 297//13
f 705//13 513//13 1707//13
f 1662//13 705//13 1707//13
f 1240//13 513//13 705//13
f 703//612 1692//818 705//612
f 1238//13 513//13 1240//13
f 1660//13 1662//13 1707//13
f 1690//819 1692//818 703//612
f 1708//13 1660//13 1707//13
f 1657//13 1660//13 1708//13
f 701//13 1690//819 703//612
f 1688//13 1690//819 701//13
f 1236//13 513//13 1238//13
f 1591//13 1657//13 1708//13
f 1234//13 513//13 1236//13
f 1686//13 1688//13 701//13
f 699//13 1686//13 701//13
f 1654//13 1657//13 1591//13
f 697//13 1686//13 699//13
f 1232//13 513//13 1234//13
f 1684//13 1686//13 697//13
f 1652//13 1654//13 1591//13
f 592//13 1652//13 1591//13
f 593//137 592//13 1591//13
f 647//13 593//137 1591//13
f 996//13 513//13 1232//13
f 512//13 513//13 996//13
f 645//13 647//13 1591//13
f 643//13 645//13 1591//13
f 642//13 643//13 1591//13
f 243//13 642//13 1591//13
f 244//800 243//13 1591//13
f 1593//137 244//800 1591//13
f 307//13 1684//13 697//13
f 308//137 307//13 697//13
f 1144//137 1145//820 1457//702
f 1457//702 1145//820 1487//821
f 1487//821 1145//820 1146//822
f 1484//823 1146//822 1147//824
f 1482//825 1147//824 539//169
f 1482//825 1484//823 1147//824
f 1147//824 540//171 539//169
f 1484//823 1487//821 1146//822
f 996//20 1232//20 1231//20
f 1151//20 996//20 1231//20
f 1152//20 996//20 1151//20
f 995//20 996//20 1152//20
f 1154//20 995//20 1152//20
f 994//20 995//20 1154//20
f 1155//20 994//20 1154//20
f 993//20 1157//20 1313//20
f 993//20 1155//20 1157//20
f 993//20 994//20 1155//20
f 992//20 993//20 1313//20
f 991//20 992//20 1313//20
f 1314//20 991//20 1313//20
f 1709//175 550//173 552//175 1539//175
f 1239//24 1240//24 1692//24 1693//24
f 1653//761 901//761 1710//826
f 1572//761 901//761 1653//761
f 1655//761 1653//761 1710//826
f 1656//827 1655//761 1710//826
f 1658//828 1656//827 1710//826
f 1659//828 1658//828 1710//826
f 1661//828 1659//828 1710//826
f 1663//828 1661//828 1710//826
f 1607//13 1576//13 772//13 775//13
f 801//13 1330//13 1332//13 800//13
f 1623//13 734//13 736//13 1432//612
f 777//20 776//829 1379//20
f 1379//20 776//829 1381//830
f 1381//830 776//829 779//831
f 1384//832 779//831 780//833
f 1387//834 780//833 781//835
f 1389//662 1387//834 781//835
f 1387//834 1384//832 780//833
f 1384//832 1381//830 779//831
f 695//24 693//24 691//24
f 1295//24 695//24 691//24
f 689//24 1295//24 691//24
f 687//24 1295//24 689//24
f 685//24 1295//24 687//24
f 1711//24 1295//24 685//24
f 1712//24 1295//24 1711//24
f 1713//24 1295//24 1712//24
f 1320//24 1295//24 1713//24
f 1318//24 1320//24 1713//24
f 1714//24 1318//24 1713//24
f 1715//24 1318//24 1714//24
f 1059//836 1400//836 1058//837
f 1058//837 1400//836 1403//837
f 1057//838 1403//837 1404//838
f 1054//839 1404//838 1405//839
f 1049//24 1405//839 1406//24
f 1049//24 1054//839 1405//839
f 1054//839 1057//838 1404//838
f 1057//838 1058//837 1403//837
f 1615//24 1616//24 1630//24 1631//24
f 670//175 1579//555 1360//556 672//175
f 405//6 406//6 1051//781
f 1051//781 406//6 1402//782
f 1052//783 1402//782 1401//783
f 1053//784 1401//783 1399//393
f 1055//240 1399//393 1396//240
f 1055//240 1053//784 1399//393
f 1053//784 1052//783 1401//783
f 1052//783 1051//781 1402//782
f 282//126 281//126 1716//840
f 1716//840 281//126 856//841
f 1717//842 856//841 854//842
f 853//843 1717//842 854//842
f 853//843 1718//844 1717//842
f 853//843 850//479 1718//844
f 1718//844 850//479 1070//479
f 1717//842 1716//840 856//841
f 1719//6 1720//6 1721//6
f 1542//6 1720//6 1719//6
f 366//6 1719//6 1721//6
f 432//6 1722//6 807//6
f 432//6 1723//6 1722//6
f 432//6 1724//6 1723//6
f 432//6 1725//6 1724//6
f 1438//6 366//6 1721//6
f 1519//6 1438//6 1721//6
f 1517//6 432//6 807//6
f 877//6 432//6 1517//6
f 877//6 1517//6 1519//6
f 877//6 1519//6 1721//6
f 438//6 432//6 877//6
f 1726//6 807//6 806//6
f 1727//6 807//6 1726//6
f 1720//6 807//6 1727//6
f 1542//6 807//6 1720//6
f 369//6 807//6 1542//6
f 530//6 807//6 369//6
f 1517//6 807//6 530//6
f 591//6 408//6 407//6
f 1728//6 591//6 407//6
f 589//6 591//6 1728//6
f 1729//6 589//6 1728//6
f 586//6 589//6 1729//6
f 1730//6 586//6 1729//6
f 585//6 586//6 1730//6
f 1731//6 585//6 1730//6
f 1606//6 585//6 1731//6
f 584//6 585//6 1606//6
f 1528//6 584//6 1606//6
f 640//6 584//6 1528//6
f 638//6 640//6 1528//6
f 1529//6 638//6 1528//6
f 636//6 638//6 1529//6
f 634//6 636//6 1529//6
f 632//6 634//6 1529//6
f 630//6 632//6 1529//6
f 1305//6 1536//6 630//6
f 1305//6 630//6 1529//6
f 1307//6 1536//6 1305//6
f 1309//6 1536//6 1307//6
f 1311//6 1536//6 1309//6
f 1313//6 1536//6 1311//6
f 1158//6 1536//6 1313//6
f 1157//6 1158//6 1313//6
f 686//6 1732//6 684//6
f 1733//6 1732//6 686//6
f 688//6 1733//6 686//6
f 1734//6 1733//6 688//6
f 690//6 1734//6 688//6
f 1735//6 1734//6 690//6
f 692//6 1735//6 690//6
f 1736//6 1735//6 692//6
f 1319//6 1736//6 692//6
f 694//6 1319//6 692//6
f 1322//6 1319//6 694//6
f 1294//6 1322//6 694//6
f 1683//6 1322//6 1294//6
f 1725//6 1683//6 1294//6
f 1682//6 1683//6 1725//6
f 1681//6 1682//6 1725//6
f 1680//6 1681//6 1725//6
f 727//6 1680//6 1725//6
f 432//6 1535//6 728//6
f 432//6 1533//6 1535//6
f 432//6 728//6 727//6
f 432//6 727//6 1725//6
f 1305//6 1533//6 432//6
f 1305//6 1530//6 1533//6
f 1305//6 1529//6 1530//6
f 1264//524 456//845 1263//523
f 1263//523 456//845 459//523
f 1262//521 459//523 462//846
f 1261//520 462//846 464//520
f 293//13 464//520 290//13
f 293//13 1261//520 464//520
f 1261//520 1262//521 462//846
f 1262//521 1263//523 459//523
f 1079//732 1076//847 1259//731
f 1259//731 1076//847 1258//848
f 1258//848 1076//847 1072//849
f 1257//850 1072//849 1071//667
f 1256//666 1257//850 1071//667
f 1257//850 1258//848 1072//849
f 1272//647 455//648 1273//851
f 1273//851 455//648 453//852
f 1269//853 453//852 450//853
f 1268//854 450//853 448//854
f 1267//855 448//854 449//855
f 1266//856 449//855 451//856
f 1265//857 451//856 452//858
f 1264//524 452//858 456//845
f 1264//524 1265//857 452//858
f 1265//857 1266//856 451//856
f 1266//856 1267//855 449//855
f 1267//855 1268//854 448//854
f 1268//854 1269//853 450//853
f 1269//853 1273//851 453//852
f 1737//859 1411//860 785//861
f 787//7 1737//859 785//861
f 787//7 1738//862 1737//859
f 787//7 1251//7 1738//862
f 1415//863 782//864 1414//865
f 1414//865 782//864 783//866
f 1413//867 783//866 784//868
f 1412//869 784//868 785//870
f 1411//871 1412//869 785//870
f 1413//867 1414//865 783//866
f 784//868 1412//869 1413//867
f 1489//14 1140//14 1490//788
f 1490//788 1140//14 1141//788
f 1491//872 1141//788 1142//872
f 1492//873 1142//872 1143//873
f 627//20 1143//873 628//20
f 627//20 1492//873 1143//873
f 1492//873 1491//872 1142//872
f 1491//872 1490//788 1141//788
f 1739//14 1590//14 1592//14
f 1740//14 1590//14 1739//14
f 1741//14 1590//14 1740//14
f 296//14 1590//14 1741//14
f 295//14 1590//14 296//14
f 1742//14 1590//14 295//14
f 1743//14 1590//14 1742//14
f 1744//14 1590//14 1743//14
f 1745//14 1590//14 1744//14
f 240//14 1746//14 1095//14
f 240//14 1747//14 1746//14
f 240//14 1745//14 1747//14
f 240//14 1590//14 1745//14
f 239//810 1590//14 240//14
f 644//14 240//14 1095//14
f 646//14 644//14 1095//14
f 648//14 646//14 1095//14
f 649//14 648//14 1095//14
f 881//14 649//14 1095//14
f 901//399 881//14 1095//14
f 1710//14 901//399 1095//14
f 704//14 1710//14 1095//14
f 1685//14 1586//14 696//14
f 1685//14 696//14 698//14
f 1685//14 698//14 700//14
f 1685//14 700//14 702//874
f 1685//14 702//874 704//14
f 1685//14 704//14 1095//14
f 1699//14 1586//14 1685//14
f 1687//14 1685//14 1095//14
f 1689//14 1687//14 1095//14
f 1691//875 1689//14 1095//14
f 1693//876 1691//875 1095//14
f 1239//14 1693//876 1095//14
f 1094//14 1151//14 1231//14
f 1094//14 1231//14 1233//14
f 1094//14 1233//14 1235//14
f 1094//14 1235//14 1237//14
f 1094//14 1237//14 1239//14
f 1094//14 1239//14 1095//14
f 1149//14 1151//14 1094//14
f 1296//600 1675//877 1294//598
f 1294//598 1675//877 1725//877
f 1725//877 1675//877 1724//878
f 1724//878 1675//877 1674//879
f 1673//880 1724//878 1674//879
f 1673//880 1723//881 1724//878
f 1673//880 1672//751 1723//881
f 1723//881 1672//751 1722//751
f 1722//751 1672//751 808//14
f 807//14 1722//751 808//14
f 1644//14 1212//14 1210//14 1242//14
f 1003//24 840//24 839//24 1004//24
f 965//108 1600//108 969//882
f 969//882 1600//108 1748//115
f 973//117 1748//115 1749//117
f 976//142 1749//117 1750//119
f 981//800 1750//119 1751//800
f 981//13 976//142 1750//119
f 976//142 973//117 1749//117
f 973//117 969//882 1748//115
f 705//24 1662//24 1663//24
f 704//24 705//24 1663//24
f 704//24 1663//24 1710//24
f 1129//108 1506//20 1131//883
f 1131//883 1506//20 1504//884
f 1132//117 1504//884 1501//885
f 1133//119 1501//885 1499//119
f 215//13 1499//119 213//13
f 215//13 1133//119 1499//119
f 1133//119 1132//117 1501//885
f 1132//117 1131//883 1504//884
f 268//13 746//886 1070//13
f 1070//13 746//886 1718//701
f 1718//701 746//886 749//887
f 750//888 1718//701 749//887
f 750//888 752//889 1718//701
f 1718//701 752//889 754//890
f 761//891 1718//701 754//890
f 761//891 1448//892 1718//701
f 1718//701 1448//892 1717//699
f 1717//699 1448//892 1442//893
f 1716//697 1442//893 1446//894
f 282//6 1446//894 1419//6
f 282//6 1716//697 1446//894
f 1716//697 1717//699 1442//893
f 528//7 525//7 1752//895
f 1752//895 525//7 1753//896
f 1754//897 1753//896 1755//897
f 1756//898 1755//897 1757//898
f 265//24 1757//898 266//111
f 265//24 1756//898 1757//898
f 1756//898 1754//897 1755//897
f 1754//897 1752//895 1753//896
f 684//14 1732//14 1711//14 685//240
f 1538//753 1640//899 289//14
f 289//14 1640//899 284//538
f 284//538 1640//899 1639//761
f 285//900 1639//761 286//901
f 285//900 284//538 1639//761
f 1639//761 1638//902 286//901
f 286//901 1638//902 287//903
f 287//903 1638//902 288//904
f 288//904 1638//902 859//7
f 280//7 288//904 859//7
f 1025//157 1645//157 1027//905
f 1027//905 1645//157 1646//906
f 1647//907 1027//905 1646//906
f 1647//907 1028//908 1027//905
f 1647//907 1014//909 1028//908
f 1028//908 1014//909 1030//910
f 1030//910 1014//909 1011//911
f 1758//912 1011//911 1013//913
f 1758//912 1030//910 1011//911
f 1536//109 1158//109 491//109 493//109
f 733//20 232//102 233//103
f 1759//20 733//20 233//103
f 732//20 733//20 1759//20
f 1760//20 732//20 1759//20
f 1761//20 732//20 1760//20
f 731//20 732//20 1761//20
f 1762//20 731//20 1761//20
f 1702//20 731//20 1762//20
f 781//835 782//864 1415//863 1388//662 1389//662
f 1317//24 1168//24 1167//24 1293//24
f 1566//24 1569//914 858//24
f 858//24 1569//914 1568//915
f 1567//916 858//24 1568//915
f 1567//916 1763//917 858//24
f 858//24 1763//917 1764//918
f 857//578 1764//918 1222//919
f 1221//920 857//921 1222//919
f 1221//920 1220//922 857//921
f 857//921 1220//922 855//577
f 855//577 1220//922 1217//923
f 1765//924 855//577 1217//923
f 1765//924 1766//925 855//577
f 855//577 1766//925 1651//926
f 852//576 1651//927 1650//928
f 1649//929 852//576 1650//928
f 1649//929 847//930 852//576
f 1649//929 1648//931 847//930
f 847//930 1648//931 1767//932
f 1768//933 847//930 1767//932
f 1768//933 1769//934 847//930
f 847//930 1769//934 848//14
f 848//14 1769//934 264//935
f 852//576 855//577 1651//927
f 857//578 858//24 1764//918
f 1608//24 1770//24 1771//24
f 1607//24 1608//24 1771//24
f 1772//24 1607//24 1771//24
f 1773//24 1607//24 1772//24
f 410//24 1607//24 1773//24
f 409//24 1607//24 410//24
f 590//24 1607//24 409//24
f 588//24 1607//24 590//24
f 1576//24 1607//24 588//24
f 582//24 1576//24 588//24
f 587//24 582//24 588//24
f 583//24 582//24 587//24
f 1748//24 1600//24 1601//24
f 1749//24 1748//24 1601//24
f 1750//24 1749//24 1601//24
f 1751//24 1750//24 1601//24
f 1098//24 1751//24 1601//24
f 1099//24 1098//24 1601//24
f 1100//24 1099//24 1601//24
f 1101//24 1100//24 1601//24
f 1102//24 1101//24 1601//24
f 1774//24 1102//24 1601//24
f 1775//24 1774//24 1601//24
f 1776//24 1775//24 1601//24
f 1777//24 1776//24 1601//24
f 1778//24 1777//24 1601//24
f 1495//24 1494//24 1493//24
f 1495//24 1493//24 1779//24
f 1496//24 1495//24 1779//24
f 1497//24 1496//24 1779//24
f 1169//24 1497//24 1779//24
f 1170//24 1169//24 1779//24
f 1170//24 1779//24 1778//24
f 1170//24 1778//24 1601//24
f 1171//24 1170//24 1601//24
f 1172//24 1171//24 1601//24
f 250//24 1172//24 1601//24
f 249//111 250//24 1601//24
f 1780//13 1047//13 1048//13
f 1781//13 1047//13 1780//13
f 1782//13 1047//13 1781//13
f 1783//13 1047//13 1782//13
f 1784//13 1047//13 1783//13
f 1785//13 1047//13 1784//13
f 1632//13 1047//13 1785//13
f 1374//13 1632//13 1376//13
f 1372//13 1632//13 1374//13
f 1372//13 1047//13 1632//13
f 1563//13 1047//13 1372//13
f 1630//13 1047//13 1563//13
f 1616//936 1047//13 1630//13
f 1065//13 1563//13 1372//13
f 1614//937 1047//13 1616//936
f 1561//13 1630//13 1563//13
f 1628//938 1630//13 1561//13
f 1369//13 1065//13 1372//13
f 1612//13 1047//13 1614//937
f 1559//13 1628//938 1561//13
f 1626//13 1628//938 1559//13
f 1368//13 1065//13 1369//13
f 1557//13 1626//13 1559//13
f 1610//13 1047//13 1612//13
f 1624//13 1626//13 1557//13
f 813//13 1047//13 1610//13
f 1397//13 1624//13 1557//13
f 1060//13 1624//13 1397//13
f 1456//13 1047//13 813//13
f 812//13 1456//13 813//13
f 265//13 1065//13 1368//13
f 1070//13 1065//13 265//13
f 268//13 1070//13 265//13
f 1756//13 265//13 1368//13
f 1754//13 1756//13 1368//13
f 1752//13 1754//13 1368//13
f 528//13 1752//13 1368//13
f 529//13 528//13 1368//13
f 1326//612 529//13 1368//13
f 1059//13 1060//13 1397//13
f 1400//13 1059//13 1397//13
f 1371//14 1551//14 1370//14
f 1373//14 1551//14 1371//14
f 1375//14 1551//14 1373//14
f 1377//14 1551//14 1375//14
f 924//14 1551//14 1377//14
f 925//14 1551//14 924//14
f 927//14 1551//14 925//14
f 929//14 1551//14 927//14
f 525//14 931//14 956//14
f 525//14 929//14 931//14
f 525//14 1551//14 929//14
f 524//240 1551//14 525//14
f 1753//14 525//14 956//14
f 1755//14 1753//14 956//14
f 1757//14 1755//14 956//14
f 266//14 1757//14 956//14
f 264//935 266//14 956//14
f 849//14 264//935 956//14
f 848//14 264//935 849//14
f 1694//14 849//14 956//14
f 1695//14 1694//14 956//14
f 1696//14 1695//14 956//14
f 1697//14 1696//14 956//14
f 1562//14 1697//14 956//14
f 1056//14 1396//240 1398//14
f 1056//14 1398//14 1556//14
f 1056//14 1556//14 1558//14
f 1056//14 1558//14 1560//875
f 1056//14 1560//875 1562//14
f 1056//14 1562//14 956//14
f 1055//240 1396//240 1056//14
f 1625//14 1056//14 956//14
f 1627//14 1625//14 956//14
f 1629//14 1627//14 956//14
f 1631//14 1629//14 956//14
f 1615//14 1631//14 956//14
f 470//14 815//14 814//14
f 470//14 814//14 1609//14
f 470//14 1609//14 1611//14
f 470//14 1611//14 1613//14
f 470//14 1613//14 1615//14
f 470//14 1615//14 956//14
f 469//14 815//14 470//14
f 1563//24 1064//24 1697//24
f 1563//24 1065//24 1064//24
f 1562//24 1563//24 1697//24
f 1467//6 1548//6 1280//6 1279//6
f 1786//157 1506//741 1645//157
f 1507//157 1506//741 1786//157
f 1469//157 1786//157 1645//157
f 1025//157 1469//157 1645//157
f 822//107 826//20 1424//873
f 1424//873 826//20 1643//156
f 1423//872 1643//156 1642//872
f 1422//788 1642//872 1641//788
f 1421//14 1641//788 1537//14
f 1421//14 1422//788 1641//788
f 1422//788 1423//872 1642//872
f 1423//872 1424//873 1643//156
f 1248//7 260//7 263//7 1249//7
f 264//110 1769//939 267//112
f 267//112 1769//939 1768//707
f 747//940 1768//707 748//941
f 747//940 267//112 1768//707
f 748//941 1768//707 751//942
f 751//942 1768//707 1767//943
f 753//944 1767//943 1648//20
f 755//20 753//944 1648//20
f 753//944 751//942 1767//943
f 1456//568 472//568 473//568 1047//568
f 1115//7 1472//7 1473//7 1120//7
f 896//14 383//14 1508//574
f 1508//574 383//14 382//574
f 1509//945 382//574 387//946
f 1510//571 387//946 392//571
f 914//416 392//571 396//187
f 914//416 1510//571 392//571
f 1510//571 1509//945 387//946
f 1509//945 1508//574 382//574
f 1592//20 1591//20 1739//649
f 1739//649 1591//20 1708//947
f 1740//650 1708//947 1707//650
f 1741//651 1707//650 1706//418
f 298//6 1741//651 1706//418
f 298//6 296//6 1741//651
f 1741//651 1740//650 1707//650
f 1740//650 1739//649 1708//947
f 1458//20 1644//20 1242//20 1241//20
f 593//24 647//24 649//24
f 880//373 593//24 649//24
f 881//374 880//373 649//24
f 1709//175 1539//175 1787//174
f 1787//174 1539//175 1540//561
f 1788//948 1540//561 1541//948
f 1719//6 1541//948 1542//6
f 1719//6 1788//948 1541//948
f 1788//948 1787//174 1540//561
f 208//13 1634//949 209//13
f 209//13 1634//949 1437//950
f 1437//950 1634//949 1635//951
f 1436//951 1635//951 1636//300
f 1435//300 1636//300 1434//952
f 1435//300 1436//951 1636//300
f 1636//300 1637//953 1434//952
f 1434//952 1637//953 1353//305
f 1355//305 1434//952 1353//305
f 1436//951 1437//950 1635//951
f 1586//954 1699//954 1587//955
f 1587//955 1699//954 1698//955
f 1588//956 1698//955 1700//956
f 1589//957 1700//956 1701//957
f 1260//24 1701//957 1275//24
f 1260//24 1589//957 1701//957
f 1589//957 1588//956 1700//956
f 1588//956 1587//955 1698//955
f 255//108 1480//958 1121//786
f 252//107 255//108 1121//786
f 1121//786 1479//959 1122//155
f 1121//786 1480//958 1479//959
f 1479//959 1477//960 1122//155
f 1122//155 1477//960 1123//788
f 1123//788 1477//960 1478//961
f 1125//14 1478//961 1789//962
f 1790//963 1125//14 1789//962
f 1790//963 1618//240 1125//14
f 1478//961 1125//14 1123//788
f 1094//511 509//511 508//511 1149//808
f 1702//20 1762//20 1703//421
f 1703//421 1762//20 1791//420
f 1704//419 1791//420 1792//371
f 1705//418 1792//371 1793//417
f 294//6 1705//418 1793//417
f 294//6 297//6 1705//418
f 1705//418 1704//419 1792//371
f 1704//419 1703//421 1791//420
f 1169//13 983//539 982//13 1497//13
f 809//20 617//20 616//20 615//20 614//20 810//20
f 967//524 1102//524 963//83
f 963//83 1102//524 1774//83
f 962//856 1774//83 1775//856
f 960//964 1775//856 1776//964
f 958//965 1776//964 1777//965
f 961//853 1777//965 1778//853
f 964//852 1778//853 1779//966
f 966//733 1779//966 1493//647
f 966//733 964//852 1779//966
f 964//852 961//853 1778//853
f 961//853 958//965 1777//965
f 958//965 960//964 1776//964
f 960//964 962//856 1775//856
f 962//856 963//83 1774//83
f 1318//234 1715//967 1319//234
f 1319//234 1715//967 1736//967
f 1736//967 1715//967 1735//968
f 1735//968 1715//967 1714//968
f 1713//199 1735//968 1714//968
f 1713//199 1734//199 1735//968
f 1713//199 1712//969 1734//199
f 1734//199 1712//969 1733//201
f 1733//201 1712//969 1711//14
f 1732//14 1733//201 1711//14
f 530//970 531//430 1394//430 1438//970 1794//429 1547//430
f 1148//6 1667//971 540//532
f 540//532 1667//971 543//972
f 543//972 1667//971 1668//973
f 544//974 1668//973 763//322
f 546//322 544//974 763//322
f 544//974 543//972 1668//973
f 407//14 410//14 1728//975
f 1728//975 410//14 1773//975
f 1729//244 1773//975 1772//244
f 1730//245 1772//244 1771//748
f 1731//976 1771//748 1770//247
f 1606//600 1770//247 1608//598
f 1606//600 1731//976 1770//247
f 1731//976 1730//245 1771//748
f 1730//245 1729//244 1772//244
f 1729//244 1728//975 1773//975
f 1547//430 1794//429 1546//428
f 1546//428 1794//429 1795//428
f 1545//433 1795//428 1796//433
f 1300//24 1796//433 1297//24
f 1300//24 1545//433 1796//433
f 1545//433 1546//428 1795//428
f 941//970 943//430 1605//430 1420//970 997//429 999//430
f 368//152 367//150 532//424
f 532//424 367//150 1439//424
f 534//350 1439//424 1440//977
f 537//24 1440//977 1441//24
f 537//24 534//350 1440//977
f 534//350 532//424 1439//424
f 1119//7 1471//7 1470//7 1113//7
f 679//425 1474//24 678//424
f 679//425 681//24 1474//24
f 1474//24 1797//978 678//424
f 678//424 1797//978 677//152
f 677//152 1797//978 1798//424
f 788//152 677//152 1798//424
f 262//24 1250//24 1249//24 263//24
f 1174//456 1462//979 1173//542
f 1173//542 1462//979 1363//980
f 1363//980 1462//979 1461//981
f 1364//982 1461//981 1459//983
f 1365//984 1459//983 1366//985
f 1365//984 1364//982 1459//983
f 1459//983 1460//986 1366//985
f 1366//985 1460//986 951//987
f 951//987 1460//986 952//988
f 1364//982 1363//980 1461//981
f 1139//775 1140//14 1489//14 1488//773
f 1104//14 304//14 302//14 1105//14
f 439//7 1283//7 437//7
f 612//7 1283//7 439//7
f 608//7 612//7 439//7
f 1575//7 608//7 439//7
f 603//7 608//7 1575//7
f 1574//7 603//7 1575//7
f 1573//7 603//7 1574//7
f 600//7 603//7 1573//7
f 1572//106 600//7 1573//7
f 594//7 1572//106 1653//7
f 594//7 600//7 1572//106
f 592//7 594//7 1653//7
f 1652//7 592//7 1653//7
f 1107//6 802//6 805//6
f 1245//6 1246//6 371//6
f 373//6 1245//6 371//6
f 1163//6 802//6 1107//6
f 1244//6 1245//6 373//6
f 1109//6 1163//6 1107//6
f 375//6 1244//6 373//6
f 1161//6 1163//6 1109//6
f 1111//6 1161//6 1109//6
f 1243//6 1244//6 375//6
f 1159//6 1161//6 1111//6
f 377//6 1243//6 375//6
f 572//6 1243//6 377//6
f 558//6 1159//6 1111//6
f 379//6 572//6 377//6
f 518//6 1159//6 558//6
f 560//6 518//6 558//6
f 570//6 572//6 379//6
f 562//6 518//6 560//6
f 568//6 570//6 379//6
f 564//6 518//6 562//6
f 566//6 568//6 379//6
f 519//6 566//6 379//6
f 519//6 564//6 566//6
f 519//6 518//6 564//6
f 1555//6 519//6 379//6
f 652//6 1799//6 655//989
f 655//989 1799//6 1800//623
f 658//190 1800//623 1801//190
f 659//191 1801//190 1524//239
f 659//191 658//190 1801//190
f 658//190 655//989 1800//623
f 417//157 1078//158 1079//488 418//159
f 1013//990 1017//991 1758//992
f 1758//992 1017//991 1031//993
f 1030//994 1758//992 1031//993
f 1031//993 1017//991 1032//995
f 1032//995 1017//991 1019//996
f 1033//997 1019//996 1034//998
f 1033//997 1032//995 1019//996
f 1019//996 1021//999 1034//998
f 1034//998 1021//999 1035//1000
f 1035//1000 1021//999 1022//455
f 1037//541 1035//1000 1022//455
usemtl TSS_USBC_B_SuiteModelMtl03
f 1802//14 1803//14 1804//14
f 1805//14 1802//14 1806//14
f 1807//14 1802//14 1805//14
f 1808//14 1802//14 1807//14
f 1808//14 1807//14 1809//14
f 1810//14 1802//14 1808//14
f 1810//14 1803//14 1802//14
f 1811//14 1810//14 1808//14
f 1812//14 1810//14 1811//14
f 1813//7 1814//7 1815//7 1816//7 1817//7
f 1818//7 1819//7 1820//7 1821//7
f 1822//1001 1823//1002 1824//1003
f 1825//1004 1822//1001 1824//1003
f 1826//1005 1822//1001 1825//1004
f 1827//1003 1822//1001 1826//1005
f 1828//1006 1827//1003 1826//1005
f 1829//1007 1827//1003 1828//1006
f 1830//1008 1827//1003 1829//1007
f 1831//1006 1827//1003 1830//1008
f 1832//1009 1830//1008 1829//1007
f 1833//1009 1830//1008 1832//1009
f 1834//236 1835//236 1836//236 1837//236
f 1838//1010 1839//1010 1840//727
f 1841//715 1838//1010 1840//727
f 1841//715 1842//1011 1838//1010
f 1841//715 1843//1012 1842//1011
f 1841//715 1844//1013 1843//1012
f 1841//715 1845//712 1844//1013
f 1844//1013 1845//712 1846//1014
f 1846//1014 1845//712 1847//1015
f 1847//1015 1845//712 1848//14
f 1849//1016 1848//14 1850//1017
f 1849//1016 1847//1015 1848//14
f 1839//1010 1851//1018 1840//727
f 1840//727 1851//1018 1852//1019
f 1853//729 1852//1019 1854//6
f 1853//729 1840//727 1852//1019
f 1852//1019 1855//6 1854//6
f 1856//1020 1857//1021 1848//14
f 1848//14 1857//1021 1858//1022
f 1859//1023 1848//14 1858//1022
f 1859//1023 1850//1017 1848//14
f 1860//6 1861//6 1862//6
f 1863//6 1861//6 1860//6
f 1864//6 1860//6 1862//6
f 1865//6 1866//6 1864//6
f 1865//6 1864//6 1862//6
f 1867//6 1865//6 1862//6
f 1868//14 1869//14 1870//14 1871//14
f 1872//24 1873//24 1874//24 1875//24
f 1876//14 1877//14 1878//14
f 1879//14 1876//14 1878//14
f 1880//14 1879//14 1878//14
f 1881//14 1880//14 1878//14
f 1882//14 1883//14 1884//14
f 1885//14 1883//14 1882//14
f 1886//14 1883//14 1885//14
f 1887//14 1883//14 1886//14
f 1888//6 1889//6 1890//6
f 1891//6 1889//6 1888//6
f 1804//6 1888//6 1890//6
f 1892//6 1802//6 1804//6
f 1892//6 1804//6 1890//6
f 1893//6 1892//6 1890//6
f 1894//13 1895//13 1896//13
f 1897//13 1895//13 1894//13
f 1898//13 1895//13 1897//13
f 1899//13 1895//13 1898//13
f 1863//13 1895//13 1899//13
f 1900//13 1863//13 1860//13
f 1900//13 1895//13 1863//13
f 1901//13 1900//13 1860//13
f 1902//13 1900//13 1901//13
f 1903//236 1904//236 1905//236 1906//236
f 1907//761 1908//1024 1909//761
f 1909//761 1908//1024 1910//1025
f 1910//1025 1908//1024 1911//1026
f 1912//1027 1911//1026 1913//1028
f 1914//1029 1913//1028 1915//1030
f 1914//1029 1912//1027 1913//1028
f 1913//1028 1836//236 1915//1030
f 1915//1030 1836//236 1835//236
f 1912//1027 1910//1025 1911//1026
f 1916//24 1917//24 1918//24 1919//24
f 1920//13 1921//13 1922//13 1923//13 1924//13
f 1925//14 1926//14 1847//14 1927//14 1928//14
f 1929//6 1930//1031 1931//6
f 1931//6 1930//1031 1932//1031
f 1932//1031 1930//1031 1933//1032
f 1933//1032 1930//1031 1934//1033
f 1935//1034 1934//1033 1936//1035
f 1937//1036 1936//1035 1938//155
f 1939//1037 1938//155 1940//155
f 1939//1037 1937//1036 1938//155
f 1937//1036 1935//1034 1936//1035
f 1935//1034 1933//1032 1934//1033
f 1941//14 1942//14 1943//14 1944//14
f 1945//479 1946//479 1947//1038
f 1947//1038 1946//479 1948//843
f 1949//1039 1948//843 1950//842
f 1951//1040 1950//842 1952//1041
f 1953//1042 1952//1041 1954//126
f 1955//126 1953//1042 1954//126
f 1953//1042 1951//1040 1952//1041
f 1951//1040 1949//1039 1950//842
f 1949//1039 1947//1038 1948//843
f 1956//7 1907//7 1957//7
f 1908//7 1907//7 1956//7
f 1911//7 1908//7 1956//7
f 1958//7 1911//7 1956//7
f 1913//7 1911//7 1958//7
f 1959//7 1913//7 1958//7
f 1960//7 1913//7 1959//7
f 1961//579 1960//7 1959//7
f 1962//7 1961//579 1959//7
f 1963//7 1913//7 1960//7
f 1964//7 1962//7 1959//7
f 1965//7 1913//7 1963//7
f 1966//7 1913//7 1965//7
f 1967//7 1964//7 1959//7
f 1836//7 1913//7 1966//7
f 1968//7 1967//7 1959//7
f 1969//7 1836//7 1966//7
f 1970//7 1967//7 1968//7
f 1971//7 1970//7 1968//7
f 1972//7 1836//7 1969//7
f 1837//7 1836//7 1972//7
f 1973//7 1970//7 1971//7
f 1974//14 1975//14 1976//14 1977//14 1978//14
f 1979//155 1940//155 1938//155 1980//155
f 1981//7 1982//7 1829//7 1828//7
f 1918//371 1983//371 1984//371
f 1985//371 1983//371 1918//371
f 1919//371 1918//371 1984//371
f 1986//371 1987//371 1919//371
f 1986//371 1919//371 1984//371
f 1988//371 1987//371 1986//371
f 1989//492 1990//492 1991//492 1992//492
f 1993//24 1994//24 1870//24 1869//24
f 1995//20 1996//107 1997//20 1998//20
f 1999//967 2000//197 2001//1043
f 2002//1044 1999//967 2001//1043
f 2002//1044 2003//1045 1999//967
f 1999//967 2003//1045 2004//234
f 2004//234 2003//1045 2005//1046
f 2006//1047 2005//1046 2007//1048
f 2008//1049 2007//1048 2009//1050
f 2010//1051 2009//1050 2011//1052
f 2012//1053 2011//1052 2013//1054
f 2014//1055 2013//1054 2015//20
f 2016//247 2015//20 2017//1056
f 2018//748 2017//1056 2019//1057
f 2020//1058 2019//1057 2021//1059
f 2022//752 2021//1059 2023//1060
f 2024//14 2023//1060 2025//1061
f 2026//1062 2025//1061 2027//1063
f 2028//1064 2027//1063 2001//1043
f 2000//197 2028//1064 2001//1043
f 2024//14 2022//752 2023//1060
f 2022//752 2020//1058 2021//1059
f 2020//1058 2018//748 2019//1057
f 2018//748 2016//247 2017//1056
f 2016//247 2014//1055 2015//20
f 2014//1055 2012//1053 2013//1054
f 2012//1053 2010//1051 2011//1052
f 2010//1051 2008//1049 2009//1050
f 2008//1049 2006//1047 2007//1048
f 2006//1047 2004//234 2005//1046
f 2028//1064 2026//1062 2027//1063
f 2026//1062 2024//14 2025//1061
f 2029//13 2030//13 2031//13 2032//13
f 2033//7 2034//7 2035//7 2036//7
f 2037//13 2038//13 1862//13 1861//13
f 2039//14 2040//14 2041//14 2042//14 2043//14 2044//14
f 2045//13 2046//13 2047//13 2048//13 2049//13
f 2050//1065 1923//1065 1922//1065 1904//1065
f 1846//7 1847//7 1926//7
f 1844//7 1846//7 1926//7
f 1843//7 1844//7 1926//7
f 2051//13 2052//13 2053//141
f 2053//141 2052//13 2054//141
f 2055//1066 2054//141 2056//117
f 2057//146 2056//117 2058//146
f 2059//20 2058//146 2060//108
f 2059//20 2057//146 2058//146
f 2057//146 2055//1066 2056//117
f 2055//1066 2053//141 2054//141
f 2061//14 1909//14 2062//1067
f 2062//1067 1909//14 1910//1067
f 1912//576 2062//1067 1910//1067
f 1912//576 2063//576 2062//1067
f 1912//576 1914//577 2063//576
f 2063//576 1914//577 2064//577
f 2064//577 1914//577 1915//578
f 2065//578 1915//578 2066//24
f 2065//578 2064//577 1915//578
f 1915//578 1835//24 2066//24
f 1987//13 2067//13 2068//13
f 2069//13 2067//13 1987//13
f 1919//13 1987//13 2068//13
f 1916//13 1919//13 2068//13
f 2070//20 2071//20 2072//20
f 2073//20 2070//20 2072//20
f 2074//20 2070//20 2073//20
f 2075//20 2074//20 2073//20
f 2076//20 2074//20 2075//20
f 2077//20 2076//20 2075//20
f 2078//20 2076//20 2077//20
f 2079//20 2076//20 2078//20
f 2080//20 2076//20 2079//20
f 2081//20 2078//20 2077//20
f 2082//20 2076//20 2080//20
f 2083//20 2081//20 2077//20
f 2084//20 2076//20 2082//20
f 2085//20 2083//20 2077//20
f 2086//20 2076//20 2084//20
f 2087//20 2085//20 2077//20
f 2088//103 2085//20 2087//20
f 2089//1068 2086//20 2084//20
f 2090//20 2089//1068 2084//20
f 2091//20 2085//20 2088//103
f 2092//20 2093//20 2090//20
f 2092//20 2090//20 2084//20
f 2094//20 2091//20 2095//20
f 2094//20 2085//20 2091//20
f 2096//236 2097//236 2098//236 2099//236
f 2100//24 2101//24 2102//24
f 2103//24 2101//24 2100//24
f 2104//24 2103//24 2100//24
f 2105//24 2104//24 2100//24
f 2106//24 2104//24 2105//24
f 2107//24 2104//24 2106//24
f 2108//24 2107//24 2106//24
f 2109//24 2107//24 2108//24
f 2110//24 2109//24 2108//24
f 2111//24 2110//24 2108//24
f 2112//24 2110//24 2111//24
f 2113//24 2110//24 2112//24
f 2114//24 2113//24 2112//24
f 2009//1069 2115//1070 2011//1071
f 2009//1069 2007//1072 2115//1070
f 2115//1070 2007//1072 2116//1073
f 2116//1073 2007//1072 2005//1074
f 2117//1075 2005//1074 2003//1076
f 2118//1077 2003//1076 2119//1078
f 2118//1077 2117//1075 2003//1076
f 2011//1071 2120//1079 2013//1080
f 2011//1071 2115//1070 2120//1079
f 2003//1076 2002//1081 2119//1078
f 2119//1078 2002//1081 2121//1082
f 2121//1082 2002//1081 2001//1083
f 2122//1084 2001//1083 2027//1085
f 2123//1086 2027//1085 2025//1087
f 2124//1088 2025//1087 2023//1089
f 2125//1090 2023//1089 2021//1091
f 2126//1092 2021//1091 2019//1093
f 2127//1094 2019//1093 2017//1095
f 2015//1096 2127//1094 2017//1095
f 2015//1096 2128//1097 2127//1094
f 2015//1096 2129//1098 2128//1097
f 2015//1096 2013//1080 2129//1098
f 2129//1098 2013//1080 2120//1079
f 2117//1075 2116//1073 2005//1074
f 2127//1094 2126//1092 2019//1093
f 2126//1092 2125//1090 2021//1091
f 2125//1090 2124//1088 2023//1089
f 2124//1088 2123//1086 2025//1087
f 2123//1086 2122//1084 2027//1085
f 2122//1084 2121//1082 2001//1083
f 2130//24 2131//24 2132//24
f 2133//24 2130//24 2134//24
f 2135//24 2134//24 2130//24
f 2136//24 2135//24 2130//24
f 2137//24 2136//24 2130//24
f 2138//24 2134//24 2135//24
f 2139//24 2137//24 2130//24
f 2139//24 2130//24 2132//24
f 2140//24 2134//24 2138//24
f 2141//24 2139//24 2132//24
f 2142//24 2134//24 2140//24
f 2143//24 2134//24 2142//24
f 2144//24 2124//24 2143//24
f 2144//24 2143//24 2142//24
f 2145//24 2141//24 2132//24
f 2146//24 2124//24 2144//24
f 2123//24 2124//24 2146//24
f 2147//24 2123//24 2146//24
f 2122//24 2123//24 2147//24
f 2121//24 2122//24 2147//24
f 2148//24 2121//24 2147//24
f 2149//1099 2150//24 2148//24
f 2151//24 2149//24 2148//24
f 2151//24 2148//24 2152//24
f 2151//24 2152//24 2153//24
f 2151//24 2153//24 2145//24
f 2151//24 2145//24 2132//24
f 2154//24 2151//24 2132//24
f 2155//24 2148//24 2150//24
f 2156//24 2148//24 2155//24
f 2157//24 2158//24 2159//24 2160//24
f 2161//24 2162//24 2163//24
f 2133//24 2161//24 2164//24
f 2133//24 2164//24 2165//24
f 2133//24 2165//24 2130//24
f 2128//24 2161//24 2133//24
f 2129//24 2161//24 2128//24
f 2120//24 2161//24 2129//24
f 2127//24 2128//24 2133//24
f 2115//24 2161//24 2120//24
f 2115//24 2162//24 2161//24
f 2126//24 2127//24 2133//24
f 2125//24 2126//24 2133//24
f 2116//24 2162//24 2115//24
f 2166//24 2125//24 2133//24
f 2124//24 2166//24 2143//24
f 2124//24 2125//24 2166//24
f 2117//24 2162//24 2116//24
f 2156//24 2121//24 2148//24
f 2156//24 2119//24 2121//24
f 2156//24 2118//24 2119//24
f 2156//24 2117//24 2118//24
f 2156//24 2162//24 2117//24
f 2167//24 2168//24 2169//24 2164//24
f 2170//24 2171//24 2172//24 2173//24
f 2174//24 2175//24 2176//24 2177//24
f 2178//24 2179//24 2180//24 2181//24
f 2182//24 2183//24 2184//24 2185//24
f 2186//24 2187//24 2188//24 2189//24
f 2165//24 2190//24 2191//24 2192//24
f 2193//24 2194//24 2195//24 2196//24
f 2197//24 2198//24 2199//24 2200//24
f 2201//24 2202//24 2203//24 2204//24
f 2062//7 2205//7 2061//7
f 2206//7 2205//7 2062//7
f 2063//7 2206//7 2062//7
f 2207//7 2206//7 2063//7
f 2208//7 2207//7 2063//7
f 2064//7 2208//7 2063//7
f 2209//7 2208//7 2064//7
f 2210//7 2209//7 2064//7
f 2210//7 2211//7 2209//7
f 2065//7 2210//7 2064//7
f 2212//7 2210//7 2065//7
f 1984//7 2212//7 2065//7
f 2066//7 1984//7 2065//7
f 2213//7 1984//7 2066//7
f 2214//7 2213//7 2215//7
f 1917//7 2213//7 2214//7
f 1917//7 1984//7 2213//7
f 2216//7 1917//7 2214//7
f 1916//7 1984//7 1917//7
f 1986//7 1916//7 2068//7
f 1986//7 1984//7 1916//7
f 2217//7 2149//7 1986//7
f 2217//7 1986//7 2068//7
f 2150//7 2149//7 2217//7
f 1878//7 2217//7 2068//7
f 1877//7 2217//7 1878//7
f 2218//7 2217//7 1877//7
f 1993//7 2218//7 2219//7
f 1869//7 2218//7 1993//7
f 1868//7 2218//7 1869//7
f 2220//7 2218//7 1868//7
f 2220//7 2217//7 2218//7
f 2221//7 2217//7 2220//7
f 2222//7 2221//7 2220//7
f 2223//7 2222//7 2220//7
f 2224//7 2222//7 2223//7
f 2225//7 2224//7 2223//7
f 2226//7 2225//7 2223//7
f 2227//7 2226//7 2223//7
f 2228//7 2226//7 2227//7
f 2229//7 2228//7 2227//7
f 2230//7 2229//7 2227//7
f 2231//7 2229//7 2230//7
f 2232//1100 2231//7 2230//7
f 2233//7 2231//7 2232//1100
f 2234//7 2231//7 2233//7
f 2235//7 2236//7 2237//1101
f 2235//7 2238//7 2236//7
f 2235//7 2239//7 2238//7
f 2240//14 2241//14 1998//14 1997//14
f 2242//7 2243//7 2244//7 2245//7
f 2246//7 2247//7 2248//7 2249//7
f 2250//20 1866//20 1865//20 2251//20
f 2252//13 2253//13 2254//13
f 2255//13 2256//13 2252//13
f 2257//13 2255//13 2252//13
f 2257//13 2252//13 2254//13
f 1859//1102 1928//1102 1927//1102
f 1925//126 2039//126 2044//126
f 1843//1103 1926//127 1925//126
f 1843//1103 1925//126 2044//126
f 1842//126 1843//1103 2044//126
f 1838//1104 1842//126 2044//126
f 2258//7 2259//7 2260//7 2261//7
f 2262//117 2263//117 2264//117 2265//117
f 2266//14 2097//14 2096//14 2267//14 2268//14
f 2269//1105 2270//1106 2271//1107
f 2272//1108 2269//1105 2271//1107
f 2270//1106 2273//1109 2271//1107
f 2271//1107 2273//1109 2274//1110
f 2275//1111 2274//1110 2264//117
f 2275//1111 2271//1107 2274//1110
f 2274//1110 2265//117 2264//117
f 1973//6 2276//6 1970//6
f 1974//6 1973//6 2277//6
f 1974//6 2276//6 1973//6
f 1975//6 1974//6 2277//6
f 2048//6 2276//6 1974//6
f 2278//6 2048//6 2047//6
f 2278//6 2276//6 2048//6
f 2279//6 2276//6 2278//6
f 2280//6 2276//6 2279//6
f 2281//6 2280//6 2279//6
f 1920//7 1924//1112 2282//7
f 1920//7 2282//7 2283//7
f 1920//7 2283//7 2284//7
f 2285//13 2286//13 2287//13 2288//13
f 2289//1113 1827//1114 1831//1115
f 2290//1116 2289//1113 1831//1115
f 2291//1117 2290//1116 1831//1115
f 2292//1116 2291//1117 1831//1115
f 2293//1116 2292//1116 1831//1115
f 2246//1116 2292//1116 2293//1116
f 2249//1116 2292//1116 2246//1116
f 2294//1116 2292//1116 2249//1116
f 2295//1116 2292//1116 2294//1116
f 2296//1116 2292//1116 2295//1116
f 2297//1116 2292//1116 2296//1116
f 2298//1116 2292//1116 2297//1116
f 2299//1116 2292//1116 2298//1116
f 2300//1116 2292//1116 2299//1116
f 2301//1116 2292//1116 2300//1116
f 2302//1116 2292//1116 2301//1116
f 2303//1116 2292//1116 2302//1116
f 2304//1116 2292//1116 2303//1116
f 2305//1116 2292//1116 2304//1116
f 1818//1116 2292//1116 2305//1116
f 2306//1116 2292//1116 1818//1116
f 2307//1116 2306//1116 1818//1116
f 2308//1116 2307//1116 1818//1116
f 2309//1116 2308//1116 1818//1116
f 1821//1118 2309//1116 1818//1116
f 2310//1119 2309//1116 1821//1118
f 1955//126 1954//126 2311//126 2312//126
f 1992//236 2313//236 2314//236 1989//236
f 2315//6 2316//1120 1955//6
f 1955//6 2316//1120 1953//295
f 1953//295 2316//1120 2317//1121
f 1951//283 2317//1121 2318//1122
f 2319//1123 1951//283 2318//1122
f 2319//1123 2284//1124 1951//283
f 1951//283 2284//1124 1949//280
f 1949//280 2284//1124 2283//1125
f 2282//1126 1949//280 2283//1125
f 2282//1126 1924//1127 1949//280
f 1949//280 1924//1127 2320//1128
f 1947//279 2320//1128 2321//1129
f 2322//13 2321//1129 2323//13
f 2322//13 1947//279 2321//1129
f 2322//13 1945//13 1947//279
f 2317//1121 2324//1122 2318//1122
f 2321//1129 2050//1130 2323//13
f 1947//279 1949//280 2320//1128
f 1951//283 1953//295 2317//1121
f 2325//1131 2326//1131 2327//1131 2328//1131 2241//1131 2240//1131
f 2323//13 2050//1130 1904//1132
f 2323//13 1945//13 2322//13
f 1903//13 1945//13 2323//13
f 1903//13 2323//13 1904//1132
f 2233//13 1903//13 2329//13
f 2233//13 1945//13 1903//13
f 2330//13 1945//13 2233//13
f 2234//13 2233//13 2329//13
f 2237//13 2234//13 2329//13
f 2235//13 2237//13 2329//13
f 2331//13 2235//13 2329//13
f 2332//14 2333//14 2334//14 2335//14
f 2336//1133 2337//1133 2338//1133 2339//1133 2340//1133 2341//1133
f 2342//6 1902//6 1901//6 2343//6
f 2344//1134 2345//1134 1873//1134 1872//1134
f 2346//1135 2347//1136 2348//1137
f 2349//1138 2346//1135 2348//1137
f 2349//1138 2350//1139 2346//1135
f 2346//1135 2350//1139 2351//1140
f 2351//1140 2350//1139 2352//1141
f 2353//1142 2352//1141 2354//1143
f 2355//1144 2354//1143 2356//1145
f 2357//1146 2356//1145 2358//1147
f 2359//1148 2358//1147 2360//1149
f 2361//1150 2360//1149 2362//236
f 2363//1151 2362//236 2364//1152
f 2365//1153 2364//1152 2366//1154
f 2367//1155 2366//1154 2368//1156
f 2369//1157 2368//1156 2370//1158
f 2371//492 2370//1158 2372//1159
f 2373//1160 2372//1159 2374//1161
f 2375//1162 2374//1161 2348//1137
f 2347//1136 2375//1162 2348//1137
f 2371//492 2369//1157 2370//1158
f 2369//1157 2367//1155 2368//1156
f 2367//1155 2365//1153 2366//1154
f 2365//1153 2363//1151 2364//1152
f 2363//1151 2361//1150 2362//236
f 2361//1150 2359//1148 2360//1149
f 2359//1148 2357//1146 2358//1147
f 2357//1146 2355//1144 2356//1145
f 2355//1144 2353//1142 2354//1143
f 2353//1142 2351//1140 2352//1141
f 2375//1162 2373//1160 2374//1161
f 2373//1160 2371//492 2372//1159
f 2376//13 2377//13 2378//13 2379//13
f 2380//1163 2067//1163 2069//1163 2381//1163
f 2382//7 1888//7 1804//7 1803//7
f 2383//1164 2384//1164 2385//1164
f 1820//1164 2384//1164 2383//1164
f 2386//1165 1820//1166 2387//1166
f 2386//1165 1821//1166 1820//1166
f 2310//1167 1821//1166 2386//1165
f 2388//1168 2310//1167 2386//1165
f 2389//1169 2310//1167 2388//1168
f 2390//1170 2389//1169 2388//1168
f 2391//1171 2389//1169 2390//1170
f 2363//967 2365//197 2392//1172
f 2393//1044 2363//967 2392//1172
f 2393//1044 2394//1045 2363//967
f 2363//967 2394//1045 2361//234
f 2361//234 2394//1045 2395//1046
f 2359//1047 2395//1046 2396//1048
f 2357//1049 2396//1048 2397//1050
f 2355//1051 2397//1050 2398//1052
f 2353//1053 2398//1052 2399//1054
f 2351//1055 2399//1054 2400//20
f 2346//247 2400//20 2401//1056
f 2347//748 2401//1056 2402//1057
f 2375//1058 2402//1057 2403//1059
f 2373//752 2403//1059 2404//1060
f 2371//14 2404//1060 2405//1061
f 2369//1062 2405//1061 2406//1063
f 2367//1064 2406//1063 2392//1172
f 2365//197 2367//1064 2392//1172
f 2371//14 2373//752 2404//1060
f 2373//752 2375//1058 2403//1059
f 2375//1058 2347//748 2402//1057
f 2347//748 2346//247 2401//1056
f 2346//247 2351//1055 2400//20
f 2351//1055 2353//1053 2399//1054
f 2353//1053 2355//1051 2398//1052
f 2355//1051 2357//1049 2397//1050
f 2357//1049 2359//1047 2396//1048
f 2359//1047 2361//234 2395//1046
f 2367//1064 2369//1062 2406//1063
f 2369//1062 2371//14 2405//1061
f 2407//1173 2408//1174 2409//1173
f 2409//1173 2408//1174 2410//1175
f 2410//1175 2408//1174 2411//1176
f 2412//1177 2411//1176 2413//1178
f 2414//1179 2413//1178 2415//1180
f 2416//1181 2415//1180 2417//1182
f 2418//1183 2416//1181 2417//1182
f 2418//1183 2419//1184 2416//1181
f 2416//1181 2419//1184 2420//1185
f 2420//1185 2419//1184 2421//1186
f 2416//1181 2414//1179 2415//1180
f 2414//1179 2412//1177 2413//1178
f 2412//1177 2410//1175 2411//1176
f 2422//13 2423//13 2052//13 2051//13
f 2424//492 2425//492 2266//492 2268//492
f 2426//20 2427//20 2428//20
f 2429//20 2427//20 2426//20
f 2430//20 2429//20 2426//20
f 2431//20 2430//20 2426//20
f 2432//20 2430//20 2431//20
f 2433//20 2432//20 2431//20
f 2434//20 2432//20 2433//20
f 2435//20 2432//20 2434//20
f 2436//20 2432//20 2435//20
f 2437//20 2434//20 2433//20
f 2438//20 2432//20 2436//20
f 2439//20 2437//20 2433//20
f 2440//20 2432//20 2438//20
f 2441//20 2439//20 2433//20
f 2442//20 2432//20 2440//20
f 2443//20 2441//20 2433//20
f 2444//1068 2442//20 2440//20
f 2445//103 2441//20 2443//20
f 2446//20 2444//1068 2440//20
f 2447//20 2441//20 2445//103
f 2448//20 2441//20 2447//20
f 2449//20 2448//20 2447//20
f 2450//20 2451//20 2446//20
f 2450//20 2446//20 2440//20
f 1873//14 2345//14 2166//14 2133//14 1874//14
f 2452//699 2453//699 2454//699 1971//699
f 1889//13 2455//13 2456//13 1890//13
f 2219//460 2457//460 1994//460 1993//460
f 2277//126 2458//126 1976//126 1975//126
f 2459//7 2460//7 2461//7 2462//7
f 1809//1187 2463//1187 1808//1187
f 2464//1188 2463//1187 1809//1187
f 2465//1187 2463//1187 2464//1188
f 2466//1189 2465//1187 2464//1188
f 1972//13 2099//13 2098//13 2467//13 1837//13
f 1891//13 2468//13 2469//13
f 2470//13 1891//13 1888//13
f 2470//13 2468//13 1891//13
f 2471//13 2470//13 1888//13
f 2382//13 2471//13 1888//13
f 2472//14 2473//14 2474//14
f 1859//935 2473//14 2472//14
f 1858//935 2473//14 1859//935
f 1857//1021 2473//14 1858//935
f 1856//1020 2473//14 1857//1021
f 2475//14 2473//14 1856//1020
f 2205//14 2475//14 1856//1020
f 2061//14 2205//14 1856//1020
f 1848//14 2061//14 1856//1020
f 1909//14 2061//14 1848//14
f 1854//126 1968//126 1853//1190
f 1853//1190 1968//126 1959//1191
f 1840//1192 1959//1191 1958//764
f 1841//1193 1958//764 1956//763
f 1845//1194 1956//763 1957//761
f 1848//761 1845//1194 1957//761
f 1845//1194 1841//1193 1956//763
f 1841//1193 1840//1192 1958//764
f 1840//1192 1853//1190 1959//1191
f 2294//7 2476//7 2477//7 2295//7
f 2478//1195 2479//1196 2480//1197
f 2481//1198 2478//1195 2480//1197
f 2482//1199 2481//1198 2480//1197
f 2483//1200 2482//1199 2480//1197
f 2484//1201 2482//1199 2483//1200
f 2255//1196 2479//1196 2478//1195
f 2256//1196 2255//1196 2478//1195
f 1901//7 1860//7 1864//7 2343//7
f 2485//7 2268//7 2267//7 2486//7
f 2487//14 2488//14 2489//14 2490//14
f 2491//24 2492//24 2493//24 2494//24
f 2041//236 2040//236 1859//236 2472//236
f 2296//7 2495//7 2496//7 2297//7
f 2235//24 2331//24 2497//24 2226//24 2228//24 2239//24
f 1859//1112 2040//7 2039//1202
f 1928//1112 1859//1112 2039//1202
f 1925//7 1928//1112 2039//1202
f 2279//14 2278//14 2498//14 2499//14 2311//14
f 2500//7 1905//7 1904//7 1922//7 1921//7
f 2501//6 1882//6 1884//6
f 2502//6 2501//6 1884//6
f 2503//6 2502//6 1884//6
f 2504//6 2503//6 1884//6
f 2505//6 2506//6 2507//6
f 2508//6 2505//6 2507//6
f 2508//6 2507//6 2509//6
f 2508//6 2509//6 2510//6
f 2508//6 2510//6 2504//6
f 2508//6 2504//6 1884//6
f 1838//6 2044//6 2043//6 1839//6
f 1996//107 1995//20 2511//873
f 2511//873 1995//20 2512//873
f 2513//1203 2512//873 2514//155
f 2515//154 2514//155 2516//154
f 2489//14 2516//154 2490//14
f 2489//14 2515//154 2516//154
f 2515//154 2513//1203 2514//155
f 2513//1203 2511//873 2512//873
f 2517//7 2518//7 2519//7 2520//7
f 2314//236 2313//236 2521//1204
f 2521//1204 2313//236 2522//1205
f 2523//1206 2522//1205 2524//1207
f 2525//1208 2524//1207 2526//1209
f 2527//1210 2526//1209 2528//479
f 2330//479 2527//1210 2528//479
f 2527//1210 2525//1208 2526//1209
f 2525//1208 2523//1206 2524//1207
f 2523//1206 2521//1204 2522//1205
f 2529//14 1815//14 1814//14 2530//14
f 1859//1211 1927//1211 1847//1211 1849//108 1850//108
f 2391//13 2531//13 2389//1212
f 2389//1212 2531//13 2532//470
f 2310//1213 2532//470 2533//460
f 2309//1214 2533//460 2534//613
f 2308//1215 2534//613 2307//1216
f 2308//1215 2309//1214 2534//613
f 2534//613 2535//24 2307//1216
f 2307//1216 2535//24 2306//24
f 2309//1214 2310//1213 2533//460
f 2310//1213 2389//1212 2532//470
f 1957//761 1907//761 1909//761 1848//761
f 2300//7 2536//7 2537//7 2301//7
f 2538//13 2457//13 2219//13
f 2539//13 2540//13 2538//13
f 2541//13 2539//13 2538//13
f 2541//13 2538//13 2219//13
f 2542//13 2541//13 2219//13
f 2218//13 2542//13 2219//13
f 2339//7 2327//7 2326//7 2340//7
f 2528//479 1946//479 1945//479 2330//479
f 1837//460 2467//460 2543//460 1834//460
f 2544//20 2545//20 2546//20
f 2547//20 2332//20 2548//20
f 2549//20 2544//20 2546//20
f 2550//20 2332//20 2547//20
f 2333//20 2332//20 2550//20
f 2551//20 2549//20 2546//20
f 2552//20 2549//20 2551//20
f 2553//1217 2333//1218 2550//20
f 2554//20 2549//20 2552//20
f 2555//20 2553//1217 2550//20
f 2556//20 2555//20 2550//20
f 2557//20 2549//20 2554//20
f 2558//20 2556//20 2550//20
f 2559//20 2549//20 2557//20
f 2560//20 2556//20 2558//20
f 2561//20 2559//20 2557//20
f 2562//20 2561//20 2557//20
f 2563//20 2556//20 2560//20
f 2564//20 2565//20 2566//20
f 2564//20 2563//20 2565//20
f 2564//20 2556//20 2563//20
f 2567//20 2564//20 2566//20
f 2567//20 2566//20 2562//20
f 2567//20 2562//20 2557//20
f 2568//20 2564//20 2567//20
f 2569//20 2568//20 2567//20
f 2570//20 2568//20 2569//20
f 2571//20 2568//20 2570//20
f 2572//20 2571//20 2570//20
f 2573//20 2571//20 2572//20
f 1881//1163 2540//1163 2539//1163 1880//1163
f 2574//14 2575//14 2576//14 2577//14
f 2226//13 2497//13 2162//13 2156//13 2578//13 2225//13
f 2579//14 2465//14 1892//14 1893//14
f 2339//1219 2338//1219 2328//1219 2327//1219
f 2488//14 2487//14 2580//1220
f 2580//1220 2487//14 2581//1220
f 2582//1221 2581//1220 2583//1221
f 1832//1222 2583//1221 1833//305
f 1832//1222 2582//1221 2583//1221
f 2582//1221 2580//1220 2581//1220
f 2584//492 2216//492 2214//492 2585//492
f 2457//20 2538//20 1871//20 1870//20 1994//20
f 2586//13 2587//13 2588//13 2589//13
f 2590//1223 2591//1223 2506//1223
f 2592//1224 2590//1225 2506//1226
f 2593//1227 2592//1224 2506//1226
f 2593//1227 1887//1196 1886//1196
f 2505//1228 2593//1227 2506//1226
f 2594//1196 2593//1227 2505//1228
f 2594//1196 1887//1196 2593//1227
f 2595//6 2596//1229 2597//1230
f 2597//1230 2596//1229 2598//1230
f 2599//1231 2598//1230 2600//1231
f 2601//1232 2600//1231 2602//1233
f 2603//1232 2601//1232 2602//1233
f 2603//1232 2262//117 2601//1232
f 2603//1232 2604//1234 2262//117
f 2262//117 2604//1234 2263//117
f 2601//1232 2599//1231 2600//1231
f 2599//1231 2597//1230 2598//1230
f 2059//20 2060//108 2605//20 2606//20
f 1978//391 1977//391 2607//391 2608//391
f 2302//7 2609//7 2610//7 2303//7
f 1812//1235 2470//1235 2471//1235 1810//1235
f 1991//14 2611//14 2612//14 2613//14 1992//14
f 2614//24 2615//24 2616//24 2617//24
f 2290//1236 1966//502 2289//1237
f 2290//1236 2291//1238 1966//502
f 1966//502 2291//1238 1969//24
f 1969//24 2291//1238 2292//24
f 1966//502 1965//492 2289//1237
f 2289//1237 1965//492 1827//1239
f 1827//1239 1965//492 1963//504
f 1822//1240 1963//504 1823//14
f 1822//1240 1827//1239 1963//504
f 1963//504 1960//935 1823//14
f 2468//20 2470//20 1812//20 1811//20
f 2045//699 2049//699 2618//699 2619//699
f 1918//14 1917//14 2216//14
f 1985//14 1918//14 2216//14
f 2620//14 1985//14 2216//14
f 2584//14 2620//14 2216//14
f 2381//14 1985//14 2620//14
f 2380//14 2381//14 2620//14
f 2621//699 2622//699 2038//699 2037//699
f 2623//20 2624//20 2030//20
f 2625//20 1941//20 2626//20
f 2627//20 2623//20 2030//20
f 2628//20 1941//20 2625//20
f 2029//20 2627//20 2030//20
f 1942//20 1941//20 2628//20
f 2629//20 2627//20 2029//20
f 2630//1217 1942//1241 2628//20
f 2631//20 2630//1217 2628//20
f 2632//20 2627//20 2629//20
f 2633//20 2631//20 2628//20
f 2634//20 2627//20 2632//20
f 2635//20 2633//20 2628//20
f 2636//20 2627//20 2634//20
f 2637//20 2633//20 2635//20
f 2638//20 2636//20 2634//20
f 2639//20 2638//20 2634//20
f 2640//20 2633//20 2637//20
f 2641//20 2642//20 2643//20
f 2641//20 2643//20 2639//20
f 2641//20 2639//20 2634//20
f 2644//20 2642//20 2641//20
f 2644//20 2640//20 2642//20
f 2644//20 2633//20 2640//20
f 2645//20 2644//20 2641//20
f 2646//20 2644//20 2645//20
f 2647//20 2646//20 2645//20
f 2648//20 2646//20 2647//20
f 2649//20 2648//20 2647//20
f 2650//20 2648//20 2649//20
f 1976//7 2454//7 2453//7
f 1976//7 2458//7 2454//7
f 1977//7 1976//7 2453//7
f 2607//7 1977//7 2453//7
f 2651//14 2480//14 2479//14 2652//14
f 1815//391 2529//391 2653//391 1816//391
f 2298//7 2654//7 2655//7 2299//7
f 2215//13 2213//13 2656//13 2657//13
f 2658//6 2659//6 2577//6 2576//6
f 1816//6 2653//6 2660//6 1817//6
f 2154//14 2132//14 2661//14 2209//14 2211//14 2662//14
f 2663//13 1813//13 1817//13 2660//13
f 2454//13 2458//13 2277//13 1973//13 1971//13
f 2664//20 2665//20 2037//20
f 1863//20 2664//20 2037//20
f 1863//20 1899//20 2664//20
f 1861//20 1863//20 2037//20
f 2666//7 2667//7 2387//7 2383//7
f 2612//236 2611//236 2668//236 2669//236
f 2670//13 2671//13 2672//13 2673//13
f 2674//14 2675//14 2676//14 2677//14
f 2016//1135 2018//1136 2102//1137
f 2101//1242 2016//1135 2102//1137
f 2101//1242 2103//1139 2016//1135
f 2016//1135 2103//1139 2014//1243
f 2014//1243 2103//1139 2104//1141
f 2012//1142 2104//1141 2107//1143
f 2010//1144 2107//1143 2109//1145
f 2008//1146 2109//1145 2110//1147
f 2006//1148 2110//1147 2113//1149
f 2004//1150 2113//1149 2114//236
f 1999//1151 2114//236 2112//1152
f 2000//1153 2112//1152 2111//1154
f 2028//1155 2111//1154 2108//1156
f 2026//1157 2108//1156 2106//1158
f 2024//492 2106//1158 2105//1159
f 2022//1160 2105//1159 2100//1161
f 2020//1162 2100//1161 2102//1137
f 2018//1136 2020//1162 2102//1137
f 2024//492 2026//1157 2106//1158
f 2026//1157 2028//1155 2108//1156
f 2028//1155 2000//1153 2111//1154
f 2000//1153 1999//1151 2112//1152
f 1999//1151 2004//1150 2114//236
f 2004//1150 2006//1148 2113//1149
f 2006//1148 2008//1146 2110//1147
f 2008//1146 2010//1144 2109//1145
f 2010//1144 2012//1142 2107//1143
f 2012//1142 2014//1243 2104//1141
f 2020//1162 2022//1160 2100//1161
f 2022//1160 2024//492 2105//1159
f 2047//126 2046//126 2498//126 2278//126
f 2133//7 2134//7 1875//7 1874//7
f 2678//1244 2679//697 2680//1245
f 2678//1244 2681//1246 2679//697
f 2679//697 2681//1246 2281//6
f 2281//6 2681//1246 2280//6
f 2679//697 2682//699 2680//1245
f 2680//1245 2682//699 2386//1247
f 2386//1247 2682//699 2683//701
f 2388//1248 2683//701 2390//13
f 2388//1248 2386//1247 2683//701
f 2683//701 2684//13 2390//13
f 2656//24 2213//24 2066//24
f 1871//24 2220//24 1868//24
f 2685//24 1871//24 2538//24
f 2685//24 2220//24 1871//24
f 1990//24 2220//24 2685//24
f 2543//24 2620//24 2656//24
f 2543//24 2656//24 2066//24
f 2425//24 2620//24 2543//24
f 2380//24 2620//24 2425//24
f 2067//24 1878//24 2068//24
f 2540//24 2685//24 2538//24
f 1881//24 1878//24 2067//24
f 1835//24 2543//24 2066//24
f 2424//24 2540//24 1881//24
f 2424//24 1881//24 2067//24
f 2424//24 2067//24 2380//24
f 2424//24 2380//24 2425//24
f 2686//24 2540//24 2424//24
f 2686//24 2685//24 2540//24
f 2314//24 2220//24 1990//24
f 1989//24 2314//24 1990//24
f 1834//24 2543//24 1835//24
f 2585//24 2214//24 2215//24 2657//24
f 1924//20 1923//20 2050//20 2321//20 2320//20
f 2687//1249 2418//1183 2688//1250
f 2687//1249 2689//1251 2418//1183
f 2418//1183 2689//1251 2420//1185
f 2421//1186 2418//1183 2420//1185
f 2421//1186 2419//1184 2418//1183
f 2418//1183 2690//1252 2688//1250
f 2688//1250 2690//1252 2691//1253
f 2691//1253 2690//1252 2692//1254
f 2693//1255 2692//1254 1980//155
f 2693//1255 2691//1253 2692//1254
f 2692//1254 1979//155 1980//155
f 2657//20 2656//20 2620//20 2584//20 2585//20
f 2485//460 2694//460 2685//460 2686//460
f 2695//7 2696//7 2697//7 2698//7
f 2699//1256 1896//1187 2621//1187
f 1894//1187 1896//1187 2699//1256
f 2665//1257 2699//1256 2621//1187
f 2037//1187 2665//1257 2621//1187
f 2531//13 2391//13 2390//13 2684//13
f 2700//7 2154//7 2662//7
f 2701//7 2154//7 2700//7
f 2151//7 2154//7 2701//7
f 2041//24 2472//24 2474//24 2042//24
f 2670//6 2530//6 1814//6
f 2673//6 2530//6 2670//6
f 2619//6 2608//6 2607//6
f 2618//6 2608//6 2619//6
f 2575//6 2619//6 2607//6
f 2575//6 2607//6 2453//6
f 2702//6 2575//6 2574//6
f 2702//6 2619//6 2575//6
f 2255//6 2312//6 2702//6
f 2255//6 2702//6 2574//6
f 2255//6 2574//6 2670//6
f 2255//6 2670//6 1814//6
f 2255//6 1814//6 1813//6
f 1955//6 2255//6 2257//6
f 1955//6 2312//6 2255//6
f 2315//6 1955//6 2257//6
f 2652//6 2251//6 2703//6
f 2479//6 2251//6 2652//6
f 2479//6 2704//6 2251//6
f 2479//6 2594//6 2704//6
f 1883//6 1854//6 1855//6
f 1887//6 1854//6 1883//6
f 2594//6 1854//6 1887//6
f 2452//6 1854//6 2594//6
f 2453//6 2452//6 2594//6
f 2663//6 2453//6 2594//6
f 1813//6 2663//6 2594//6
f 2530//6 2453//6 2663//6
f 2673//6 2453//6 2530//6
f 2575//6 2453//6 2673//6
f 2479//6 1813//6 2594//6
f 2255//6 1813//6 2479//6
f 2455//6 2594//6 2705//6
f 2456//6 2455//6 2705//6
f 2469//6 2594//6 2455//6
f 2468//6 2594//6 2469//6
f 1811//6 2594//6 2468//6
f 1895//6 2594//6 1811//6
f 2704//6 2594//6 1895//6
f 1811//6 1808//6 2463//6 2621//6 1896//6 1895//6
f 2706//6 2622//6 2621//6 2463//6
f 2704//6 2250//6 2251//6
f 1996//6 2240//6 1997//6
f 2511//6 2240//6 1996//6
f 2325//6 2240//6 2511//6
f 2513//6 2325//6 2511//6
f 2515//6 2325//6 2513//6
f 2489//6 2325//6 2515//6
f 2707//6 2325//6 2489//6
f 2707//6 2489//6 2488//6
f 1982//6 2707//6 2488//6
f 1982//6 2488//6 2580//6
f 1982//6 2580//6 2582//6
f 1982//6 2582//6 1832//6
f 1982//6 1832//6 1829//6
f 2708//6 2325//6 2707//6
f 2709//6 2708//6 2710//6
f 2711//6 2708//6 2709//6
f 2711//6 2325//6 2708//6
f 2712//6 2325//6 2711//6
f 2034//6 2712//6 2035//6
f 2713//6 2712//6 2034//6
f 2714//6 2712//6 2713//6
f 2696//6 2714//6 2697//6
f 2715//6 2714//6 2696//6
f 2715//6 2712//6 2714//6
f 2716//6 2712//6 2715//6
f 2717//6 2712//6 2716//6
f 2717//6 2716//6 2260//6
f 2259//6 2717//6 2260//6
f 2718//6 2712//6 2717//6
f 2719//6 2718//6 2461//6
f 2719//6 2712//6 2718//6
f 2460//6 2719//6 2461//6
f 2720//6 2712//6 2719//6
f 2245//6 2720//6 2242//6
f 2721//6 2720//6 2245//6
f 2721//6 2712//6 2720//6
f 2721//6 2325//6 2712//6
f 2722//6 2325//6 2721//6
f 2723//6 2722//6 2519//6
f 2723//6 2325//6 2722//6
f 2518//6 2723//6 2519//6
f 2724//6 2325//6 2723//6
f 2051//6 2724//6 2666//6
f 2422//6 2051//6 2666//6
f 2725//6 2422//6 2666//6
f 2053//6 2724//6 2051//6
f 2726//6 2725//6 2666//6
f 2055//6 2724//6 2053//6
f 2385//6 2726//6 2666//6
f 2341//6 2724//6 2055//6
f 2341//6 2325//6 2724//6
f 2057//6 2341//6 2055//6
f 2059//6 2341//6 2057//6
f 2383//6 2385//6 2666//6
f 2336//6 2341//6 2059//6
f 2606//6 2336//6 2059//6
f 2486//13 2669//13 2668//13 2694//13 2485//13
f 1810//6 2471//6 2382//6 1803//6
f 2551//13 2546//13 2727//13 2728//13
f 2397//1258 2140//1070 2398//1071
f 2397//1258 2396//1072 2140//1070
f 2140//1070 2396//1072 2142//1073
f 2142//1073 2396//1072 2395//1074
f 2144//1075 2395//1074 2394//1076
f 2146//1259 2394//1076 2147//1078
f 2146//1259 2144//1075 2394//1076
f 2398//1071 2138//1079 2399//1080
f 2398//1071 2140//1070 2138//1079
f 2394//1076 2393//1081 2147//1078
f 2147//1078 2393//1081 2148//1260
f 2148//1260 2393//1081 2392//1083
f 2152//1084 2392//1083 2406//1085
f 2153//1086 2406//1085 2405//1261
f 2145//1088 2405//1261 2404//1089
f 2141//1090 2404//1089 2403//1091
f 2139//1092 2403//1091 2402//1262
f 2137//1263 2402//1262 2401//1264
f 2400//1134 2137//1263 2401//1264
f 2400//1134 2136//1097 2137//1263
f 2400//1134 2135//1098 2136//1097
f 2400//1134 2399//1080 2135//1098
f 2135//1098 2399//1080 2138//1079
f 2144//1075 2142//1073 2395//1074
f 2137//1263 2139//1092 2402//1262
f 2139//1092 2141//1090 2403//1091
f 2141//1090 2145//1088 2404//1089
f 2145//1088 2153//1086 2405//1261
f 2153//1086 2152//1084 2406//1085
f 2152//1084 2148//1260 2392//1083
f 2268//236 2485//236 2686//236 2424//236
f 2729//1265 1828//1266 1826//1267
f 2730//1268 1828//1266 2729//1265
f 2731//1265 1828//1266 2730//1268
f 2276//1268 1828//1266 2731//1265
f 1981//1268 1828//1266 2276//1268
f 2732//1268 1981//1268 2276//1268
f 2733//1268 2732//1268 2276//1268
f 2036//1268 2733//1268 2276//1268
f 2033//1268 2036//1268 2276//1268
f 2698//1268 2033//1268 2276//1268
f 2695//1268 2698//1268 2276//1268
f 2261//1268 2695//1268 2276//1268
f 2258//1268 2261//1268 2276//1268
f 2462//1268 2258//1268 2276//1268
f 2459//1268 2462//1268 2276//1268
f 2243//1268 2459//1268 2276//1268
f 2244//1268 2243//1268 2276//1268
f 2520//1268 2244//1268 2276//1268
f 2517//1268 2520//1268 2276//1268
f 2667//1268 2517//1268 2276//1268
f 2280//1268 2667//1268 2276//1268
f 2681//1268 2667//1268 2280//1268
f 2678//1268 2667//1268 2681//1268
f 2680//1268 2667//1268 2678//1268
f 2387//1269 2667//1268 2680//1268
f 2386//1270 2387//1269 2680//1268
f 1866//14 2343//14 1864//14
f 2342//14 1866//14 2250//14
f 2342//14 2343//14 1866//14
f 2734//14 2342//14 2250//14
f 2704//14 2734//14 2250//14
f 2049//126 1978//126 2608//126 2618//126
f 2735//20 2465//20 2466//20
f 1892//20 2465//20 2735//20
f 1802//20 1892//20 2735//20
f 1802//20 2735//20 1806//20
f 1978//7 2049//7 2048//7 1974//7
f 2736//24 2737//24 2738//24 2739//24
f 1906//13 1905//13 2500//13 2740//13 2741//13 2742//13
f 2743//24 2744//24 2745//24 2746//24
f 1895//20 1900//20 2734//20 2704//20
f 2251//14 1865//14 1867//14 2703//14
f 2505//13 2508//13 2705//13 2594//13
f 2734//1235 1900//1235 1902//1235 2342//1235
f 2659//7 2671//7 2670//7 2574//7 2577//7
f 2257//20 2254//20 2651//20
f 1883//20 2508//20 1884//20
f 2652//20 2257//20 2651//20
f 2705//20 2508//20 1883//20
f 2316//20 2652//20 2703//20
f 2316//20 2257//20 2652//20
f 2316//20 2315//20 2257//20
f 1852//20 2456//20 2705//20
f 1852//20 2705//20 1855//20
f 1851//20 2456//20 1852//20
f 2317//20 2316//20 2703//20
f 2579//20 2622//20 2706//20
f 2038//20 2622//20 2579//20
f 1839//20 2456//20 1851//20
f 2324//20 2317//20 2703//20
f 1867//20 2741//20 2324//20
f 1867//20 2324//20 2703//20
f 1862//20 2038//20 2579//20
f 1893//20 1862//20 2579//20
f 1890//20 1839//20 2043//20
f 1890//20 2456//20 1839//20
f 2474//20 1893//20 1890//20
f 2474//20 1862//20 1893//20
f 2474//20 1867//20 1862//20
f 2474//20 1890//20 2043//20
f 2742//20 1867//20 2474//20
f 2742//20 2741//20 1867//20
f 2042//20 2474//20 2043//20
f 2497//20 2329//20 2474//20
f 2331//20 2329//20 2497//20
f 2661//20 2497//20 2474//20
f 2473//20 2661//20 2474//20
f 2168//20 2497//20 2661//20
f 2167//20 2497//20 2168//20
f 2187//20 2168//20 2661//20
f 2188//20 2187//20 2661//20
f 2190//20 2188//20 2661//20
f 2191//20 2190//20 2661//20
f 2159//20 2497//20 2167//20
f 2194//20 2191//20 2661//20
f 2203//20 2194//20 2661//20
f 2163//20 2497//20 2159//20
f 2162//20 2497//20 2163//20
f 2132//20 2203//20 2661//20
f 2747//20 2163//20 2159//20
f 2614//20 2747//20 2159//20
f 2748//20 2614//20 2159//20
f 2749//20 2160//20 2167//20
f 2739//20 2749//20 2167//20
f 2736//20 2739//20 2167//20
f 2750//20 2736//20 2167//20
f 2751//20 2168//20 2171//20
f 2752//20 2751//20 2171//20
f 2753//20 2172//20 2175//20
f 2754//20 2753//20 2175//20
f 2755//20 2176//20 2179//20
f 2756//20 2755//20 2179//20
f 2757//20 2180//20 2183//20
f 2758//20 2757//20 2183//20
f 2759//20 2184//20 2187//20
f 2760//20 2759//20 2187//20
f 2761//20 2188//20 2190//20
f 2762//20 2761//20 2190//20
f 2763//20 2191//20 2194//20
f 2764//20 2763//20 2194//20
f 2765//20 2195//20 2198//20
f 2766//20 2765//20 2198//20
f 2767//20 2199//20 2202//20
f 2492//20 2767//20 2202//20
f 2493//20 2492//20 2202//20
f 2768//20 2203//20 2131//20
f 2745//20 2203//20 2768//20
f 2744//20 2203//20 2745//20
f 2769//20 2203//20 2744//20
f 2770//20 2493//20 2202//20
f 1971//126 1968//126 1854//126 2452//126
f 2771//7 2305//7 2304//7 2772//7
f 2267//24 2096//24 2099//24
f 2486//24 2612//24 2669//24
f 2613//24 2612//24 2486//24
f 1972//24 2267//24 2099//24
f 2306//24 1972//24 1969//24
f 2306//24 2613//24 1972//24
f 2306//24 2535//24 2613//24
f 2292//24 2306//24 1969//24
f 2673//20 2672//20 2658//20 2576//20 2575//20
f 2166//20 2345//20 2344//20 2143//20
f 1824//14 1961//14 1825//1271
f 1825//1271 1961//14 1962//393
f 1826//1272 1962//393 1964//391
f 2729//1273 1964//391 1967//389
f 2730//1274 1967//389 2731//1275
f 2730//1274 2729//1273 1967//389
f 1967//389 1970//6 2731//1275
f 2731//1275 1970//6 2276//6
f 2729//1273 1826//1272 1964//391
f 1826//1272 1825//1271 1962//393
f 2374//24 2349//24 2348//24
f 2350//24 2349//24 2374//24
f 2352//24 2350//24 2374//24
f 2372//24 2352//24 2374//24
f 2370//24 2352//24 2372//24
f 2354//24 2352//24 2370//24
f 2368//24 2354//24 2370//24
f 2356//24 2354//24 2368//24
f 2358//24 2356//24 2368//24
f 2366//24 2358//24 2368//24
f 2364//24 2358//24 2366//24
f 2360//24 2358//24 2364//24
f 2362//24 2360//24 2364//24
f 2134//13 2143//13 2344//13 1872//13 1875//13
f 2326//1276 2325//1276 2341//1276 2340//1276
f 1876//371 1879//371 2773//371
f 2542//371 2774//371 2541//371
f 2221//371 2542//371 1876//371
f 2221//371 2774//371 2542//371
f 2217//371 2221//371 1876//371
f 2217//371 1876//371 2773//371
f 2740//6 2318//6 2324//6 2741//6
f 2314//24 2521//218 2220//24
f 2220//24 2521//218 2223//218
f 2223//218 2521//218 2523//211
f 2227//211 2523//211 2525//208
f 2230//208 2525//208 2527//202
f 2232//1277 2527//202 2330//13
f 2233//13 2232//1277 2330//13
f 2232//1277 2230//208 2527//202
f 2230//208 2227//211 2525//208
f 2227//211 2223//218 2523//211
f 2775//106 2475//7 2776//106
f 2777//7 2475//7 2775//106
f 2778//7 2475//7 2777//7
f 2535//7 1992//7 2613//7
f 2281//7 2279//7 2311//7
f 1954//7 2281//7 2311//7
f 2313//7 1992//7 2535//7
f 2534//7 2313//7 2535//7
f 2679//7 2281//7 1954//7
f 2682//7 2679//7 1954//7
f 2533//7 2313//7 2534//7
f 2683//7 2682//7 1954//7
f 2532//7 2313//7 2533//7
f 2522//7 2531//147 2684//7
f 2522//7 2532//7 2531//147
f 2522//7 2313//7 2532//7
f 1952//7 2522//7 2684//7
f 1952//7 2684//7 2683//7
f 1952//7 2683//7 1954//7
f 2524//7 2522//7 1952//7
f 1950//7 2524//7 1952//7
f 1948//7 2524//7 1950//7
f 2526//7 2524//7 1948//7
f 2528//7 2526//7 1948//7
f 1946//7 2528//7 1948//7
f 2498//7 2045//7 2619//7
f 2498//7 2046//7 2045//7
f 2499//7 2498//7 2619//7
f 2702//7 2499//7 2619//7
f 2311//391 2499//391 2702//391 2312//391
f 2483//6 2480//6 2651//6
f 2779//6 2483//6 2651//6
f 2780//6 2779//6 2651//6
f 2781//6 2780//6 2651//6
f 2782//6 2781//6 2651//6
f 2783//6 2782//6 2651//6
f 2784//6 2783//6 2651//6
f 2785//6 2784//6 2651//6
f 2254//6 2785//6 2651//6
f 2253//6 2785//6 2254//6
f 1991//7 2685//7 2694//7
f 1991//7 2694//7 2668//7
f 2611//7 1991//7 2668//7
f 1990//7 2685//7 1991//7
f 2786//13 2787//13 2788//13 2789//13
f 2337//13 2336//13 2606//13 2605//13
f 1823//14 1960//935 1961//14 1824//14
f 2710//7 2732//7 2733//7 2709//7
f 2790//7 2293//7 1831//7 1830//7
f 2791//14 2792//14 2793//14 2794//14
f 2209//24 2661//24 2473//24 2475//24 2778//24 2208//24
f 2465//391 2579//391 2706//391 2463//391
f 2660//20 2653//20 2529//20 2530//20 2663//20
f 2423//13 2422//13 2795//1278
f 2795//1278 2422//13 2725//1279
f 2796//1280 2725//1279 2726//1280
f 2384//767 2726//1280 2385//234
f 2384//767 2796//1280 2726//1280
f 2796//1280 2795//1278 2725//1279
f 1903//24 1906//24 2742//24 2329//24
f 2156//7 2797//7 2578//7
f 2156//7 2798//7 2797//7
f 2156//7 2155//7 2798//7
f 2218//24 1877//24 1876//24 2542//24
f 2672//699 2671//699 2659//699 2658//699
f 2384//24 1820//24 1819//24
f 1833//24 2790//24 1830//24
f 2796//24 2384//24 1819//24
f 2583//24 2790//24 1833//24
f 2795//24 2796//24 1819//24
f 2581//24 2790//24 2583//24
f 2487//24 2790//24 2581//24
f 2423//24 2795//24 1819//24
f 2052//24 2423//24 1819//24
f 2490//24 2790//24 2487//24
f 2799//24 2610//24 2609//24
f 2800//24 2496//24 2495//24
f 2801//24 2496//24 2800//24
f 2802//24 2655//24 2654//24
f 2803//24 2655//24 2802//24
f 2804//24 2537//24 2536//24
f 2805//24 2804//24 2536//24
f 2806//24 2477//24 2476//24
f 2337//24 2060//24 2058//24
f 2337//24 2058//24 2056//24
f 2337//24 2056//24 2054//24
f 2337//24 2605//24 2060//24
f 2241//24 2512//24 1995//24
f 2241//24 2514//24 2512//24
f 2241//24 2516//24 2514//24
f 2241//24 1995//24 1998//24
f 2807//24 2248//24 2247//24
f 2808//24 2805//24 2806//24
f 2808//24 2804//24 2805//24
f 2808//24 2799//24 2804//24
f 2808//24 2806//24 2476//24
f 2809//24 2516//24 2241//24
f 2809//24 2490//24 2516//24
f 2809//24 2790//24 2490//24
f 2810//24 2771//24 2772//24
f 2811//24 2807//24 2247//24
f 2812//24 2799//24 2808//24
f 2812//24 2610//24 2799//24
f 2813//24 2810//24 2772//24
f 2814//24 2337//24 2054//24
f 2814//24 2054//24 2052//24
f 2814//24 2052//24 1819//24
f 2328//24 2814//24 2813//24
f 2328//24 2813//24 2812//24
f 2328//24 2812//24 2811//24
f 2328//24 2811//24 2809//24
f 2328//24 2809//24 2241//24
f 2338//24 2814//24 2328//24
f 2338//24 2337//24 2814//24
f 1920//1281 2284//127 2319//1282
f 1920//1281 2319//1282 2318//168
f 1921//1283 1920//1281 2318//168
f 2740//126 1921//1283 2318//168
f 2500//126 1921//1283 2740//126
f 1891//20 2469//20 2455//20 1889//20
f 2266//7 2543//7 2467//7
f 2266//7 2467//7 2098//7
f 2097//7 2266//7 2098//7
f 2425//7 2543//7 2266//7
usemtl TSS_USBC_B_SuiteModelMtl04
f 2815//13 2816//13 2817//13
f 2818//13 2815//13 2819//13
f 2818//13 2816//13 2815//13
f 2820//13 2818//13 2819//13
f 2821//13 2820//13 2819//13
f 2822//13 2821//13 2819//13
f 2823//24 2824//24 2825//24 2826//24
f 2827//236 2828//236 2829//236 2830//236
f 2831//819 2832//819 2833//819 2834//819
f 2835//24 2836//24 2837//24 2838//24
f 2839//14 2840//14 2837//14 2836//14
f 2841//14 2842//14 2843//14 2844//14
f 2845//6 2846//6 2847//6 2848//6
f 2849//236 2850//236 2851//236 2852//236
f 2853//20 2854//20 2855//20 2856//20
f 2857//1284 2858//1284 2859//1285
f 2859//1285 2858//1284 2860//1285
f 2861//1286 2860//1285 2862//1286
f 2863//24 2862//1286 2864//24
f 2863//24 2861//1286 2862//1286
f 2861//1286 2859//1285 2860//1285
f 2865//13 2866//13 2867//13
f 2868//13 2865//13 2869//13
f 2868//13 2866//13 2865//13
f 2870//13 2868//13 2869//13
f 2871//13 2870//13 2869//13
f 2872//13 2871//13 2869//13
f 2873//1285 2874//1287 2875//1288
f 2876//1289 2873//1285 2875//1288
f 2876//1289 2877//1290 2873//1285
f 2876//1289 2878//1291 2877//1290
f 2877//1290 2878//1291 2879//24
f 2879//24 2878//1291 2880//24
f 2874//1287 2881//1292 2875//1288
f 2875//1288 2881//1293 2882//1288
f 2882//1288 2881//1293 2883//1285
f 2884//1294 2883//1285 2885//1295
f 2886//1296 2885//1295 2824//24
f 2886//1296 2884//1294 2885//1295
f 2885//1295 2825//24 2824//24
f 2884//1294 2882//1288 2883//1285
f 2828//13 2887//13 2888//13 2829//13
f 2889//14 2827//14 2830//14 2890//14
f 2891//13 2892//13 2893//13 2894//13
f 2888//24 2890//24 2830//24 2829//24
f 2895//6 2834//6 2833//6 2896//6
f 2897//1284 2898//1284 2899//1285
f 2899//1285 2898//1284 2900//1285
f 2901//1286 2900//1285 2902//1286
f 2903//24 2902//1286 2904//24
f 2903//24 2901//1286 2902//1286
f 2901//1286 2899//1285 2900//1285
f 2905//13 2881//13 2906//13
f 2883//13 2905//13 2907//13
f 2883//13 2881//13 2905//13
f 2885//13 2883//13 2907//13
f 2825//13 2885//13 2907//13
f 2826//13 2825//13 2907//13
f 2908//6 2909//6 2910//6 2911//6
f 2912//1285 2913//1292 2914//1288
f 2915//1289 2912//1285 2914//1288
f 2915//1289 2916//1297 2912//1285
f 2915//1289 2917//1298 2916//1297
f 2916//1297 2917//1298 2918//24
f 2918//24 2917//1298 2919//24
f 2913//1292 2920//1292 2914//1288
f 2914//1299 2920//1293 2921//1288
f 2921//1288 2920//1293 2922//1285
f 2923//1289 2922//1285 2924//1297
f 2925//1300 2924//1297 2926//24
f 2925//1300 2923//1289 2924//1297
f 2924//1297 2927//24 2926//24
f 2923//1289 2921//1288 2922//1285
f 2928//6 2929//6 2930//6 2931//6
f 2915//13 2914//13 2847//13
f 2917//13 2915//13 2847//13
f 2919//13 2917//13 2847//13
f 2932//13 2919//13 2847//13
f 2933//13 2934//13 2935//13
f 2936//13 2933//937 2935//13
f 2937//13 2936//13 2935//13
f 2938//13 2937//13 2935//13
f 2939//1284 2940//1284 2941//1285
f 2941//1285 2940//1284 2942//1285
f 2943//1286 2942//1285 2944//1286
f 2945//24 2944//1286 2946//24
f 2945//24 2943//1286 2944//1286
f 2943//1286 2941//1285 2942//1285
f 2947//126 2948//126 2949//126 2950//126
f 2951//6 2952//6 2953//6 2954//6
f 2955//24 2863//24 2864//24 2956//24
f 2957//14 2958//14 2959//14
f 2960//14 2957//14 2961//14
f 2960//14 2958//14 2957//14
f 2962//14 2960//14 2961//14
f 2963//14 2962//14 2961//14
f 2964//14 2963//14 2961//14
f 2965//20 2966//20 2967//20 2968//20
f 2869//20 2969//20 2970//20 2872//20
f 2971//13 2972//13 2973//13
f 2974//13 2971//13 2975//13
f 2974//13 2972//13 2971//13
f 2976//13 2974//13 2975//13
f 2977//13 2976//13 2975//13
f 2978//13 2977//13 2975//13
f 2979//13 2858//13 2980//13
f 2860//13 2979//13 2981//13
f 2860//13 2858//13 2979//13
f 2862//13 2860//13 2981//13
f 2864//13 2862//13 2981//13
f 2956//13 2864//13 2981//13
f 2847//20 2846//20 2982//20 2932//20
f 2983//126 2984//126 2985//126 2986//126
f 2987//126 2988//126 2989//126 2990//126
f 2965//6 2991//6 2992//6 2966//6
f 2993//14 2994//14 2995//14 2996//14
f 2876//13 2875//13 2997//13
f 2878//13 2876//819 2997//13
f 2880//13 2878//13 2997//13
f 2998//13 2880//13 2997//13
f 2951//20 2954//20 2999//20 3000//20
f 3001//13 3002//13 3003//13 3004//13
f 2928//20 2931//20 3005//20 3006//20
f 3007//13 3008//13 3009//13
f 3010//13 3007//13 3011//13
f 3010//13 3008//13 3007//13
f 3012//13 3010//13 3011//13
f 3013//13 3012//13 3011//13
f 3014//13 3013//13 3011//13
f 3015//14 3016//14 2908//14 2911//14
f 3017//1021 3018//1021 3019//1021 3020//1021
f 3021//6 3022//6 2950//6 2949//6
f 3023//6 3004//6 3003//6 3024//6
f 3025//1285 3026//1292 3027//1288
f 3028//1289 3025//1285 3027//1288
f 3028//1289 3029//1290 3025//1285
f 3028//1289 3030//1291 3029//1290
f 3029//1290 3030//1291 3031//24
f 3031//24 3030//1291 3032//24
f 3033//24 3034//1300 2820//1301
f 2821//24 3033//24 2820//1301
f 2820//1301 3035//1289 2818//1285
f 2820//1301 3034//1300 3035//1289
f 3035//1289 3036//1288 2818//1285
f 2818//1285 3036//1288 2816//1287
f 2816//1287 3036//1288 3027//1299
f 3026//1292 2816//1292 3027//1288
f 2832//126 3037//126 2896//126 2833//126
f 2967//24 2945//24 2946//24 2968//24
f 3038//1284 2972//1284 3039//1285
f 3039//1285 2972//1284 2974//1285
f 3040//1286 2974//1285 2976//1286
f 3041//24 2976//1286 2977//24
f 3041//24 3040//1286 2976//1286
f 3040//1286 3039//1285 2974//1285
f 3042//14 3043//14 3044//14 3045//14
f 3046//13 2987//13 2990//13 3047//13
f 3048//6 3049//6 2986//6 2985//6
f 3050//24 3031//24 3032//24 3051//24
f 2991//13 2940//13 3052//13
f 2942//13 2991//13 2965//13
f 2942//13 2940//13 2991//13
f 2944//13 2942//13 2965//13
f 2946//13 2944//13 2965//13
f 2968//13 2946//13 2965//13
f 3053//14 2849//14 2852//14 3054//14
f 3055//14 2823//14 3056//14
f 2824//14 2823//14 3055//14
f 2886//14 2824//14 3055//14
f 2884//14 2886//14 3055//14
f 2882//14 2884//14 3055//14
f 3057//13 3058//13 3059//13 3060//13
f 2981//20 3061//20 2955//20 2956//20
f 2893//24 3062//24 3063//24 2894//24
f 3064//14 3065//14 3063//14 3062//14
f 2984//14 3066//14 3048//14 2985//14
f 3065//236 2891//236 2894//236 3063//236
f 3058//126 2993//126 2996//126 3059//126
f 3067//1284 3068//1284 3069//1285
f 3069//1285 3068//1284 3070//1285
f 3071//1286 3070//1285 3072//1286
f 3073//24 3072//1286 3074//24
f 3073//24 3071//1286 3072//1286
f 3071//1286 3069//1285 3070//1285
f 2988//1021 3075//1021 3076//1021 2989//1021
f 3077//14 3078//14 3079//14
f 3041//14 3077//14 3080//14
f 3041//14 3078//14 3077//14
f 3040//14 3041//14 3080//14
f 3039//14 3040//14 3080//14
f 3038//14 3039//14 3080//14
f 2845//14 2982//14 2846//14
f 2918//14 2845//14 3081//14
f 2918//14 2982//14 2845//14
f 2916//14 2918//14 3081//14
f 2912//14 2916//14 3081//14
f 2913//14 2912//14 3081//14
f 3037//14 3082//14 2895//14 2896//14
f 3011//20 2959//20 2958//20 3014//20
f 3002//126 3083//126 3024//126 3003//126
f 3084//14 3085//14 3086//14
f 3033//14 3085//14 3084//14
f 3034//14 3033//14 3084//14
f 3035//14 3034//14 3084//14
f 3036//14 3035//14 3084//14
f 3087//24 3088//24 2937//24 2938//24
f 3089//6 3090//6 3091//6 3092//6
f 3093//1285 3094//1287 2934//1288
f 2933//1289 3093//1285 2934//1288
f 2933//1289 3095//1290 3093//1285
f 2933//1289 2936//1298 3095//1290
f 3095//1290 2936//1298 3088//24
f 3088//24 2936//1298 2937//24
f 3096//24 3097//1300 3098//1301
f 3099//24 3096//24 3098//1301
f 3098//1301 3100//1289 3101//1285
f 3098//1301 3097//1300 3100//1289
f 3100//1289 3102//1288 3101//1285
f 3101//1285 3102//1288 3103//1287
f 3103//1287 3102//1288 2934//1288
f 3094//1287 3103//1292 2934//1288
f 3104//14 3050//14 3105//14
f 3031//14 3104//14 3106//14
f 3031//14 3050//14 3104//14
f 3029//14 3031//14 3106//14
f 3025//14 3029//14 3106//14
f 3026//14 3025//14 3106//14
f 2999//24 2903//24 2904//24 3000//24
f 3107//13 2920//13 3108//13
f 2922//13 3107//13 3109//13
f 2922//13 2920//13 3107//13
f 2924//13 2922//13 3109//13
f 2927//13 2924//13 3109//13
f 3110//13 2927//13 3109//13
f 2975//6 2971//6 3077//6 3079//6
f 2970//24 3111//24 2871//24 2872//24
f 3112//20 3105//20 3050//20 3051//20
f 3113//13 3114//13 3115//13 3116//13
f 2866//1284 2868//1285 3117//1284
f 3117//1284 2868//1285 3118//1285
f 3118//1285 2868//1285 3119//1286
f 3119//1286 2868//1285 2870//1286
f 3111//24 2870//1286 2871//24
f 3111//24 3119//1286 2870//1286
f 3076//6 3047//6 2990//6 2989//6
f 3120//1021 3121//1021 3122//1021 3123//1021
f 3124//126 3015//126 2911//126 2910//126
f 3125//14 3126//14 3127//14
f 2926//14 3126//14 3125//14
f 2925//14 2926//14 3125//14
f 2923//14 2925//14 3125//14
f 2921//14 2923//14 3125//14
f 2964//1284 3008//1284 2963//1285
f 2963//1285 3008//1284 3010//1285
f 2962//1286 3010//1285 3012//1286
f 2960//24 3012//1286 3013//24
f 2960//24 2962//1286 3012//1286
f 2962//1286 2963//1285 3010//1285
f 3128//13 2983//13 2986//13 3049//13
f 2927//24 3110//24 3126//24 2926//24
f 2819//20 3086//20 3085//20 2822//20
f 3129//14 3130//14 3131//14 3132//14
f 2855//24 3096//24 3099//24 2856//24
f 3133//14 2955//14 3061//14
f 2863//14 3133//14 3134//14
f 2863//14 2955//14 3133//14
f 2861//14 2863//14 3134//14
f 2859//14 2861//14 3134//14
f 2857//14 2859//14 3134//14
f 3135//24 3123//24 3122//24 3136//24
f 3091//14 3137//14 3092//14
f 3138//14 3091//14 3139//14
f 3138//14 3137//14 3091//14
f 3140//14 3138//14 3139//14
f 3141//14 3140//14 3139//14
f 3142//14 3141//14 3139//14
f 3112//6 3143//6 3104//6 3105//6
f 2981//6 2979//6 3133//6 3061//6
f 2952//13 2898//13 3144//13
f 2900//13 2952//13 2951//13
f 2900//13 2898//13 2952//13
f 2902//13 2900//13 2951//13
f 2904//13 2902//13 2951//13
f 3000//13 2904//13 2951//13
f 3078//24 3041//24 2977//24 2978//24
f 2850//13 3145//13 3146//13 2851//13
f 3147//14 2855//14 2854//14
f 3096//14 2855//14 3147//14
f 3097//14 3096//14 3147//14
f 3100//14 3097//14 3147//14
f 3102//14 3100//14 3147//14
f 3148//819 2947//819 2950//819 3022//819
f 2995//6 3060//6 3059//6 2996//6
f 3149//14 2970//14 2969//14
f 3111//14 3149//14 3150//14
f 3111//14 2970//14 3149//14
f 3119//14 3111//14 3150//14
f 3118//14 3119//14 3150//14
f 3117//14 3118//14 3150//14
f 3043//236 3151//236 3152//236 3044//236
f 3083//14 3153//14 3023//14 3024//14
f 3109//20 3127//20 3126//20 3110//20
f 3115//24 3132//24 3131//24 3116//24
f 2935//20 3154//20 3087//20 2938//20
f 3155//24 2879//24 2880//24 2998//24
f 2997//6 3156//6 3157//6 3158//6
f 3159//13 3160//13 3161//13 3162//13
f 2953//14 2999//14 2954//14
f 2903//14 2953//14 3163//14
f 2903//14 2999//14 2953//14
f 2901//14 2903//14 3163//14
f 2899//14 2901//14 3163//14
f 2897//14 2899//14 3163//14
f 2842//236 3159//236 3162//236 2843//236
f 3164//13 3165//13 3135//13 3136//13
f 3028//13 3027//13 3112//13
f 3030//13 3028//13 3112//13
f 3032//13 3030//13 3112//13
f 3051//13 3032//13 3112//13
f 2840//236 3166//236 2838//236 2837//236
f 3167//13 3124//13 2910//13 2909//13
f 2958//24 2960//24 3013//24 3014//24
f 3146//24 3054//24 2852//24 2851//24
f 3157//14 3155//14 3158//14
f 2879//14 3157//14 3168//14
f 2879//14 3155//14 3157//14
f 2877//14 2879//14 3168//14
f 2873//14 2877//14 3168//14
f 2874//14 2873//14 3168//14
f 3166//13 3169//13 2835//13 2838//13
f 2853//6 3170//6 3147//6 2854//6
f 3161//24 2844//24 2843//24 3162//24
f 3121//236 3164//236 3136//236 3122//236
f 3151//13 3171//13 3172//13 3152//13
f 2819//6 2815//6 3084//6 3086//6
f 3137//24 3138//24 3173//24 3174//24
f 3085//24 3033//24 2821//24 2822//24
f 3130//236 3113//236 3116//236 3131//236
f 3019//6 3175//6 3176//6 3020//6
f 2992//14 2967//14 2966//14
f 2945//14 2992//14 3177//14
f 2945//14 2967//14 2992//14
f 2943//14 2945//14 3177//14
f 2941//14 2943//14 3177//14
f 2939//14 2941//14 3177//14
f 3089//20 3092//20 3137//20 3174//20
f 2997//20 3158//20 3155//20 2998//20
f 3172//24 3045//24 3044//24 3152//24
f 3170//13 3103//13 3178//13
f 3101//13 3170//13 2853//13
f 3101//13 3103//13 3170//13
f 3098//13 3101//13 2853//13
f 3099//13 3098//13 2853//13
f 2856//13 3099//13 2853//13
f 2869//6 2865//6 3149//6 2969//6
f 3090//13 3179//13 3180//13
f 3181//13 3090//13 3089//13
f 3181//13 3179//13 3090//13
f 3182//13 3181//13 3089//13
f 3173//13 3182//13 3089//13
f 3174//13 3173//13 3089//13
f 2948//14 3183//14 3021//14 2949//14
f 2935//6 3184//6 3185//6 3154//6
f 3186//126 3017//126 3020//126 3176//126
f 2929//13 3068//13 3187//13
f 3070//13 2929//13 2928//13
f 3070//13 3068//13 2929//13
f 3072//13 3070//13 2928//13
f 3074//13 3072//13 2928//13
f 3006//13 3074//13 2928//13
f 3005//24 3073//24 3074//24 3006//24
f 2907//6 2905//6 3055//6 3056//6
f 2930//14 3005//14 2931//14
f 3073//14 2930//14 3188//14
f 3073//14 3005//14 2930//14
f 3071//14 3073//14 3188//14
f 3069//14 3071//14 3188//14
f 3067//14 3069//14 3188//14
f 3011//6 3007//6 2957//6 2959//6
f 3185//14 3087//14 3154//14
f 3088//14 3185//14 3189//14
f 3088//14 3087//14 3185//14
f 3095//14 3088//14 3189//14
f 3093//14 3095//14 3189//14
f 3094//14 3093//14 3189//14
f 2907//20 3056//20 2823//20 2826//20
f 3190//13 3186//13 3176//13 3175//13
f 2982//24 2918//24 2919//24 2932//24
f 2975//20 3079//20 3078//20 2978//20
f 3142//1284 3179//1284 3141//1285
f 3141//1285 3179//1284 3181//1285
f 3140//1286 3181//1285 3182//1286
f 3138//24 3182//1286 3173//24
f 3138//24 3140//1286 3182//1286
f 3140//1286 3141//1285 3181//1285
f 3109//6 3107//6 3125//6 3127//6
usemtl TSS_USBC_B_SuiteModelMtl05
f 3191//1302 3192//1302 3193//13
f 3191//1302 3194//1303 3192//1302
f 3191//1302 3195//1303 3194//1303
f 3194//1303 3195//1303 3196//1304
f 3196//1304 3195//1303 3197//1304
f 3198//335 3197//1304 3199//335
f 3200//305 3199//335 3201//305
f 3202//1305 3201//305 3203//1305
f 3204//1306 3203//1305 3205//1306
f 3206//1307 3205//1306 3207//1307
f 3208//1308 3207//1309 3209//1308
f 3210//133 3209//1308 3211//133
f 3212//1310 3211//133 3213//1310
f 3214//1311 3213//1310 3215//1311
f 3216//1312 3215//1311 3217//1312
f 3218//1313 3217//1312 3219//1313
f 3220//13 3219//1313 3193//13
f 3192//1302 3220//13 3193//13
f 3220//13 3218//1313 3219//1313
f 3218//1313 3216//1312 3217//1312
f 3216//1312 3214//1311 3215//1311
f 3214//1311 3212//1310 3213//1310
f 3212//1310 3210//133 3211//133
f 3210//133 3208//1308 3209//1308
f 3208//1308 3206//1309 3207//1309
f 3206//1307 3204//1306 3205//1306
f 3204//1306 3202//1305 3203//1305
f 3202//1305 3200//305 3201//305
f 3200//305 3198//335 3199//335
f 3198//335 3196//1304 3197//1304
f 3221//1302 3222//1302 3223//13
f 3221//1302 3224//1303 3222//1302
f 3221//1302 3225//1303 3224//1303
f 3224//1303 3225//1303 3226//1304
f 3226//1304 3225//1303 3227//1304
f 3228//335 3227//1304 3229//335
f 3230//305 3229//335 3231//305
f 3232//1305 3231//305 3233//1305
f 3234//1306 3233//1305 3235//1306
f 3236//1307 3235//1306 3237//1307
f 3238//1308 3237//1309 3239//1308
f 3240//133 3239//1308 3241//133
f 3242//619 3241//133 3243//619
f 3244//1311 3243//619 3245//1311
f 3246//1312 3245//1311 3247//1312
f 3248//1313 3247//1312 3249//1313
f 3250//13 3249//1313 3223//13
f 3222//1302 3250//13 3223//13
f 3250//13 3248//1313 3249//1313
f 3248//1313 3246//1312 3247//1312
f 3246//1312 3244//1311 3245//1311
f 3244//1311 3242//619 3243//619
f 3242//619 3240//133 3241//133
f 3240//133 3238//1308 3239//1308
f 3238//1308 3236//1309 3237//1309
f 3236//1307 3234//1306 3235//1306
f 3234//1306 3232//1305 3233//1305
f 3232//1305 3230//305 3231//305
f 3230//305 3228//335 3229//335
f 3228//335 3226//1304 3227//1304
f 3251//1302 3252//1302 3253//13
f 3251//1302 3254//1303 3252//1302
f 3251//1302 3255//1303 3254//1303
f 3254//1303 3255//1303 3256//1304
f 3256//1304 3255//1303 3257//1304
f 3258//335 3257//1304 3259//335
f 3260//305 3259//335 3261//305
f 3262//1305 3261//305 3263//1305
f 3264//1306 3263//1305 3265//1306
f 3266//1307 3265//1306 3267//1307
f 3268//1308 3267//1309 3269//1308
f 3270//133 3269//1308 3271//133
f 3272//1310 3271//133 3273//1310
f 3274//1311 3273//1310 3275//1311
f 3276//1312 3275//1311 3277//1312
f 3278//1313 3277//1312 3279//1313
f 3280//13 3279//1313 3253//13
f 3252//1302 3280//13 3253//13
f 3280//13 3278//1313 3279//1313
f 3278//1313 3276//1312 3277//1312
f 3276//1312 3274//1311 3275//1311
f 3274//1311 3272//1310 3273//1310
f 3272//1310 3270//133 3271//133
f 3270//133 3268//1308 3269//1308
f 3268//1308 3266//1309 3267//1309
f 3266//1307 3264//1306 3265//1306
f 3264//1306 3262//1305 3263//1305
f 3262//1305 3260//305 3261//305
f 3260//305 3258//335 3259//335
f 3258//335 3256//1304 3257//1304
f 3281//1302 3282//1302 3283//13
f 3281//1302 3284//1303 3282//1302
f 3281//1302 3285//1303 3284//1303
f 3284//1303 3285//1303 3286//1304
f 3286//1304 3285//1303 3287//1304
f 3288//335 3287//1304 3289//335
f 3290//305 3289//335 3291//305
f 3292//1305 3291//305 3293//1305
f 3294//1306 3293//1305 3295//1306
f 3296//1307 3295//1306 3297//1307
f 3298//1308 3297//1309 3299//1308
f 3300//133 3299//1308 3301//133
f 3302//1310 3301//133 3303//1310
f 3304//1311 3303//1310 3305//1311
f 3306//1312 3305//1311 3307//1312
f 3308//1313 3307//1312 3309//1313
f 3310//13 3309//1313 3283//13
f 3282//1302 3310//13 3283//13
f 3310//13 3308//1313 3309//1313
f 3308//1313 3306//1312 3307//1312
f 3306//1312 3304//1311 3305//1311
f 3304//1311 3302//1310 3303//1310
f 3302//1310 3300//133 3301//133
f 3300//133 3298//1308 3299//1308
f 3298//1308 3296//1309 3297//1309
f 3296//1307 3294//1306 3295//1306
f 3294//1306 3292//1305 3293//1305
f 3292//1305 3290//305 3291//305
f 3290//305 3288//335 3289//335
f 3288//335 3286//1304 3287//1304
f 3311//1302 3312//1302 3313//13
f 3311//1302 3314//1303 3312//1302
f 3311//1302 3315//1303 3314//1303
f 3314//1303 3315//1303 3316//1304
f 3316//1304 3315//1303 3317//1304
f 3318//335 3317//1304 3319//335
f 3320//305 3319//335 3321//305
f 3322//1305 3321//305 3323//1305
f 3324//1306 3323//1305 3325//1306
f 3326//1314 3325//1306 3327//1314
f 3328//1308 3327//1314 3329//1308
f 3330//133 3329//1308 3331//133
f 3332//619 3331//133 3333//619
f 3334//1311 3333//619 3335//1311
f 3336//1312 3335//1311 3337//1312
f 3338//1313 3337//1312 3339//1313
f 3340//13 3339//1313 3313//13
f 3312//1302 3340//13 3313//13
f 3340//13 3338//1313 3339//1313
f 3338//1313 3336//1312 3337//1312
f 3336//1312 3334//1311 3335//1311
f 3334//1311 3332//619 3333//619
f 3332//619 3330//133 3331//133
f 3330//133 3328//1308 3329//1308
f 3328//1308 3326//1314 3327//1314
f 3326//1314 3324//1306 3325//1306
f 3324//1306 3322//1305 3323//1305
f 3322//1305 3320//305 3321//305
f 3320//305 3318//335 3319//335
f 3318//335 3316//1304 3317//1304
f 3341//1302 3342//1302 3343//13
f 3341//1302 3344//1303 3342//1302
f 3341//1302 3345//1303 3344//1303
f 3344//1303 3345//1303 3346//1304
f 3346//1304 3345//1303 3347//1304
f 3348//335 3347//1304 3349//335
f 3350//305 3349//335 3351//305
f 3352//1305 3351//305 3353//1305
f 3354//1306 3353//1305 3355//1306
f 3356//1314 3355//1306 3357//1314
f 3358//1308 3357//1314 3359//1308
f 3360//133 3359//1308 3361//133
f 3362//619 3361//133 3363//619
f 3364//1311 3363//619 3365//1311
f 3366//1312 3365//1311 3367//1312
f 3368//1313 3367//1312 3369//1313
f 3370//13 3369//1313 3343//13
f 3342//1302 3370//13 3343//13
f 3370//13 3368//1313 3369//1313
f 3368//1313 3366//1312 3367//1312
f 3366//1312 3364//1311 3365//1311
f 3364//1311 3362//619 3363//619
f 3362//619 3360//133 3361//133
f 3360//133 3358//1308 3359//1308
f 3358//1308 3356//1314 3357//1314
f 3356//1314 3354//1306 3355//1306
f 3354//1306 3352//1305 3353//1305
f 3352//1305 3350//305 3351//305
f 3350//305 3348//335 3349//335
f 3348//335 3346//1304 3347//1304
f 3371//1302 3372//1302 3373//13
f 3371//1302 3374//1315 3372//1302
f 3371//1302 3375//1316 3374//1315
f 3374//1315 3375//1316 3376//301
f 3376//301 3375//1316 3377//301
f 3378//303 3377//301 3379//303
f 3380//305 3379//303 3381//304
f 3382//1317 3381//304 3383//1317
f 3384//1318 3383//1317 3385//1318
f 3386//1307 3385//1318 3387//1307
f 3388//1319 3387//1309 3389//1319
f 3390//134 3389//1319 3391//134
f 3392//795 3391//134 3393//795
f 3394//545 3393//795 3395//617
f 3396//621 3395//617 3397//1320
f 3398//1313 3397//1320 3399//1313
f 3400//13 3399//1313 3373//13
f 3372//1302 3400//13 3373//13
f 3400//13 3398//1313 3399//1313
f 3398//1313 3396//621 3397//1320
f 3396//621 3394//545 3395//617
f 3394//545 3392//795 3393//795
f 3392//795 3390//134 3391//134
f 3390//134 3388//1319 3389//1319
f 3388//1319 3386//1309 3387//1309
f 3386//1307 3384//1318 3385//1318
f 3384//1318 3382//1317 3383//1317
f 3382//1317 3380//305 3381//304
f 3380//305 3378//303 3379//303
f 3378//303 3376//301 3377//301
f 3401//1302 3402//1302 3403//13
f 3401//1302 3404//1315 3402//1302
f 3401//1302 3405//1316 3404//1315
f 3404//1315 3405//1316 3406//301
f 3406//301 3405//1316 3407//301
f 3408//303 3407//301 3409//303
f 3410//305 3409//303 3411//304
f 3412//1317 3411//304 3413//1317
f 3414//1318 3413//1317 3415//1318
f 3416//1307 3415//1318 3417//1307
f 3418//1321 3417//1322 3419//1323
f 3420//134 3419//1323 3421//134
f 3422//795 3421//134 3423//795
f 3424//545 3423//795 3425//617
f 3426//621 3425//617 3427//1320
f 3428//1313 3427//1320 3429//1313
f 3430//13 3429//1313 3403//13
f 3402//1302 3430//13 3403//13
f 3430//13 3428//1313 3429//1313
f 3428//1313 3426//621 3427//1320
f 3426//621 3424//545 3425//617
f 3424//545 3422//795 3423//795
f 3422//795 3420//134 3421//134
f 3420//134 3418//1321 3419//1323
f 3418//1321 3416//1322 3417//1322
f 3416//1307 3414//1318 3415//1318
f 3414//1318 3412//1317 3413//1317
f 3412//1317 3410//305 3411//304
f 3410//305 3408//303 3409//303
f 3408//303 3406//301 3407//301
f 3431//1302 3432//1302 3433//13
f 3431//1302 3434//1315 3432//1302
f 3431//1302 3435//1316 3434//1315
f 3434//1315 3435//1316 3436//301
f 3436//301 3435//1316 3437//301
f 3438//303 3437//301 3439//303
f 3440//305 3439//303 3441//304
f 3442//1317 3441//304 3443//1317
f 3444//1318 3443//1317 3445//1318
f 3446//1307 3445//1318 3447//1307
f 3448//1319 3447//1309 3449//1319
f 3450//134 3449//1319 3451//133
f 3452//795 3451//133 3453//795
f 3454//545 3453//795 3455//545
f 3456//621 3455//545 3457//621
f 3458//1313 3457//621 3459//1313
f 3460//13 3459//1313 3433//13
f 3432//1302 3460//13 3433//13
f 3460//13 3458//1313 3459//1313
f 3458//1313 3456//621 3457//621
f 3456//621 3454//545 3455//545
f 3454//545 3452//795 3453//795
f 3452//795 3450//134 3451//133
f 3450//134 3448//1319 3449//1319
f 3448//1319 3446//1309 3447//1309
f 3446//1307 3444//1318 3445//1318
f 3444//1318 3442//1317 3443//1317
f 3442//1317 3440//305 3441//304
f 3440//305 3438//303 3439//303
f 3438//303 3436//301 3437//301
f 3461//338 3462//338 3463//13
f 3461//338 3464//1316 3462//338
f 3461//338 3465//1324 3464//1316
f 3464//1316 3465//1324 3466//1325
f 3466//1325 3465//1324 3467//1325
f 3468//303 3467//1325 3469//303
f 3470//304 3469//303 3471//304
f 3472//1305 3471//304 3473//1305
f 3474//1318 3473//1305 3475//1318
f 3476//1307 3475//1318 3477//1307
f 3478//1326 3477//1309 3479//1326
f 3480//134 3479//1326 3481//134
f 3482//795 3481//134 3483//795
f 3484//1327 3483//795 3485//1327
f 3486//1312 3485//1327 3487//620
f 3488//614 3487//620 3489//614
f 3490//13 3489//614 3463//13
f 3462//338 3490//13 3463//13
f 3490//13 3488//614 3489//614
f 3488//614 3486//1312 3487//620
f 3486//1312 3484//1327 3485//1327
f 3484//1327 3482//795 3483//795
f 3482//795 3480//134 3481//134
f 3480//134 3478//1326 3479//1326
f 3478//1326 3476//1309 3477//1309
f 3476//1307 3474//1318 3475//1318
f 3474//1318 3472//1305 3473//1305
f 3472//1305 3470//304 3471//304
f 3470//304 3468//303 3469//303
f 3468//303 3466//1325 3467//1325
f 3491//338 3492//338 3493//13
f 3491//338 3494//1303 3492//338
f 3491//338 3495//1324 3494//1303
f 3494//1303 3495//1324 3496//1325
f 3496//1325 3495//1324 3497//1325
f 3498//303 3497//1325 3499//303
f 3500//304 3499//303 3501//304
f 3502//1305 3501//304 3503//1305
f 3504//1318 3503//1305 3505//1318
f 3506//1307 3505//1318 3507//1307
f 3508//1326 3507//1307 3509//1326
f 3510//134 3509//1326 3511//134
f 3512//795 3511//134 3513//795
f 3514//1327 3513//795 3515//1327
f 3516//620 3515//1327 3517//620
f 3518//614 3517//620 3519//614
f 3520//13 3519//614 3493//13
f 3492//338 3520//13 3493//13
f 3520//13 3518//614 3519//614
f 3518//614 3516//620 3517//620
f 3516//620 3514//1327 3515//1327
f 3514//1327 3512//795 3513//795
f 3512//795 3510//134 3511//134
f 3510//134 3508//1326 3509//1326
f 3508//1326 3506//1307 3507//1307
f 3506//1307 3504//1318 3505//1318
f 3504//1318 3502//1305 3503//1305
f 3502//1305 3500//304 3501//304
f 3500//304 3498//303 3499//303
f 3498//303 3496//1325 3497//1325
f 3521//338 3522//298 3523//13
f 3521//338 3524//1324 3522//298
f 3521//338 3525//1324 3524//1324
f 3524//1324 3525//1324 3526//1325
f 3526//1325 3525//1324 3527//1325
f 3528//303 3527//1325 3529//303
f 3530//304 3529//303 3531//304
f 3532//1305 3531//304 3533//1305
f 3534//1318 3533//1305 3535//1318
f 3536//1307 3535//1318 3537//1307
f 3538//1326 3537//1309 3539//1326
f 3540//1328 3539//1326 3541//134
f 3542//795 3541//134 3543//795
f 3544//1327 3543//795 3545//1327
f 3546//1312 3545//1327 3547//1312
f 3548//614 3547//1312 3549//614
f 3550//13 3549//614 3523//13
f 3522//298 3550//13 3523//13
f 3550//13 3548//614 3549//614
f 3548//614 3546//1312 3547//1312
f 3546//1312 3544//1327 3545//1327
f 3544//1327 3542//795 3543//795
f 3542//795 3540//1328 3541//134
f 3540//1328 3538//1326 3539//1326
f 3538//1326 3536//1322 3537//1309
f 3536//1307 3534//1318 3535//1318
f 3534//1318 3532//1305 3533//1305
f 3532//1305 3530//304 3531//304
f 3530//304 3528//303 3529//303
f 3528//303 3526//1325 3527//1325
f 3551//338 3552//338 3553//13
f 3551//338 3554//1303 3552//338
f 3551//338 3555//1324 3554//1303
f 3554//1303 3555//1324 3556//1325
f 3556//1325 3555//1324 3557//1325
f 3558//303 3557//1325 3559//303
f 3560//304 3559//303 3561//304
f 3562//1305 3561//304 3563//1305
f 3564//1318 3563//1305 3565//1318
f 3566//1307 3565//1318 3567//1307
f 3568//1326 3567//1322 3569//1308
f 3570//134 3569//1308 3571//134
f 3572//795 3571//134 3573//795
f 3574//1327 3573//795 3575//1327
f 3576//620 3575//1327 3577//620
f 3578//614 3577//620 3579//614
f 3580//13 3579//614 3553//13
f 3552//338 3580//13 3553//13
f 3580//13 3578//614 3579//614
f 3578//614 3576//620 3577//620
f 3576//620 3574//1327 3575//1327
f 3574//1327 3572//795 3573//795
f 3572//795 3570//134 3571//134
f 3570//134 3568//1326 3569//1308
f 3568//1326 3566//1322 3567//1322
f 3566//1307 3564//1318 3565//1318
f 3564//1318 3562//1305 3563//1305
f 3562//1305 3560//304 3561//304
f 3560//304 3558//303 3559//303
f 3558//303 3556//1325 3557//1325
f 3581//1302 3582//1302 3583//13
f 3581//1302 3584//1316 3582//1302
f 3581//1302 3585//1316 3584//1316
f 3584//1316 3585//1316 3586//301
f 3586//301 3585//1316 3587//301
f 3588//303 3587//301 3589//303
f 3590//1329 3589//303 3591//304
f 3592//1317 3591//304 3593//1317
f 3594//1318 3593//1317 3595//1318
f 3596//1307 3595//1318 3597//1307
f 3598//1319 3597//1307 3599//1319
f 3600//134 3599//1319 3601//134
f 3602//795 3601//134 3603//795
f 3604//545 3603//795 3605//617
f 3606//621 3605//617 3607//1320
f 3608//1313 3607//1320 3609//1313
f 3610//13 3609//1313 3583//13
f 3582//1302 3610//13 3583//13
f 3610//13 3608//1313 3609//1313
f 3608//1313 3606//621 3607//1320
f 3606//621 3604//545 3605//617
f 3604//545 3602//795 3603//795
f 3602//795 3600//134 3601//134
f 3600//134 3598//1319 3599//1319
f 3598//1319 3596//1307 3597//1307
f 3596//1307 3594//1318 3595//1318
f 3594//1318 3592//1317 3593//1317
f 3592//1317 3590//1329 3591//304
f 3590//1329 3588//303 3589//303
f 3588//303 3586//301 3587//301
f 3611//1302 3612//1302 3613//13
f 3611//1302 3614//1316 3612//1302
f 3611//1302 3615//1316 3614//1316
f 3614//1316 3615//1316 3616//301
f 3616//301 3615//1316 3617//301
f 3618//303 3617//301 3619//303
f 3620//1329 3619//303 3621//304
f 3622//1317 3621//304 3623//1317
f 3624//1318 3623//1317 3625//1318
f 3626//1307 3625//1318 3627//1307
f 3628//1321 3627//1322 3629//1323
f 3630//134 3629//1323 3631//134
f 3632//795 3631//134 3633//795
f 3634//545 3633//795 3635//617
f 3636//621 3635//617 3637//1320
f 3638//1313 3637//1320 3639//1313
f 3640//13 3639//1313 3613//13
f 3612//1302 3640//13 3613//13
f 3640//13 3638//1313 3639//1313
f 3638//1313 3636//621 3637//1320
f 3636//621 3634//545 3635//617
f 3634//545 3632//795 3633//795
f 3632//795 3630//134 3631//134
f 3630//134 3628//1321 3629//1323
f 3628//1321 3626//1322 3627//1322
f 3626//1307 3624//1318 3625//1318
f 3624//1318 3622//1317 3623//1317
f 3622//1317 3620//1329 3621//304
f 3620//1329 3618//303 3619//303
f 3618//303 3616//301 3617//301
f 3641//1302 3642//1302 3643//13
f 3641//1302 3644//1316 3642//1302
f 3641//1302 3645//1316 3644//1316
f 3644//1316 3645//1316 3646//301
f 3646//301 3645//1316 3647//301
f 3648//303 3647//301 3649//303
f 3650//1329 3649//303 3651//304
f 3652//1317 3651//304 3653//1317
f 3654//1318 3653//1317 3655//1318
f 3656//1307 3655//1318 3657//1307
f 3658//1319 3657//1309 3659//1319
f 3660//134 3659//1319 3661//136
f 3662//795 3661//136 3663//795
f 3664//545 3663//795 3665//545
f 3666//621 3665//545 3667//621
f 3668//1313 3667//621 3669//1313
f 3670//13 3669//1313 3643//13
f 3642//1302 3670//13 3643//13
f 3670//13 3668//1313 3669//1313
f 3668//1313 3666//621 3667//621
f 3666//621 3664//545 3665//545
f 3664//545 3662//795 3663//795
f 3662//795 3660//134 3661//136
f 3660//134 3658//1319 3659//1319
f 3658//1319 3656//1309 3657//1309
f 3656//1307 3654//1318 3655//1318
f 3654//1318 3652//1317 3653//1317
f 3652//1317 3650//1329 3651//304
f 3650//1329 3648//303 3649//303
f 3648//303 3646//301 3647//301
f 3671//338 3672//338 3673//13
f 3671//338 3674//1303 3672//338
f 3671//338 3675//1324 3674//1303
f 3674//1303 3675//1324 3676//1325
f 3676//1325 3675//1324 3677//1325
f 3678//303 3677//1325 3679//303
f 3680//304 3679//303 3681//304
f 3682//1305 3681//304 3683//1305
f 3684//1318 3683//1305 3685//1318
f 3686//1307 3685//1318 3687//1307
f 3688//1326 3687//1309 3689//1326
f 3690//134 3689//1326 3691//134
f 3692//795 3691//134 3693//795
f 3694//1327 3693//795 3695//1327
f 3696//1312 3695//1327 3697//620
f 3698//614 3697//620 3699//614
f 3700//13 3699//614 3673//13
f 3672//338 3700//13 3673//13
f 3700//13 3698//614 3699//614
f 3698//614 3696//1312 3697//620
f 3696//1312 3694//1327 3695//1327
f 3694//1327 3692//795 3693//795
f 3692//795 3690//134 3691//134
f 3690//134 3688//1326 3689//1326
f 3688//1326 3686//1309 3687//1309
f 3686//1307 3684//1318 3685//1318
f 3684//1318 3682//1305 3683//1305
f 3682//1305 3680//304 3681//304
f 3680//304 3678//303 3679//303
f 3678//303 3676//1325 3677//1325
f 3701//338 3702//338 3703//13
f 3701//338 3704//1303 3702//338
f 3701//338 3705//1316 3704//1303
f 3704//1303 3705//1316 3706//1325
f 3706//1325 3705//1316 3707//1325
f 3708//303 3707//1325 3709//303
f 3710//304 3709//303 3711//304
f 3712//1305 3711//304 3713//1305
f 3714//1318 3713//1305 3715//1318
f 3716//1307 3715//1318 3717//1307
f 3718//1326 3717//1322 3719//1326
f 3720//134 3719//1326 3721//134
f 3722//795 3721//134 3723//795
f 3724//1327 3723//795 3725//1327
f 3726//1312 3725//1327 3727//1312
f 3728//614 3727//1312 3729//614
f 3730//13 3729//614 3703//13
f 3702//338 3730//13 3703//13
f 3730//13 3728//614 3729//614
f 3728//614 3726//1312 3727//1312
f 3726//1312 3724//1327 3725//1327
f 3724//1327 3722//795 3723//795
f 3722//795 3720//134 3721//134
f 3720//134 3718//1326 3719//1326
f 3718//1326 3716//1309 3717//1322
f 3716//1307 3714//1318 3715//1318
f 3714//1318 3712//1305 3713//1305
f 3712//1305 3710//304 3711//304
f 3710//304 3708//303 3709//303
f 3708//303 3706//1325 3707//1325
f 3731//338 3732//338 3733//13
f 3731//338 3734//1303 3732//338
f 3731//338 3735//1316 3734//1303
f 3734//1303 3735//1316 3736//1325
f 3736//1325 3735//1316 3737//1325
f 3738//303 3737//1325 3739//303
f 3740//304 3739//303 3741//304
f 3742//1305 3741//304 3743//1305
f 3744//1318 3743//1305 3745//1318
f 3746//1307 3745//1318 3747//1307
f 3748//1326 3747//1307 3749//1326
f 3750//134 3749//1326 3751//134
f 3752//795 3751//134 3753//795
f 3754//1327 3753//795 3755//1327
f 3756//1312 3755//1327 3757//1312
f 3758//614 3757//1312 3759//614
f 3760//13 3759//614 3733//13
f 3732//338 3760//13 3733//13
f 3760//13 3758//614 3759//614
f 3758//614 3756//1312 3757//1312
f 3756//1312 3754//1327 3755//1327
f 3754//1327 3752//795 3753//795
f 3752//795 3750//134 3751//134
f 3750//134 3748//1326 3749//1326
f 3748//1326 3746//1307 3747//1307
f 3746//1307 3744//1318 3745//1318
f 3744//1318 3742//1305 3743//1305
f 3742//1305 3740//304 3741//304
f 3740//304 3738//303 3739//303
f 3738//303 3736//1325 3737//1325
f 3761//338 3762//338 3763//13
f 3761//338 3764//1303 3762//338
f 3761//338 3765//1324 3764//1303
f 3764//1303 3765//1324 3766//1325
f 3766//1325 3765//1324 3767//1325
f 3768//303 3767//1325 3769//303
f 3770//304 3769//303 3771//304
f 3772//1305 3771//304 3773//1305
f 3774//1318 3773//1305 3775//1318
f 3776//1307 3775//1318 3777//1307
f 3778//1326 3777//1309 3779//1326
f 3780//134 3779//1326 3781//134
f 3782//795 3781//134 3783//795
f 3784//1327 3783//795 3785//1327
f 3786//620 3785//1327 3787//620
f 3788//614 3787//620 3789//614
f 3790//13 3789//614 3763//13
f 3762//338 3790//13 3763//13
f 3790//13 3788//614 3789//614
f 3788//614 3786//620 3787//620
f 3786//620 3784//1327 3785//1327
f 3784//1327 3782//795 3783//795
f 3782//795 3780//134 3781//134
f 3780//134 3778//1326 3779//1326
f 3778//1326 3776//1309 3777//1309
f 3776//1307 3774//1318 3775//1318
f 3774//1318 3772//1305 3773//1305
f 3772//1305 3770//304 3771//304
f 3770//304 3768//303 3769//303
f 3768//303 3766//1325 3767//1325
f 3791//20 3792//20 3793//1330
f 3793//1330 3792//20 3794//1330
f 3795//1331 3794//1330 3796//1331
f 3797//1332 3796//1331 3798//1332
f 3799//14 3798//1332 3800//14
f 3799//14 3797//1332 3798//1332
f 3797//1332 3795//1331 3796//1331
f 3795//1331 3793//1330 3794//1330
f 3801//7 3802//7 3803//583
f 3803//583 3802//7 3804//583
f 3805//479 3804//583 3806//479
f 3807//228 3806//479 3808//228
f 3809//13 3808//228 3810//13
f 3809//13 3807//228 3808//228
f 3807//228 3805//479 3806//479
f 3805//479 3803//583 3804//583
f 3811//1302 3812//1302 3813//13
f 3811//1302 3814//1324 3812//1302
f 3811//1302 3815//1315 3814//1324
f 3814//1324 3815//1315 3816//1333
f 3816//1333 3815//1315 3817//1304
f 3818//303 3817//1304 3819//303
f 3820//550 3819//303 3821//305
f 3822//1317 3821//305 3823//1317
f 3824//1334 3823//1317 3825//1334
f 3826//1309 3825//1334 3827//1309
f 3828//1319 3827//1309 3829//1319
f 3830//133 3829//1319 3831//1335
f 3832//795 3831//1335 3833//795
f 3834//1311 3833//795 3835//1336
f 3836//1320 3835//1336 3837//620
f 3838//1313 3837//620 3839//1313
f 3840//13 3839//1313 3813//13
f 3812//1302 3840//13 3813//13
f 3840//13 3838//1313 3839//1313
f 3838//1313 3836//1320 3837//620
f 3836//1320 3834//1311 3835//1336
f 3834//1311 3832//795 3833//795
f 3832//795 3830//133 3831//1335
f 3830//133 3828//1319 3829//1319
f 3828//1319 3826//1309 3827//1309
f 3826//1309 3824//1334 3825//1334
f 3824//1334 3822//1317 3823//1317
f 3822//1317 3820//550 3821//305
f 3820//550 3818//303 3819//303
f 3818//303 3816//1333 3817//1304
f 3841//1337 3842//298 3843//13
f 3841//1337 3844//1315 3842//298
f 3841//1337 3845//1338 3844//1315
f 3844//1315 3845//1338 3846//1333
f 3846//1333 3845//1338 3847//1304
f 3848//953 3847//1304 3849//953
f 3850//550 3849//953 3851//305
f 3852//1305 3851//305 3853//1317
f 3854//1334 3853//1317 3855//1334
f 3856//1309 3855//1334 3857//1309
f 3858//1339 3857//1309 3859//1326
f 3860//1335 3859//1326 3861//134
f 3862//1340 3861//134 3863//1340
f 3864//1311 3863//1340 3865//1311
f 3866//1320 3865//1311 3867//1341
f 3868//1342 3867//1341 3869//1343
f 3870//13 3869//1343 3843//13
f 3842//298 3870//13 3843//13
f 3870//13 3868//1342 3869//1343
f 3868//1342 3866//1320 3867//1341
f 3866//1320 3864//1311 3865//1311
f 3864//1311 3862//1340 3863//1340
f 3862//1340 3860//1335 3861//134
f 3860//1335 3858//1339 3859//1326
f 3858//1339 3856//1309 3857//1309
f 3856//1309 3854//1334 3855//1334
f 3854//1334 3852//1305 3853//1317
f 3852//1305 3850//550 3851//305
f 3850//550 3848//953 3849//953
f 3848//953 3846//1333 3847//1304
f 3871//1337 3872//298 3873//13
f 3871//1337 3874//1315 3872//298
f 3871//1337 3875//1315 3874//1315
f 3874//1315 3875//1315 3876//1304
f 3876//1304 3875//1315 3877//1304
f 3878//953 3877//1304 3879//953
f 3880//550 3879//953 3881//550
f 3882//1344 3881//550 3883//1305
f 3884//1334 3883//1305 3885//1334
f 3886//1309 3885//1334 3887//1309
f 3888//1326 3887//1309 3889//1319
f 3890//1335 3889//1319 3891//1335
f 3892//1340 3891//1335 3893//1340
f 3894//1311 3893//1340 3895//1345
f 3896//1320 3895//1345 3897//1320
f 3898//1342 3897//1320 3899//1343
f 3900//13 3899//1343 3873//13
f 3872//298 3900//13 3873//13
f 3900//13 3898//1342 3899//1343
f 3898//1342 3896//1320 3897//1320
f 3896//1320 3894//1311 3895//1345
f 3894//1311 3892//1340 3893//1340
f 3892//1340 3890//1335 3891//1335
f 3890//1335 3888//1326 3889//1319
f 3888//1326 3886//1309 3887//1309
f 3886//1309 3884//1334 3885//1334
f 3884//1334 3882//1344 3883//1305
f 3882//1344 3880//550 3881//550
f 3880//550 3878//953 3879//953
f 3878//953 3876//1304 3877//1304
f 3901//1302 3902//1302 3903//13
f 3901//1302 3904//1324 3902//1302
f 3901//1302 3905//1315 3904//1324
f 3904//1324 3905//1315 3906//1333
f 3906//1333 3905//1315 3907//1304
f 3908//303 3907//1304 3909//303
f 3910//550 3909//303 3911//305
f 3912//1317 3911//305 3913//1317
f 3914//1334 3913//1317 3915//1334
f 3916//1309 3915//1334 3917//1309
f 3918//1319 3917//1309 3919//1319
f 3920//133 3919//1319 3921//1335
f 3922//795 3921//1335 3923//795
f 3924//1311 3923//795 3925//1336
f 3926//1320 3925//1336 3927//620
f 3928//1313 3927//620 3929//1313
f 3930//13 3929//1313 3903//13
f 3902//1302 3930//13 3903//13
f 3930//13 3928//1313 3929//1313
f 3928//1313 3926//1320 3927//620
f 3926//1320 3924//1311 3925//1336
f 3924//1311 3922//795 3923//795
f 3922//795 3920//133 3921//1335
f 3920//133 3918//1319 3919//1319
f 3918//1319 3916//1309 3917//1309
f 3916//1309 3914//1334 3915//1334
f 3914//1334 3912//1317 3913//1317
f 3912//1317 3910//550 3911//305
f 3910//550 3908//303 3909//303
f 3908//303 3906//1333 3907//1304
f 3931//14 3932//935 3933//538
f 3933//538 3932//935 3934//538
f 3935//761 3934//538 3936//761
f 3937//902 3936//761 3938//902
f 3939//7 3938//902 3940//7
f 3939//7 3937//902 3938//902
f 3937//902 3935//761 3936//761
f 3935//761 3933//538 3934//538
f 3800//14 3932//935 3931//14 3799//14
f 3941//108 3792//20 3791//20 3942//20
f 3943//13 3944//13 3945//1346
f 3945//1346 3944//13 3946//1346
f 3947//1347 3946//1346 3948//1347
f 3949//143 3948//1347 3950//143
f 3942//20 3950//143 3941//108
f 3942//20 3949//143 3950//143
f 3949//143 3947//1347 3948//1347
f 3947//1347 3945//1346 3946//1346
f 3810//13 3944//13 3943//13 3809//13
f 3940//7 3802//7 3801//7 3939//7
f 3793//24 3942//24 3791//24
f 3949//24 3942//24 3793//24
f 3795//24 3949//24 3793//24
f 3947//24 3949//24 3795//24
f 3945//24 3947//24 3795//24
f 3797//24 3945//24 3795//24
f 3799//24 3945//24 3797//24
f 3943//24 3945//24 3799//24
f 3848//24 3943//24 3799//24
f 3878//24 3943//24 3848//24
f 3876//24 3878//24 3848//24
f 3846//24 3848//24 3799//24
f 3880//24 3943//24 3878//24
f 3850//24 3876//24 3848//24
f 3844//24 3846//24 3799//24
f 3874//24 3876//24 3850//24
f 3852//24 3874//24 3850//24
f 3882//24 3943//24 3880//24
f 3872//24 3874//24 3852//24
f 3842//24 3844//24 3799//24
f 3884//24 3943//24 3882//24
f 3854//24 3872//24 3852//24
f 3900//24 3872//24 3854//24
f 3870//24 3842//24 3799//24
f 3856//24 3900//24 3854//24
f 3886//24 3943//24 3884//24
f 3868//24 3870//24 3799//24
f 3898//24 3900//24 3856//24
f 3888//24 3943//24 3886//24
f 3858//24 3898//24 3856//24
f 3896//24 3898//24 3858//24
f 3866//24 3868//24 3799//24
f 3860//24 3896//24 3858//24
f 3894//24 3896//24 3860//24
f 3862//24 3894//24 3860//24
f 3892//24 3894//24 3862//24
f 3738//24 3890//24 3892//24
f 3738//24 3888//24 3890//24
f 3738//24 3943//24 3888//24
f 3738//24 3892//24 3862//24
f 3738//24 3862//24 3864//24
f 3498//24 3738//24 3864//24
f 3498//24 3864//24 3866//24
f 3498//24 3866//24 3799//24
f 3736//24 3738//24 3498//24
f 3496//24 3498//24 3799//24
f 3500//24 3736//24 3498//24
f 3740//24 3943//24 3738//24
f 3734//24 3736//24 3500//24
f 3494//24 3496//24 3799//24
f 3742//24 3943//24 3740//24
f 3502//24 3734//24 3500//24
f 3732//24 3734//24 3502//24
f 3492//24 3494//24 3799//24
f 3744//24 3943//24 3742//24
f 3504//24 3732//24 3502//24
f 3520//24 3492//24 3799//24
f 3760//24 3732//24 3504//24
f 3746//24 3943//24 3744//24
f 3506//24 3760//24 3504//24
f 3758//24 3760//24 3506//24
f 3508//24 3758//24 3506//24
f 3756//24 3758//24 3508//24
f 3510//24 3756//24 3508//24
f 3754//24 3756//24 3510//24
f 3512//24 3754//24 3510//24
f 3752//24 3754//24 3512//24
f 3528//24 3752//24 3512//24
f 3528//24 3512//24 3514//24
f 3528//24 3514//24 3516//24
f 3528//24 3516//24 3518//24
f 3768//24 3752//24 3528//24
f 3768//24 3750//24 3752//24
f 3768//24 3748//24 3750//24
f 3768//24 3746//24 3748//24
f 3766//24 3768//24 3528//24
f 3526//24 3528//24 3518//24
f 3526//24 3518//24 3520//24
f 3530//24 3766//24 3528//24
f 3770//24 3746//24 3768//24
f 3764//24 3766//24 3530//24
f 3524//24 3526//24 3520//24
f 3532//24 3764//24 3530//24
f 3772//24 3746//24 3770//24
f 3772//24 3943//24 3746//24
f 3522//24 3524//24 3520//24
f 3522//24 3520//24 3799//24
f 3762//24 3764//24 3532//24
f 3774//24 3943//24 3772//24
f 3534//24 3762//24 3532//24
f 3550//24 3522//24 3799//24
f 3790//24 3762//24 3534//24
f 3536//24 3790//24 3534//24
f 3776//24 3943//24 3774//24
f 3788//24 3790//24 3536//24
f 3538//24 3788//24 3536//24
f 3786//24 3788//24 3538//24
f 3540//24 3786//24 3538//24
f 3784//24 3786//24 3540//24
f 3782//24 3784//24 3540//24
f 3542//24 3782//24 3540//24
f 3708//24 3782//24 3542//24
f 3708//24 3780//24 3782//24
f 3708//24 3778//24 3780//24
f 3708//24 3776//24 3778//24
f 3558//24 3708//24 3542//24
f 3558//24 3542//24 3544//24
f 3558//24 3544//24 3546//24
f 3558//24 3546//24 3548//24
f 3556//24 3558//24 3548//24
f 3556//24 3548//24 3550//24
f 3706//24 3708//24 3558//24
f 3560//24 3706//24 3558//24
f 3710//24 3776//24 3708//24
f 3704//24 3706//24 3560//24
f 3554//24 3556//24 3550//24
f 3562//24 3704//24 3560//24
f 3712//24 3776//24 3710//24
f 3712//24 3943//24 3776//24
f 3702//24 3704//24 3562//24
f 3552//24 3554//24 3550//24
f 3552//24 3550//24 3799//24
f 3564//24 3702//24 3562//24
f 3714//24 3943//24 3712//24
f 3730//24 3702//24 3564//24
f 3580//24 3552//24 3799//24
f 3566//24 3730//24 3564//24
f 3716//24 3943//24 3714//24
f 3728//24 3730//24 3566//24
f 3568//24 3728//24 3566//24
f 3726//24 3728//24 3568//24
f 3570//24 3726//24 3568//24
f 3724//24 3726//24 3570//24
f 3572//24 3724//24 3570//24
f 3722//24 3724//24 3572//24
f 3678//24 3722//24 3572//24
f 3678//24 3572//24 3574//24
f 3678//24 3574//24 3576//24
f 3678//24 3576//24 3578//24
f 3468//24 3722//24 3678//24
f 3468//24 3720//24 3722//24
f 3468//24 3718//24 3720//24
f 3468//24 3716//24 3718//24
f 3466//24 3468//24 3678//24
f 3676//24 3678//24 3578//24
f 3676//24 3578//24 3580//24
f 3680//24 3466//24 3678//24
f 3470//24 3716//24 3468//24
f 3464//24 3466//24 3680//24
f 3674//24 3676//24 3580//24
f 3682//24 3464//24 3680//24
f 3472//24 3716//24 3470//24
f 3472//24 3943//24 3716//24
f 3672//24 3674//24 3580//24
f 3672//24 3580//24 3799//24
f 3462//24 3464//24 3682//24
f 3684//24 3462//24 3682//24
f 3474//24 3943//24 3472//24
f 3700//24 3672//24 3799//24
f 3490//24 3462//24 3684//24
f 3476//24 3943//24 3474//24
f 3686//24 3490//24 3684//24
f 3488//24 3490//24 3686//24
f 3688//24 3488//24 3686//24
f 3486//24 3488//24 3688//24
f 3690//24 3486//24 3688//24
f 3484//24 3486//24 3690//24
f 3482//24 3484//24 3690//24
f 3692//24 3482//24 3690//24
f 3648//24 3482//24 3692//24
f 3648//24 3692//24 3694//24
f 3648//24 3694//24 3696//24
f 3648//24 3696//24 3698//24
f 3438//24 3482//24 3648//24
f 3438//24 3480//24 3482//24
f 3438//24 3478//24 3480//24
f 3438//24 3476//24 3478//24
f 3646//24 3648//24 3698//24
f 3646//24 3698//24 3700//24
f 3436//24 3438//24 3648//24
f 3440//24 3476//24 3438//24
f 3650//24 3436//24 3648//24
f 3644//24 3646//24 3700//24
f 3434//24 3436//24 3650//24
f 3442//24 3476//24 3440//24
f 3652//24 3434//24 3650//24
f 3432//24 3434//24 3652//24
f 3642//24 3644//24 3700//24
f 3642//24 3700//24 3799//24
f 3444//24 3476//24 3442//24
f 3444//24 3943//24 3476//24
f 3654//24 3432//24 3652//24
f 3670//24 3642//24 3799//24
f 3460//24 3432//24 3654//24
f 3446//24 3943//24 3444//24
f 3656//24 3460//24 3654//24
f 3458//24 3460//24 3656//24
f 3658//24 3458//24 3656//24
f 3456//24 3458//24 3658//24
f 3660//24 3456//24 3658//24
f 3454//24 3456//24 3660//24
f 3452//24 3454//24 3660//24
f 3662//24 3452//24 3660//24
f 3618//24 3452//24 3662//24
f 3618//24 3662//24 3664//24
f 3618//24 3664//24 3666//24
f 3618//24 3666//24 3668//24
f 3408//24 3452//24 3618//24
f 3408//24 3450//24 3452//24
f 3408//24 3448//24 3450//24
f 3408//24 3446//24 3448//24
f 3616//24 3618//24 3668//24
f 3616//24 3668//24 3670//24
f 3406//24 3408//24 3618//24
f 3410//24 3446//24 3408//24
f 3620//24 3406//24 3618//24
f 3404//24 3406//24 3620//24
f 3614//24 3616//24 3670//24
f 3622//24 3404//24 3620//24
f 3412//24 3446//24 3410//24
f 3402//24 3404//24 3622//24
f 3612//24 3614//24 3670//24
f 3612//24 3670//24 3799//24
f 3414//24 3446//24 3412//24
f 3414//24 3943//24 3446//24
f 3624//24 3402//24 3622//24
f 3430//24 3402//24 3624//24
f 3640//24 3612//24 3799//24
f 3416//24 3943//24 3414//24
f 3626//24 3430//24 3624//24
f 3428//24 3430//24 3626//24
f 3628//24 3428//24 3626//24
f 3426//24 3428//24 3628//24
f 3630//24 3426//24 3628//24
f 3424//24 3426//24 3630//24
f 3422//24 3424//24 3630//24
f 3632//24 3422//24 3630//24
f 3378//24 3422//24 3632//24
f 3378//24 3420//24 3422//24
f 3378//24 3418//24 3420//24
f 3378//24 3416//24 3418//24
f 3588//24 3378//24 3632//24
f 3588//24 3632//24 3634//24
f 3588//24 3634//24 3636//24
f 3588//24 3636//24 3638//24
f 3586//24 3588//24 3638//24
f 3586//24 3638//24 3640//24
f 3376//24 3378//24 3588//24
f 3380//24 3416//24 3378//24
f 3590//24 3376//24 3588//24
f 3584//24 3586//24 3640//24
f 3374//24 3376//24 3590//24
f 3382//24 3416//24 3380//24
f 3592//24 3374//24 3590//24
f 3582//24 3584//24 3640//24
f 3582//24 3640//24 3799//24
f 3372//24 3374//24 3592//24
f 3384//24 3416//24 3382//24
f 3384//24 3943//24 3416//24
f 3594//24 3372//24 3592//24
f 3610//24 3582//24 3799//24
f 3400//24 3372//24 3594//24
f 3596//24 3400//24 3594//24
f 3386//24 3943//24 3384//24
f 3398//24 3400//24 3596//24
f 3598//24 3398//24 3596//24
f 3396//24 3398//24 3598//24
f 3600//24 3396//24 3598//24
f 3394//24 3396//24 3600//24
f 3392//24 3394//24 3600//24
f 3602//24 3392//24 3600//24
f 3198//24 3392//24 3602//24
f 3198//24 3602//24 3604//24
f 3198//24 3604//24 3606//24
f 3198//24 3606//24 3608//24
f 3288//24 3392//24 3198//24
f 3256//24 3258//24 3198//24
f 3286//24 3288//24 3258//24
f 3196//24 3198//24 3608//24
f 3196//24 3608//24 3610//24
f 3260//24 3286//24 3258//24
f 3200//24 3256//24 3198//24
f 3290//24 3392//24 3288//24
f 3254//24 3256//24 3200//24
f 3194//24 3196//24 3610//24
f 3284//24 3286//24 3260//24
f 3292//24 3392//24 3290//24
f 3262//24 3284//24 3260//24
f 3202//24 3254//24 3200//24
f 3282//24 3284//24 3262//24
f 3252//24 3254//24 3202//24
f 3192//24 3194//24 3610//24
f 3294//24 3392//24 3292//24
f 3264//24 3282//24 3262//24
f 3204//24 3252//24 3202//24
f 3220//24 3192//24 3610//24
f 3280//24 3252//24 3204//24
f 3310//24 3282//24 3264//24
f 3266//24 3310//24 3264//24
f 3296//24 3392//24 3294//24
f 3206//24 3280//24 3204//24
f 3308//24 3310//24 3266//24
f 3278//24 3280//24 3206//24
f 3268//24 3308//24 3266//24
f 3298//24 3392//24 3296//24
f 3208//24 3278//24 3206//24
f 3306//24 3308//24 3268//24
f 3276//24 3278//24 3208//24
f 3300//24 3392//24 3298//24
f 3270//24 3306//24 3268//24
f 3210//24 3276//24 3208//24
f 3274//24 3276//24 3210//24
f 3304//24 3306//24 3270//24
f 3302//24 3304//24 3270//24
f 3302//24 3392//24 3300//24
f 3272//24 3274//24 3210//24
f 3272//24 3302//24 3270//24
f 3212//24 3272//24 3210//24
f 3318//24 3272//24 3212//24
f 3318//24 3302//24 3272//24
f 3318//24 3392//24 3302//24
f 3318//24 3212//24 3214//24
f 3348//24 3318//24 3214//24
f 3228//24 3348//24 3214//24
f 3228//24 3214//24 3216//24
f 3228//24 3216//24 3218//24
f 3346//24 3348//24 3228//24
f 3316//24 3318//24 3348//24
f 3226//24 3228//24 3218//24
f 3230//24 3346//24 3228//24
f 3350//24 3316//24 3348//24
f 3320//24 3392//24 3318//24
f 3314//24 3316//24 3350//24
f 3344//24 3346//24 3230//24
f 3224//24 3226//24 3218//24
f 3224//24 3218//24 3220//24
f 3322//24 3392//24 3320//24
f 3232//24 3344//24 3230//24
f 3352//24 3314//24 3350//24
f 3222//24 3224//24 3220//24
f 3222//24 3220//24 3610//24
f 3342//24 3344//24 3232//24
f 3312//24 3314//24 3352//24
f 3354//24 3312//24 3352//24
f 3234//24 3342//24 3232//24
f 3324//24 3392//24 3322//24
f 3250//24 3222//24 3610//24
f 3340//24 3312//24 3354//24
f 3370//24 3342//24 3234//24
f 3326//24 3392//24 3324//24
f 3236//24 3370//24 3234//24
f 3356//24 3340//24 3354//24
f 3338//24 3340//24 3356//24
f 3368//24 3370//24 3236//24
f 3358//24 3338//24 3356//24
f 3328//24 3392//24 3326//24
f 3238//24 3368//24 3236//24
f 3366//24 3368//24 3238//24
f 3336//24 3338//24 3358//24
f 3330//24 3392//24 3328//24
f 3360//24 3336//24 3358//24
f 3240//24 3366//24 3238//24
f 3334//24 3336//24 3360//24
f 3364//24 3366//24 3240//24
f 3362//24 3364//24 3240//24
f 3362//24 3334//24 3360//24
f 3242//24 3362//24 3240//24
f 3332//24 3334//24 3362//24
f 3332//24 3392//24 3330//24
f 3818//24 3392//24 3332//24
f 3818//24 3390//24 3392//24
f 3818//24 3388//24 3390//24
f 3818//24 3386//24 3388//24
f 3818//24 3332//24 3242//24
f 3908//24 3818//24 3242//24
f 3908//24 3242//24 3244//24
f 3908//24 3244//24 3246//24
f 3816//24 3818//24 3908//24
f 3906//24 3908//24 3246//24
f 3906//24 3246//24 3248//24
f 3820//24 3386//24 3818//24
f 3910//24 3816//24 3908//24
f 3814//24 3816//24 3910//24
f 3904//24 3906//24 3248//24
f 3912//24 3814//24 3910//24
f 3822//24 3386//24 3820//24
f 3902//24 3904//24 3248//24
f 3902//24 3248//24 3250//24
f 3812//24 3814//24 3912//24
f 3824//24 3386//24 3822//24
f 3914//24 3812//24 3912//24
f 3930//24 3902//24 3250//24
f 3840//24 3812//24 3914//24
f 3916//24 3840//24 3914//24
f 3826//24 3386//24 3824//24
f 3838//24 3840//24 3916//24
f 3918//24 3838//24 3916//24
f 3836//24 3838//24 3918//24
f 3920//24 3836//24 3918//24
f 3834//24 3836//24 3920//24
f 3832//24 3834//24 3920//24
f 3922//24 3832//24 3920//24
f 3809//24 3832//24 3922//24
f 3809//24 3830//24 3832//24
f 3809//24 3828//24 3830//24
f 3809//24 3826//24 3828//24
f 3809//24 3386//24 3826//24
f 3809//24 3943//24 3386//24
f 3931//24 3809//24 3922//24
f 3931//24 3922//24 3924//24
f 3931//24 3924//24 3926//24
f 3931//24 3926//24 3928//24
f 3931//24 3928//24 3930//24
f 3931//24 3930//24 3250//24
f 3931//24 3250//24 3610//24
f 3931//24 3610//24 3799//24
f 3933//24 3809//24 3931//24
f 3807//24 3809//24 3933//24
f 3805//24 3807//24 3933//24
f 3935//24 3805//24 3933//24
f 3937//24 3805//24 3935//24
f 3803//24 3805//24 3937//24
f 3939//24 3803//24 3937//24
f 3801//24 3803//24 3939//24
f 3934//6 3932//6 3800//6
f 3798//6 3934//6 3800//6
f 3936//6 3934//6 3798//6
f 3796//6 3936//6 3798//6
f 3794//6 3936//6 3796//6
f 3938//6 3936//6 3794//6
f 3553//6 3938//6 3794//6
f 3613//6 3938//6 3553//6
f 3493//6 3553//6 3794//6
f 3583//6 3938//6 3613//6
f 3671//6 3673//6 3553//6
f 3699//6 3643//6 3673//6
f 3609//6 3938//6 3583//6
f 3549//6 3553//6 3523//6
f 3491//6 3493//6 3794//6
f 3521//6 3523//6 3493//6
f 3519//6 3521//6 3493//6
f 3639//6 3583//6 3613//6
f 3669//6 3613//6 3643//6
f 3581//6 3583//6 3639//6
f 3641//6 3643//6 3699//6
f 3579//6 3671//6 3553//6
f 3611//6 3613//6 3669//6
f 3551//6 3553//6 3549//6
f 3193//6 3938//6 3609//6
f 3223//6 3938//6 3193//6
f 3191//6 3193//6 3609//6
f 3249//6 3938//6 3223//6
f 3221//6 3223//6 3193//6
f 3219//6 3221//6 3193//6
f 3585//6 3581//6 3639//6
f 3637//6 3585//6 3639//6
f 3675//6 3671//6 3579//6
f 3697//6 3641//6 3699//6
f 3607//6 3191//6 3609//6
f 3495//6 3491//6 3794//6
f 3555//6 3551//6 3549//6
f 3525//6 3521//6 3519//6
f 3615//6 3611//6 3669//6
f 3645//6 3641//6 3697//6
f 3577//6 3675//6 3579//6
f 3517//6 3525//6 3519//6
f 3547//6 3555//6 3549//6
f 3667//6 3615//6 3669//6
f 3247//6 3938//6 3249//6
f 3225//6 3221//6 3219//6
f 3217//6 3225//6 3219//6
f 3195//6 3191//6 3607//6
f 3940//6 3938//6 3247//6
f 3792//6 3495//6 3794//6
f 3843//6 3495//6 3792//6
f 3903//6 3940//6 3247//6
f 3245//6 3903//6 3247//6
f 3215//6 3225//6 3217//6
f 3197//6 3195//6 3607//6
f 3227//6 3225//6 3215//6
f 3527//6 3525//6 3517//6
f 3545//6 3555//6 3547//6
f 3575//6 3675//6 3577//6
f 3647//6 3645//6 3697//6
f 3497//6 3495//6 3843//6
f 3617//6 3615//6 3667//6
f 3695//6 3647//6 3697//6
f 3605//6 3197//6 3607//6
f 3635//6 3585//6 3637//6
f 3515//6 3527//6 3517//6
f 3587//6 3585//6 3635//6
f 3677//6 3675//6 3575//6
f 3557//6 3555//6 3545//6
f 3665//6 3617//6 3667//6
f 3841//6 3843//6 3792//6
f 3901//6 3903//6 3245//6
f 3929//6 3940//6 3903//6
f 3869//6 3497//6 3843//6
f 3243//6 3901//6 3245//6
f 3213//6 3227//6 3215//6
f 3199//6 3197//6 3605//6
f 3229//6 3227//6 3213//6
f 3211//6 3229//6 3213//6
f 3241//6 3901//6 3243//6
f 3201//6 3199//6 3605//6
f 3231//6 3229//6 3211//6
f 3679//6 3677//6 3575//6
f 3693//6 3647//6 3695//6
f 3589//6 3587//6 3635//6
f 3603//6 3201//6 3605//6
f 3499//6 3497//6 3869//6
f 3543//6 3557//6 3545//6
f 3619//6 3617//6 3665//6
f 3633//6 3589//6 3635//6
f 3513//6 3527//6 3515//6
f 3529//6 3527//6 3513//6
f 3559//6 3557//6 3543//6
f 3649//6 3647//6 3693//6
f 3663//6 3619//6 3665//6
f 3573//6 3679//6 3575//6
f 3905//6 3901//6 3241//6
f 3845//6 3841//6 3792//6
f 3927//6 3940//6 3929//6
f 3867//6 3499//6 3869//6
f 3203//6 3201//6 3603//6
f 3209//6 3231//6 3211//6
f 3233//6 3231//6 3209//6
f 3239//6 3905//6 3241//6
f 3207//6 3233//6 3209//6
f 3235//6 3233//6 3207//6
f 3237//6 3905//6 3239//6
f 3205//6 3203//6 3603//6
f 3511//6 3529//6 3513//6
f 3591//6 3589//6 3633//6
f 3691//6 3649//6 3693//6
f 3571//6 3679//6 3573//6
f 3681//6 3679//6 3571//6
f 3631//6 3591//6 3633//6
f 3531//6 3529//6 3511//6
f 3501//6 3499//6 3867//6
f 3541//6 3559//6 3543//6
f 3661//6 3619//6 3663//6
f 3651//6 3649//6 3691//6
f 3561//6 3559//6 3541//6
f 3601//6 3237//6 3205//6
f 3601//6 3205//6 3603//6
f 3621//6 3619//6 3661//6
f 3925//6 3940//6 3927//6
f 3907//6 3237//6 3601//6
f 3907//6 3905//6 3237//6
f 3865//6 3501//6 3867//6
f 3847//6 3845//6 3792//6
f 3503//6 3501//6 3865//6
f 3683//6 3681//6 3571//6
f 3659//6 3621//6 3661//6
f 3653//6 3651//6 3691//6
f 3563//6 3561//6 3541//6
f 3599//6 3907//6 3601//6
f 3509//6 3531//6 3511//6
f 3689//6 3653//6 3691//6
f 3569//6 3683//6 3571//6
f 3593//6 3591//6 3631//6
f 3533//6 3531//6 3509//6
f 3629//6 3593//6 3631//6
f 3623//6 3621//6 3659//6
f 3539//6 3563//6 3541//6
f 3253//6 3907//6 3599//6
f 3343//6 3907//6 3253//6
f 3567//6 3683//6 3569//6
f 3655//6 3653//6 3689//6
f 3535//6 3533//6 3509//6
f 3537//6 3563//6 3539//6
f 3505//6 3503//6 3865//6
f 3507//6 3535//6 3509//6
f 3687//6 3655//6 3689//6
f 3627//6 3593//6 3629//6
f 3685//6 3683//6 3567//6
f 3625//6 3623//6 3659//6
f 3597//6 3253//6 3599//6
f 3595//6 3593//6 3627//6
f 3565//6 3563//6 3537//6
f 3657//6 3625//6 3659//6
f 3251//6 3657//6 3565//6
f 3251//6 3565//6 3507//6
f 3251//6 3507//6 3505//6
f 3251//6 3595//6 3657//6
f 3251//6 3597//6 3595//6
f 3251//6 3253//6 3597//6
f 3341//6 3343//6 3253//6
f 3279//6 3341//6 3253//6
f 3369//6 3907//6 3343//6
f 3367//6 3907//6 3369//6
f 3255//6 3251//6 3505//6
f 3277//6 3341//6 3279//6
f 3345//6 3341//6 3277//6
f 3347//6 3345//6 3277//6
f 3365//6 3907//6 3367//6
f 3257//6 3255//6 3505//6
f 3275//6 3347//6 3277//6
f 3849//6 3847//6 3792//6
f 3863//6 3257//6 3505//6
f 3863//6 3505//6 3865//6
f 3923//6 3940//6 3925//6
f 3909//6 3907//6 3365//6
f 3363//6 3909//6 3365//6
f 3273//6 3347//6 3275//6
f 3349//6 3347//6 3273//6
f 3259//6 3257//6 3863//6
f 3271//6 3349//6 3273//6
f 3351//6 3349//6 3271//6
f 3261//6 3259//6 3863//6
f 3361//6 3909//6 3363//6
f 3353//6 3351//6 3271//6
f 3359//6 3909//6 3361//6
f 3263//6 3261//6 3863//6
f 3269//6 3353//6 3271//6
f 3851//6 3849//6 3792//6
f 3911//6 3909//6 3359//6
f 3861//6 3263//6 3863//6
f 3921//6 3940//6 3923//6
f 3267//6 3353//6 3269//6
f 3265//6 3263//6 3861//6
f 3357//6 3911//6 3359//6
f 3355//6 3353//6 3267//6
f 3859//6 3357//6 3355//6
f 3859//6 3911//6 3357//6
f 3859//6 3355//6 3265//6
f 3859//6 3265//6 3861//6
f 3913//6 3911//6 3859//6
f 3313//6 3913//6 3859//6
f 3283//6 3313//6 3859//6
f 3281//6 3283//6 3859//6
f 3309//6 3313//6 3283//6
f 3311//6 3313//6 3309//6
f 3339//6 3913//6 3313//6
f 3857//6 3281//6 3859//6
f 3915//6 3913//6 3339//6
f 3307//6 3311//6 3309//6
f 3337//6 3917//6 3915//6
f 3337//6 3915//6 3339//6
f 3285//6 3857//6 3855//6
f 3285//6 3281//6 3857//6
f 3315//6 3311//6 3307//6
f 3317//6 3315//6 3307//6
f 3287//6 3285//6 3855//6
f 3335//6 3917//6 3337//6
f 3305//6 3317//6 3307//6
f 3333//6 3917//6 3335//6
f 3303//6 3317//6 3305//6
f 3319//6 3317//6 3303//6
f 3289//6 3287//6 3855//6
f 3291//6 3289//6 3855//6
f 3321//6 3319//6 3303//6
f 3331//6 3917//6 3333//6
f 3301//6 3321//6 3303//6
f 3329//6 3917//6 3331//6
f 3293//6 3291//6 3855//6
f 3323//6 3321//6 3301//6
f 3299//6 3323//6 3301//6
f 3327//6 3917//6 3329//6
f 3297//6 3323//6 3299//6
f 3325//6 3323//6 3297//6
f 3295//6 3293//6 3855//6
f 3813//6 3325//6 3295//6
f 3813//6 3327//6 3325//6
f 3813//6 3917//6 3327//6
f 3813//6 3919//6 3917//6
f 3813//6 3921//6 3919//6
f 3813//6 3940//6 3921//6
f 3813//6 3295//6 3855//6
f 3813//6 3855//6 3853//6
f 3873//6 3813//6 3853//6
f 3873//6 3853//6 3851//6
f 3873//6 3851//6 3792//6
f 3811//6 3813//6 3873//6
f 3899//6 3811//6 3873//6
f 3871//6 3873//6 3792//6
f 3839//6 3940//6 3813//6
f 3897//6 3811//6 3899//6
f 3875//6 3871//6 3792//6
f 3837//6 3940//6 3839//6
f 3815//6 3811//6 3897//6
f 3877//6 3875//6 3792//6
f 3835//6 3940//6 3837//6
f 3895//6 3815//6 3897//6
f 3817//6 3815//6 3895//6
f 3833//6 3940//6 3835//6
f 3893//6 3817//6 3895//6
f 3819//6 3817//6 3893//6
f 3879//6 3877//6 3792//6
f 3403//6 3819//6 3893//6
f 3433//6 3403//6 3893//6
f 3373//6 3819//6 3403//6
f 3463//6 3433//6 3893//6
f 3733//6 3463//6 3893//6
f 3789//6 3703//6 3763//6
f 3761//6 3763//6 3733//6
f 3459//6 3403//6 3433//6
f 3461//6 3463//6 3703//6
f 3429//6 3373//6 3403//6
f 3759//6 3761//6 3733//6
f 3371//6 3373//6 3429//6
f 3489//6 3433//6 3463//6
f 3401//6 3403//6 3459//6
f 3399//6 3819//6 3373//6
f 3701//6 3703//6 3789//6
f 3731//6 3733//6 3893//6
f 3729//6 3461//6 3703//6
f 3431//6 3433//6 3489//6
f 3405//6 3401//6 3459//6
f 3705//6 3701//6 3789//6
f 3397//6 3819//6 3399//6
f 3735//6 3731//6 3893//6
f 3787//6 3705//6 3789//6
f 3757//6 3761//6 3759//6
f 3375//6 3371//6 3429//6
f 3427//6 3375//6 3429//6
f 3765//6 3761//6 3757//6
f 3435//6 3431//6 3489//6
f 3457//6 3405//6 3459//6
f 3465//6 3461//6 3729//6
f 3487//6 3435//6 3489//6
f 3727//6 3465//6 3729//6
f 3821//6 3819//6 3397//6
f 3891//6 3735//6 3893//6
f 3407//6 3405//6 3457//6
f 3725//6 3465//6 3727//6
f 3737//6 3735//6 3891//6
f 3485//6 3435//6 3487//6
f 3377//6 3375//6 3427//6
f 3395//6 3821//6 3397//6
f 3767//6 3765//6 3757//6
f 3437//6 3435//6 3485//6
f 3707//6 3705//6 3787//6
f 3455//6 3407//6 3457//6
f 3467//6 3465//6 3725//6
f 3755//6 3767//6 3757//6
f 3785//6 3707//6 3787//6
f 3425//6 3377//6 3427//6
f 3823//6 3821//6 3395//6
f 3889//6 3737//6 3891//6
f 3723//6 3467//6 3725//6
f 3453//6 3407//6 3455//6
f 3439//6 3437//6 3485//6
f 3769//6 3767//6 3755//6
f 3783//6 3707//6 3785//6
f 3739//6 3737//6 3889//6
f 3753//6 3769//6 3755//6
f 3409//6 3407//6 3453//6
f 3483//6 3439//6 3485//6
f 3393//6 3823//6 3395//6
f 3379//6 3377//6 3425//6
f 3709//6 3707//6 3783//6
f 3469//6 3467//6 3723//6
f 3423//6 3379//6 3425//6
f 3887//6 3739//6 3889//6
f 3825//6 3823//6 3393//6
f 3941//6 3887//6 3885//6
f 3941//6 3739//6 3887//6
f 3941//6 3885//6 3883//6
f 3941//6 3883//6 3881//6
f 3941//6 3881//6 3879//6
f 3941//6 3879//6 3792//6
f 3802//6 3825//6 3393//6
f 3802//6 3827//6 3825//6
f 3802//6 3829//6 3827//6
f 3802//6 3831//6 3829//6
f 3802//6 3833//6 3831//6
f 3802//6 3940//6 3833//6
f 3481//6 3439//6 3483//6
f 3451//6 3409//6 3453//6
f 3771//6 3769//6 3753//6
f 3721//6 3469//6 3723//6
f 3781//6 3709//6 3783//6
f 3741//6 3739//6 3941//6
f 3411//6 3409//6 3451//6
f 3391//6 3802//6 3393//6
f 3441//6 3439//6 3481//6
f 3381//6 3379//6 3423//6
f 3751//6 3771//6 3753//6
f 3421//6 3381//6 3423//6
f 3711//6 3709//6 3781//6
f 3471//6 3469//6 3721//6
f 3473//6 3471//6 3721//6
f 3443//6 3441//6 3481//6
f 3449//6 3411//6 3451//6
f 3749//6 3771//6 3751//6
f 3743//6 3741//6 3941//6
f 3713//6 3711//6 3781//6
f 3479//6 3443//6 3481//6
f 3419//6 3381//6 3421//6
f 3719//6 3473//6 3721//6
f 3383//6 3381//6 3419//6
f 3773//6 3771//6 3749//6
f 3779//6 3713//6 3781//6
f 3389//6 3802//6 3391//6
f 3413//6 3411//6 3449//6
f 3717//6 3473//6 3719//6
f 3415//6 3413//6 3449//6
f 3777//6 3713//6 3779//6
f 3775//6 3773//6 3749//6
f 3385//6 3383//6 3419//6
f 3417//6 3385//6 3419//6
f 3745//6 3743//6 3941//6
f 3475//6 3473//6 3717//6
f 3477//6 3443//6 3479//6
f 3715//6 3713//6 3777//6
f 3747//6 3775//6 3749//6
f 3447//6 3415//6 3449//6
f 3445//6 3443//6 3477//6
f 3387//6 3802//6 3389//6
f 3950//6 3387//6 3445//6
f 3950//6 3445//6 3747//6
f 3950//6 3747//6 3745//6
f 3950//6 3745//6 3941//6
f 3804//6 3387//6 3950//6
f 3804//6 3802//6 3387//6
f 3948//6 3804//6 3950//6
f 3806//6 3804//6 3948//6
f 3808//6 3806//6 3948//6
f 3946//6 3808//6 3948//6
f 3810//6 3808//6 3946//6
f 3944//6 3810//6 3946//6
usemtl TSS_USBC_B_SuiteModelMtl06
f 3951//20 3952//20 3953//20 3954//20
f 3955//13 3951//13 3954//13 3956//13
f 3957//7 3955//7 3956//7 3958//7
f 3952//14 3957//14 3958//14 3953//14
f 3957//6 3952//6 3951//6 3955//6
f 3954//24 3953//24 3958//24 3956//24
usemtl TSS_USBC_B_SuiteModelMtl07
f 3959//6 3960//6 3961//6
f 3962//6 3959//6 3961//6
f 3963//6 3960//6 3959//6
f 3964//6 3962//6 3961//6
f 3965//6 3960//6 3963//6
f 3966//6 3964//6 3961//6
f 3967//6 3960//6 3965//6
f 3968//6 3966//6 3961//6
f 3969//6 3968//6 3961//6
f 3970//6 3960//6 3967//6
f 3971//6 3972//6 3973//6
f 3971//6 3974//6 3972//6
f 3971//6 3975//6 3974//6
f 3971//6 3970//6 3975//6
f 3971//6 3960//6 3970//6
f 3976//6 3971//6 3973//6
f 3976//6 3973//6 3977//6
f 3976//6 3977//6 3969//6
f 3976//6 3969//6 3961//6
f 3978//24 3979//24 3980//24
f 3981//24 3979//24 3978//24
f 3982//24 3978//24 3980//24
f 3983//24 3979//24 3981//24
f 3984//24 3982//24 3980//24
f 3985//24 3979//24 3983//24
f 3986//24 3984//24 3980//24
f 3987//24 3979//24 3985//24
f 3988//24 3986//24 3980//24
f 3989//24 3979//24 3987//24
f 3990//24 3991//24 3992//24
f 3990//24 3993//24 3991//24
f 3990//24 3994//24 3993//24
f 3990//24 3989//24 3994//24
f 3990//24 3979//24 3989//24
f 3995//24 3990//24 3992//24
f 3995//24 3992//24 3996//24
f 3995//24 3996//24 3988//24
f 3995//24 3988//24 3980//24
f 3990//7 3995//7 3960//7 3971//7
f 3995//14 3980//14 3961//14 3960//14
f 3980//20 3979//20 3976//20 3961//20
f 3979//13 3990//13 3971//13 3976//13
f 3985//1062 3973//1062 3987//14
f 3985//1062 3977//1348 3973//1062
f 3985//1062 3983//1348 3977//1348
f 3977//1348 3983//1348 3969//1349
f 3969//1349 3983//1348 3981//1349
f 3968//967 3981//1349 3978//967
f 3966//234 3978//967 3982//610
f 3964//1350 3982//610 3984//1350
f 3962//1351 3984//1350 3986//1351
f 3959//1352 3986//1351 3988//1352
f 3963//1053 3988//1352 3996//1053
f 3965//1055 3996//1053 3992//248
f 3967//247 3992//248 3991//247
f 3970//879 3991//247 3993//879
f 3975//244 3993//879 3994//244
f 3974//241 3994//244 3989//241
f 3972//14 3989//241 3987//14
f 3973//1062 3972//14 3987//14
f 3972//14 3974//241 3989//241
f 3974//241 3975//244 3994//244
f 3975//244 3970//879 3993//879
f 3970//879 3967//247 3991//247
f 3967//247 3965//1055 3992//248
f 3965//1055 3963//1053 3996//1053
f 3963//1053 3959//1352 3988//1352
f 3959//1352 3962//1351 3986//1351
f 3962//1351 3964//1350 3984//1350
f 3964//1350 3966//234 3982//610
f 3966//234 3968//967 3978//967
f 3968//967 3969//1349 3981//1349
f 3997//6 3998//6 3999//6
f 4000//6 3997//6 3999//6
f 4001//6 3998//6 3997//6
f 4002//6 4000//6 3999//6
f 4003//6 3998//6 4001//6
f 4004//6 4002//6 3999//6
f 4005//6 3998//6 4003//6
f 4006//6 4004//6 3999//6
f 4007//6 4006//6 3999//6
f 4008//6 3998//6 4005//6
f 4009//6 4010//6 4011//6
f 4009//6 4012//6 4010//6
f 4009//6 4013//6 4012//6
f 4009//6 4008//6 4013//6
f 4009//6 3998//6 4008//6
f 4014//6 4009//6 4011//6
f 4014//6 4011//6 4015//6
f 4014//6 4015//6 4007//6
f 4014//6 4007//6 3999//6
f 4016//24 4017//24 4018//24
f 4019//24 4017//24 4016//24
f 4020//24 4016//24 4018//24
f 4021//24 4017//24 4019//24
f 4022//24 4020//24 4018//24
f 4023//24 4017//24 4021//24
f 4024//24 4022//24 4018//24
f 4025//24 4017//24 4023//24
f 4026//24 4024//24 4018//24
f 4027//24 4017//24 4025//24
f 4028//24 4029//24 4030//24
f 4028//24 4031//24 4029//24
f 4028//24 4032//24 4031//24
f 4028//24 4027//24 4032//24
f 4028//24 4017//24 4027//24
f 4033//24 4028//24 4030//24
f 4033//24 4030//24 4034//24
f 4033//24 4034//24 4026//24
f 4033//24 4026//24 4018//24
f 4028//7 4033//7 3998//7 4009//7
f 4033//14 4018//14 3999//14 3998//14
f 4018//20 4017//20 4014//20 3999//20
f 4017//13 4028//13 4009//13 4014//13
f 4023//1353 4011//1353 4025//14
f 4023//1353 4015//1064 4011//1353
f 4023//1353 4021//1064 4015//1064
f 4015//1064 4021//1064 4007//1354
f 4007//1354 4021//1064 4019//1354
f 4006//1355 4019//1354 4016//1355
f 4004//192 4016//1355 4020//192
f 4002//1047 4020//192 4022//1047
f 4000//1356 4022//1047 4024//1356
f 3997//1352 4024//1356 4026//1352
f 4001//1053 4026//1352 4034//1053
f 4003//600 4034//1053 4030//600
f 4005//246 4030//600 4029//1357
f 4008//878 4029//1357 4031//878
f 4013//1358 4031//878 4032//1358
f 4012//1359 4032//1358 4027//1359
f 4010//14 4027//1359 4025//14
f 4011//1353 4010//14 4025//14
f 4010//14 4012//1359 4027//1359
f 4012//1359 4013//1358 4032//1358
f 4013//1358 4008//878 4031//878
f 4008//878 4005//246 4029//1357
f 4005//246 4003//600 4030//600
f 4003//600 4001//1053 4034//1053
f 4001//1053 3997//1352 4026//1352
f 3997//1352 4000//1356 4024//1356
f 4000//1356 4002//1047 4022//1047
f 4002//1047 4004//192 4020//192
f 4004//192 4006//1355 4016//1355
f 4006//1355 4007//1354 4019//1354
f 4035//6 4036//6 4037//6
f 4038//6 4035//6 4037//6
f 4039//6 4036//6 4035//6
f 4040//6 4038//6 4037//6
f 4041//6 4036//6 4039//6
f 4042//6 4040//6 4037//6
f 4043//6 4036//6 4041//6
f 4044//6 4042//6 4037//6
f 4045//6 4036//6 4043//6
f 4046//6 4044//6 4037//6
f 4047//6 4048//6 4049//6
f 4047//6 4050//6 4048//6
f 4047//6 4051//6 4050//6
f 4047//6 4045//6 4051//6
f 4047//6 4036//6 4045//6
f 4052//6 4047//6 4049//6
f 4052//6 4049//6 4053//6
f 4052//6 4053//6 4046//6
f 4052//6 4046//6 4037//6
f 4054//24 4055//24 4056//24
f 4057//24 4055//24 4054//24
f 4058//24 4054//24 4056//24
f 4059//24 4055//24 4057//24
f 4060//24 4058//24 4056//24
f 4061//24 4055//24 4059//24
f 4062//24 4060//24 4056//24
f 4063//24 4055//24 4061//24
f 4064//24 4062//24 4056//24
f 4065//24 4055//24 4063//24
f 4066//24 4067//24 4068//24
f 4066//24 4068//24 4069//24
f 4066//24 4069//24 4070//24
f 4066//24 4070//24 4064//24
f 4066//24 4064//24 4056//24
f 4071//24 4067//24 4066//24
f 4071//24 4072//24 4067//24
f 4071//24 4065//24 4072//24
f 4071//24 4055//24 4065//24
f 4066//14 4056//14 4037//14 4036//14
f 4056//20 4055//20 4052//20 4037//20
f 4055//13 4071//13 4047//13 4052//13
f 4071//7 4066//7 4036//7 4047//7
f 4061//1353 4049//1353 4063//14
f 4061//1353 4053//199 4049//1353
f 4061//1353 4059//199 4053//199
f 4053//199 4059//199 4046//197
f 4046//197 4059//199 4057//197
f 4044//967 4057//197 4054//967
f 4042//234 4054//967 4058//610
f 4040//1350 4058//610 4060//1350
f 4038//1351 4060//1350 4062//1351
f 4035//1352 4062//1351 4064//1352
f 4039//1053 4064//1352 4070//1053
f 4041//1055 4070//1053 4069//248
f 4043//247 4069//248 4068//247
f 4045//879 4068//247 4067//879
f 4051//244 4067//879 4072//244
f 4050//241 4072//244 4065//241
f 4048//14 4065//241 4063//14
f 4049//1353 4048//14 4063//14
f 4048//14 4050//241 4065//241
f 4050//241 4051//244 4072//244
f 4051//244 4045//879 4067//879
f 4045//879 4043//247 4068//247
f 4043//247 4041//1055 4069//248
f 4041//1055 4039//1053 4070//1053
f 4039//1053 4035//1352 4064//1352
f 4035//1352 4038//1351 4062//1351
f 4038//1351 4040//1350 4060//1350
f 4040//1350 4042//234 4058//610
f 4042//234 4044//967 4054//967
f 4044//967 4046//197 4057//197
f 4073//6 4074//6 4075//6
f 4076//6 4073//6 4075//6
f 4077//6 4074//6 4073//6
f 4078//6 4076//6 4075//6
f 4079//6 4074//6 4077//6
f 4080//6 4078//6 4075//6
f 4081//6 4074//6 4079//6
f 4082//6 4080//6 4075//6
f 4083//6 4074//6 4081//6
f 4084//6 4082//6 4075//6
f 4085//6 4086//6 4087//6
f 4085//6 4088//6 4086//6
f 4085//6 4089//6 4088//6
f 4085//6 4083//6 4089//6
f 4085//6 4074//6 4083//6
f 4090//6 4085//6 4087//6
f 4090//6 4087//6 4091//6
f 4090//6 4091//6 4084//6
f 4090//6 4084//6 4075//6
f 4092//24 4093//24 4094//24
f 4095//24 4093//24 4092//24
f 4096//24 4092//24 4094//24
f 4097//24 4093//24 4095//24
f 4098//24 4096//24 4094//24
f 4099//24 4093//24 4097//24
f 4100//24 4098//24 4094//24
f 4101//24 4093//24 4099//24
f 4102//24 4100//24 4094//24
f 4103//24 4093//24 4101//24
f 4104//24 4105//24 4106//24
f 4104//24 4106//24 4107//24
f 4104//24 4107//24 4108//24
f 4104//24 4108//24 4102//24
f 4104//24 4102//24 4094//24
f 4109//24 4105//24 4104//24
f 4109//24 4110//24 4105//24
f 4109//24 4103//24 4110//24
f 4109//24 4093//24 4103//24
f 4104//14 4094//14 4075//14 4074//14
f 4094//20 4093//20 4090//20 4075//20
f 4111//1353 4112//1353 4113//14
f 4111//1353 4114//199 4112//1353
f 4111//1353 4115//199 4114//199
f 4114//199 4115//199 4116//197
f 4116//197 4115//199 4117//197
f 4118//967 4117//197 4119//967
f 4120//234 4119//967 4121//610
f 4122//1350 4121//610 4123//1350
f 4124//1351 4123//1350 4125//1351
f 4126//1352 4125//1351 4127//1352
f 4128//1053 4127//1352 4129//1053
f 4130//248 4129//1053 4131//248
f 4132//247 4131//248 4133//247
f 4134//879 4133//247 4135//879
f 4136//244 4135//879 4137//244
f 4138//241 4137//244 4139//241
f 4140//14 4139//241 4113//14
f 4112//1353 4140//14 4113//14
f 4140//14 4138//241 4139//241
f 4138//241 4136//244 4137//244
f 4136//244 4134//879 4135//879
f 4134//879 4132//247 4133//247
f 4132//247 4130//248 4131//248
f 4130//248 4128//1053 4129//1053
f 4128//1053 4126//1352 4127//1352
f 4126//1352 4124//1351 4125//1351
f 4124//1351 4122//1350 4123//1350
f 4122//1350 4120//234 4121//610
f 4120//234 4118//967 4119//967
f 4118//967 4116//197 4117//197
f 4109//7 4104//7 4074//7 4085//7
f 4099//1353 4087//1353 4101//14
f 4099//1353 4091//1064 4087//1353
f 4099//1353 4097//1064 4091//1064
f 4091//1064 4097//1064 4084//1354
f 4084//1354 4097//1064 4095//1354
f 4082//1355 4095//1354 4092//1360
f 4080//1361 4092//1360 4096//234
f 4078//1047 4096//234 4098//1047
f 4076//1356 4098//1047 4100//1356
f 4073//1352 4100//1356 4102//1352
f 4077//1053 4102//1352 4108//1053
f 4079//600 4108//1053 4107//600
f 4081//745 4107//600 4106//246
f 4083//878 4106//246 4105//878
f 4089//243 4105//878 4110//1358
f 4088//1359 4110//1358 4103//1359
f 4086//14 4103//1359 4101//14
f 4087//1353 4086//14 4101//14
f 4086//14 4088//1359 4103//1359
f 4088//1359 4089//243 4110//1358
f 4089//243 4083//878 4105//878
f 4083//878 4081//745 4106//246
f 4081//745 4079//600 4107//600
f 4079//600 4077//1053 4108//1053
f 4077//1053 4073//1352 4102//1352
f 4073//1352 4076//1356 4100//1356
f 4076//1356 4078//1047 4098//1047
f 4078//1047 4080//1361 4096//234
f 4080//1361 4082//1355 4092//1360
f 4082//1355 4084//1354 4095//1354
f 4141//6 4142//6 4143//6
f 4144//6 4141//6 4143//6
f 4145//6 4142//6 4141//6
f 4146//6 4144//6 4143//6
f 4147//6 4142//6 4145//6
f 4148//6 4146//6 4143//6
f 4149//6 4142//6 4147//6
f 4150//6 4148//6 4143//6
f 4151//6 4142//6 4149//6
f 4152//6 4150//6 4143//6
f 4153//6 4154//6 4155//6
f 4153//6 4156//6 4154//6
f 4153//6 4157//6 4156//6
f 4153//6 4151//6 4157//6
f 4153//6 4142//6 4151//6
f 4158//6 4153//6 4155//6
f 4158//6 4155//6 4159//6
f 4158//6 4159//6 4152//6
f 4158//6 4152//6 4143//6
f 4160//24 4161//24 4162//24
f 4163//24 4161//24 4160//24
f 4164//24 4160//24 4162//24
f 4165//24 4161//24 4163//24
f 4166//24 4164//24 4162//24
f 4167//24 4161//24 4165//24
f 4168//24 4166//24 4162//24
f 4169//24 4161//24 4167//24
f 4170//24 4168//24 4162//24
f 4171//24 4161//24 4169//24
f 4172//24 4173//24 4174//24
f 4172//24 4174//24 4175//24
f 4172//24 4175//24 4176//24
f 4172//24 4176//24 4170//24
f 4172//24 4170//24 4162//24
f 4177//24 4173//24 4172//24
f 4177//24 4178//24 4173//24
f 4177//24 4171//24 4178//24
f 4177//24 4161//24 4171//24
f 4172//14 4162//14 4143//14 4142//14
f 4162//20 4161//20 4158//20 4143//20
f 4161//13 4177//13 4153//13 4158//13
f 4177//7 4172//7 4142//7 4153//7
f 4167//1353 4155//1353 4169//14
f 4167//1353 4159//198 4155//1353
f 4167//1353 4165//1064 4159//198
f 4159//198 4165//1064 4152//197
f 4152//197 4165//1064 4163//1354
f 4150//1355 4163//1354 4160//1360
f 4148//192 4160//1360 4164//192
f 4146//1047 4164//192 4166//1047
f 4144//1356 4166//1047 4168//1356
f 4141//1352 4168//1356 4170//1352
f 4145//1053 4170//1352 4176//1053
f 4147//600 4176//1053 4175//600
f 4149//246 4175//600 4174//745
f 4151//878 4174//745 4173//878
f 4157//243 4173//878 4178//1358
f 4156//1359 4178//1358 4171//1359
f 4154//14 4171//1359 4169//14
f 4155//1353 4154//14 4169//14
f 4154//14 4156//1359 4171//1359
f 4156//1359 4157//243 4178//1358
f 4157//243 4151//878 4173//878
f 4151//878 4149//246 4174//745
f 4149//246 4147//600 4175//600
f 4147//600 4145//1053 4176//1053
f 4145//1053 4141//1352 4170//1352
f 4141//1352 4144//1356 4168//1356
f 4144//1356 4146//1047 4166//1047
f 4146//1047 4148//192 4164//192
f 4148//192 4150//1355 4160//1360
f 4150//1355 4152//197 4163//1354
f 4179//14 4180//14 4181//14 4182//14
f 4183//1353 4184//1353 4185//14
f 4183//1353 4186//199 4184//1353
f 4183//1353 4187//199 4186//199
f 4186//199 4187//199 4188//197
f 4188//197 4187//199 4189//197
f 4190//967 4189//197 4191//967
f 4192//234 4191//967 4193//610
f 4194//1350 4193//610 4195//1350
f 4196//1351 4195//1350 4197//1351
f 4198//1352 4197//1351 4199//1352
f 4200//1053 4199//1352 4201//1053
f 4202//1055 4201//1053 4203//248
f 4204//247 4203//248 4205//247
f 4206//879 4205//247 4207//879
f 4208//244 4207//879 4209//244
f 4210//241 4209//244 4211//241
f 4212//14 4211//241 4185//14
f 4184//1353 4212//14 4185//14
f 4212//14 4210//241 4211//241
f 4210//241 4208//244 4209//244
f 4208//244 4206//879 4207//879
f 4206//879 4204//247 4205//247
f 4204//247 4202//1055 4203//248
f 4202//1055 4200//1053 4201//1053
f 4200//1053 4198//1352 4199//1352
f 4198//1352 4196//1351 4197//1351
f 4196//1351 4194//1350 4195//1350
f 4194//1350 4192//234 4193//610
f 4192//234 4190//967 4191//967
f 4190//967 4188//197 4189//197
f 4213//6 4214//6 4215//6
f 4216//6 4213//6 4215//6
f 4217//6 4214//6 4213//6
f 4218//6 4216//6 4215//6
f 4219//6 4214//6 4217//6
f 4220//6 4218//6 4215//6
f 4221//6 4214//6 4219//6
f 4222//6 4220//6 4215//6
f 4223//6 4214//6 4221//6
f 4224//6 4222//6 4215//6
f 4225//6 4226//6 4227//6
f 4225//6 4228//6 4226//6
f 4225//6 4229//6 4228//6
f 4225//6 4223//6 4229//6
f 4225//6 4214//6 4223//6
f 4230//6 4225//6 4227//6
f 4230//6 4227//6 4231//6
f 4230//6 4231//6 4224//6
f 4230//6 4224//6 4215//6
f 4232//24 4233//24 4234//24
f 4235//24 4233//24 4232//24
f 4236//24 4232//24 4234//24
f 4237//24 4233//24 4235//24
f 4238//24 4236//24 4234//24
f 4239//24 4233//24 4237//24
f 4240//24 4238//24 4234//24
f 4241//24 4233//24 4239//24
f 4242//24 4240//24 4234//24
f 4243//24 4233//24 4241//24
f 4244//24 4245//24 4246//24
f 4244//24 4246//24 4247//24
f 4244//24 4247//24 4248//24
f 4244//24 4248//24 4242//24
f 4244//24 4242//24 4234//24
f 4249//24 4245//24 4244//24
f 4249//24 4250//24 4245//24
f 4249//24 4243//24 4250//24
f 4249//24 4233//24 4243//24
f 4244//14 4234//14 4215//14 4214//14
f 4234//20 4233//20 4230//20 4215//20
f 4233//13 4249//13 4225//13 4230//13
f 4249//7 4244//7 4214//7 4225//7
f 4239//1353 4227//1353 4241//14
f 4239//1353 4231//1064 4227//1353
f 4239//1353 4237//1064 4231//1064
f 4231//1064 4237//1064 4224//1354
f 4224//1354 4237//1064 4235//1354
f 4222//1355 4235//1354 4232//1355
f 4220//192 4232//1355 4236//192
f 4218//1047 4236//192 4238//1047
f 4216//1356 4238//1047 4240//1356
f 4213//1352 4240//1356 4242//1352
f 4217//1053 4242//1352 4248//1053
f 4219//600 4248//1053 4247//600
f 4221//246 4247//600 4246//246
f 4223//878 4246//246 4245//878
f 4229//1358 4245//878 4250//1358
f 4228//1359 4250//1358 4243//1359
f 4226//14 4243//1359 4241//14
f 4227//1353 4226//14 4241//14
f 4226//14 4228//1359 4243//1359
f 4228//1359 4229//1358 4250//1358
f 4229//1358 4223//878 4245//878
f 4223//878 4221//246 4246//246
f 4221//246 4219//600 4247//600
f 4219//600 4217//1053 4248//1053
f 4217//1053 4213//1352 4242//1352
f 4213//1352 4216//1356 4240//1356
f 4216//1356 4218//1047 4238//1047
f 4218//1047 4220//192 4236//192
f 4220//192 4222//1355 4232//1355
f 4222//1355 4224//1354 4235//1354
f 4251//6 4252//6 4253//6
f 4254//6 4251//6 4253//6
f 4255//6 4252//6 4251//6
f 4256//6 4254//6 4253//6
f 4257//6 4252//6 4255//6
f 4258//6 4256//6 4253//6
f 4259//6 4252//6 4257//6
f 4260//6 4258//6 4253//6
f 4261//6 4252//6 4259//6
f 4262//6 4260//6 4253//6
f 4263//6 4264//6 4265//6
f 4263//6 4266//6 4264//6
f 4263//6 4267//6 4266//6
f 4263//6 4261//6 4267//6
f 4263//6 4252//6 4261//6
f 4268//6 4263//6 4265//6
f 4268//6 4265//6 4269//6
f 4268//6 4269//6 4262//6
f 4268//6 4262//6 4253//6
f 4270//24 4271//24 4272//24
f 4273//24 4271//24 4270//24
f 4274//24 4270//24 4272//24
f 4275//24 4271//24 4273//24
f 4276//24 4274//24 4272//24
f 4277//24 4271//24 4275//24
f 4278//24 4276//24 4272//24
f 4279//24 4271//24 4277//24
f 4280//24 4278//24 4272//24
f 4281//24 4271//24 4279//24
f 4282//24 4283//24 4284//24
f 4282//24 4284//24 4285//24
f 4282//24 4285//24 4286//24
f 4282//24 4286//24 4280//24
f 4282//24 4280//24 4272//24
f 4287//24 4283//24 4282//24
f 4287//24 4288//24 4283//24
f 4287//24 4281//24 4288//24
f 4287//24 4271//24 4281//24
f 4282//14 4272//14 4253//14 4252//14
f 4272//20 4271//20 4268//20 4253//20
f 4271//13 4287//13 4263//13 4268//13
f 4287//7 4282//7 4252//7 4263//7
f 4277//1353 4265//1353 4279//14
f 4277//1353 4269//1064 4265//1353
f 4277//1353 4275//1064 4269//1064
f 4269//1064 4275//1064 4262//1354
f 4262//1354 4275//1064 4273//1354
f 4260//1355 4273//1354 4270//1355
f 4258//1361 4270//1355 4274//234
f 4256//1047 4274//234 4276//1047
f 4254//1356 4276//1047 4278//1356
f 4251//1352 4278//1356 4280//1352
f 4255//1053 4280//1352 4286//1053
f 4257//600 4286//1053 4285//600
f 4259//246 4285//600 4284//1357
f 4261//878 4284//1357 4283//878
f 4267//1358 4283//878 4288//1358
f 4266//1359 4288//1358 4281//1359
f 4264//14 4281//1359 4279//14
f 4265//1353 4264//14 4279//14
f 4264//14 4266//1359 4281//1359
f 4266//1359 4267//1358 4288//1358
f 4267//1358 4261//878 4283//878
f 4261//878 4259//246 4284//1357
f 4259//246 4257//600 4285//600
f 4257//600 4255//1053 4286//1053
f 4255//1053 4251//1352 4280//1352
f 4251//1352 4254//1356 4278//1356
f 4254//1356 4256//1047 4276//1047
f 4256//1047 4258//1361 4274//234
f 4258//1361 4260//1355 4270//1355
f 4260//1355 4262//1354 4273//1354
f 4289//13 4290//13 4291//13 4292//13
f 4293//20 4289//20 4292//20 4294//20
f 4295//14 4293//14 4294//14 4296//14
f 4290//7 4295//7 4296//7 4291//7
f 4093//13 4109//13 4085//13 4090//13
f 4119//24 4289//24 4293//24
f 4117//24 4289//24 4119//24
f 4121//24 4119//24 4293//24
f 4115//24 4289//24 4117//24
f 4123//24 4121//24 4293//24
f 4111//24 4289//24 4115//24
f 4125//24 4123//24 4293//24
f 4113//24 4289//24 4111//24
f 4127//24 4125//24 4293//24
f 4139//24 4289//24 4113//24
f 4290//24 4133//24 4131//24
f 4290//24 4135//24 4133//24
f 4290//24 4137//24 4135//24
f 4290//24 4139//24 4137//24
f 4290//24 4289//24 4139//24
f 4295//24 4290//24 4131//24
f 4295//24 4131//24 4129//24
f 4295//24 4129//24 4127//24
f 4295//24 4127//24 4293//24
f 4297//24 4298//24 4299//24
f 4300//24 4298//24 4297//24
f 4301//24 4300//24 4297//24
f 4302//24 4300//24 4301//24
f 4303//24 4300//24 4302//24
f 4304//24 4302//24 4301//24
f 4305//24 4300//24 4303//24
f 4306//24 4300//24 4305//24
f 4307//24 4304//24 4301//24
f 4308//24 4306//24 4305//24
f 4309//24 4307//24 4301//24
f 4310//24 4307//24 4309//24
f 4311//24 4306//24 4308//24
f 4312//24 4306//24 4311//24
f 4313//24 4310//24 4309//24
f 4314//24 4313//24 4309//24
f 4315//24 4312//24 4311//24
f 4316//24 4313//24 4314//24
f 4317//24 4312//24 4315//24
f 4318//24 4317//24 4315//24
f 4319//24 4316//24 4314//24
f 4320//24 4317//24 4318//24
f 4321//24 4322//24 4319//24
f 4321//24 4319//24 4314//24
f 4323//24 4322//24 4321//24
f 4323//24 4320//24 4322//24
f 4323//24 4317//24 4320//24
f 4324//24 4323//24 4321//24
f 4325//24 4323//24 4324//24
f 4326//24 4325//24 4324//24
f 4327//6 4328//6 4329//6
f 4330//6 4327//6 4329//6
f 4331//6 4327//6 4330//6
f 4332//6 4331//6 4330//6
f 4333//6 4327//6 4331//6
f 4334//6 4332//6 4330//6
f 4335//6 4332//6 4334//6
f 4336//6 4333//6 4331//6
f 4337//6 4333//6 4336//6
f 4338//6 4335//6 4334//6
f 4339//6 4338//6 4334//6
f 4340//6 4333//6 4337//6
f 4341//6 4340//6 4337//6
f 4342//6 4338//6 4339//6
f 4343//6 4340//6 4341//6
f 4344//6 4342//6 4339//6
f 4345//6 4340//6 4343//6
f 4346//6 4344//6 4339//6
f 4347//6 4344//6 4346//6
f 4348//6 4345//6 4343//6
f 4349//6 4345//6 4348//6
f 4350//6 4347//6 4346//6
f 4351//6 4349//6 4352//6
f 4351//6 4345//6 4349//6
f 4353//6 4351//6 4352//6
f 4353//6 4352//6 4350//6
f 4353//6 4350//6 4346//6
f 4354//6 4351//6 4353//6
f 4355//6 4351//6 4354//6
f 4356//6 4355//6 4354//6
f 4357//7 4179//7 4182//7 4358//7
f 4359//13 4357//13 4358//13 4360//13
f 4180//20 4359//20 4360//20 4181//20
f 4361//24 4362//24 4363//24
f 4364//24 4362//24 4361//24
f 4365//24 4364//24 4361//24
f 4366//24 4364//24 4365//24
f 4367//24 4364//24 4366//24
f 4368//24 4366//24 4365//24
f 4369//24 4364//24 4367//24
f 4370//24 4364//24 4369//24
f 4371//24 4368//24 4365//24
f 4372//24 4370//24 4369//24
f 4373//24 4371//24 4365//24
f 4374//24 4371//24 4373//24
f 4375//24 4370//24 4372//24
f 4376//24 4370//24 4375//24
f 4377//24 4374//24 4373//24
f 4378//24 4377//24 4373//24
f 4379//24 4376//24 4375//24
f 4380//24 4377//24 4378//24
f 4381//24 4376//24 4379//24
f 4382//24 4381//24 4379//24
f 4383//24 4380//24 4378//24
f 4384//24 4381//24 4382//24
f 4385//24 4386//24 4383//24
f 4385//24 4383//24 4378//24
f 4387//24 4386//24 4385//24
f 4387//24 4384//24 4386//24
f 4387//24 4381//24 4384//24
f 4388//24 4387//24 4385//24
f 4389//24 4387//24 4388//24
f 4390//24 4389//24 4388//24
f 4391//6 4392//6 4393//6
f 4394//6 4391//6 4393//6
f 4395//6 4391//6 4394//6
f 4396//6 4395//6 4394//6
f 4397//6 4391//6 4395//6
f 4398//6 4396//6 4394//6
f 4399//6 4396//6 4398//6
f 4400//6 4397//6 4395//6
f 4401//6 4397//6 4400//6
f 4402//6 4399//6 4398//6
f 4403//6 4402//6 4398//6
f 4404//6 4397//6 4401//6
f 4405//6 4404//6 4401//6
f 4406//6 4402//6 4403//6
f 4407//6 4404//6 4405//6
f 4408//6 4406//6 4403//6
f 4409//6 4404//6 4407//6
f 4410//6 4408//6 4403//6
f 4411//6 4408//6 4410//6
f 4412//6 4409//6 4407//6
f 4413//6 4409//6 4412//6
f 4414//6 4411//6 4410//6
f 4415//6 4413//6 4416//6
f 4415//6 4409//6 4413//6
f 4417//6 4415//6 4416//6
f 4417//6 4416//6 4414//6
f 4417//6 4414//6 4410//6
f 4418//6 4415//6 4417//6
f 4419//6 4415//6 4418//6
f 4420//6 4419//6 4418//6
f 4191//24 4359//24 4180//24
f 4189//24 4359//24 4191//24
f 4193//24 4191//24 4180//24
f 4187//24 4359//24 4189//24
f 4195//24 4193//24 4180//24
f 4183//24 4359//24 4187//24
f 4197//24 4195//24 4180//24
f 4185//24 4359//24 4183//24
f 4199//24 4197//24 4180//24
f 4211//24 4359//24 4185//24
f 4179//24 4207//24 4205//24
f 4179//24 4205//24 4203//24
f 4179//24 4203//24 4201//24
f 4179//24 4201//24 4199//24
f 4179//24 4199//24 4180//24
f 4357//24 4207//24 4179//24
f 4357//24 4209//24 4207//24
f 4357//24 4211//24 4209//24
f 4357//24 4359//24 4211//24
f 4198//6 4182//6 4181//6
f 4196//6 4198//6 4181//6
f 4200//6 4182//6 4198//6
f 4194//6 4196//6 4181//6
f 4202//6 4182//6 4200//6
f 4192//6 4194//6 4181//6
f 4204//6 4182//6 4202//6
f 4190//6 4192//6 4181//6
f 4206//6 4182//6 4204//6
f 4188//6 4190//6 4181//6
f 4358//6 4212//6 4184//6
f 4358//6 4210//6 4212//6
f 4358//6 4208//6 4210//6
f 4358//6 4206//6 4208//6
f 4358//6 4182//6 4206//6
f 4360//6 4358//6 4184//6
f 4360//6 4184//6 4186//6
f 4360//6 4186//6 4188//6
f 4360//6 4188//6 4181//6
f 4421//24 4422//24 4423//24
f 4424//24 4422//24 4421//24
f 4425//24 4424//24 4421//24
f 4426//24 4424//24 4425//24
f 4427//24 4424//24 4426//24
f 4428//24 4426//24 4425//24
f 4429//24 4424//24 4427//24
f 4430//24 4424//24 4429//24
f 4431//24 4428//24 4425//24
f 4432//24 4430//24 4429//24
f 4433//24 4431//24 4425//24
f 4434//24 4431//24 4433//24
f 4435//24 4430//24 4432//24
f 4436//24 4430//24 4435//24
f 4437//24 4434//24 4433//24
f 4438//24 4437//24 4433//24
f 4439//24 4436//24 4435//24
f 4440//24 4437//24 4438//24
f 4441//24 4436//24 4439//24
f 4442//24 4441//24 4439//24
f 4443//24 4440//24 4438//24
f 4444//24 4441//24 4442//24
f 4445//24 4446//24 4443//24
f 4445//24 4443//24 4438//24
f 4447//24 4446//24 4445//24
f 4447//24 4444//24 4446//24
f 4447//24 4441//24 4444//24
f 4448//24 4447//24 4445//24
f 4449//24 4447//24 4448//24
f 4450//24 4449//24 4448//24
f 4451//6 4452//6 4453//6
f 4454//6 4451//6 4453//6
f 4455//6 4451//6 4454//6
f 4456//6 4455//6 4454//6
f 4457//6 4451//6 4455//6
f 4458//6 4456//6 4454//6
f 4459//6 4456//6 4458//6
f 4460//6 4457//6 4455//6
f 4461//6 4457//6 4460//6
f 4462//6 4459//6 4458//6
f 4463//6 4462//6 4458//6
f 4464//6 4457//6 4461//6
f 4465//6 4464//6 4461//6
f 4466//6 4462//6 4463//6
f 4467//6 4464//6 4465//6
f 4468//6 4466//6 4463//6
f 4469//6 4464//6 4467//6
f 4470//6 4468//6 4463//6
f 4471//6 4468//6 4470//6
f 4472//6 4469//6 4467//6
f 4473//6 4469//6 4472//6
f 4474//6 4471//6 4470//6
f 4475//6 4473//6 4476//6
f 4475//6 4469//6 4473//6
f 4477//6 4475//6 4476//6
f 4477//6 4476//6 4474//6
f 4477//6 4474//6 4470//6
f 4478//6 4475//6 4477//6
f 4479//6 4475//6 4478//6
f 4480//6 4479//6 4478//6
f 4481//24 4482//24 4483//24
f 4484//24 4482//24 4481//24
f 4485//24 4484//24 4481//24
f 4486//24 4484//24 4485//24
f 4487//24 4484//24 4486//24
f 4488//24 4486//24 4485//24
f 4489//24 4484//24 4487//24
f 4490//24 4484//24 4489//24
f 4491//24 4488//24 4485//24
f 4492//24 4490//24 4489//24
f 4493//24 4491//24 4485//24
f 4494//24 4491//24 4493//24
f 4495//24 4490//24 4492//24
f 4496//24 4490//24 4495//24
f 4497//24 4494//24 4493//24
f 4498//24 4497//24 4493//24
f 4499//24 4496//24 4495//24
f 4500//24 4497//24 4498//24
f 4501//24 4496//24 4499//24
f 4502//24 4501//24 4499//24
f 4503//24 4500//24 4498//24
f 4504//24 4501//24 4502//24
f 4505//24 4506//24 4503//24
f 4505//24 4503//24 4498//24
f 4507//24 4506//24 4505//24
f 4507//24 4504//24 4506//24
f 4507//24 4501//24 4504//24
f 4508//24 4507//24 4505//24
f 4509//24 4507//24 4508//24
f 4510//24 4509//24 4508//24
f 4511//6 4512//6 4513//6
f 4514//6 4511//6 4513//6
f 4515//6 4511//6 4514//6
f 4516//6 4515//6 4514//6
f 4517//6 4511//6 4515//6
f 4518//6 4516//6 4514//6
f 4519//6 4516//6 4518//6
f 4520//6 4517//6 4515//6
f 4521//6 4517//6 4520//6
f 4522//6 4519//6 4518//6
f 4523//6 4522//6 4518//6
f 4524//6 4517//6 4521//6
f 4525//6 4524//6 4521//6
f 4526//6 4522//6 4523//6
f 4527//6 4524//6 4525//6
f 4528//6 4526//6 4523//6
f 4529//6 4524//6 4527//6
f 4530//6 4528//6 4523//6
f 4531//6 4528//6 4530//6
f 4532//6 4529//6 4527//6
f 4533//6 4529//6 4532//6
f 4534//6 4531//6 4530//6
f 4535//6 4533//6 4536//6
f 4535//6 4529//6 4533//6
f 4537//6 4535//6 4536//6
f 4537//6 4536//6 4534//6
f 4537//6 4534//6 4530//6
f 4538//6 4535//6 4537//6
f 4539//6 4535//6 4538//6
f 4540//6 4539//6 4538//6
f 4541//24 4542//24 4543//24
f 4544//24 4542//24 4541//24
f 4545//24 4544//24 4541//24
f 4546//24 4544//24 4545//24
f 4547//24 4544//24 4546//24
f 4548//24 4546//24 4545//24
f 4549//24 4544//24 4547//24
f 4550//24 4544//24 4549//24
f 4551//24 4548//24 4545//24
f 4552//24 4550//24 4549//24
f 4553//24 4551//24 4545//24
f 4554//24 4551//24 4553//24
f 4555//24 4550//24 4552//24
f 4556//24 4550//24 4555//24
f 4557//24 4554//24 4553//24
f 4558//24 4557//24 4553//24
f 4559//24 4556//24 4555//24
f 4560//24 4557//24 4558//24
f 4561//24 4556//24 4559//24
f 4562//24 4561//24 4559//24
f 4563//24 4560//24 4558//24
f 4564//24 4561//24 4562//24
f 4565//24 4566//24 4563//24
f 4565//24 4563//24 4558//24
f 4567//24 4566//24 4565//24
f 4567//24 4564//24 4566//24
f 4567//24 4561//24 4564//24
f 4568//24 4567//24 4565//24
f 4569//24 4567//24 4568//24
f 4570//24 4569//24 4568//24
f 4571//6 4572//6 4573//6
f 4574//6 4571//6 4573//6
f 4575//6 4571//6 4574//6
f 4576//6 4575//6 4574//6
f 4577//6 4571//6 4575//6
f 4578//6 4576//6 4574//6
f 4579//6 4576//6 4578//6
f 4580//6 4577//6 4575//6
f 4581//6 4577//6 4580//6
f 4582//6 4579//6 4578//6
f 4583//6 4582//6 4578//6
f 4584//6 4577//6 4581//6
f 4585//6 4584//6 4581//6
f 4586//6 4582//6 4583//6
f 4587//6 4584//6 4585//6
f 4588//6 4586//6 4583//6
f 4589//6 4584//6 4587//6
f 4590//6 4588//6 4583//6
f 4591//6 4588//6 4590//6
f 4592//6 4589//6 4587//6
f 4593//6 4589//6 4592//6
f 4594//6 4591//6 4590//6
f 4595//6 4593//6 4596//6
f 4595//6 4589//6 4593//6
f 4597//6 4595//6 4596//6
f 4597//6 4596//6 4594//6
f 4597//6 4594//6 4590//6
f 4598//6 4595//6 4597//6
f 4599//6 4595//6 4598//6
f 4600//6 4599//6 4598//6
f 4492//1353 4534//1353 4495//14
f 4492//1353 4531//1064 4534//1353
f 4492//1353 4489//1064 4531//1064
f 4531//1064 4489//1064 4528//232
f 4528//232 4489//1064 4487//232
f 4526//967 4487//232 4486//1360
f 4522//234 4486//1360 4488//234
f 4519//1362 4488//234 4491//1362
f 4516//1363 4491//1362 4494//1363
f 4515//1364 4494//1363 4497//1364
f 4520//1365 4497//1364 4500//1365
f 4521//598 4500//1365 4503//598
f 4525//247 4503//598 4506//745
f 4527//747 4506//745 4504//747
f 4532//1358 4504//747 4502//1358
f 4533//1359 4502//1358 4499//1359
f 4536//14 4499//1359 4495//14
f 4534//1353 4536//14 4495//14
f 4536//14 4533//1359 4499//1359
f 4533//1359 4532//1358 4502//1358
f 4532//1358 4527//747 4504//747
f 4527//747 4525//247 4506//745
f 4525//247 4521//598 4503//598
f 4521//598 4520//1365 4500//1365
f 4520//1365 4515//1364 4497//1364
f 4515//1364 4516//1363 4494//1363
f 4516//1363 4519//1362 4491//1362
f 4519//1362 4522//234 4488//234
f 4522//234 4526//967 4486//1360
f 4526//967 4528//232 4487//232
f 4513//1322 4512//1366 4498//1366
f 4493//1322 4513//1322 4498//1366
f 4493//1322 4485//1321 4513//1322
f 4513//1322 4485//1321 4514//1323
f 4514//1323 4485//1321 4481//134
f 4518//134 4481//134 4483//1340
f 4523//1340 4483//1340 4482//617
f 4530//617 4482//617 4484//621
f 4537//621 4484//621 4490//548
f 4538//548 4490//548 4496//13
f 4540//13 4496//13 4501//339
f 4539//339 4501//339 4507//1315
f 4535//1315 4507//1315 4509//553
f 4529//553 4509//553 4510//953
f 4524//953 4510//953 4508//1222
f 4517//1367 4508//1222 4505//1368
f 4511//1368 4505//1368 4498//1366
f 4512//1366 4511//1368 4498//1366
f 4540//13 4538//548 4496//13
f 4538//548 4537//621 4490//548
f 4537//621 4530//617 4484//621
f 4530//617 4523//1340 4482//617
f 4523//1340 4518//134 4483//1340
f 4518//134 4514//1323 4481//134
f 4511//1368 4517//1367 4505//1368
f 4517//1367 4524//953 4508//1222
f 4524//953 4529//553 4510//953
f 4529//553 4535//1315 4509//553
f 4535//1315 4539//339 4507//1315
f 4539//339 4540//13 4501//339
f 4552//1353 4594//1353 4555//14
f 4552//1353 4591//1064 4594//1353
f 4552//1353 4549//1064 4591//1064
f 4591//1064 4549//1064 4588//232
f 4588//232 4549//1064 4547//232
f 4586//1360 4547//232 4546//1360
f 4582//234 4546//1360 4548//1369
f 4579//1362 4548//1369 4551//1362
f 4576//1363 4551//1362 4554//1363
f 4575//1364 4554//1363 4557//1364
f 4580//1370 4557//1364 4560//1365
f 4581//598 4560//1365 4563//598
f 4585//745 4563//598 4566//746
f 4587//747 4566//746 4564//747
f 4592//1358 4564//747 4562//1358
f 4593//1359 4562//1358 4559//1359
f 4596//14 4559//1359 4555//14
f 4594//1353 4596//14 4555//14
f 4596//14 4593//1359 4559//1359
f 4593//1359 4592//1358 4562//1358
f 4592//1358 4587//747 4564//747
f 4587//747 4585//745 4566//746
f 4585//745 4581//598 4563//598
f 4581//598 4580//1370 4560//1365
f 4580//1370 4575//1364 4557//1364
f 4575//1364 4576//1363 4554//1363
f 4576//1363 4579//1362 4551//1362
f 4579//1362 4582//234 4548//1369
f 4582//234 4586//1360 4546//1360
f 4586//1360 4588//232 4547//232
f 4573//1322 4572//1366 4558//1366
f 4553//1322 4573//1322 4558//1366
f 4553//1322 4545//1321 4573//1322
f 4573//1322 4545//1321 4574//1323
f 4574//1323 4545//1321 4541//134
f 4578//134 4541//134 4543//1340
f 4583//1340 4543//1340 4542//617
f 4590//617 4542//617 4544//621
f 4597//1320 4544//621 4550//548
f 4598//1342 4550//548 4556//13
f 4600//13 4556//13 4561//339
f 4599//339 4561//339 4567//1315
f 4595//1315 4567//1315 4569//553
f 4589//553 4569//553 4570//953
f 4584//953 4570//953 4568//1367
f 4577//1367 4568//1367 4565//1368
f 4571//1368 4565//1368 4558//1366
f 4572//1366 4571//1368 4558//1366
f 4600//13 4598//1342 4556//13
f 4598//1342 4597//1320 4550//548
f 4597//1320 4590//617 4544//621
f 4590//617 4583//1340 4542//617
f 4583//1340 4578//134 4543//1340
f 4578//134 4574//1323 4541//134
f 4571//1368 4577//1367 4565//1368
f 4577//1367 4584//953 4568//1367
f 4584//953 4589//553 4570//953
f 4589//553 4595//1315 4569//553
f 4595//1315 4599//339 4567//1315
f 4599//339 4600//13 4561//339
f 4432//1353 4474//1353 4435//14
f 4432//1353 4471//1064 4474//1353
f 4432//1353 4429//1064 4471//1064
f 4471//1064 4429//1064 4468//232
f 4468//232 4429//1064 4427//232
f 4466//967 4427//232 4426//1360
f 4462//234 4426//1360 4428//234
f 4459//1362 4428//234 4431//1362
f 4456//1363 4431//1362 4434//1363
f 4455//1364 4434//1363 4437//1364
f 4460//1365 4437//1364 4440//1365
f 4461//598 4440//1365 4443//598
f 4465//247 4443//598 4446//745
f 4467//747 4446//745 4444//747
f 4472//1358 4444//747 4442//1358
f 4473//1359 4442//1358 4439//1359
f 4476//14 4439//1359 4435//14
f 4474//1353 4476//14 4435//14
f 4476//14 4473//1359 4439//1359
f 4473//1359 4472//1358 4442//1358
f 4472//1358 4467//747 4444//747
f 4467//747 4465//247 4446//745
f 4465//247 4461//598 4443//598
f 4461//598 4460//1365 4440//1365
f 4460//1365 4455//1364 4437//1364
f 4455//1364 4456//1363 4434//1363
f 4456//1363 4459//1362 4431//1362
f 4459//1362 4462//234 4428//234
f 4462//234 4466//967 4426//1360
f 4466//967 4468//232 4427//232
f 4453//1322 4452//1366 4438//1366
f 4433//1322 4453//1322 4438//1366
f 4433//1322 4425//1321 4453//1322
f 4453//1322 4425//1321 4454//1323
f 4454//1323 4425//1321 4421//134
f 4458//134 4421//134 4423//1340
f 4463//1340 4423//1340 4422//617
f 4470//617 4422//617 4424//621
f 4477//621 4424//621 4430//548
f 4478//548 4430//548 4436//13
f 4480//13 4436//13 4441//339
f 4479//339 4441//339 4447//1315
f 4475//1315 4447//1315 4449//553
f 4469//553 4449//553 4450//953
f 4464//953 4450//953 4448//1222
f 4457//1367 4448//1222 4445//1368
f 4451//1368 4445//1368 4438//1366
f 4452//1366 4451//1368 4438//1366
f 4480//13 4478//548 4436//13
f 4478//548 4477//621 4430//548
f 4477//621 4470//617 4424//621
f 4470//617 4463//1340 4422//617
f 4463//1340 4458//134 4423//1340
f 4458//134 4454//1323 4421//134
f 4451//1368 4457//1367 4445//1368
f 4457//1367 4464//953 4448//1222
f 4464//953 4469//553 4450//953
f 4469//553 4475//1315 4449//553
f 4475//1315 4479//339 4447//1315
f 4479//339 4480//13 4441//339
f 4308//1353 4350//1353 4311//14
f 4308//1353 4347//1064 4350//1353
f 4308//1353 4305//1064 4347//1064
f 4347//1064 4305//1064 4344//232
f 4344//232 4305//1064 4303//232
f 4342//1360 4303//232 4302//1360
f 4338//234 4302//1360 4304//1369
f 4335//1362 4304//1369 4307//1362
f 4332//1363 4307//1362 4310//1363
f 4331//1364 4310//1363 4313//1364
f 4336//1370 4313//1364 4316//1365
f 4337//598 4316//1365 4319//598
f 4341//745 4319//598 4322//746
f 4343//747 4322//746 4320//747
f 4348//1358 4320//747 4318//1358
f 4349//1359 4318//1358 4315//1359
f 4352//14 4315//1359 4311//14
f 4350//1353 4352//14 4311//14
f 4352//14 4349//1359 4315//1359
f 4349//1359 4348//1358 4318//1358
f 4348//1358 4343//747 4320//747
f 4343//747 4341//745 4322//746
f 4341//745 4337//598 4319//598
f 4337//598 4336//1370 4316//1365
f 4336//1370 4331//1364 4313//1364
f 4331//1364 4332//1363 4310//1363
f 4332//1363 4335//1362 4307//1362
f 4335//1362 4338//234 4304//1369
f 4338//234 4342//1360 4302//1360
f 4342//1360 4344//232 4303//232
f 4329//1322 4328//1366 4314//1366
f 4309//1322 4329//1322 4314//1366
f 4309//1322 4301//1321 4329//1322
f 4329//1322 4301//1321 4330//1323
f 4330//1323 4301//1321 4297//134
f 4334//134 4297//134 4299//1340
f 4339//1340 4299//1340 4298//617
f 4346//617 4298//617 4300//621
f 4353//1320 4300//621 4306//548
f 4354//1342 4306//548 4312//13
f 4356//13 4312//13 4317//339
f 4355//339 4317//339 4323//1315
f 4351//1315 4323//1315 4325//553
f 4345//553 4325//553 4326//953
f 4340//953 4326//953 4324//1367
f 4333//1367 4324//1367 4321//1368
f 4327//1368 4321//1368 4314//1366
f 4328//1366 4327//1368 4314//1366
f 4356//13 4354//1342 4312//13
f 4354//1342 4353//1320 4306//548
f 4353//1320 4346//617 4300//621
f 4346//617 4339//1340 4298//617
f 4339//1340 4334//134 4299//1340
f 4334//134 4330//1323 4297//134
f 4327//1368 4333//1367 4321//1368
f 4333//1367 4340//953 4324//1367
f 4340//953 4345//553 4326//953
f 4345//553 4351//1315 4325//553
f 4351//1315 4355//339 4323//1315
f 4355//339 4356//13 4317//339
f 4372//1353 4414//1353 4375//14
f 4372//1353 4411//1064 4414//1353
f 4372//1353 4369//1064 4411//1064
f 4411//1064 4369//1064 4408//232
f 4408//232 4369//1064 4367//232
f 4406//967 4367//232 4366//1360
f 4402//234 4366//1360 4368//234
f 4399//1362 4368//234 4371//1362
f 4396//1363 4371//1362 4374//1363
f 4395//1364 4374//1363 4377//1364
f 4400//1365 4377//1364 4380//1365
f 4401//598 4380//1365 4383//598
f 4405//247 4383//598 4386//745
f 4407//747 4386//745 4384//747
f 4412//1358 4384//747 4382//1358
f 4413//1359 4382//1358 4379//1359
f 4416//14 4379//1359 4375//14
f 4414//1353 4416//14 4375//14
f 4416//14 4413//1359 4379//1359
f 4413//1359 4412//1358 4382//1358
f 4412//1358 4407//747 4384//747
f 4407//747 4405//247 4386//745
f 4405//247 4401//598 4383//598
f 4401//598 4400//1365 4380//1365
f 4400//1365 4395//1364 4377//1364
f 4395//1364 4396//1363 4374//1363
f 4396//1363 4399//1362 4371//1362
f 4399//1362 4402//234 4368//234
f 4402//234 4406//967 4366//1360
f 4406//967 4408//232 4367//232
f 4393//1322 4392//1366 4378//1366
f 4373//1322 4393//1322 4378//1366
f 4373//1322 4365//1321 4393//1322
f 4393//1322 4365//1321 4394//1323
f 4394//1323 4365//1321 4361//134
f 4398//134 4361//134 4363//1340
f 4403//1340 4363//1340 4362//617
f 4410//617 4362//617 4364//621
f 4417//621 4364//621 4370//548
f 4418//548 4370//548 4376//13
f 4420//13 4376//13 4381//339
f 4419//339 4381//339 4387//1315
f 4415//1315 4387//1315 4389//553
f 4409//553 4389//553 4390//953
f 4404//953 4390//953 4388//1222
f 4397//1367 4388//1222 4385//1368
f 4391//1368 4385//1368 4378//1366
f 4392//1366 4391//1368 4378//1366
f 4420//13 4418//548 4376//13
f 4418//548 4417//621 4370//548
f 4417//621 4410//617 4364//621
f 4410//617 4403//1340 4362//617
f 4403//1340 4398//134 4363//1340
f 4398//134 4394//1323 4361//134
f 4391//1368 4397//1367 4385//1368
f 4397//1367 4404//953 4388//1222
f 4404//953 4409//553 4390//953
f 4409//553 4415//1315 4389//553
f 4415//1315 4419//339 4387//1315
f 4419//339 4420//13 4381//339
f 4601//1353 4602//1353 4603//14
f 4601//1353 4604//1064 4602//1353
f 4601//1353 4605//1064 4604//1064
f 4604//1064 4605//1064 4606//232
f 4606//232 4605//1064 4607//232
f 4608//1360 4607//232 4609//1360
f 4610//234 4609//1360 4611//1369
f 4612//1362 4611//1369 4613//1362
f 4614//1363 4613//1362 4615//1363
f 4616//1364 4615//1363 4617//1364
f 4618//1370 4617//1364 4619//1365
f 4620//598 4619//1365 4621//598
f 4622//745 4621//598 4623//746
f 4624//747 4623//746 4625//747
f 4626//1358 4625//747 4627//1358
f 4628//1359 4627//1358 4629//1359
f 4630//14 4629//1359 4603//14
f 4602//1353 4630//14 4603//14
f 4630//14 4628//1359 4629//1359
f 4628//1359 4626//1358 4627//1358
f 4626//1358 4624//747 4625//747
f 4624//747 4622//745 4623//746
f 4622//745 4620//598 4621//598
f 4620//598 4618//1370 4619//1365
f 4618//1370 4616//1364 4617//1364
f 4616//1364 4614//1363 4615//1363
f 4614//1363 4612//1362 4613//1362
f 4612//1362 4610//234 4611//1369
f 4610//234 4608//1360 4609//1360
f 4608//1360 4606//232 4607//232
f 4631//1322 4632//1366 4633//1366
f 4634//1322 4631//1322 4633//1366
f 4634//1322 4635//1321 4631//1322
f 4631//1322 4635//1321 4636//1323
f 4636//1323 4635//1321 4637//134
f 4638//134 4637//134 4639//1340
f 4640//1340 4639//1340 4641//617
f 4642//617 4641//617 4643//621
f 4644//1320 4643//621 4645//548
f 4646//1342 4645//548 4647//13
f 4648//13 4647//13 4649//339
f 4650//339 4649//339 4651//1315
f 4652//1315 4651//1315 4653//553
f 4654//553 4653//553 4655//953
f 4656//953 4655//953 4657//1367
f 4658//1367 4657//1367 4659//1368
f 4660//1368 4659//1368 4633//1366
f 4632//1366 4660//1368 4633//1366
f 4648//13 4646//1342 4647//13
f 4646//1342 4644//1320 4645//548
f 4644//1320 4642//617 4643//621
f 4642//617 4640//1340 4641//617
f 4640//1340 4638//134 4639//1340
f 4638//134 4636//1323 4637//134
f 4660//1368 4658//1367 4659//1368
f 4658//1367 4656//953 4657//1367
f 4656//953 4654//553 4655//953
f 4654//553 4652//1315 4653//553
f 4652//1315 4650//339 4651//1315
f 4650//339 4648//13 4649//339
f 4637//24 4641//24 4639//24
f 4643//24 4641//24 4637//24
f 4635//24 4643//24 4637//24
f 4609//24 4643//24 4635//24
f 4607//24 4643//24 4609//24
f 4611//24 4609//24 4635//24
f 4605//24 4643//24 4607//24
f 4645//24 4643//24 4605//24
f 4613//24 4611//24 4635//24
f 4601//24 4645//24 4605//24
f 4634//24 4613//24 4635//24
f 4615//24 4613//24 4634//24
f 4603//24 4645//24 4601//24
f 4647//24 4645//24 4603//24
f 4617//24 4615//24 4634//24
f 4633//24 4617//24 4634//24
f 4629//24 4647//24 4603//24
f 4619//24 4617//24 4633//24
f 4649//24 4647//24 4629//24
f 4627//24 4649//24 4629//24
f 4621//24 4619//24 4633//24
f 4625//24 4649//24 4627//24
f 4659//24 4623//24 4621//24
f 4659//24 4621//24 4633//24
f 4651//24 4623//24 4659//24
f 4651//24 4625//24 4623//24
f 4651//24 4649//24 4625//24
f 4657//24 4651//24 4659//24
f 4653//24 4651//24 4657//24
f 4655//24 4653//24 4657//24
f 4660//6 4632//6 4631//6
f 4636//6 4660//6 4631//6
f 4616//6 4660//6 4636//6
f 4614//6 4616//6 4636//6
f 4658//6 4660//6 4616//6
f 4638//6 4614//6 4636//6
f 4612//6 4614//6 4638//6
f 4618//6 4658//6 4616//6
f 4620//6 4658//6 4618//6
f 4610//6 4612//6 4638//6
f 4640//6 4610//6 4638//6
f 4656//6 4658//6 4620//6
f 4622//6 4656//6 4620//6
f 4608//6 4610//6 4640//6
f 4624//6 4656//6 4622//6
f 4606//6 4608//6 4640//6
f 4654//6 4656//6 4624//6
f 4642//6 4606//6 4640//6
f 4604//6 4606//6 4642//6
f 4626//6 4654//6 4624//6
f 4628//6 4654//6 4626//6
f 4602//6 4604//6 4642//6
f 4652//6 4628//6 4630//6
f 4652//6 4654//6 4628//6
f 4644//6 4652//6 4630//6
f 4644//6 4630//6 4602//6
f 4644//6 4602//6 4642//6
f 4646//6 4652//6 4644//6
f 4650//6 4652//6 4646//6
f 4648//6 4650//6 4646//6
f 4661//1062 4662//1062 4663//14
f 4661//1062 4664//1348 4662//1062
f 4661//1062 4665//1348 4664//1348
f 4664//1348 4665//1348 4666//1349
f 4666//1349 4665//1348 4667//1349
f 4668//967 4667//1349 4669//967
f 4670//234 4669//967 4671//610
f 4672//1350 4671//610 4673//1350
f 4674//1351 4673//1350 4675//1351
f 4676//1352 4675//1351 4677//1352
f 4678//1053 4677//1352 4679//1053
f 4680//1055 4679//1053 4681//248
f 4682//247 4681//248 4683//247
f 4684//879 4683//247 4685//879
f 4686//244 4685//879 4687//244
f 4688//241 4687//244 4689//241
f 4690//14 4689//241 4663//14
f 4662//1062 4690//14 4663//14
f 4690//14 4688//241 4689//241
f 4688//241 4686//244 4687//244
f 4686//244 4684//879 4685//879
f 4684//879 4682//247 4683//247
f 4682//247 4680//1055 4681//248
f 4680//1055 4678//1053 4679//1053
f 4678//1053 4676//1352 4677//1352
f 4676//1352 4674//1351 4675//1351
f 4674//1351 4672//1350 4673//1350
f 4672//1350 4670//234 4671//610
f 4670//234 4668//967 4669//967
f 4668//967 4666//1349 4667//1349
f 4691//7 4692//7 4693//7 4694//7
f 4695//13 4691//13 4694//13 4696//13
f 4697//20 4695//20 4696//20 4698//20
f 4692//14 4697//14 4698//14 4693//14
f 4669//24 4695//24 4697//24
f 4667//24 4695//24 4669//24
f 4671//24 4669//24 4697//24
f 4665//24 4695//24 4667//24
f 4673//24 4671//24 4697//24
f 4661//24 4695//24 4665//24
f 4675//24 4673//24 4697//24
f 4663//24 4695//24 4661//24
f 4677//24 4675//24 4697//24
f 4689//24 4695//24 4663//24
f 4692//24 4685//24 4683//24
f 4692//24 4683//24 4681//24
f 4692//24 4681//24 4679//24
f 4692//24 4679//24 4677//24
f 4692//24 4677//24 4697//24
f 4691//24 4685//24 4692//24
f 4691//24 4687//24 4685//24
f 4691//24 4689//24 4687//24
f 4691//24 4695//24 4689//24
f 4676//6 4693//6 4698//6
f 4674//6 4676//6 4698//6
f 4678//6 4693//6 4676//6
f 4672//6 4674//6 4698//6
f 4680//6 4693//6 4678//6
f 4670//6 4672//6 4698//6
f 4682//6 4693//6 4680//6
f 4668//6 4670//6 4698//6
f 4684//6 4693//6 4682//6
f 4666//6 4668//6 4698//6
f 4694//6 4690//6 4662//6
f 4694//6 4688//6 4690//6
f 4694//6 4686//6 4688//6
f 4694//6 4684//6 4686//6
f 4694//6 4693//6 4684//6
f 4696//6 4694//6 4662//6
f 4696//6 4662//6 4664//6
f 4696//6 4664//6 4666//6
f 4696//6 4666//6 4698//6
f 4699//1353 4700//1353 4701//14
f 4699//1353 4702//199 4700//1353
f 4699//1353 4703//199 4702//199
f 4702//199 4703//199 4704//197
f 4704//197 4703//199 4705//197
f 4706//967 4705//197 4707//967
f 4708//234 4707//967 4709//610
f 4710//1350 4709//610 4711//1350
f 4712//1351 4711//1350 4713//1351
f 4714//1352 4713//1351 4715//1352
f 4716//1053 4715//1352 4717//1053
f 4718//1055 4717//1053 4719//248
f 4720//247 4719//248 4721//247
f 4722//879 4721//247 4723//879
f 4724//244 4723//879 4725//244
f 4726//241 4725//244 4727//241
f 4728//14 4727//241 4701//14
f 4700//1353 4728//14 4701//14
f 4728//14 4726//241 4727//241
f 4726//241 4724//244 4725//244
f 4724//244 4722//879 4723//879
f 4722//879 4720//247 4721//247
f 4720//247 4718//1055 4719//248
f 4718//1055 4716//1053 4717//1053
f 4716//1053 4714//1352 4715//1352
f 4714//1352 4712//1351 4713//1351
f 4712//1351 4710//1350 4711//1350
f 4710//1350 4708//234 4709//610
f 4708//234 4706//967 4707//967
f 4706//967 4704//197 4705//197
f 4729//13 4730//13 4731//13 4732//13
f 4733//20 4729//20 4732//20 4734//20
f 4735//14 4733//14 4734//14 4736//14
f 4730//7 4735//7 4736//7 4731//7
f 4707//24 4729//24 4733//24
f 4705//24 4729//24 4707//24
f 4709//24 4707//24 4733//24
f 4703//24 4729//24 4705//24
f 4711//24 4709//24 4733//24
f 4699//24 4729//24 4703//24
f 4713//24 4711//24 4733//24
f 4701//24 4729//24 4699//24
f 4715//24 4713//24 4733//24
f 4727//24 4729//24 4701//24
f 4730//24 4721//24 4719//24
f 4730//24 4723//24 4721//24
f 4730//24 4725//24 4723//24
f 4730//24 4727//24 4725//24
f 4730//24 4729//24 4727//24
f 4735//24 4730//24 4719//24
f 4735//24 4719//24 4717//24
f 4735//24 4717//24 4715//24
f 4735//24 4715//24 4733//24
f 4714//6 4736//6 4734//6
f 4712//6 4714//6 4734//6
f 4716//6 4736//6 4714//6
f 4710//6 4712//6 4734//6
f 4718//6 4736//6 4716//6
f 4708//6 4710//6 4734//6
f 4720//6 4736//6 4718//6
f 4706//6 4708//6 4734//6
f 4704//6 4706//6 4734//6
f 4722//6 4736//6 4720//6
f 4731//6 4728//6 4700//6
f 4731//6 4726//6 4728//6
f 4731//6 4724//6 4726//6
f 4731//6 4722//6 4724//6
f 4731//6 4736//6 4722//6
f 4732//6 4731//6 4700//6
f 4732//6 4700//6 4702//6
f 4732//6 4702//6 4704//6
f 4732//6 4704//6 4734//6
f 4737//1353 4738//1353 4739//14
f 4737//1353 4740//1064 4738//1353
f 4737//1353 4741//1064 4740//1064
f 4740//1064 4741//1064 4742//197
f 4742//197 4741//1064 4743//1354
f 4744//1355 4743//1354 4745//1360
f 4746//192 4745//1360 4747//192
f 4748//1047 4747//192 4749//1047
f 4750//1356 4749//1047 4751//1356
f 4752//1352 4751//1356 4753//1352
f 4754//1053 4753//1352 4755//1053
f 4756//600 4755//1053 4757//248
f 4758//246 4757//248 4759//745
f 4760//878 4759//745 4761//878
f 4762//243 4761//878 4763//243
f 4764//1359 4763//243 4765//1359
f 4766//14 4765//1359 4739//14
f 4738//1353 4766//14 4739//14
f 4766//14 4764//1359 4765//1359
f 4764//1359 4762//243 4763//243
f 4762//243 4760//878 4761//878
f 4760//878 4758//246 4759//745
f 4758//246 4756//600 4757//248
f 4756//600 4754//1053 4755//1053
f 4754//1053 4752//1352 4753//1352
f 4752//1352 4750//1356 4751//1356
f 4750//1356 4748//1047 4749//1047
f 4748//1047 4746//192 4747//192
f 4746//192 4744//1355 4745//1360
f 4744//1355 4742//197 4743//1354
f 4767//13 4768//13 4769//13 4770//13
f 4771//20 4767//20 4770//20 4772//20
f 4773//14 4771//14 4772//14 4774//14
f 4768//7 4773//7 4774//7 4769//7
f 4745//24 4767//24 4771//24
f 4743//24 4767//24 4745//24
f 4747//24 4745//24 4771//24
f 4741//24 4767//24 4743//24
f 4749//24 4747//24 4771//24
f 4737//24 4767//24 4741//24
f 4751//24 4749//24 4771//24
f 4739//24 4767//24 4737//24
f 4753//24 4751//24 4771//24
f 4765//24 4767//24 4739//24
f 4768//24 4759//24 4757//24
f 4768//24 4761//24 4759//24
f 4768//24 4763//24 4761//24
f 4768//24 4765//24 4763//24
f 4768//24 4767//24 4765//24
f 4773//24 4768//24 4757//24
f 4773//24 4757//24 4755//24
f 4773//24 4755//24 4753//24
f 4773//24 4753//24 4771//24
f 4752//6 4774//6 4772//6
f 4750//6 4752//6 4772//6
f 4754//6 4774//6 4752//6
f 4748//6 4750//6 4772//6
f 4756//6 4774//6 4754//6
f 4746//6 4748//6 4772//6
f 4758//6 4774//6 4756//6
f 4744//6 4746//6 4772//6
f 4742//6 4744//6 4772//6
f 4760//6 4774//6 4758//6
f 4769//6 4766//6 4738//6
f 4769//6 4764//6 4766//6
f 4769//6 4762//6 4764//6
f 4769//6 4760//6 4762//6
f 4769//6 4774//6 4760//6
f 4770//6 4769//6 4738//6
f 4770//6 4738//6 4740//6
f 4770//6 4740//6 4742//6
f 4770//6 4742//6 4772//6
f 4775//1353 4776//1353 4777//14
f 4775//1353 4778//1064 4776//1353
f 4775//1353 4779//1064 4778//1064
f 4778//1064 4779//1064 4780//1354
f 4780//1354 4779//1064 4781//1354
f 4782//1355 4781//1354 4783//1360
f 4784//192 4783//1360 4785//192
f 4786//1047 4785//192 4787//1047
f 4788//1356 4787//1047 4789//1356
f 4790//1352 4789//1356 4791//1352
f 4792//1053 4791//1352 4793//1053
f 4794//600 4793//1053 4795//600
f 4796//745 4795//600 4797//246
f 4798//878 4797//246 4799//878
f 4800//1358 4799//878 4801//1358
f 4802//1359 4801//1358 4803//1359
f 4804//14 4803//1359 4777//14
f 4776//1353 4804//14 4777//14
f 4804//14 4802//1359 4803//1359
f 4802//1359 4800//1358 4801//1358
f 4800//1358 4798//878 4799//878
f 4798//878 4796//745 4797//246
f 4796//745 4794//600 4795//600
f 4794//600 4792//1053 4793//1053
f 4792//1053 4790//1352 4791//1352
f 4790//1352 4788//1356 4789//1356
f 4788//1356 4786//1047 4787//1047
f 4786//1047 4784//192 4785//192
f 4784//192 4782//1355 4783//1360
f 4782//1355 4780//1354 4781//1354
f 4805//13 4806//13 4807//13 4808//13
f 4809//20 4805//20 4808//20 4810//20
f 4811//14 4809//14 4810//14 4812//14
f 4806//7 4811//7 4812//7 4807//7
f 4783//24 4805//24 4809//24
f 4781//24 4805//24 4783//24
f 4785//24 4783//24 4809//24
f 4779//24 4805//24 4781//24
f 4787//24 4785//24 4809//24
f 4775//24 4805//24 4779//24
f 4789//24 4787//24 4809//24
f 4777//24 4805//24 4775//24
f 4791//24 4789//24 4809//24
f 4803//24 4805//24 4777//24
f 4806//24 4797//24 4795//24
f 4806//24 4799//24 4797//24
f 4806//24 4801//24 4799//24
f 4806//24 4803//24 4801//24
f 4806//24 4805//24 4803//24
f 4811//24 4806//24 4795//24
f 4811//24 4795//24 4793//24
f 4811//24 4793//24 4791//24
f 4811//24 4791//24 4809//24
f 4790//6 4812//6 4810//6
f 4788//6 4790//6 4810//6
f 4792//6 4812//6 4790//6
f 4786//6 4788//6 4810//6
f 4794//6 4812//6 4792//6
f 4784//6 4786//6 4810//6
f 4796//6 4812//6 4794//6
f 4782//6 4784//6 4810//6
f 4780//6 4782//6 4810//6
f 4798//6 4812//6 4796//6
f 4807//6 4804//6 4776//6
f 4807//6 4802//6 4804//6
f 4807//6 4800//6 4802//6
f 4807//6 4798//6 4800//6
f 4807//6 4812//6 4798//6
f 4808//6 4807//6 4776//6
f 4808//6 4776//6 4778//6
f 4808//6 4778//6 4780//6
f 4808//6 4780//6 4810//6
f 4813//1353 4814//1353 4815//14
f 4813//1353 4816//1064 4814//1353
f 4813//1353 4817//1064 4816//1064
f 4816//1064 4817//1064 4818//1354
f 4818//1354 4817//1064 4819//1354
f 4820//1355 4819//1354 4821//1355
f 4822//192 4821//1355 4823//192
f 4824//1047 4823//192 4825//1047
f 4826//1356 4825//1047 4827//1356
f 4828//1352 4827//1356 4829//1352
f 4830//1053 4829//1352 4831//1053
f 4832//248 4831//1053 4833//248
f 4834//246 4833//248 4835//246
f 4836//878 4835//246 4837//878
f 4838//1358 4837//878 4839//243
f 4840//1359 4839//243 4841//1359
f 4842//14 4841//1359 4815//14
f 4814//1353 4842//14 4815//14
f 4842//14 4840//1359 4841//1359
f 4840//1359 4838//1358 4839//243
f 4838//1358 4836//878 4837//878
f 4836//878 4834//246 4835//246
f 4834//246 4832//248 4833//248
f 4832//248 4830//1053 4831//1053
f 4830//1053 4828//1352 4829//1352
f 4828//1352 4826//1356 4827//1356
f 4826//1356 4824//1047 4825//1047
f 4824//1047 4822//192 4823//192
f 4822//192 4820//1355 4821//1355
f 4820//1355 4818//1354 4819//1354
f 4843//13 4844//13 4845//13 4846//13
f 4847//20 4843//20 4846//20 4848//20
f 4849//14 4847//14 4848//14 4850//14
f 4844//7 4849//7 4850//7 4845//7
f 4821//24 4843//24 4847//24
f 4819//24 4843//24 4821//24
f 4823//24 4821//24 4847//24
f 4817//24 4843//24 4819//24
f 4825//24 4823//24 4847//24
f 4813//24 4843//24 4817//24
f 4827//24 4825//24 4847//24
f 4815//24 4843//24 4813//24
f 4829//24 4827//24 4847//24
f 4841//24 4843//24 4815//24
f 4844//24 4835//24 4833//24
f 4844//24 4837//24 4835//24
f 4844//24 4839//24 4837//24
f 4844//24 4841//24 4839//24
f 4844//24 4843//24 4841//24
f 4849//24 4844//24 4833//24
f 4849//24 4833//24 4831//24
f 4849//24 4831//24 4829//24
f 4849//24 4829//24 4847//24
f 4828//6 4850//6 4848//6
f 4826//6 4828//6 4848//6
f 4830//6 4850//6 4828//6
f 4824//6 4826//6 4848//6
f 4832//6 4850//6 4830//6
f 4822//6 4824//6 4848//6
f 4834//6 4850//6 4832//6
f 4820//6 4822//6 4848//6
f 4818//6 4820//6 4848//6
f 4836//6 4850//6 4834//6
f 4845//6 4842//6 4814//6
f 4845//6 4840//6 4842//6
f 4845//6 4838//6 4840//6
f 4845//6 4836//6 4838//6
f 4845//6 4850//6 4836//6
f 4846//6 4845//6 4814//6
f 4846//6 4814//6 4816//6
f 4846//6 4816//6 4818//6
f 4846//6 4818//6 4848//6
f 4126//6 4296//6 4294//6
f 4124//6 4126//6 4294//6
f 4128//6 4296//6 4126//6
f 4122//6 4124//6 4294//6
f 4130//6 4296//6 4128//6
f 4120//6 4122//6 4294//6
f 4132//6 4296//6 4130//6
f 4118//6 4120//6 4294//6
f 4116//6 4118//6 4294//6
f 4134//6 4296//6 4132//6
f 4291//6 4140//6 4112//6
f 4291//6 4138//6 4140//6
f 4291//6 4136//6 4138//6
f 4291//6 4134//6 4136//6
f 4291//6 4296//6 4134//6
f 4292//6 4291//6 4112//6
f 4292//6 4112//6 4114//6
f 4292//6 4114//6 4116//6
f 4292//6 4116//6 4294//6
usemtl TSS_USBC_B_SuiteModelMtl08
f 4851//7 4852//7 4853//7 4854//7
f 4855//6 4856//6 4857//6 4858//6
f 4854//7 4853//7 4859//1371
f 4859//1371 4853//7 4860//1371
f 4861//126 4860//1371 4862//126
f 4863//1372 4862//126 4864//1372
f 4855//6 4864//1372 4856//6
f 4855//6 4863//1372 4864//1372
f 4863//1372 4861//126 4862//126
f 4861//126 4859//1371 4860//1371
f 4865//7 4858//7 4857//7 4866//7
f 4867//7 4868//7 4869//1373
f 4869//1373 4868//7 4870//1374
f 4871//1375 4870//1374 4872//1376
f 4873//1377 4872//1376 4874//1378
f 4875//1379 4874//1378 4876//1379
f 4875//1379 4873//1377 4874//1378
f 4873//1377 4871//1375 4872//1376
f 4871//1375 4869//1373 4870//1374
f 4877//20 4878//20 4879//20 4880//20
f 4881//20 4882//20 4883//20 4884//20
f 4885//20 4886//20 4887//20 4888//20
f 4889//20 4890//20 4891//20 4892//20
f 4893//20 4894//20 4895//20 4896//20
f 4897//20 4898//20 4899//20 4900//20
f 4901//7 4902//7 4903//1373
f 4903//1373 4902//7 4904//1374
f 4905//1375 4904//1374 4906//1376
f 4907//1377 4906//1376 4908//1378
f 4909//1379 4908//1378 4910//1379
f 4909//1379 4907//1377 4908//1378
f 4907//1377 4905//1375 4906//1376
f 4905//1375 4903//1373 4904//1374
f 4852//7 4851//7 4911//1373
f 4911//1373 4851//7 4912//1374
f 4913//1375 4912//1374 4914//1376
f 4915//1377 4914//1376 4916//1378
f 4917//1379 4916//1378 4918//1379
f 4917//1379 4915//1377 4916//1378
f 4915//1377 4913//1375 4914//1376
f 4913//1375 4911//1373 4912//1374
f 4919//24 4920//24 4883//24 4882//24
f 4921//6 4922//6 4897//6 4900//6
f 4923//24 4924//24 4895//24 4894//24
f 4925//24 4926//24 4879//24 4878//24
f 4927//14 4923//14 4894//14 4893//14
f 4928//6 4929//6 4877//6 4880//6
f 4920//13 4930//13 4884//13 4883//13
f 4931//13 4932//13 4888//13 4887//13
f 4933//6 4934//6 4889//6 4892//6
f 4935//24 4936//24 4891//24 4890//24
f 4926//13 4928//13 4880//13 4879//13
f 4924//13 4937//13 4896//13 4895//13
f 4938//24 4931//24 4887//24 4886//24
f 4936//13 4933//13 4892//13 4891//13
f 4939//14 4919//14 4882//14 4881//14
f 4940//13 4921//13 4900//13 4899//13
f 4941//14 4938//14 4886//14 4885//14
f 4929//14 4925//14 4878//14 4877//14
f 4930//6 4939//6 4881//6 4884//6
f 4942//7 4943//7 4944//1373
f 4944//1373 4943//7 4945//1374
f 4946//1375 4945//1374 4947//1376
f 4948//1377 4947//1376 4949//1378
f 4950//1379 4949//1378 4951//1379
f 4950//1379 4948//1377 4949//1378
f 4948//1377 4946//1375 4947//1376
f 4946//1375 4944//1373 4945//1374
f 4932//6 4941//6 4885//6 4888//6
f 4934//14 4935//14 4890//14 4889//14
f 4952//24 4940//24 4899//24 4898//24
f 4937//6 4927//6 4893//6 4896//6
f 4922//14 4952//14 4898//14 4897//14
f 4953//14 4954//14 4876//14
f 4955//14 4953//14 4876//14
f 4874//14 4955//14 4876//14
f 4872//14 4955//14 4874//14
f 4956//14 4955//14 4872//14
f 4870//14 4956//14 4872//14
f 4868//14 4956//14 4870//14
f 4957//14 4956//14 4868//14
f 4958//14 4956//14 4957//14
f 4959//14 4956//14 4958//14
f 4960//14 4956//14 4959//14
f 4961//14 4956//14 4960//14
f 4962//14 4961//14 4960//14
f 4963//14 4961//14 4962//14
f 4964//14 4961//14 4963//14
f 4965//7 4966//7 4967//1373
f 4967//1373 4966//7 4968//1374
f 4969//1375 4968//1374 4970//1376
f 4971//1377 4970//1376 4972//1378
f 4973//1379 4972//1378 4974//1379
f 4973//1379 4971//1377 4972//1378
f 4971//1377 4969//1375 4970//1376
f 4969//1375 4967//1373 4968//1374
f 4871//13 4873//13 4875//13
f 4869//13 4871//13 4875//13
f 4867//13 4869//13 4875//13
f 4975//13 4867//13 4875//13
f 4976//13 4867//13 4975//13
f 4977//13 4976//13 4975//13
f 4978//13 4977//13 4975//13
f 4979//13 4978//13 4975//13
f 4980//13 4979//13 4975//13
f 4981//13 4982//13 4980//13
f 4981//13 4980//13 4975//13
f 4983//13 4982//13 4981//13
f 4984//13 4982//13 4983//13
f 4985//13 4982//13 4984//13
f 4986//13 4982//13 4985//13
f 4987//14 4988//14 4918//14
f 4989//14 4987//14 4918//14
f 4916//14 4989//14 4918//14
f 4914//14 4989//14 4916//14
f 4990//14 4989//14 4914//14
f 4912//14 4990//14 4914//14
f 4851//14 4990//14 4912//14
f 4854//14 4990//14 4851//14
f 4859//14 4990//14 4854//14
f 4861//14 4990//14 4859//14
f 4863//14 4990//14 4861//14
f 4991//14 4990//14 4863//14
f 4855//14 4991//14 4863//14
f 4858//14 4991//14 4855//14
f 4865//14 4991//14 4858//14
f 4992//14 4993//14 4910//14
f 4994//14 4992//14 4910//14
f 4908//14 4994//14 4910//14
f 4906//14 4994//14 4908//14
f 4995//14 4994//14 4906//14
f 4904//14 4995//14 4906//14
f 4902//14 4995//14 4904//14
f 4996//14 4995//14 4902//14
f 4997//14 4995//14 4996//14
f 4998//14 4995//14 4997//14
f 4999//14 4995//14 4998//14
f 5000//14 4995//14 4999//14
f 5001//14 5000//14 4999//14
f 5002//14 5000//14 5001//14
f 5003//14 5000//14 5002//14
f 4969//13 4971//13 4973//13
f 4967//13 4969//13 4973//13
f 4965//13 4967//13 4973//13
f 5004//13 4965//13 4973//13
f 5005//13 4965//13 5004//13
f 5006//13 5005//13 5004//13
f 5007//13 5006//13 5004//13
f 5008//13 5007//13 5004//13
f 5009//13 5008//13 5004//13
f 5010//13 5011//13 5009//13
f 5010//13 5009//13 5004//13
f 5012//13 5011//13 5010//13
f 5013//13 5011//13 5012//13
f 5014//13 5011//13 5013//13
f 5015//13 5011//13 5014//13
f 5016//14 5017//14 4951//14
f 5018//14 5016//14 4951//14
f 4949//14 5018//14 4951//14
f 4947//14 5018//14 4949//14
f 5019//14 5018//14 4947//14
f 4945//14 5019//14 4947//14
f 4943//14 5019//14 4945//14
f 5020//14 5019//14 4943//14
f 5021//14 5019//14 5020//14
f 5022//14 5019//14 5021//14
f 5023//14 5019//14 5022//14
f 5024//14 5019//14 5023//14
f 5025//14 5024//14 5023//14
f 5026//14 5024//14 5025//14
f 5027//14 5024//14 5026//14
f 4905//13 4907//13 4909//13
f 4903//13 4905//13 4909//13
f 4901//13 4903//13 4909//13
f 5028//13 4901//13 4909//13
f 5029//13 4901//13 5028//13
f 5030//13 5029//13 5028//13
f 5031//13 5030//13 5028//13
f 5032//13 5031//13 5028//13
f 5033//13 5032//13 5028//13
f 5034//13 5035//13 5033//13
f 5034//13 5033//13 5028//13
f 5036//13 5035//13 5034//13
f 5037//13 5035//13 5036//13
f 5038//13 5035//13 5037//13
f 5039//13 5035//13 5038//13
f 4946//13 4948//13 4950//13
f 4944//13 4946//13 4950//13
f 4942//13 4944//13 4950//13
f 5040//13 4942//13 4950//13
f 5041//13 4942//13 5040//13
f 5042//13 5041//13 5040//13
f 5043//13 5042//13 5040//13
f 5044//13 5043//13 5040//13
f 5045//13 5044//13 5040//13
f 5046//13 5047//13 5045//13
f 5046//13 5045//13 5040//13
f 5048//13 5047//13 5046//13
f 5049//13 5047//13 5048//13
f 5050//13 5047//13 5049//13
f 5051//13 5047//13 5050//13
f 5052//14 5053//14 4974//14
f 5054//14 5052//14 4974//14
f 4972//14 5054//14 4974//14
f 4970//14 5054//14 4972//14
f 5055//14 5054//14 4970//14
f 4968//14 5055//14 4970//14
f 4966//14 5055//14 4968//14
f 5056//14 5055//14 4966//14
f 5057//14 5055//14 5056//14
f 5058//14 5055//14 5057//14
f 5059//14 5055//14 5058//14
f 5060//14 5055//14 5059//14
f 5061//14 5060//14 5059//14
f 5062//14 5060//14 5061//14
f 5063//14 5060//14 5062//14
f 4913//13 4915//13 4917//13
f 4911//13 4913//13 4917//13
f 4852//13 4911//13 4917//13
f 5064//13 4852//13 4917//13
f 4853//13 4852//13 5064//13
f 4860//13 4853//13 5064//13
f 4862//13 4860//13 5064//13
f 4864//13 4862//13 5064//13
f 4856//13 4864//13 5064//13
f 5065//13 4857//13 4856//13
f 5065//13 4856//13 5064//13
f 5066//13 4857//13 5065//13
f 5067//13 4857//13 5066//13
f 5068//13 4857//13 5067//13
f 4866//13 4857//13 5068//13
f 5069//6 5070//6 5071//6 5072//6
f 5073//7 5072//7 5071//7 5074//7
f 5075//14 5076//14 5077//14
f 5078//14 5075//14 5077//14
f 5079//14 5078//14 5077//14
f 5080//14 5078//14 5079//14
f 5081//14 5078//14 5080//14
f 5082//14 5081//14 5080//14
f 5083//14 5081//14 5082//14
f 5084//14 5081//14 5083//14
f 5085//14 5081//14 5084//14
f 5086//14 5081//14 5085//14
f 5087//14 5081//14 5086//14
f 5088//14 5081//14 5087//14
f 5069//14 5088//14 5087//14
f 5072//14 5088//14 5069//14
f 5073//14 5088//14 5072//14
f 5089//7 5083//7 5090//1373
f 5090//1373 5083//7 5082//1374
f 5091//1375 5082//1374 5080//1376
f 5092//1377 5080//1376 5079//1378
f 5093//1379 5079//1378 5077//1379
f 5093//1379 5092//1377 5079//1378
f 5092//1377 5091//1375 5080//1376
f 5091//1375 5090//1373 5082//1374
f 5084//7 5094//7 5085//1371
f 5085//1371 5094//7 5095//1371
f 5086//126 5095//1371 5096//126
f 5087//1372 5096//126 5097//1372
f 5069//6 5097//1372 5070//6
f 5069//6 5087//1372 5097//1372
f 5087//1372 5086//126 5096//126
f 5086//126 5085//1371 5095//1371
f 5091//13 5092//13 5093//13
f 5090//13 5091//13 5093//13
f 5089//13 5090//13 5093//13
f 5098//13 5089//13 5093//13
f 5094//13 5089//13 5098//13
f 5095//13 5094//13 5098//13
f 5096//13 5095//13 5098//13
f 5097//13 5096//13 5098//13
f 5070//13 5097//13 5098//13
f 5099//13 5071//13 5070//13
f 5099//13 5070//13 5098//13
f 5100//13 5071//13 5099//13
f 5101//13 5071//13 5100//13
f 5102//13 5071//13 5101//13
f 5074//13 5071//13 5102//13
f 5083//7 5089//7 5094//7 5084//7
f 4966//7 4965//7 5005//7 5056//7
f 5061//6 5009//6 5011//6 5062//6
f 5056//7 5005//7 5057//1371
f 5057//1371 5005//7 5006//1371
f 5058//126 5006//1371 5007//126
f 5059//1372 5007//126 5008//1372
f 5061//6 5008//1372 5009//6
f 5061//6 5059//1372 5008//1372
f 5059//1372 5058//126 5007//126
f 5058//126 5057//1371 5006//1371
f 5063//7 5062//7 5011//7 5015//7
f 4943//7 4942//7 5041//7 5020//7
f 5020//7 5041//7 5021//1371
f 5021//1371 5041//7 5042//1371
f 5022//126 5042//1371 5043//126
f 5023//1372 5043//126 5044//1372
f 5025//6 5044//1372 5045//6
f 5025//6 5023//1372 5044//1372
f 5023//1372 5022//126 5043//126
f 5022//126 5021//1371 5042//1371
f 5025//6 5045//6 5047//6 5026//6
f 5027//7 5026//7 5047//7 5051//7
f 4902//7 4901//7 5029//7 4996//7
f 5001//6 5033//6 5035//6 5002//6
f 4996//7 5029//7 4997//1371
f 4997//1371 5029//7 5030//1371
f 4998//126 5030//1371 5031//126
f 4999//1372 5031//126 5032//1372
f 5001//6 5032//1372 5033//6
f 5001//6 4999//1372 5032//1372
f 4999//1372 4998//126 5031//126
f 4998//126 4997//1371 5030//1371
f 5003//7 5002//7 5035//7 5039//7
f 4868//7 4867//7 4976//7 4957//7
f 5103//20 5104//20 5105//20 5106//20
f 5104//14 5107//14 5108//14 5105//14
f 5107//7 5109//7 5110//7 5108//7
f 5109//13 5103//13 5106//13 5110//13
f 5104//6 5103//6 5109//6 5107//6
f 5110//24 5106//24 5105//24 5108//24
f 4957//7 4976//7 4958//1371
f 4958//1371 4976//7 4977//1371
f 4959//126 4977//1371 4978//126
f 4960//1372 4978//126 4979//1372
f 4962//6 4979//1372 4980//6
f 4962//6 4960//1372 4979//1372
f 4960//1372 4959//126 4978//126
f 4959//126 4958//1371 4977//1371
f 4962//6 4980//6 4982//6 4963//6
f 4964//7 4963//7 4982//7 4986//7
usemtl TSS_USBC_B_SuiteModelMtl09
f 5111//24 5112//24 5113//24 5114//24
f 5115//6 5116//6 5117//6 5118//6
f 5113//13 5112//13 5118//13 5117//13
f 5114//20 5113//20 5117//20 5116//20
f 5112//7 5111//7 5115//7 5118//7
f 5111//14 5114//14 5116//14 5115//14
usemtl TSS_USBC_B_SuiteModelMtl10
f 5119//14 5120//14 5121//14 5122//14
f 5123//20 5119//20 5122//20 5124//20
f 5120//6 5119//6 5123//6 5125//6
f 5125//13 5123//13 5124//13 5126//13
f 5120//7 5125//7 5126//7 5121//7
f 5127//24 5128//24 5129//24 5130//24
f 5131//6 5132//6 5133//6 5134//6
f 5133//20 5132//20 5128//20 5127//20
f 5134//13 5133//13 5127//13 5130//13
f 5131//7 5134//7 5130//7 5129//7
f 5132//14 5131//14 5129//14 5128//14
f 5124//24 5122//24 5121//24 5126//24
usemtl TSS_USBC_B_SuiteModelMtl11
f 5135//20 5136//20 5137//20 5138//20
f 5139//13 5135//13 5138//13 5140//13
f 5141//7 5139//7 5140//7 5142//7
f 5136//14 5141//14 5142//14 5137//14
f 5141//6 5136//6 5135//6 5139//6
f 5138//24 5137//24 5142//24 5140//24
usemtl TSS_USBC_B_SuiteModelMtl12
f 5143//14 5144//14 5145//14 5146//14
f 5147//20 5143//20 5146//20 5148//20
f 5149//24 5150//24 5151//24 5152//24
f 5153//6 5154//6 5155//6 5156//6
f 5155//13 5154//13 5150//13 5149//13
f 5156//7 5155//7 5149//7 5152//7
f 5153//14 5156//14 5152//14 5151//14
f 5157//14 5158//14 5159//14 5160//14
f 5161//24 5162//24 5163//24 5164//24
f 5165//6 5166//6 5167//6 5168//6
f 5154//20 5153//20 5151//20 5150//20
f 5167//20 5166//20 5162//20 5161//20
f 5169//24 5170//24 5171//24 5172//24
f 5173//6 5174//6 5175//6 5176//6
f 5175//13 5174//13 5170//13 5169//13
f 5176//7 5175//7 5169//7 5172//7
f 5173//14 5176//14 5172//14 5171//14
f 5174//20 5173//20 5171//20 5170//20
f 5168//13 5167//13 5161//13 5164//13
f 5177//24 5178//24 5179//24 5180//24
f 5165//7 5168//7 5164//7 5163//7
f 5181//6 5182//6 5183//6 5184//6
f 5183//20 5182//20 5178//20 5177//20
f 5184//13 5183//13 5177//13 5180//13
f 5181//7 5184//7 5180//7 5179//7
f 5182//14 5181//14 5179//14 5178//14
f 5185//24 5186//24 5187//24 5188//24
f 5189//6 5190//6 5191//6 5192//6
f 5191//20 5190//20 5186//20 5185//20
f 5192//13 5191//13 5185//13 5188//13
f 5189//7 5192//7 5188//7 5187//7
f 5190//14 5189//14 5187//14 5186//14
f 5193//24 5194//24 5195//24 5196//24
f 5166//14 5165//14 5163//14 5162//14
f 5197//24 5198//24 5199//24 5200//24
f 5201//6 5202//6 5203//6 5204//6
f 5205//6 5206//6 5207//6 5208//6
f 5207//14 5206//14 5198//14 5197//14
f 5208//20 5207//20 5197//20 5200//20
f 5205//13 5208//13 5200//13 5199//13
f 5203//20 5202//20 5194//20 5193//20
f 5206//7 5205//7 5199//7 5198//7
f 5204//13 5203//13 5193//13 5196//13
f 5201//7 5204//7 5196//7 5195//7
f 5202//14 5201//14 5195//14 5194//14
f 5209//13 5210//13 5211//13 5212//13
f 5213//6 5210//6 5209//6 5214//6
f 5215//24 5216//24 5217//24 5218//24
f 5219//6 5220//6 5221//6 5222//6
f 5212//24 5211//24 5223//24 5224//24
f 5221//20 5220//20 5216//20 5215//20
f 5225//1380 5226//1043 5227//1043
f 5228//1380 5225//1380 5227//1043
f 5228//1380 5229//1381 5225//1380
f 5225//1380 5229//1381 5230//1381
f 5230//1381 5229//1381 5231//1382
f 5232//1046 5231//1382 5233//1048
f 5234//1048 5233//1048 5235//1383
f 5236//1383 5235//1383 5237//1384
f 5238//1384 5237//1384 5239//1385
f 5240//1385 5239//1385 5241//20
f 5242//20 5241//20 5243//1386
f 5244//1386 5243//1386 5245//1387
f 5246//1387 5245//1387 5247//1388
f 5248//1389 5247//1388 5249//1390
f 5250//1390 5249//1390 5251//1391
f 5252//1391 5251//1391 5253//1063
f 5254//1392 5253//1063 5227//1043
f 5226//1043 5254//1392 5227//1043
f 5242//20 5240//1385 5241//20
f 5240//1385 5238//1384 5239//1385
f 5238//1384 5236//1383 5237//1384
f 5236//1383 5234//1048 5235//1383
f 5234//1048 5232//1046 5233//1048
f 5232//1046 5230//1381 5231//1382
f 5254//1392 5252//1391 5253//1063
f 5252//1391 5250//1390 5251//1391
f 5250//1390 5248//1389 5249//1390
f 5248//1389 5246//1387 5247//1388
f 5246//1387 5244//1386 5245//1387
f 5244//1386 5242//20 5243//1386
f 5255//1393 5256//1394 5257//1394
f 5258//1394 5256//1394 5255//1393
f 5259//1393 5255//1393 5257//1394
f 5260//1393 5261//1394 5259//1393
f 5260//1393 5259//1393 5257//1394
f 5262//1394 5261//1394 5260//1393
f 5263//1395 5260//1393 5257//1394
f 5264//1394 5263//1395 5257//1394
f 5264//1394 5265//1394 5263//1395
f 5266//1393 5264//1394 5257//1394
f 5267//1396 5266//1393 5257//1394
f 5268//1393 5267//1396 5257//1394
f 5268//1393 5269//1394 5267//1396
f 5270//1393 5268//1393 5257//1394
f 5271//1397 5270//1393 5257//1394
f 5272//1393 5273//1393 5271//1397
f 5272//1393 5271//1397 5257//1394
f 5274//1394 5273//1393 5272//1393
f 5275//1398 5276//1398 5277//1399
f 5278//1398 5275//1398 5277//1399
f 5279//1398 5278//1398 5277//1399
f 5280//1398 5276//1398 5275//1398
f 5281//1398 5276//1398 5280//1398
f 5282//1398 5279//1398 5277//1399
f 5283//1399 5276//1398 5281//1398
f 5284//1399 5282//1398 5277//1399
f 5285//1399 5282//1398 5284//1399
f 5286//1399 5283//1399 5281//1398
f 5287//1399 5280//1398 5275//1398
f 5288//1399 5278//1398 5279//1398
f 5289//1399 5278//1398 5288//1399
f 5290//1399 5287//1399 5275//1398
f 5291//1399 5292//1399 5293//1399
f 5294//1399 5291//1399 5293//1399
f 5295//24 5296//24 5297//24
f 5298//24 5295//24 5297//24
f 5299//24 5295//24 5298//24
f 5300//24 5299//24 5298//24
f 5301//24 5299//24 5300//24
f 5302//24 5301//24 5300//24
f 5256//24 5301//24 5302//24
f 5284//24 5301//24 5256//24
f 5285//24 5284//24 5256//24
f 5303//24 5285//24 5256//24
f 5304//24 5303//24 5256//24
f 5258//24 5304//24 5256//24
f 5305//24 5303//24 5304//24
f 5306//24 5303//24 5305//24
f 5307//24 5306//24 5261//24
f 5307//24 5288//24 5306//24
f 5262//24 5307//24 5261//24
f 5308//24 5288//24 5307//24
f 5289//24 5288//24 5308//24
f 5309//24 5308//24 5307//24
f 5310//24 5308//24 5309//24
f 5311//24 5294//24 5310//24
f 5311//24 5310//24 5309//24
f 5311//24 5309//24 5265//24
f 5312//24 5294//24 5311//24
f 5291//24 5294//24 5312//24
f 5264//24 5311//24 5265//24
f 5313//24 5312//24 5311//24
f 5314//24 5313//24 5311//24
f 5315//24 5290//24 5269//24
f 5287//24 5290//24 5315//24
f 5268//24 5315//24 5269//24
f 5316//24 5317//24 5315//24
f 5318//24 5317//24 5316//24
f 5274//24 5286//24 5318//24
f 5274//24 5318//24 5273//24
f 5283//24 5286//24 5274//24
f 5319//24 5283//24 5274//24
f 5320//24 5283//24 5319//24
f 5321//24 5320//24 5319//24
f 5322//24 5320//24 5321//24
f 5323//24 5322//24 5321//24
f 5324//24 5322//24 5323//24
f 5325//24 5324//24 5323//24
f 5326//24 5325//24 5323//24
f 5297//1400 5296//1401 5327//1401 5328//1402
f 5329//20 5157//20 5160//20 5330//20
f 5234//6 5331//6 5332//6
f 5236//6 5331//6 5234//6
f 5232//6 5234//6 5332//6
f 5238//6 5331//6 5236//6
f 5230//6 5232//6 5332//6
f 5240//6 5331//6 5238//6
f 5225//6 5230//6 5332//6
f 5242//6 5331//6 5240//6
f 5226//6 5225//6 5332//6
f 5244//6 5331//6 5242//6
f 5246//6 5331//6 5244//6
f 5248//6 5331//6 5246//6
f 5333//1403 5248//6 5250//6
f 5333//1403 5250//6 5252//6
f 5333//1403 5252//6 5254//6
f 5333//1403 5254//6 5226//6
f 5333//1403 5226//6 5332//6
f 5334//1403 5248//6 5333//1403
f 5334//1403 5331//6 5248//6
f 5256//1394 5302//1404 5257//1394
f 5257//1394 5302//1404 5335//1405
f 5335//1405 5302//1404 5300//1406
f 5336//1407 5300//1406 5337//1408
f 5336//1407 5335//1405 5300//1406
f 5300//1406 5298//1409 5337//1408
f 5337//1408 5298//1409 5328//1402
f 5328//1402 5298//1409 5297//1400
f 5332//6 5331//6 5338//1410
f 5338//1410 5331//6 5339//1411
f 5340//1412 5339//1411 5341//1413
f 5342//1414 5341//1413 5343//1415
f 5257//1394 5343//1415 5272//1393
f 5257//1394 5342//1414 5343//1415
f 5342//1414 5340//1412 5341//1413
f 5340//1412 5338//1410 5339//1411
f 5144//7 5344//7 5345//7 5145//7
f 5346//1416 5332//6 5347//1417
f 5348//1418 5347//1417 5349//1419 5350//1420
f 5350//1420 5351//1421 5352//1422 5348//1418
f 5353//1423 5350//1420 5349//1419 5354//1424
f 5354//1424 5355//1425 5356//1426 5353//1423
f 5340//1412 5354//1424 5349//1419
f 5338//1410 5349//1419 5347//1417
f 5332//6 5338//1410 5347//1417
f 5338//1410 5340//1412 5349//1419
f 5354//1424 5340//1412 5355//1425
f 5355//1425 5340//1412 5342//1414
f 5357//1427 5342//1414 5257//1394
f 5335//1405 5357//1427 5257//1394
f 5335//1405 5358//1428 5357//1427
f 5335//1405 5359//1429 5358//1428
f 5335//1405 5336//1407 5359//1429
f 5359//1429 5336//1407 5360//1430
f 5361//1431 5360//1430 5337//1408
f 5362//1432 5337//1408 5328//1402
f 5363//1433 5328//1402 5364//1434
f 5365//1435 5364//1434 5366//1436
f 5367//1437 5365//1435 5366//1436
f 5367//1437 5352//1422 5365//1435
f 5367//1437 5348//1418 5352//1422
f 5367//1437 5346//1416 5348//1418
f 5348//1418 5346//1416 5347//1417
f 5336//1407 5337//1408 5360//1430
f 5328//1402 5366//1436 5364//1434
f 5365//1435 5352//1422 5351//1421 5368//1438
f 5368//1438 5363//1433 5364//1434 5365//1435
f 5369//1439 5368//1438 5351//1421 5370//1440
f 5370//1440 5371//1441 5361//1431 5369//1439
f 5353//1423 5370//1440 5351//1421 5350//1420
f 5356//1426 5371//1441 5370//1440 5353//1423
f 5358//1428 5356//1426 5355//1425 5357//1427
f 5359//1429 5371//1441 5356//1426 5358//1428
f 5360//1430 5361//1431 5371//1441 5359//1429
f 5328//1402 5363//1433 5362//1432
f 5362//1432 5363//1433 5368//1438 5369//1439
f 5362//1432 5361//1431 5337//1408
f 5362//1432 5369//1439 5361//1431
f 5357//1427 5355//1425 5342//1414
f 5372//1442 5373//1443 5374//1444
f 5375//1445 5374//1444 5376//1446
f 5377//1447 5376//1446 5378//1448
f 5379//1449 5378//1448 5380//1450 5381//1451
f 5381//1451 5382//1452 5383//1453 5379//1449
f 5384//1454 5381//1451 5380//1450 5385//1455
f 5385//1455 5386//1456 5387//1457 5384//1454
f 5388//1458 5385//1455 5380//1450 5389//1459
f 5389//1459 5373//1443 5390//1460 5388//1458
f 5376//1446 5389//1459 5380//1450 5378//1448
f 5374//1444 5373//1443 5389//1459 5376//1446
f 5375//1445 5372//1442 5374//1444
f 5372//1442 5391//1461 5373//1443
f 5373//1443 5391//1461 5390//1460
f 5390//1460 5391//1461 5392//1462
f 5393//1463 5392//1462 5343//1415
f 5341//1413 5393//1463 5343//1415
f 5341//1413 5386//1456 5393//1463
f 5341//1413 5387//1457 5386//1456
f 5341//1413 5339//1411 5387//1457
f 5387//1457 5339//1411 5394//1464
f 5395//1465 5394//1464 5396//1466
f 5397//1467 5395//1465 5396//1466
f 5397//1467 5382//1452 5395//1465
f 5397//1467 5383//1453 5382//1452
f 5397//1467 5398//1468 5383//1453
f 5383//1453 5398//1468 5399//1469
f 5400//1470 5399//1469 5401//1471
f 5377//1447 5401//1471 5375//1445
f 5376//1446 5377//1447 5375//1445
f 5391//1461 5272//1393 5392//1462
f 5392//1462 5272//1393 5343//1415
f 5339//1411 5331//6 5394//1464
f 5394//1464 5331//6 5396//1466
f 5398//1468 5401//1471 5399//1469
f 5401//1471 5377//1447 5400//1470
f 5400//1470 5377//1447 5378//1448 5379//1449
f 5399//1469 5400//1470 5379//1449 5383//1453
f 5395//1465 5382//1452 5381//1451 5384//1454
f 5394//1464 5395//1465 5384//1454 5387//1457
f 5393//1463 5388//1458 5390//1460 5392//1462
f 5386//1456 5385//1455 5388//1458 5393//1463
f 5296//1401 5295//1472 5327//1401
f 5327//1401 5295//1472 5402//1473
f 5402//1473 5295//1472 5299//1474
f 5403//1475 5299//1474 5404//1476
f 5403//1475 5402//1473 5299//1474
f 5299//1474 5301//1477 5404//1476
f 5404//1476 5301//1477 5277//1399
f 5277//1399 5301//1477 5284//1399
f 5333//1403 5332//6 5405//1478
f 5405//1478 5332//6 5346//1416
f 5406//1479 5346//1416 5367//1437
f 5407//1480 5367//1437 5366//1436
f 5327//1401 5366//1436 5328//1402
f 5327//1401 5407//1480 5366//1436
f 5407//1480 5406//1479 5367//1437
f 5406//1479 5405//1478 5346//1416
f 5408//1481 5401//1471 5409//1482
f 5409//1482 5401//1471 5398//1468
f 5410//1483 5398//1468 5397//1467
f 5411//1484 5397//1467 5396//1466
f 5334//1403 5396//1466 5331//6
f 5334//1403 5411//1484 5396//1466
f 5411//1484 5410//1483 5397//1467
f 5410//1483 5409//1482 5398//1468
f 5283//1399 5320//1485 5276//1398
f 5276//1398 5320//1485 5412//1486
f 5412//1486 5320//1485 5322//1487
f 5413//1488 5322//1487 5414//1489
f 5413//1488 5412//1486 5322//1487
f 5322//1487 5324//1490 5414//1489
f 5414//1489 5324//1490 5408//1481
f 5408//1481 5324//1490 5325//1471
f 5415//1491 5333//1403 5416//1492
f 5417//1493 5416//1492 5418//1494 5419//1495
f 5419//1495 5420//1496 5421//1497 5417//1493
f 5422//1498 5419//1495 5418//1494 5423//1499
f 5423//1499 5424//1500 5425//1501 5422//1498
f 5406//1479 5423//1499 5418//1494
f 5405//1478 5418//1494 5416//1492
f 5333//1403 5405//1478 5416//1492
f 5405//1478 5406//1479 5418//1494
f 5423//1499 5406//1479 5424//1500
f 5424//1500 5406//1479 5407//1480
f 5426//1502 5407//1480 5327//1401
f 5427//1503 5327//1401 5428//1504
f 5429//1505 5428//1504 5430//1506
f 5431//1507 5430//1506 5432//1508 5433//1509
f 5433//1509 5434//1510 5435//1511 5431//1507
f 5404//1476 5433//1509 5403//1475
f 5404//1476 5434//1510 5433//1509
f 5404//1476 5436//1512 5434//1510
f 5404//1476 5277//1399 5436//1512
f 5436//1512 5277//1399 5437//1513
f 5438//1514 5437//1513 5439//1515
f 5421//1497 5439//1515 5417//1493
f 5421//1497 5438//1514 5439//1515
f 5421//1497 5420//1496 5435//1511 5438//1514
f 5420//1496 5440//1516 5431//1507 5435//1511
f 5419//1495 5422//1498 5440//1516 5420//1496
f 5422//1498 5425//1501 5429//1505 5440//1516
f 5425//1501 5427//1503 5428//1504 5429//1505
f 5424//1500 5426//1502 5427//1503 5425//1501
f 5407//1480 5426//1502 5424//1500
f 5327//1401 5402//1473 5428//1504
f 5428//1504 5402//1473 5430//1506
f 5430//1506 5402//1473 5432//1508
f 5432//1508 5402//1473 5403//1475
f 5433//1509 5432//1508 5403//1475
f 5439//1515 5415//1491 5417//1493
f 5417//1493 5415//1491 5416//1492
f 5438//1514 5435//1511 5434//1510 5436//1512
f 5438//1514 5436//1512 5437//1513
f 5430//1506 5431//1507 5440//1516 5429//1505
f 5327//1401 5427//1503 5426//1502
f 5441//1517 5276//1398 5442//1518
f 5443//1519 5442//1518 5444//1520 5445//1521
f 5445//1521 5446//1522 5447//1523 5443//1519
f 5448//1524 5445//1521 5444//1520 5449//1525
f 5449//1525 5450//1526 5451//1527 5448//1524
f 5413//1488 5449//1525 5412//1486
f 5413//1488 5450//1526 5449//1525
f 5413//1488 5414//1489 5450//1526
f 5450//1526 5414//1489 5451//1527
f 5451//1527 5414//1489 5452//1528
f 5453//1529 5452//1528 5454//1530 5455//1531
f 5455//1531 5456//1532 5457//1533 5453//1529
f 5458//1534 5455//1531 5454//1530 5459//1535
f 5459//1535 5409//1482 5458//1534
f 5459//1535 5408//1481 5409//1482
f 5459//1535 5454//1530 5408//1481
f 5408//1481 5454//1530 5452//1528
f 5414//1489 5408//1481 5452//1528
f 5409//1482 5410//1483 5458//1534
f 5458//1534 5410//1483 5460//1536
f 5456//1532 5460//1536 5461//1537 5462//1538
f 5462//1538 5446//1522 5457//1533 5456//1532
f 5463//1539 5462//1538 5461//1537 5464//1540
f 5464//1540 5465//1541 5463//1539
f 5464//1540 5334//1403 5465//1541
f 5464//1540 5411//1484 5334//1403
f 5464//1540 5461//1537 5411//1484
f 5411//1484 5461//1537 5410//1483
f 5410//1483 5461//1537 5460//1536
f 5465//1541 5466//1542 5463//1539
f 5463//1539 5466//1542 5447//1523
f 5446//1522 5462//1538 5463//1539 5447//1523
f 5447//1523 5466//1542 5443//1519
f 5443//1519 5466//1542 5441//1517
f 5442//1518 5443//1519 5441//1517
f 5449//1525 5444//1520 5412//1486
f 5412//1486 5444//1520 5442//1518
f 5276//1398 5412//1486 5442//1518
f 5448//1524 5451//1527 5453//1529 5457//1533
f 5445//1521 5448//1524 5457//1533 5446//1522
f 5458//1534 5460//1536 5456//1532 5455//1531
f 5452//1528 5453//1529 5451//1527
f 5334//1403 5333//1403 5465//1541
f 5465//1541 5333//1403 5415//1491
f 5466//1542 5415//1491 5439//1515
f 5441//1517 5439//1515 5437//1513
f 5276//1398 5437//1513 5277//1399
f 5276//1398 5441//1517 5437//1513
f 5441//1517 5466//1542 5439//1515
f 5466//1542 5465//1541 5415//1491
f 5279//24 5282//24 5467//24 5468//24
f 5282//7 5285//7 5303//7 5467//7
f 5288//20 5279//20 5468//20 5306//20
f 5306//13 5468//13 5467//13 5303//13
f 5266//24 5267//24 5469//24 5470//24
f 5267//20 5269//20 5314//20 5469//20
f 5264//7 5266//7 5470//7 5311//7
f 5311//14 5470//14 5469//14 5314//14
f 5281//24 5280//24 5471//24 5472//24
f 5280//7 5287//7 5317//7 5471//7
f 5286//20 5281//20 5472//20 5318//20
f 5318//13 5472//13 5471//13 5317//13
f 5270//24 5271//24 5473//24 5474//24
f 5271//20 5273//20 5316//20 5473//20
f 5268//7 5270//7 5474//7 5315//7
f 5315//14 5474//14 5473//14 5316//14
f 5255//24 5259//24 5475//24 5476//24
f 5259//20 5261//20 5305//20 5475//20
f 5258//7 5255//7 5476//7 5304//7
f 5304//14 5476//14 5475//14 5305//14
f 5293//24 5278//24 5477//24 5478//24
f 5278//7 5289//7 5308//7 5477//7
f 5294//20 5293//20 5478//20 5310//20
f 5310//13 5478//13 5477//13 5308//13
f 5260//24 5263//24 5479//24 5480//24
f 5263//20 5265//20 5309//20 5479//20
f 5262//7 5260//7 5480//7 5307//7
f 5307//14 5480//14 5479//14 5309//14
f 5275//24 5292//24 5481//24 5482//24
f 5292//7 5291//7 5312//7 5481//7
f 5290//20 5275//20 5482//20 5313//20
f 5313//13 5482//13 5481//13 5312//13
f 5231//6 5235//6 5233//6
f 5237//6 5235//6 5231//6
f 5229//6 5237//6 5231//6
f 5239//6 5237//6 5229//6
f 5228//6 5239//6 5229//6
f 5241//6 5239//6 5228//6
f 5227//6 5241//6 5228//6
f 5243//6 5241//6 5227//6
f 5253//6 5243//6 5227//6
f 5245//6 5243//6 5253//6
f 5251//6 5245//6 5253//6
f 5247//6 5245//6 5251//6
f 5249//6 5247//6 5251//6
f 5158//6 5157//6 5329//6 5483//6
f 5484//20 5485//20 5486//20 5487//20
f 5222//13 5221//13 5215//13 5218//13
f 5485//14 5488//14 5489//14 5486//14
f 5488//7 5490//7 5491//7 5489//7
f 5490//13 5484//13 5487//13 5491//13
f 5219//7 5222//7 5218//7 5217//7
f 5330//24 5160//24 5159//24 5492//24
f 5220//14 5219//14 5217//14 5216//14
f 5344//13 5147//13 5148//13 5345//13
f 5493//24 5494//24 5495//24 5496//24
f 5143//6 5147//6 5344//6 5144//6
f 5497//6 5498//6 5499//6 5500//6
f 5499//20 5498//20 5494//20 5493//20
f 5500//13 5499//13 5493//13 5496//13
f 5497//7 5500//7 5496//7 5495//7
f 5345//24 5148//24 5146//24 5145//24
f 5498//14 5497//14 5495//14 5494//14
f 5501//24 5502//24 5503//24 5504//24
f 5505//6 5506//6 5507//6 5508//6
f 5507//20 5506//20 5502//20 5501//20
f 5158//7 5483//7 5492//7 5159//7
f 5326//1543 5323//1544 5401//1471
f 5401//1471 5323//1544 5375//1445
f 5375//1445 5323//1544 5321//1545
f 5372//1442 5321//1545 5391//1461
f 5372//1442 5375//1445 5321//1545
f 5321//1545 5319//1546 5391//1461
f 5391//1461 5319//1546 5272//1393
f 5272//1393 5319//1546 5274//1394
f 5508//13 5507//13 5501//13 5504//13
f 5483//13 5329//13 5330//13 5492//13
f 5505//7 5508//7 5504//7 5503//7
f 5485//6 5484//6 5490//6 5488//6
f 5506//14 5505//14 5503//14 5502//14
f 5491//24 5487//24 5486//24 5489//24
f 5210//20 5213//20 5223//20 5211//20
f 5213//14 5214//14 5224//14 5223//14
f 5214//7 5209//7 5212//7 5224//7
f 5401//1471 5408//1481 5325//1471 5326//1543
f 5509//14 5510//14 5511//14 5512//14
f 5510//7 5513//7 5514//7 5511//7
f 5513//13 5515//13 5516//13 5514//13
f 5515//20 5509//20 5512//20 5516//20
f 5510//6 5509//6 5515//6 5513//6
f 5516//24 5512//24 5511//24 5514//24
f 5517//14 5518//14 5519//14 5520//14
f 5518//7 5521//7 5522//7 5519//7
f 5521//13 5523//13 5524//13 5522//13
f 5523//20 5517//20 5520//20 5524//20
f 5518//6 5517//6 5523//6 5521//6
f 5524//24 5520//24 5519//24 5522//24
usemtl TSS_USBC_B_SuiteModelMtl13
f 5525//7 5526//7 5527//7 5528//7
f 5526//13 5529//13 5530//13 5527//13
f 5529//20 5531//20 5532//20 5530//20
f 5531//14 5525//14 5528//14 5532//14
f 5526//6 5525//6 5531//6 5529//6
f 5532//24 5528//24 5527//24 5530//24
f 5533//7 5534//7 5535//7 5536//7
f 5534//13 5537//13 5538//13 5535//13
f 5537//20 5539//20 5540//20 5538//20
f 5539//14 5533//14 5536//14 5540//14
f 5534//6 5533//6 5539//6 5537//6
f 5540//24 5536//24 5535//24 5538//24
f 5541//7 5542//7 5543//7 5544//7
f 5542//13 5545//13 5546//13 5543//13
f 5545//20 5547//20 5548//20 5546//20
f 5547//14 5541//14 5544//14 5548//14
f 5542//6 5541//6 5547//6 5545//6
f 5548//24 5544//24 5543//24 5546//24
f 5549//7 5550//7 5551//7 5552//7
f 5550//13 5553//13 5554//13 5551//13
f 5553//20 5555//20 5556//20 5554//20
f 5555//14 5549//14 5552//14 5556//14
f 5550//6 5549//6 5555//6 5553//6
f 5556//24 5552//24 5551//24 5554//24
f 5557//7 5558//7 5559//7 5560//7
f 5558//13 5561//13 5562//13 5559//13
f 5561//20 5563//20 5564//20 5562//20
f 5563//14 5557//14 5560//14 5564//14
f 5558//6 5557//6 5563//6 5561//6
f 5564//24 5560//24 5559//24 5562//24
f 5565//7 5566//7 5567//7 5568//7
f 5566//13 5569//13 5570//13 5567//13
f 5569//20 5571//20 5572//20 5570//20
f 5571//14 5565//14 5568//14 5572//14
f 5566//6 5565//6 5571//6 5569//6
f 5572//24 5568//24 5567//24 5570//24
f 5573//7 5574//7 5575//7 5576//7
f 5574//13 5577//13 5578//13 5575//13
f 5577//20 5579//20 5580//20 5578//20
f 5579//14 5573//14 5576//14 5580//14
f 5574//6 5573//6 5579//6 5577//6
f 5580//24 5576//24 5575//24 5578//24
f 5581//7 5582//7 5583//7 5584//7
f 5582//13 5585//13 5586//13 5583//13
f 5585//20 5587//20 5588//20 5586//20
f 5587//14 5581//14 5584//14 5588//14
f 5582//6 5581//6 5587//6 5585//6
f 5588//24 5584//24 5583//24 5586//24
f 5589//7 5590//7 5591//7 5592//7
f 5590//13 5593//13 5594//13 5591//13
f 5593//20 5595//20 5596//20 5594//20
f 5595//14 5589//14 5592//14 5596//14
f 5590//6 5589//6 5595//6 5593//6
f 5596//24 5592//24 5591//24 5594//24
f 5597//7 5598//7 5599//7 5600//7
f 5598//13 5601//13 5602//13 5599//13
f 5601//20 5603//20 5604//20 5602//20
f 5603//14 5597//14 5600//14 5604//14
f 5598//6 5597//6 5603//6 5601//6
f 5604//24 5600//24 5599//24 5602//24
f 5605//7 5606//7 5607//7 5608//7
f 5606//13 5609//13 5610//13 5607//13
f 5609//20 5611//20 5612//20 5610//20
f 5611//14 5605//14 5608//14 5612//14
f 5606//6 5605//6 5611//6 5609//6
f 5612//24 5608//24 5607//24 5610//24
f 5613//14 5614//14 5615//14 5616//14
f 5614//7 5617//7 5618//7 5615//7
f 5617//13 5619//13 5620//13 5618//13
f 5619//20 5613//20 5616//20 5620//20
f 5614//6 5613//6 5619//6 5617//6
f 5620//24 5616//24 5615//24 5618//24
f 5621//14 5622//14 5623//14 5624//14
f 5622//7 5625//7 5626//7 5623//7
f 5625//13 5627//13 5628//13 5626//13
f 5627//20 5621//20 5624//20 5628//20
f 5622//6 5621//6 5627//6 5625//6
f 5628//24 5624//24 5623//24 5626//24
f 5629//14 5630//14 5631//14 5632//14
f 5630//7 5633//7 5634//7 5631//7
f 5633//13 5635//13 5636//13 5634//13
f 5635//20 5629//20 5632//20 5636//20
f 5630//6 5629//6 5635//6 5633//6
f 5636//24 5632//24 5631//24 5634//24
f 5637//14 5638//14 5639//14 5640//14
f 5638//7 5641//7 5642//7 5639//7
f 5641//13 5643//13 5644//13 5642//13
f 5643//20 5637//20 5640//20 5644//20
f 5638//6 5637//6 5643//6 5641//6
f 5644//24 5640//24 5639//24 5642//24
f 5645//14 5646//14 5647//14 5648//14
f 5646//7 5649//7 5650//7 5647//7
f 5649//13 5651//13 5652//13 5650//13
f 5651//20 5645//20 5648//20 5652//20
f 5646//6 5645//6 5651//6 5649//6
f 5652//24 5648//24 5647//24 5650//24
f 5653//14 5654//14 5655//14 5656//14
f 5654//7 5657//7 5658//7 5655//7
f 5657//13 5659//13 5660//13 5658//13
f 5659//20 5653//20 5656//20 5660//20
f 5654//6 5653//6 5659//6 5657//6
f 5660//24 5656//24 5655//24 5658//24
f 5661//14 5662//14 5663//14 5664//14
f 5662//7 5665//7 5666//7 5663//7
f 5665//13 5667//13 5668//13 5666//13
f 5667//20 5661//20 5664//20 5668//20
f 5662//6 5661//6 5667//6 5665//6
f 5668//24 5664//24 5663//24 5666//24
f 5669//7 5670//7 5671//7 5672//7
f 5673//7 5674//7 5675//7
f 5676//7 5673//7 5675//7
f 5672//7 5674//7 5673//7
f 5671//7 5674//7 5672//7
f 5677//7 5674//7 5671//7
f 5678//7 5679//7 5680//7
f 5681//7 5679//7 5678//7
f 5682//7 5678//7 5680//7
f 5683//7 5679//7 5681//7
f 5684//7 5683//7 5682//7
f 5684//7 5682//7 5680//7
f 5685//7 5683//7 5684//7
f 5685//7 5679//7 5683//7
f 5686//7 5684//7 5680//7
f 5687//7 5679//7 5685//7
f 5688//7 5687//7 5686//7
f 5688//7 5686//7 5680//7
f 5689//7 5687//7 5688//7
f 5689//7 5679//7 5687//7
f 5690//7 5679//7 5689//7
f 5691//7 5688//7 5680//7
f 5692//7 5690//7 5691//7
f 5692//7 5691//7 5680//7
f 5693//7 5690//7 5692//7
f 5693//7 5679//7 5690//7
f 5694//7 5692//7 5680//7
f 5695//7 5679//7 5693//7
f 5696//7 5679//7 5695//7
f 5696//7 5695//7 5694//7
f 5697//7 5696//7 5694//7
f 5697//7 5694//7 5680//7
f 5698//7 5679//7 5696//7
f 5699//7 5697//7 5680//7
f 5700//7 5698//7 5699//7
f 5700//7 5679//7 5698//7
f 5701//7 5700//7 5699//7
f 5701//7 5699//7 5680//7
f 5702//7 5701//7 5680//7
f 5703//7 5679//7 5700//7
f 5677//7 5703//7 5702//7
f 5677//7 5702//7 5680//7
f 5677//7 5680//7 5674//7
f 5704//7 5703//7 5677//7
f 5704//7 5677//7 5705//7
f 5706//7 5703//7 5704//7
f 5706//7 5679//7 5703//7
f 5707//7 5704//7 5705//7
f 5708//7 5704//7 5707//7
f 5698//20 5696//20 5709//1547
f 5709//1547 5696//20 5710//1548
f 5711//1549 5710//1548 5712//1550
f 5713//1551 5712//1550 5714//1551
f 5715//24 5714//1551 5716//24
f 5715//24 5713//1551 5714//1551
f 5713//1551 5711//1549 5712//1550
f 5711//1549 5709//1547 5710//1548
f 5715//24 5716//24 5717//24 5718//24
f 5703//20 5700//20 5719//1547
f 5719//1547 5700//20 5720//1548
f 5721//1549 5720//1548 5722//1550
f 5723//1551 5722//1550 5724//1551
f 5725//24 5724//1551 5726//24
f 5725//24 5723//1551 5724//1551
f 5723//1551 5721//1549 5722//1550
f 5721//1549 5719//1547 5720//1548
f 5672//14 5727//14 5728//14 5729//14 5669//14
f 5730//14 5731//14 5706//14 5704//14
f 5732//13 5733//13 5671//13 5670//13 5734//13
f 5695//20 5693//20 5735//1547
f 5735//1547 5693//20 5736//1548
f 5737//1549 5736//1548 5738//1550
f 5739//1551 5738//1550 5740//1551
f 5741//24 5740//1551 5742//24
f 5741//24 5739//1551 5740//1551
f 5739//1551 5737//1549 5738//1550
f 5737//1549 5735//1547 5736//1548
f 5674//1552 5680//1552 5743//1552 5744//1552
f 5683//20 5681//20 5745//1547
f 5745//1547 5681//20 5746//1548
f 5747//1549 5746//1548 5748//1550
f 5749//1551 5748//1550 5750//1551
f 5751//24 5750//1551 5752//24
f 5751//24 5749//1551 5750//1551
f 5749//1551 5747//1549 5748//1550
f 5747//1549 5745//1547 5746//1548
f 5753//14 5754//14 5755//14
f 5756//14 5757//14 5758//14
f 5759//14 5756//14 5753//14
f 5759//14 5753//14 5755//14
f 5760//14 5756//14 5759//14
f 5760//14 5757//14 5756//14
f 5760//14 5759//14 5761//14
f 5762//14 5760//14 5761//14
f 5763//14 5757//14 5760//14
f 5764//14 5763//14 5760//14
f 5677//14 5762//14 5761//14
f 5705//14 5677//14 5761//14
f 5765//6 5675//6 5766//6
f 5676//6 5765//6 5767//6
f 5676//6 5675//6 5765//6
f 5768//6 5676//6 5767//6
f 5729//6 5768//6 5767//6
f 5734//6 5669//6 5729//6
f 5734//6 5729//6 5767//6
f 5670//6 5669//6 5734//6
f 5761//6 5734//6 5767//6
f 5769//6 5705//6 5761//6
f 5769//6 5761//6 5767//6
f 5770//6 5769//6 5767//6
f 5707//6 5705//6 5769//6
f 5771//6 5707//6 5769//6
f 5733//6 5762//6 5677//6 5671//6
f 5772//6 5727//6 5672//6 5673//6
f 5773//24 5774//24 5775//24
f 5776//24 5773//24 5775//24
f 5679//24 5776//24 5777//24
f 5679//24 5778//24 5776//24
f 5706//24 5778//24 5679//24
f 5779//24 5679//24 5777//24
f 5780//24 5779//24 5777//24
f 5731//24 5778//24 5706//24
f 5781//24 5778//24 5731//24
f 5782//14 5783//14 5766//14
f 5784//14 5785//14 5786//14
f 5787//14 5784//14 5782//14
f 5787//14 5785//14 5784//14
f 5674//14 5777//14 5787//14
f 5674//14 5787//14 5782//14
f 5674//14 5782//14 5766//14
f 5675//14 5674//14 5766//14
f 5780//14 5777//14 5674//14
f 5744//14 5780//14 5674//14
f 5687//20 5685//20 5788//1547
f 5788//1547 5685//20 5789//1548
f 5790//1549 5789//1548 5791//1550
f 5792//1551 5791//1550 5793//1551
f 5794//24 5793//1551 5795//24
f 5794//24 5792//1551 5793//1551
f 5792//1551 5790//1549 5791//1550
f 5790//1549 5788//1547 5789//1548
f 5796//1552 5730//1552 5704//1552 5708//1552
f 5797//13 5676//13 5768//13
f 5772//13 5676//13 5797//13
f 5673//13 5676//13 5772//13
f 5798//13 5772//13 5799//13
f 5800//13 5772//13 5798//13
f 5801//13 5772//13 5800//13
f 5802//13 5772//13 5801//13
f 5803//13 5802//13 5801//13
f 5803//13 5801//13 5804//13
f 5805//13 5803//13 5804//13
f 5806//13 5803//13 5805//13
f 5680//13 5679//13 5779//13 5743//13
f 5690//20 5689//20 5807//1547
f 5807//1547 5689//20 5808//1548
f 5809//1549 5808//1548 5810//1550
f 5811//1551 5810//1550 5812//1551
f 5813//24 5812//1551 5814//24
f 5813//24 5811//1551 5812//1551
f 5811//1551 5809//1549 5810//1550
f 5809//1549 5807//1547 5808//1548
f 5708//13 5707//13 5771//13
f 5815//13 5708//13 5771//13
f 5816//13 5708//13 5815//13
f 5796//13 5708//13 5816//13
f 5817//13 5796//13 5816//13
f 5818//13 5796//13 5817//13
f 5818//13 5817//13 5819//13
f 5820//13 5818//13 5819//13
f 5778//13 5796//13 5818//13
f 5781//13 5796//13 5778//13
f 5813//24 5814//24 5821//24 5822//24
f 5823//24 5824//24 5825//24 5826//24
f 5827//6 5828//6 5829//6 5830//6
f 5829//14 5828//14 5824//14 5823//14
f 5830//20 5829//20 5823//20 5826//20
f 5827//13 5830//13 5826//13 5825//13
f 5828//7 5827//7 5825//7 5824//7
f 5831//24 5832//24 5833//24 5834//24
f 5835//6 5836//6 5837//6 5838//6
f 5837//14 5836//14 5832//14 5831//14
f 5838//20 5837//20 5831//20 5834//20
f 5835//13 5838//13 5834//13 5833//13
f 5836//7 5835//7 5833//7 5832//7
f 5741//24 5742//24 5839//24 5840//24
f 5725//24 5726//24 5841//24 5842//24
f 5728//24 5843//24 5799//24
f 5797//24 5728//24 5799//24
f 5844//24 5843//24 5728//24
f 5727//24 5844//24 5728//24
f 5728//7 5797//7 5768//7 5729//7
f 5781//7 5731//7 5730//7 5796//7
f 5759//24 5755//24 5845//24
f 5732//24 5759//24 5845//24
f 5846//24 5732//24 5845//24
f 5733//24 5732//24 5846//24
f 5759//7 5732//7 5734//7 5761//7
f 5751//24 5752//24 5847//24 5848//24
f 5744//7 5743//7 5779//7 5780//7
f 5849//20 5804//20 5850//20
f 5851//20 5852//20 5758//20
f 5757//20 5853//20 5851//20
f 5757//20 5851//20 5758//20
f 5805//20 5849//20 5854//20
f 5805//20 5804//20 5849//20
f 5855//20 5757//20 5805//20
f 5855//20 5805//20 5854//20
f 5856//20 5757//20 5855//20
f 5856//20 5853//20 5757//20
f 5857//20 5855//20 5854//20
f 5774//20 5858//20 5855//20
f 5775//20 5774//20 5855//20
f 5859//20 5853//20 5856//20
f 5860//20 5857//20 5854//20
f 5861//20 5857//20 5860//20
f 5862//20 5853//20 5859//20
f 5802//157 5803//157 5764//157 5760//157
f 5816//20 5753//20 5756//20 5817//20
f 5863//20 5762//20 5733//20
f 5863//20 5733//20 5846//20
f 5864//20 5844//20 5727//20
f 5864//20 5727//20 5772//20
f 5865//20 5762//20 5863//20
f 5866//20 5864//20 5772//20
f 5867//20 5844//20 5864//20
f 5868//20 5869//20 5870//20
f 5871//20 5867//20 5864//20
f 5872//20 5873//20 5874//20
f 5875//20 5762//20 5865//20
f 5876//20 5863//20 5846//20
f 5877//20 5878//20 5879//20
f 5880//20 5876//20 5846//20
f 5881//20 5866//20 5772//20
f 5882//20 5871//20 5864//20
f 5802//20 5880//20 5882//20
f 5802//20 5876//20 5880//20
f 5802//20 5875//20 5876//20
f 5802//20 5882//20 5881//20
f 5802//20 5881//20 5772//20
f 5760//20 5875//20 5802//20
f 5760//20 5762//20 5875//20
f 5846//20 5883//20 5884//20
f 5844//20 5846//20 5884//20
f 5870//20 5846//20 5844//20
f 5885//20 5846//20 5870//20
f 5886//20 5846//20 5885//20
f 5887//20 5870//20 5844//20
f 5867//20 5887//20 5844//20
f 5880//20 5846//20 5886//20
f 5868//20 5870//20 5887//20
f 5874//20 5873//20 5885//20
f 5879//20 5878//20 5888//20
f 5806//6 5805//6 5757//6 5763//6
f 5803//20 5806//20 5763//20 5764//20
f 5852//6 5756//6 5758//6
f 5889//6 5756//6 5852//6
f 5819//6 5756//6 5889//6
f 5817//6 5756//6 5819//6
f 5890//20 5770//20 5767//20
f 5891//20 5890//20 5767//20
f 5755//20 5770//20 5890//20
f 5845//20 5755//20 5890//20
f 5843//20 5891//20 5767//20
f 5799//20 5843//20 5767//20
f 5754//20 5770//20 5755//20
f 5892//20 5770//20 5754//20
f 5893//20 5799//20 5767//20
f 5798//20 5799//20 5893//20
f 5894//24 5892//24 5754//24
f 5816//24 5894//24 5754//24
f 5816//24 5815//24 5894//24
f 5753//24 5816//24 5754//24
f 5794//24 5795//24 5895//24 5896//24
f 5894//13 5769//13 5770//13 5892//13
f 5897//20 5765//20 5766//20 5783//20
f 5815//20 5771//20 5769//20 5894//20
f 5893//14 5767//14 5765//14 5897//14
f 5774//13 5773//13 5898//13 5858//13
f 5778//20 5818//20 5898//20 5773//20
f 5787//20 5777//20 5776//20 5899//20
f 5776//14 5775//14 5855//14 5899//14
f 5801//20 5800//20 5782//20 5784//20
f 5900//7 5901//7 5902//7 5903//7
f 5904//7 5905//7 5906//7 5907//7
f 5883//24 5890//24 5891//24 5884//24
f 5905//13 5904//13 5857//13 5861//13
f 5849//6 5908//6 5909//6 5854//6
f 5859//24 5900//24 5903//24 5862//24
f 5910//13 5911//13 5853//13
f 5903//13 5902//13 5910//13
f 5862//13 5903//13 5910//13
f 5862//13 5910//13 5853//13
f 5856//14 5901//14 5900//14 5859//14
f 5912//14 5860//14 5854//14
f 5909//14 5912//14 5854//14
f 5906//14 5860//14 5912//14
f 5907//14 5906//14 5912//14
f 5905//24 5861//24 5860//24 5906//24
f 5852//13 5851//13 5913//13 5889//13
f 5908//14 5849//14 5850//14 5914//14
f 5911//6 5913//6 5851//6 5853//6
f 5846//14 5845//14 5890//14 5883//14
f 5884//13 5891//13 5843//13 5844//13
f 5901//24 5856//24 5858//24
f 5902//24 5820//24 5910//24
f 5818//24 5902//24 5901//24
f 5818//24 5820//24 5902//24
f 5898//24 5818//24 5901//24
f 5898//24 5901//24 5858//24
f 5911//20 5819//20 5889//20
f 5913//20 5911//20 5889//20
f 5820//20 5819//20 5911//20
f 5910//20 5820//20 5911//20
f 5907//24 5912//24 5785//24
f 5904//24 5855//24 5857//24
f 5899//24 5904//24 5907//24
f 5899//24 5855//24 5904//24
f 5787//24 5899//24 5907//24
f 5787//24 5907//24 5785//24
f 5908//20 5914//20 5786//20
f 5909//20 5908//20 5786//20
f 5912//20 5909//20 5786//20
f 5785//20 5912//20 5786//20
f 5914//6 5784//6 5786//6
f 5801//6 5914//6 5850//6
f 5801//6 5784//6 5914//6
f 5804//6 5801//6 5850//6
f 5897//24 5798//24 5893//24
f 5782//24 5897//24 5783//24
f 5782//24 5798//24 5897//24
f 5800//24 5798//24 5782//24
