# Blender 5.0.1
# www.blender.org
mtllib USB-3-Cased.mtl
o TSS-USBC-Cased_Suite
v 0.011291 -0.001725 0.013975
v 0.011291 0.003255 0.013975
v 0.011212 -0.001725 0.013628
v 0.011212 -0.001725 0.014322
v 0.011212 0.003255 0.014322
v 0.010990 0.003255 0.014600
v 0.010990 -0.001725 0.014600
v 0.010669 0.003255 0.014755
v 0.010669 -0.001725 0.014755
v 0.010313 0.003255 0.014755
v 0.010313 -0.001725 0.014755
v 0.009992 0.003255 0.014600
v 0.009992 -0.001725 0.014600
v 0.009770 0.003255 0.014322
v 0.009770 -0.001725 0.014322
v 0.009691 0.003255 0.013975
v 0.009691 -0.001725 0.013975
v 0.009770 0.003255 0.013628
v 0.009770 -0.001725 0.013628
v 0.009992 0.003255 0.013349
v 0.009992 -0.001725 0.013349
v 0.010313 0.003255 0.013195
v 0.010313 -0.001725 0.013195
v 0.010669 0.003255 0.013195
v 0.010669 -0.001725 0.013195
v 0.010990 0.003255 0.013349
v 0.010990 -0.001725 0.013349
v 0.011212 0.003255 0.013628
v -0.009709 -0.001725 0.013975
v -0.009709 0.003255 0.013975
v -0.009788 -0.001725 0.013628
v -0.009788 -0.001725 0.014322
v -0.009788 0.003255 0.014322
v -0.010010 0.003255 0.014600
v -0.010010 -0.001725 0.014600
v -0.010331 0.003255 0.014755
v -0.010331 -0.001725 0.014755
v -0.010687 0.003255 0.014755
v -0.010687 -0.001725 0.014755
v -0.011008 0.003255 0.014600
v -0.011008 -0.001725 0.014600
v -0.011230 0.003255 0.014322
v -0.011230 -0.001725 0.014322
v -0.011309 0.003255 0.013975
v -0.011309 -0.001725 0.013975
v -0.011230 0.003255 0.013628
v -0.011230 -0.001725 0.013628
v -0.011008 0.003255 0.013349
v -0.011008 -0.001725 0.013349
v -0.010687 0.003255 0.013195
v -0.010687 -0.001725 0.013195
v -0.010331 0.003255 0.013195
v -0.010331 -0.001725 0.013195
v -0.010010 0.003255 0.013349
v -0.010010 -0.001725 0.013349
v -0.009788 0.003255 0.013628
v 0.009701 -0.003647 0.014215
v 0.009702 0.001245 0.014215
v 0.009650 -0.003647 0.013925
v 0.009849 0.001245 0.014471
v 0.009849 -0.003647 0.014471
v 0.010075 0.001245 0.014660
v 0.010075 -0.003647 0.014661
v 0.010353 0.001245 0.014761
v 0.010352 -0.003647 0.014762
v 0.010648 0.001245 0.014761
v 0.010648 -0.003647 0.014762
v 0.010925 0.001245 0.014660
v 0.010925 -0.003647 0.014661
v 0.011151 0.001245 0.014471
v 0.011151 -0.003647 0.014471
v 0.011298 0.001245 0.014215
v 0.011299 -0.003647 0.014215
v 0.011350 0.001245 0.013925
v 0.011350 -0.003647 0.013925
v 0.011298 0.001245 0.013634
v 0.011299 -0.003647 0.013634
v 0.011151 0.001245 0.013379
v 0.011151 -0.003647 0.013378
v 0.010925 0.001245 0.013189
v 0.010925 -0.003647 0.013189
v 0.010648 0.001245 0.013088
v 0.010648 -0.003647 0.013088
v 0.010353 0.001245 0.013088
v 0.010352 -0.003647 0.013088
v 0.010075 0.001245 0.013189
v 0.010075 -0.003647 0.013189
v 0.009849 0.001245 0.013379
v 0.009849 -0.003647 0.013378
v 0.009702 0.001245 0.013634
v 0.009701 -0.003647 0.013634
v 0.009650 0.001245 0.013925
v 0.009701 -0.003647 -0.013785
v 0.009702 0.001245 -0.013785
v 0.009650 -0.003647 -0.014075
v 0.009849 0.001245 -0.013529
v 0.009849 -0.003647 -0.013529
v 0.010075 0.001245 -0.013339
v 0.010075 -0.003647 -0.013339
v 0.010353 0.001245 -0.013239
v 0.010352 -0.003647 -0.013238
v 0.010647 0.001245 -0.013239
v 0.010648 -0.003647 -0.013238
v 0.010925 0.001245 -0.013339
v 0.010925 -0.003647 -0.013339
v 0.011151 0.001245 -0.013529
v 0.011151 -0.003647 -0.013529
v 0.011298 0.001245 -0.013785
v 0.011299 -0.003647 -0.013785
v 0.011350 0.001245 -0.014075
v 0.011350 -0.003647 -0.014075
v 0.011298 0.001245 -0.014366
v 0.011299 -0.003647 -0.014366
v 0.011151 0.001245 -0.014621
v 0.011151 -0.003647 -0.014622
v 0.010925 0.001245 -0.014811
v 0.010925 -0.003647 -0.014811
v 0.010647 0.001245 -0.014912
v 0.010648 -0.003647 -0.014912
v 0.010353 0.001245 -0.014912
v 0.010352 -0.003647 -0.014912
v 0.010075 0.001245 -0.014811
v 0.010075 -0.003647 -0.014811
v 0.009849 0.001245 -0.014621
v 0.009849 -0.003647 -0.014622
v 0.009702 0.001245 -0.014366
v 0.009701 -0.003647 -0.014366
v 0.009650 0.001245 -0.014075
v -0.011299 -0.003647 0.014215
v -0.011298 0.001245 0.014215
v -0.011350 -0.003647 0.013925
v -0.011151 0.001245 0.014471
v -0.011151 -0.003647 0.014471
v -0.010925 0.001245 0.014660
v -0.010925 -0.003647 0.014661
v -0.010647 0.001245 0.014761
v -0.010648 -0.003647 0.014762
v -0.010352 0.001245 0.014761
v -0.010352 -0.003647 0.014762
v -0.010075 0.001245 0.014660
v -0.010075 -0.003647 0.014661
v -0.009849 0.001245 0.014471
v -0.009849 -0.003647 0.014471
v -0.009702 0.001245 0.014215
v -0.009701 -0.003647 0.014215
v -0.009650 0.001245 0.013925
v -0.009650 -0.003647 0.013925
v -0.009702 0.001245 0.013634
v -0.009701 -0.003647 0.013634
v -0.009849 0.001245 0.013379
v -0.009849 -0.003647 0.013378
v -0.010075 0.001245 0.013189
v -0.010075 -0.003647 0.013189
v -0.010352 0.001245 0.013088
v -0.010352 -0.003647 0.013088
v -0.010647 0.001245 0.013088
v -0.010648 -0.003647 0.013088
v -0.010925 0.001245 0.013189
v -0.010925 -0.003647 0.013189
v -0.011151 0.001245 0.013379
v -0.011151 -0.003647 0.013378
v -0.011298 0.001245 0.013634
v -0.011299 -0.003647 0.013634
v -0.011350 0.001245 0.013925
v -0.009709 -0.001725 -0.014025
v -0.009709 0.003255 -0.014025
v -0.009788 -0.001725 -0.014372
v -0.009788 -0.001725 -0.013678
v -0.009788 0.003255 -0.013678
v -0.010010 0.003255 -0.013399
v -0.010010 -0.001725 -0.013399
v -0.010331 0.003255 -0.013245
v -0.010331 -0.001725 -0.013245
v -0.010687 0.003255 -0.013245
v -0.010687 -0.001725 -0.013245
v -0.011008 0.003255 -0.013399
v -0.011008 -0.001725 -0.013399
v -0.011230 0.003255 -0.013678
v -0.011230 -0.001725 -0.013678
v -0.011309 0.003255 -0.014025
v -0.011309 -0.001725 -0.014025
v -0.011230 0.003255 -0.014372
v -0.011230 -0.001725 -0.014372
v -0.011008 0.003255 -0.014650
v -0.011008 -0.001725 -0.014650
v -0.010687 0.003255 -0.014805
v -0.010687 -0.001725 -0.014805
v -0.010331 0.003255 -0.014805
v -0.010331 -0.001725 -0.014805
v -0.010010 0.003255 -0.014650
v -0.010010 -0.001725 -0.014650
v -0.009788 0.003255 -0.014372
v 0.011291 -0.001725 -0.014025
v 0.011291 0.003255 -0.014025
v 0.011212 -0.001725 -0.014372
v 0.011212 -0.001725 -0.013678
v 0.011212 0.003255 -0.013678
v 0.010990 0.003255 -0.013400
v 0.010990 -0.001725 -0.013400
v 0.010669 0.003255 -0.013245
v 0.010669 -0.001725 -0.013245
v 0.010313 0.003255 -0.013245
v 0.010313 -0.001725 -0.013245
v 0.009992 0.003255 -0.013400
v 0.009992 -0.001725 -0.013400
v 0.009770 0.003255 -0.013678
v 0.009770 -0.001725 -0.013678
v 0.009691 0.003255 -0.014025
v 0.009691 -0.001725 -0.014025
v 0.009770 0.003255 -0.014372
v 0.009770 -0.001725 -0.014372
v 0.009992 0.003255 -0.014651
v 0.009992 -0.001725 -0.014651
v 0.010313 0.003255 -0.014805
v 0.010313 -0.001725 -0.014805
v 0.010669 0.003255 -0.014805
v 0.010669 -0.001725 -0.014805
v 0.010990 0.003255 -0.014651
v 0.010990 -0.001725 -0.014651
v 0.011212 0.003255 -0.014372
v -0.011299 -0.003647 -0.013785
v -0.011298 0.001245 -0.013785
v -0.011350 -0.003647 -0.014075
v -0.011151 0.001245 -0.013529
v -0.011151 -0.003647 -0.013529
v -0.010925 0.001245 -0.013339
v -0.010925 -0.003647 -0.013339
v -0.010647 0.001245 -0.013239
v -0.010648 -0.003647 -0.013238
v -0.010353 0.001245 -0.013239
v -0.010352 -0.003647 -0.013238
v -0.010075 0.001245 -0.013339
v -0.010075 -0.003647 -0.013339
v -0.009849 0.001245 -0.013529
v -0.009849 -0.003647 -0.013529
v -0.009702 0.001245 -0.013785
v -0.009701 -0.003647 -0.013785
v -0.009650 0.001245 -0.014075
v -0.009650 -0.003647 -0.014075
v -0.009702 0.001245 -0.014366
v -0.009701 -0.003647 -0.014366
v -0.009849 0.001245 -0.014621
v -0.009849 -0.003647 -0.014622
v -0.010075 0.001245 -0.014811
v -0.010075 -0.003647 -0.014811
v -0.010353 0.001245 -0.014912
v -0.010352 -0.003647 -0.014912
v -0.010647 0.001245 -0.014912
v -0.010648 -0.003647 -0.014912
v -0.010925 0.001245 -0.014811
v -0.010925 -0.003647 -0.014811
v -0.011151 0.001245 -0.014621
v -0.011151 -0.003647 -0.014622
v -0.011298 0.001245 -0.014366
v -0.011299 -0.003647 -0.014366
v -0.011350 0.001245 -0.014075
v -0.009718 -0.004667 0.014376
v -0.010500 -0.004667 0.014827
v -0.010500 -0.003817 0.014827
v -0.009718 -0.003817 0.014376
v -0.009718 -0.004667 0.013473
v -0.009718 -0.003817 0.013473
v -0.010500 -0.004667 0.013022
v -0.010500 -0.003817 0.013022
v -0.011281 -0.004667 0.013473
v -0.011281 -0.003817 0.013473
v -0.011281 -0.004667 0.014376
v -0.011281 -0.003817 0.014376
v -0.009701 -0.003647 0.013634
v -0.009650 -0.003647 0.013925
v -0.009650 -0.003647 0.013925
v -0.009701 -0.003647 0.014215
v -0.009701 -0.003647 0.014215
v -0.009701 -0.003647 0.013634
v -0.009849 -0.003647 0.013378
v -0.009849 -0.003647 0.014471
v -0.009849 -0.003647 0.013378
v -0.009849 -0.003647 0.014471
v -0.010075 -0.003647 0.013189
v -0.010075 -0.003647 0.014661
v -0.010075 -0.003647 0.014661
v -0.010075 -0.003647 0.013189
v -0.010352 -0.003647 0.013088
v -0.010352 -0.003647 0.014762
v -0.010352 -0.003647 0.014762
v -0.010352 -0.003647 0.013088
v -0.010648 -0.003647 0.013088
v -0.010648 -0.003647 0.014762
v -0.010648 -0.003647 0.013088
v -0.010648 -0.003647 0.014762
v -0.010925 -0.003647 0.013189
v -0.010925 -0.003647 0.014661
v -0.010925 -0.003647 0.014661
v -0.010925 -0.003647 0.013189
v -0.011151 -0.003647 0.014471
v -0.011151 -0.003647 0.013378
v -0.011151 -0.003647 0.014471
v -0.011151 -0.003647 0.013378
v -0.011299 -0.003647 0.013634
v -0.011299 -0.003647 0.014215
v -0.011299 -0.003647 0.013634
v -0.011299 -0.003647 0.014215
v -0.011350 -0.003647 0.013925
v -0.011350 -0.003647 0.013925
v -0.008814 -0.004667 0.014340
v -0.008763 -0.004667 0.013925
v -0.008962 -0.004667 0.014732
v -0.009200 -0.004667 0.015076
v -0.009513 -0.004667 0.015354
v -0.009884 -0.004667 0.015549
v -0.009200 -0.004667 0.012773
v -0.008962 -0.004667 0.013118
v -0.009513 -0.004667 0.012495
v -0.009884 -0.004667 0.012301
v -0.010291 -0.004667 0.012201
v -0.010709 -0.004667 0.012201
v -0.011116 -0.004667 0.012301
v -0.011486 -0.004667 0.012495
v -0.011800 -0.004667 0.012773
v -0.012038 -0.004667 0.013118
v -0.012186 -0.004667 0.013509
v -0.012237 -0.004667 0.013925
v -0.012186 -0.004667 0.014340
v -0.012038 -0.004667 0.014732
v -0.011800 -0.004667 0.015076
v -0.011486 -0.004667 0.015354
v -0.011116 -0.004667 0.015549
v -0.010709 -0.004667 0.015649
v -0.010291 -0.004667 0.015649
v -0.008814 -0.004667 0.013509
v -0.009705 0.001333 0.014214
v -0.009654 0.001333 0.013925
v -0.009705 0.001333 0.013635
v -0.009852 0.001333 0.013381
v -0.009852 0.001333 0.014469
v -0.010077 0.001333 0.013192
v -0.010077 0.001333 0.014657
v -0.010353 0.001333 0.013091
v -0.010353 0.001333 0.014758
v -0.010647 0.001333 0.013091
v -0.010647 0.001333 0.014758
v -0.010923 0.001333 0.013192
v -0.010923 0.001333 0.014657
v -0.011148 0.001333 0.013381
v -0.011148 0.001333 0.014469
v -0.011295 0.001333 0.014214
v -0.011295 0.001333 0.013635
v -0.011346 0.001333 0.013925
v -0.009702 0.001245 0.013634
v -0.009650 0.001245 0.013925
v -0.009849 0.001245 0.013379
v -0.010075 0.001245 0.013189
v -0.010352 0.001245 0.013088
v -0.010647 0.001245 0.013088
v -0.010925 0.001245 0.013189
v -0.011151 0.001245 0.013379
v -0.011298 0.001245 0.013634
v -0.011350 0.001245 0.013925
v -0.011298 0.001245 0.014215
v -0.011151 0.001245 0.014471
v -0.010925 0.001245 0.014660
v -0.010647 0.001245 0.014761
v -0.010352 0.001245 0.014761
v -0.010075 0.001245 0.014660
v -0.009849 0.001245 0.014471
v -0.009702 0.001245 0.014215
v -0.010500 -0.004667 -0.013173
v -0.011282 -0.004667 -0.013624
v -0.011282 -0.003817 -0.013624
v -0.010500 -0.003817 -0.013173
v 0.011282 -0.004667 0.014376
v 0.010500 -0.004667 0.014827
v 0.010500 -0.003817 0.014827
v 0.011282 -0.003817 0.014376
v 0.011282 -0.004667 0.013473
v 0.011282 -0.003817 0.013473
v -0.011282 -0.004667 -0.014526
v -0.011282 -0.003817 -0.014526
v 0.009719 -0.004667 0.013473
v 0.010500 -0.004667 0.013022
v 0.010500 -0.003817 0.013022
v 0.009719 -0.003817 0.013473
v 0.009719 -0.004667 0.014376
v 0.009719 -0.003817 0.014376
v 0.011299 -0.003647 0.013634
v 0.011350 -0.003647 0.013925
v 0.011350 -0.003647 0.013925
v 0.011299 -0.003647 0.014215
v 0.011299 -0.003647 0.014215
v 0.011299 -0.003647 0.013634
v 0.011151 -0.003647 0.013378
v 0.011151 -0.003647 0.014471
v 0.011151 -0.003647 0.013378
v 0.011151 -0.003647 0.014471
v 0.010925 -0.003647 0.013189
v 0.010925 -0.003647 0.014661
v 0.010925 -0.003647 0.014661
v 0.010925 -0.003647 0.013189
v 0.010648 -0.003647 0.013088
v 0.010648 -0.003647 0.014762
v 0.010648 -0.003647 0.014762
v 0.010648 -0.003647 0.013088
v 0.010352 -0.003647 0.013088
v 0.010352 -0.003647 0.014762
v 0.010352 -0.003647 0.013088
v 0.010352 -0.003647 0.014762
v 0.010075 -0.003647 0.013189
v 0.010075 -0.003647 0.014661
v 0.010075 -0.003647 0.014661
v 0.010075 -0.003647 0.013189
v 0.009849 -0.003647 0.014471
v 0.009849 -0.003647 0.013378
v 0.009849 -0.003647 0.014471
v 0.009849 -0.003647 0.013378
v 0.009701 -0.003647 0.013634
v 0.009701 -0.003647 0.014215
v 0.009701 -0.003647 0.013634
v 0.009701 -0.003647 0.014215
v 0.009650 -0.003647 0.013925
v 0.009650 -0.003647 0.013925
v 0.012186 -0.004667 0.014340
v 0.012237 -0.004667 0.013925
v 0.012038 -0.004667 0.014732
v 0.011800 -0.004667 0.015076
v 0.011487 -0.004667 0.015354
v 0.011116 -0.004667 0.015548
v 0.011800 -0.004667 0.012773
v 0.012038 -0.004667 0.013118
v 0.011487 -0.004667 0.012495
v 0.011116 -0.004667 0.012301
v 0.010709 -0.004667 0.012201
v 0.010291 -0.004667 0.012201
v 0.009884 -0.004667 0.012301
v 0.009514 -0.004667 0.012495
v 0.009200 -0.004667 0.012773
v 0.008962 -0.004667 0.013118
v 0.008814 -0.004667 0.013509
v 0.008763 -0.004667 0.013925
v 0.008814 -0.004667 0.014340
v 0.008962 -0.004667 0.014732
v 0.009200 -0.004667 0.015076
v 0.009514 -0.004667 0.015354
v 0.009884 -0.004667 0.015548
v 0.010291 -0.004667 0.015649
v 0.010709 -0.004667 0.015649
v 0.012186 -0.004667 0.013509
v 0.011295 0.001333 0.014214
v 0.011346 0.001333 0.013925
v 0.011295 0.001333 0.013635
v 0.011148 0.001333 0.013381
v 0.011148 0.001333 0.014469
v 0.010923 0.001333 0.013192
v 0.010923 0.001333 0.014657
v 0.010647 0.001333 0.013091
v 0.010647 0.001333 0.014758
v 0.010353 0.001333 0.013091
v 0.010353 0.001333 0.014758
v 0.010077 0.001333 0.013192
v 0.010077 0.001333 0.014657
v 0.009852 0.001333 0.013381
v 0.009852 0.001333 0.014469
v 0.009705 0.001333 0.014214
v 0.009705 0.001333 0.013635
v 0.009654 0.001333 0.013925
v 0.011298 0.001245 0.013634
v 0.011350 0.001245 0.013925
v 0.011151 0.001245 0.013379
v 0.010925 0.001245 0.013189
v 0.010648 0.001245 0.013088
v 0.010353 0.001245 0.013088
v 0.010075 0.001245 0.013189
v 0.009849 0.001245 0.013379
v 0.009702 0.001245 0.013634
v 0.009650 0.001245 0.013925
v 0.009702 0.001245 0.014215
v 0.009849 0.001245 0.014471
v 0.010075 0.001245 0.014660
v 0.010353 0.001245 0.014761
v 0.010648 0.001245 0.014761
v 0.010925 0.001245 0.014660
v 0.011151 0.001245 0.014471
v 0.011298 0.001245 0.014215
v -0.010500 -0.004667 -0.014978
v -0.010500 -0.003817 -0.014978
v 0.011282 -0.004667 -0.013624
v 0.010500 -0.004667 -0.013173
v 0.010500 -0.003817 -0.013173
v 0.011282 -0.003817 -0.013624
v 0.011282 -0.004667 -0.014527
v 0.011282 -0.003817 -0.014527
v 0.010500 -0.004667 -0.014978
v 0.010500 -0.003817 -0.014978
v 0.009718 -0.004667 -0.014527
v 0.009718 -0.003817 -0.014527
v 0.009718 -0.004667 -0.013624
v 0.009718 -0.003817 -0.013624
v 0.011299 -0.003647 -0.014366
v 0.011350 -0.003647 -0.014075
v 0.011350 -0.003647 -0.014075
v 0.011299 -0.003647 -0.013785
v 0.011299 -0.003647 -0.013785
v 0.011299 -0.003647 -0.014366
v 0.011151 -0.003647 -0.014622
v 0.011151 -0.003647 -0.013529
v 0.011151 -0.003647 -0.014622
v 0.011151 -0.003647 -0.013529
v 0.010925 -0.003647 -0.014811
v 0.010925 -0.003647 -0.013339
v 0.010925 -0.003647 -0.013339
v 0.010925 -0.003647 -0.014811
v 0.010648 -0.003647 -0.014912
v 0.010648 -0.003647 -0.013238
v 0.010648 -0.003647 -0.013238
v 0.010648 -0.003647 -0.014912
v 0.010352 -0.003647 -0.014912
v 0.010352 -0.003647 -0.013238
v 0.010352 -0.003647 -0.014912
v 0.010352 -0.003647 -0.013238
v 0.010075 -0.003647 -0.014811
v 0.010075 -0.003647 -0.013339
v 0.010075 -0.003647 -0.013339
v 0.010075 -0.003647 -0.014811
v 0.009849 -0.003647 -0.013529
v 0.009849 -0.003647 -0.014622
v 0.009849 -0.003647 -0.013529
v 0.009849 -0.003647 -0.014622
v 0.009701 -0.003647 -0.014366
v 0.009701 -0.003647 -0.013785
v 0.009701 -0.003647 -0.014366
v 0.009701 -0.003647 -0.013785
v 0.009650 -0.003647 -0.014075
v 0.009650 -0.003647 -0.014075
v 0.012186 -0.004667 -0.013660
v 0.012237 -0.004667 -0.014075
v 0.012038 -0.004667 -0.013268
v 0.011800 -0.004667 -0.012924
v 0.011487 -0.004667 -0.012646
v 0.011116 -0.004667 -0.012451
v 0.011800 -0.004667 -0.015227
v 0.012038 -0.004667 -0.014882
v 0.011487 -0.004667 -0.015505
v 0.011116 -0.004667 -0.015699
v 0.010709 -0.004667 -0.015799
v 0.010291 -0.004667 -0.015799
v 0.009884 -0.004667 -0.015699
v 0.009514 -0.004667 -0.015505
v 0.009200 -0.004667 -0.015227
v 0.008962 -0.004667 -0.014882
v 0.008814 -0.004667 -0.014491
v 0.008763 -0.004667 -0.014075
v 0.008814 -0.004667 -0.013660
v 0.008962 -0.004667 -0.013268
v 0.009200 -0.004667 -0.012924
v 0.009514 -0.004667 -0.012646
v 0.009884 -0.004667 -0.012451
v 0.010291 -0.004667 -0.012351
v 0.010709 -0.004667 -0.012351
v 0.012186 -0.004667 -0.014491
v 0.011295 0.001333 -0.013786
v 0.011346 0.001333 -0.014075
v 0.011295 0.001333 -0.014365
v 0.011148 0.001333 -0.014619
v 0.011148 0.001333 -0.013531
v 0.010923 0.001333 -0.014808
v 0.010923 0.001333 -0.013343
v 0.010647 0.001333 -0.014909
v 0.010647 0.001333 -0.013242
v 0.010353 0.001333 -0.014909
v 0.010353 0.001333 -0.013242
v 0.010077 0.001333 -0.014808
v 0.010077 0.001333 -0.013343
v 0.009852 0.001333 -0.014619
v 0.009852 0.001333 -0.013531
v 0.009705 0.001333 -0.013786
v 0.009705 0.001333 -0.014365
v 0.009654 0.001333 -0.014075
v 0.011298 0.001245 -0.014366
v 0.011350 0.001245 -0.014075
v 0.011151 0.001245 -0.014621
v 0.010925 0.001245 -0.014811
v 0.010647 0.001245 -0.014912
v 0.010353 0.001245 -0.014912
v 0.010075 0.001245 -0.014811
v 0.009849 0.001245 -0.014621
v 0.009702 0.001245 -0.014366
v 0.009650 0.001245 -0.014075
v 0.009702 0.001245 -0.013785
v 0.009849 0.001245 -0.013529
v 0.010075 0.001245 -0.013339
v 0.010353 0.001245 -0.013239
v 0.010647 0.001245 -0.013239
v 0.010925 0.001245 -0.013339
v 0.011151 0.001245 -0.013529
v 0.011298 0.001245 -0.013785
v -0.009719 -0.004667 -0.013624
v -0.009719 -0.003817 -0.013624
v -0.009719 -0.004667 -0.014526
v -0.009719 -0.003817 -0.014526
v -0.011116 -0.004667 -0.015699
v -0.010709 -0.004667 -0.015799
v -0.010291 -0.004667 -0.015799
v -0.009884 -0.004667 -0.015699
v -0.011487 -0.004667 -0.015505
v -0.009514 -0.004667 -0.015505
v -0.011800 -0.004667 -0.015227
v -0.009200 -0.004667 -0.015227
v -0.012038 -0.004667 -0.014882
v -0.008962 -0.004667 -0.014882
v -0.008814 -0.004667 -0.014491
v -0.012186 -0.004667 -0.014491
v -0.012237 -0.004667 -0.014075
v -0.008763 -0.004667 -0.014075
v -0.008814 -0.004667 -0.013660
v -0.012186 -0.004667 -0.013660
v -0.008962 -0.004667 -0.013268
v -0.012038 -0.004667 -0.013268
v -0.009200 -0.004667 -0.012924
v -0.011800 -0.004667 -0.012924
v -0.009514 -0.004667 -0.012646
v -0.011487 -0.004667 -0.012646
v -0.009884 -0.004667 -0.012451
v -0.011116 -0.004667 -0.012451
v -0.010709 -0.004667 -0.012351
v -0.010291 -0.004667 -0.012351
v -0.009702 0.001245 -0.014366
v -0.009705 0.001333 -0.014365
v -0.009650 0.001245 -0.014075
v -0.009852 0.001333 -0.014619
v -0.009849 0.001245 -0.014621
v -0.010077 0.001333 -0.014808
v -0.010075 0.001245 -0.014811
v -0.010353 0.001333 -0.014909
v -0.010353 0.001245 -0.014912
v -0.010647 0.001333 -0.014909
v -0.010647 0.001245 -0.014912
v -0.010923 0.001333 -0.014808
v -0.010925 0.001245 -0.014811
v -0.011148 0.001333 -0.014619
v -0.011151 0.001245 -0.014621
v -0.011295 0.001333 -0.014365
v -0.011298 0.001245 -0.014366
v -0.011346 0.001333 -0.014075
v -0.011350 0.001245 -0.014075
v -0.011295 0.001333 -0.013786
v -0.011298 0.001245 -0.013785
v -0.011148 0.001333 -0.013531
v -0.011151 0.001245 -0.013529
v -0.010923 0.001333 -0.013343
v -0.010925 0.001245 -0.013339
v -0.010647 0.001333 -0.013242
v -0.010647 0.001245 -0.013239
v -0.010353 0.001333 -0.013242
v -0.010353 0.001245 -0.013239
v -0.010077 0.001333 -0.013343
v -0.010075 0.001245 -0.013339
v -0.009852 0.001333 -0.013531
v -0.009849 0.001245 -0.013529
v -0.009705 0.001333 -0.013786
v -0.009702 0.001245 -0.013785
v -0.009654 0.001333 -0.014075
v -0.009650 -0.003647 -0.014075
v -0.009701 -0.003647 -0.013785
v -0.009849 -0.003647 -0.013529
v -0.010075 -0.003647 -0.013339
v -0.009849 -0.003647 -0.014622
v -0.010075 -0.003647 -0.014811
v -0.010352 -0.003647 -0.014912
v -0.010648 -0.003647 -0.014912
v -0.010925 -0.003647 -0.014811
v -0.011151 -0.003647 -0.014622
v -0.011299 -0.003647 -0.014366
v -0.011350 -0.003647 -0.014075
v -0.011299 -0.003647 -0.013785
v -0.011151 -0.003647 -0.013529
v -0.010925 -0.003647 -0.013339
v -0.010648 -0.003647 -0.013238
v -0.010352 -0.003647 -0.013238
v -0.009701 -0.003647 -0.014366
v -0.009650 -0.003647 -0.014075
v -0.009701 -0.003647 -0.013785
v -0.009701 -0.003647 -0.014366
v -0.009849 -0.003647 -0.014622
v -0.009849 -0.003647 -0.013529
v -0.010075 -0.003647 -0.013339
v -0.010075 -0.003647 -0.014811
v -0.010352 -0.003647 -0.013238
v -0.010352 -0.003647 -0.014912
v -0.010648 -0.003647 -0.014912
v -0.010648 -0.003647 -0.013238
v -0.010925 -0.003647 -0.014811
v -0.010925 -0.003647 -0.013339
v -0.011151 -0.003647 -0.013529
v -0.011151 -0.003647 -0.014622
v -0.011299 -0.003647 -0.014366
v -0.011299 -0.003647 -0.013785
v -0.011350 -0.003647 -0.014075
v 0.001852 0.005225 -0.001751
v 0.001914 0.005225 -0.001991
v 0.001883 0.005225 -0.002237
v 0.001763 0.005225 -0.002454
v 0.001706 0.005225 -0.001551
v 0.001571 0.005225 -0.002611
v 0.001495 0.005225 -0.001420
v 0.000419 0.005225 -0.003022
v 0.000326 0.005225 -0.001151
v -0.000804 0.005225 -0.003054
v -0.000872 0.005225 -0.001205
v -0.001976 0.005225 -0.002704
v -0.002011 0.005225 -0.001580
v -0.002572 0.005225 -0.001699
v -0.002813 0.005225 0.005283
v -0.002811 0.005225 0.005446
v -0.002794 0.005225 0.005364
v -0.002860 0.005225 0.005514
v -0.002865 0.005225 0.005217
v -0.002934 0.005225 0.005554
v -0.003007 0.005225 -0.002525
v -0.003017 0.005225 0.005560
v -0.003095 0.005225 0.005530
v -0.003140 0.005225 -0.001625
v -0.003651 0.005225 -0.001366
v -0.003969 0.005225 0.003931
v -0.004014 0.005225 -0.002808
v -0.004047 0.005225 -0.000950
v -0.004453 0.005225 0.004479
v -0.004571 0.005225 0.002347
v -0.004598 0.005225 0.000652
v -0.004801 0.005225 -0.003499
v -0.004917 0.005225 -0.003606
v -0.005065 0.005225 -0.003659
v -0.005223 0.005225 -0.003652
v -0.005366 0.005225 -0.003583
v -0.005470 0.005225 -0.003465
v -0.005493 0.005225 0.003113
v -0.006132 0.005225 -0.001881
v -0.006144 0.005225 0.001524
v -0.006362 0.005225 -0.000179
v 0.006408 0.005225 -0.000462
v 0.006468 0.005225 -0.000310
v 0.006454 0.005225 -0.000393
v 0.006336 0.005225 -0.000505
v 0.006253 0.005225 -0.000515
v 0.006236 0.005225 0.001391
v 0.006174 0.005225 -0.000488
v 0.006113 0.005225 -0.000431
v 0.006081 0.005225 -0.000353
v 0.005573 0.005225 0.002975
v 0.005520 0.005225 0.001246
v 0.004523 0.005225 0.004333
v 0.004449 0.005225 0.002559
v 0.003157 0.005225 0.005374
v 0.002995 0.005225 0.003430
v 0.001568 0.005225 0.006025
v 0.001331 0.005225 0.003754
v 0.000774 0.005225 0.003619
v 0.000293 0.005225 0.003307
v -0.000055 0.005225 0.002851
v -0.000135 0.005225 0.006244
v -0.000231 0.005225 0.002306
v -0.000290 0.005225 0.006213
v -0.000294 0.005225 0.004655
v -0.000420 0.005225 0.006124
v -0.000477 0.005225 0.001132
v -0.000499 0.005225 0.005681
v -0.000506 0.005225 0.005991
v -0.000533 0.005225 0.005835
v -0.000553 0.005225 0.003641
v -0.001029 0.005225 0.000067
v -0.001223 0.005225 0.002837
v -0.001846 0.005225 -0.000811
v -0.002065 0.005225 -0.000927
v -0.002112 0.005225 0.001997
v -0.002312 0.005225 -0.000954
v -0.002551 0.005225 -0.000888
v -0.002696 0.005225 0.000923
v -0.002748 0.005225 -0.000738
v -0.002876 0.005225 -0.000525
v -0.002916 0.005225 -0.000281
v 0.005606 0.005225 -0.003231
v 0.005644 0.005225 -0.002924
v 0.005656 0.005225 -0.003081
v 0.005572 0.005225 -0.002783
v 0.005451 0.005225 -0.002681
v 0.005300 0.005225 -0.002634
v 0.004565 0.005225 -0.004597
v 0.004309 0.005225 -0.002298
v 0.003560 0.005225 -0.001568
v 0.003206 0.005225 -0.005646
v 0.003200 0.005225 -0.000585
v 0.002917 0.005225 0.000605
v 0.002879 0.005225 -0.002706
v 0.002848 0.005225 -0.002133
v 0.002716 0.005225 -0.003256
v 0.002628 0.005225 -0.001604
v 0.002278 0.005225 0.001648
v 0.002244 0.005225 -0.001178
v 0.001622 0.005225 -0.006309
v 0.001604 0.005225 -0.004534
v 0.001350 0.005225 -0.000379
v 0.001346 0.005225 0.002440
v 0.001114 0.005225 0.002528
v 0.000866 0.005225 0.002523
v 0.000703 0.005225 0.000632
v 0.000637 0.005225 0.002427
v 0.000460 0.005225 0.002253
v 0.000361 0.005225 0.002026
v 0.000352 0.005225 0.001779
v 0.000123 0.005225 -0.005358
v -0.000079 0.005225 -0.006540
v -0.001550 0.005225 -0.005629
v -0.001782 0.005225 -0.006322
v -0.003216 0.005225 -0.005316
v -0.003299 0.005225 -0.005304
v -0.003371 0.005225 -0.005672
v -0.003379 0.005225 -0.005328
v -0.003436 0.005225 -0.005619
v -0.003441 0.005225 -0.005384
v -0.003473 0.005225 -0.005544
v -0.003475 0.005225 -0.005460
v 0.012445 -0.004917 0.012988
v 0.012445 -0.005425 0.012988
v 0.012659 -0.004917 0.013925
v 0.011846 -0.005425 0.012237
v 0.011846 -0.004917 0.012237
v 0.010980 -0.005425 0.011820
v 0.010980 -0.004917 0.011820
v 0.010020 -0.005425 0.011820
v 0.010020 -0.004917 0.011820
v 0.009154 -0.005425 0.012237
v 0.009154 -0.004917 0.012237
v 0.008555 -0.005425 0.012988
v 0.008555 -0.004917 0.012988
v 0.008341 -0.005425 0.013925
v 0.008341 -0.004917 0.013925
v 0.008555 -0.005425 0.014862
v 0.008555 -0.004917 0.014862
v 0.009154 -0.005425 0.015613
v 0.009154 -0.004917 0.015613
v 0.010020 -0.005425 0.016030
v 0.010020 -0.004917 0.016030
v 0.010980 -0.005425 0.016030
v 0.010980 -0.004917 0.016030
v 0.011846 -0.005425 0.015613
v 0.011846 -0.004917 0.015613
v 0.012445 -0.005425 0.014862
v 0.012445 -0.004917 0.014862
v 0.012659 -0.005425 0.013925
v 0.011335 -0.003685 0.013523
v 0.011427 -0.003685 0.013925
v 0.011078 -0.003685 0.013200
v 0.010706 -0.003685 0.013021
v 0.010294 -0.003685 0.013021
v 0.009922 -0.003685 0.013200
v 0.009665 -0.003685 0.013523
v 0.009573 -0.003685 0.013925
v 0.009665 -0.003685 0.014327
v 0.009922 -0.003685 0.014650
v 0.010294 -0.003685 0.014829
v 0.010706 -0.003685 0.014829
v 0.011078 -0.003685 0.014650
v 0.011335 -0.003685 0.014327
v -0.009665 -0.003685 0.013523
v -0.008555 -0.004917 0.012988
v -0.009573 -0.003685 0.013925
v -0.009154 -0.004917 0.012237
v -0.009922 -0.003685 0.013200
v -0.010020 -0.004917 0.011820
v -0.010294 -0.003685 0.013021
v -0.010980 -0.004917 0.011820
v -0.010706 -0.003685 0.013021
v -0.011846 -0.004917 0.012237
v -0.011078 -0.003685 0.013200
v -0.012445 -0.004917 0.012988
v -0.011335 -0.003685 0.013523
v -0.012659 -0.004917 0.013925
v -0.011427 -0.003685 0.013925
v -0.012445 -0.004917 0.014862
v -0.011335 -0.003685 0.014327
v -0.011846 -0.004917 0.015613
v -0.011078 -0.003685 0.014650
v -0.010980 -0.004917 0.016030
v -0.010706 -0.003685 0.014829
v -0.010020 -0.004917 0.016030
v -0.010294 -0.003685 0.014829
v -0.009154 -0.004917 0.015613
v -0.009922 -0.003685 0.014650
v -0.008555 -0.004917 0.014862
v -0.009665 -0.003685 0.014327
v -0.008341 -0.004917 0.013925
v 0.013150 -0.002425 -0.015150
v 0.013150 -0.002425 0.015050
v 0.013150 -0.003425 0.015050
v 0.013150 -0.003425 -0.015150
v -0.011400 -0.002425 -0.016900
v 0.011400 -0.002425 -0.016900
v 0.011400 -0.003425 -0.016900
v -0.011400 -0.003425 -0.016900
v -0.013150 -0.002425 0.015050
v -0.013150 -0.002425 -0.015150
v -0.013150 -0.003425 -0.015150
v -0.013150 -0.003425 0.015050
v 0.006069 -0.005175 -0.010602
v -0.005738 -0.005175 -0.010663
v 0.005762 -0.005175 -0.010663
v -0.006044 -0.005175 -0.010602
v 0.006328 -0.005175 -0.010428
v -0.006303 -0.005175 -0.010428
v -0.006477 -0.005175 -0.010169
v 0.006502 -0.005175 -0.010169
v -0.006538 -0.005175 -0.009863
v 0.006562 -0.005175 -0.009863
v 0.006562 -0.005175 0.007987
v -0.006538 -0.005175 0.007988
v 0.006502 -0.005175 0.008294
v -0.006477 -0.005175 0.008294
v -0.006303 -0.005175 0.008553
v 0.006328 -0.005175 0.008553
v -0.006044 -0.005175 0.008727
v 0.006069 -0.005175 0.008727
v -0.005737 -0.005175 0.008787
v 0.005763 -0.005175 0.008787
v -0.013017 -0.003425 -0.015820
v -0.013017 -0.002425 -0.015820
v -0.012637 -0.003425 -0.016387
v -0.012637 -0.002425 -0.016387
v -0.012070 -0.003425 -0.016767
v -0.012070 -0.002425 -0.016767
v -0.011400 -0.003425 0.016800
v -0.011400 -0.002425 0.016800
v -0.012070 -0.003425 0.016667
v -0.012070 -0.002425 0.016667
v -0.012637 -0.003425 0.016287
v -0.012637 -0.002425 0.016287
v -0.013017 -0.003425 0.015720
v -0.013017 -0.002425 0.015720
v 0.011400 -0.002425 0.016800
v 0.011400 -0.003425 0.016800
v 0.013017 -0.003425 0.015720
v 0.013017 -0.002425 0.015720
v 0.012637 -0.003425 0.016287
v 0.012637 -0.002425 0.016287
v 0.012070 -0.003425 0.016667
v 0.012070 -0.002425 0.016667
v 0.012070 -0.003425 -0.016767
v 0.012070 -0.002425 -0.016767
v 0.012637 -0.003425 -0.016387
v 0.012637 -0.002425 -0.016387
v 0.013017 -0.003425 -0.015820
v 0.013017 -0.002425 -0.015820
v -0.011335 -0.003425 0.014327
v -0.011427 -0.003425 0.013925
v -0.011078 -0.003425 0.014650
v -0.010706 -0.003425 0.014829
v -0.010294 -0.003425 0.014829
v -0.009922 -0.003425 0.014650
v -0.009665 -0.003425 0.014327
v -0.009573 -0.003425 0.013925
v -0.009665 -0.003425 0.013523
v -0.009922 -0.003425 0.013200
v -0.010294 -0.003425 0.013021
v -0.010706 -0.003425 0.013021
v -0.011078 -0.003425 0.013200
v -0.011335 -0.003425 0.013523
v 0.009665 -0.003425 0.014327
v 0.009573 -0.003425 0.013925
v 0.009922 -0.003425 0.014650
v 0.010294 -0.003425 0.014829
v 0.010706 -0.003425 0.014829
v 0.011078 -0.003425 0.014650
v 0.011335 -0.003425 0.014327
v 0.011427 -0.003425 0.013925
v 0.011335 -0.003425 0.013523
v 0.011078 -0.003425 0.013200
v 0.010706 -0.003425 0.013021
v 0.010294 -0.003425 0.013021
v 0.009922 -0.003425 0.013200
v 0.009665 -0.003425 0.013523
v 0.006762 -0.005375 -0.009863
v 0.006762 -0.005375 0.007987
v 0.006747 -0.005298 -0.009863
v 0.006747 -0.005298 0.007987
v 0.006704 -0.005234 -0.009863
v 0.006704 -0.005234 0.007987
v 0.006639 -0.005190 0.007987
v 0.006639 -0.005190 -0.009863
v 0.005762 -0.005375 -0.010863
v -0.005738 -0.005375 -0.010863
v -0.005738 -0.005425 -0.010863
v 0.005762 -0.005425 -0.010863
v -0.006120 -0.005425 -0.010786
v -0.006120 -0.005375 -0.010786
v -0.006445 -0.005425 -0.010570
v -0.006445 -0.005375 -0.010570
v -0.006661 -0.005425 -0.010245
v -0.006661 -0.005375 -0.010245
v -0.006738 -0.005425 -0.009863
v -0.006738 -0.005375 -0.009863
v -0.006738 -0.005375 0.007988
v -0.006738 -0.005425 0.007988
v -0.006661 -0.005425 0.008370
v -0.006661 -0.005375 0.008370
v -0.006445 -0.005425 0.008695
v -0.006445 -0.005375 0.008695
v -0.006120 -0.005425 0.008911
v -0.006120 -0.005375 0.008911
v -0.005737 -0.005425 0.008988
v -0.005737 -0.005375 0.008988
v 0.005763 -0.005375 0.008987
v 0.005763 -0.005425 0.008987
v 0.006762 -0.005425 -0.009863
v 0.006686 -0.005425 -0.010245
v 0.006686 -0.005375 -0.010245
v 0.006470 -0.005425 -0.010570
v 0.006470 -0.005375 -0.010570
v 0.006145 -0.005425 -0.010786
v 0.006145 -0.005375 -0.010786
v 0.005762 -0.005190 -0.010739
v -0.005738 -0.005190 -0.010739
v -0.005738 -0.005234 -0.010804
v 0.005762 -0.005234 -0.010804
v 0.005762 -0.005298 -0.010847
v -0.005738 -0.005298 -0.010847
v -0.006589 -0.005185 -0.009997
v -0.006505 -0.005185 -0.010254
v -0.006644 -0.005213 -0.010006
v -0.006555 -0.005213 -0.010279
v -0.006386 -0.005213 -0.010511
v -0.006347 -0.005185 -0.010472
v -0.006595 -0.005257 -0.010299
v -0.006688 -0.005257 -0.010013
v -0.006716 -0.005313 -0.010017
v -0.006620 -0.005313 -0.010312
v -0.006722 -0.005298 -0.009863
v -0.006679 -0.005234 -0.009863
v -0.006438 -0.005313 -0.010563
v -0.006187 -0.005313 -0.010745
v -0.006174 -0.005257 -0.010720
v -0.005892 -0.005313 -0.010841
v -0.005888 -0.005257 -0.010813
v -0.005881 -0.005213 -0.010769
v -0.006154 -0.005213 -0.010680
v -0.005872 -0.005185 -0.010714
v -0.006129 -0.005185 -0.010630
v -0.006614 -0.005190 -0.009863
v -0.006418 -0.005257 -0.010543
v -0.006614 -0.005190 0.007988
v -0.006679 -0.005234 0.007988
v -0.006722 -0.005298 0.007988
v -0.005872 -0.005185 0.008839
v -0.006129 -0.005185 0.008755
v -0.005881 -0.005213 0.008894
v -0.006154 -0.005213 0.008805
v -0.006386 -0.005213 0.008636
v -0.006347 -0.005185 0.008597
v -0.006174 -0.005257 0.008844
v -0.005888 -0.005257 0.008938
v -0.005892 -0.005313 0.008966
v -0.006187 -0.005313 0.008870
v -0.005737 -0.005298 0.008972
v -0.005737 -0.005234 0.008929
v -0.006438 -0.005313 0.008688
v -0.006620 -0.005313 0.008437
v -0.006595 -0.005257 0.008424
v -0.006716 -0.005313 0.008142
v -0.006688 -0.005257 0.008138
v -0.006644 -0.005213 0.008131
v -0.006555 -0.005213 0.008404
v -0.006589 -0.005185 0.008122
v -0.006505 -0.005185 0.008379
v -0.005737 -0.005190 0.008864
v -0.006418 -0.005257 0.008668
v 0.005763 -0.005190 0.008864
v 0.005763 -0.005234 0.008929
v 0.005763 -0.005298 0.008972
v 0.006145 -0.005425 0.008911
v 0.006145 -0.005375 0.008911
v 0.006470 -0.005425 0.008695
v 0.006470 -0.005375 0.008695
v 0.006686 -0.005425 0.008370
v 0.006686 -0.005375 0.008370
v 0.006762 -0.005425 0.007987
v 0.005897 -0.005185 -0.010714
v 0.006154 -0.005185 -0.010630
v 0.005906 -0.005213 -0.010769
v 0.006179 -0.005213 -0.010680
v 0.006411 -0.005213 -0.010511
v 0.006372 -0.005185 -0.010472
v 0.006199 -0.005257 -0.010720
v 0.005913 -0.005257 -0.010813
v 0.005917 -0.005313 -0.010841
v 0.006212 -0.005313 -0.010745
v 0.006463 -0.005313 -0.010563
v 0.006645 -0.005313 -0.010312
v 0.006619 -0.005257 -0.010299
v 0.006740 -0.005313 -0.010017
v 0.006712 -0.005257 -0.010013
v 0.006669 -0.005213 -0.010006
v 0.006580 -0.005213 -0.010279
v 0.006614 -0.005185 -0.009997
v 0.006530 -0.005185 -0.010254
v 0.006443 -0.005257 -0.010543
v 0.006614 -0.005185 0.008122
v 0.006530 -0.005185 0.008379
v 0.006669 -0.005213 0.008131
v 0.006580 -0.005213 0.008404
v 0.006411 -0.005213 0.008636
v 0.006372 -0.005185 0.008597
v 0.006619 -0.005257 0.008424
v 0.006713 -0.005257 0.008138
v 0.006741 -0.005313 0.008142
v 0.006645 -0.005313 0.008437
v 0.006463 -0.005313 0.008688
v 0.006212 -0.005313 0.008870
v 0.006199 -0.005257 0.008844
v 0.005917 -0.005313 0.008966
v 0.005913 -0.005257 0.008938
v 0.005906 -0.005213 0.008894
v 0.006179 -0.005213 0.008805
v 0.005897 -0.005185 0.008839
v 0.006154 -0.005185 0.008755
v 0.006443 -0.005257 0.008668
v 0.012650 -0.002425 -0.015200
v 0.012650 -0.002425 0.015100
v 0.012574 -0.002425 -0.015583
v 0.012574 -0.002425 0.015483
v 0.012357 -0.002425 0.015807
v 0.012357 -0.002425 -0.015907
v 0.012033 -0.002425 0.016024
v 0.012033 -0.002425 -0.016124
v 0.011650 -0.002425 0.016100
v 0.011650 -0.002425 -0.016200
v -0.011650 -0.002425 0.016100
v -0.011650 -0.002425 -0.016200
v -0.012033 -0.002425 -0.016124
v -0.012033 -0.002425 0.016024
v -0.012357 -0.002425 0.015807
v -0.012357 -0.002425 -0.015907
v -0.012574 -0.002425 0.015483
v -0.012574 -0.002425 -0.015583
v -0.012650 -0.002425 0.015100
v -0.012650 -0.002425 -0.015200
v 0.011650 -0.003425 0.016100
v -0.011650 -0.003425 0.016100
v -0.012650 -0.003425 0.015100
v -0.012574 -0.003425 0.015483
v -0.012357 -0.003425 0.015807
v -0.012033 -0.003425 0.016024
v -0.012650 -0.003425 -0.015200
v -0.011650 -0.003425 -0.016200
v -0.012033 -0.003425 -0.016124
v -0.012357 -0.003425 -0.015907
v -0.012574 -0.003425 -0.015583
v 0.011650 -0.003425 -0.016200
v 0.012650 -0.003425 -0.015200
v 0.012574 -0.003425 -0.015583
v 0.012357 -0.003425 -0.015907
v 0.012033 -0.003425 -0.016124
v 0.012650 -0.003425 0.015100
v 0.012033 -0.003425 0.016024
v 0.012357 -0.003425 0.015807
v 0.012574 -0.003425 0.015483
v 0.012445 -0.004917 -0.015012
v 0.012445 -0.005425 -0.015012
v 0.012659 -0.004917 -0.014075
v 0.011846 -0.005425 -0.015763
v 0.011846 -0.004917 -0.015763
v 0.010980 -0.005425 -0.016180
v 0.010980 -0.004917 -0.016180
v 0.010020 -0.005425 -0.016180
v 0.010020 -0.004917 -0.016180
v 0.009154 -0.005425 -0.015763
v 0.009154 -0.004917 -0.015763
v 0.008555 -0.005425 -0.015012
v 0.008555 -0.004917 -0.015012
v 0.008341 -0.005425 -0.014075
v 0.008341 -0.004917 -0.014075
v 0.008555 -0.005425 -0.013138
v 0.008555 -0.004917 -0.013138
v 0.009154 -0.005425 -0.012387
v 0.009154 -0.004917 -0.012387
v 0.010020 -0.005425 -0.011970
v 0.010020 -0.004917 -0.011970
v 0.010980 -0.005425 -0.011970
v 0.010980 -0.004917 -0.011970
v 0.011846 -0.005425 -0.012387
v 0.011846 -0.004917 -0.012387
v 0.012445 -0.005425 -0.013138
v 0.012445 -0.004917 -0.013138
v 0.012659 -0.005425 -0.014075
v 0.011335 -0.003685 -0.014477
v 0.011427 -0.003685 -0.014075
v 0.011078 -0.003685 -0.014800
v 0.010706 -0.003685 -0.014979
v 0.010294 -0.003685 -0.014979
v 0.009922 -0.003685 -0.014800
v 0.009665 -0.003685 -0.014477
v 0.009573 -0.003685 -0.014075
v 0.009665 -0.003685 -0.013673
v 0.009922 -0.003685 -0.013350
v 0.010294 -0.003685 -0.013171
v 0.010706 -0.003685 -0.013171
v 0.011078 -0.003685 -0.013350
v 0.011335 -0.003685 -0.013673
v 0.013350 -0.003425 -0.015100
v 0.013350 -0.001725 -0.015100
v 0.013202 -0.003425 -0.015846
v 0.013202 -0.001725 -0.015846
v 0.012779 -0.003425 -0.016479
v 0.012779 -0.001725 -0.016479
v 0.012146 -0.003425 -0.016902
v 0.012146 -0.001725 -0.016902
v 0.011400 -0.003425 -0.017050
v 0.011400 -0.001725 -0.017050
v 0.013350 -0.001725 0.015100
v 0.013350 -0.003425 0.015100
v 0.011400 -0.003425 0.017050
v 0.011400 -0.001725 0.017050
v 0.012146 -0.003425 0.016902
v 0.012146 -0.001725 0.016902
v 0.012779 -0.003425 0.016479
v 0.012779 -0.001725 0.016479
v 0.013202 -0.003425 0.015846
v 0.013202 -0.001725 0.015846
v -0.013350 -0.003425 0.015100
v -0.013350 -0.001725 0.015100
v -0.013202 -0.003425 0.015846
v -0.013202 -0.001725 0.015846
v -0.012779 -0.003425 0.016479
v -0.012779 -0.001725 0.016479
v -0.012146 -0.003425 0.016902
v -0.012146 -0.001725 0.016902
v -0.011400 -0.003425 0.017050
v -0.011400 -0.001725 0.017050
v -0.013350 -0.001725 -0.015100
v -0.013350 -0.003425 -0.015100
v -0.011400 -0.003425 -0.017050
v -0.011400 -0.001725 -0.017050
v -0.012146 -0.003425 -0.016902
v -0.012146 -0.001725 -0.016902
v -0.012779 -0.003425 -0.016479
v -0.012779 -0.001725 -0.016479
v -0.013202 -0.003425 -0.015846
v -0.013202 -0.001725 -0.015846
v 0.004128 -0.001725 0.017050
v 0.004128 -0.001725 0.016400
v 0.008800 -0.001725 0.016400
v 0.008800 -0.001725 -0.016400
v -0.008800 -0.001725 -0.016400
v 0.010313 -0.001725 -0.014805
v -0.010331 -0.001725 -0.014805
v -0.010687 -0.001725 -0.014805
v 0.010669 -0.001725 -0.014805
v -0.010010 -0.001725 -0.014650
v -0.011008 -0.001725 -0.014650
v 0.010990 -0.001725 -0.014651
v 0.009992 -0.001725 -0.014651
v -0.011230 -0.001725 -0.014372
v -0.009788 -0.001725 -0.014372
v 0.011212 -0.001725 -0.014372
v 0.009770 -0.001725 -0.014372
v 0.008800 -0.001725 -0.014200
v -0.008800 -0.001725 -0.014200
v 0.011291 -0.001725 -0.014025
v -0.011309 -0.001725 -0.014025
v 0.009691 -0.001725 -0.014025
v -0.009709 -0.001725 -0.014025
v 0.009770 -0.001725 -0.013678
v 0.011212 -0.001725 -0.013678
v -0.011230 -0.001725 -0.013678
v -0.009788 -0.001725 -0.013678
v -0.008952 -0.001725 -0.013435
v 0.008952 -0.001725 -0.013435
v -0.010010 -0.001725 -0.013399
v 0.009992 -0.001725 -0.013400
v -0.011008 -0.001725 -0.013399
v 0.010990 -0.001725 -0.013400
v -0.010331 -0.001725 -0.013245
v 0.010313 -0.001725 -0.013245
v -0.009386 -0.001725 -0.012786
v -0.010687 -0.001725 -0.013245
v 0.009386 -0.001725 -0.012786
v 0.010669 -0.001725 -0.013245
v 0.010035 -0.001725 -0.012352
v -0.010035 -0.001725 -0.012352
v -0.010800 -0.001725 -0.012200
v 0.012691 -0.001725 -0.012200
v 0.010800 -0.001725 -0.012200
v -0.012691 -0.001725 -0.012200
v 0.012691 -0.001725 0.012400
v -0.012691 -0.001725 0.012400
v -0.010035 -0.001725 0.012552
v -0.010800 -0.001725 0.012400
v 0.009386 -0.001725 0.012986
v 0.010035 -0.001725 0.012552
v -0.009386 -0.001725 0.012986
v 0.010669 -0.001725 0.013195
v -0.010687 -0.001725 0.013195
v -0.010331 -0.001725 0.013195
v 0.010313 -0.001725 0.013195
v 0.009992 -0.001725 0.013349
v -0.010010 -0.001725 0.013349
v -0.011008 -0.001725 0.013349
v 0.010990 -0.001725 0.013349
v -0.009788 -0.001725 0.013628
v 0.011212 -0.001725 0.013628
v -0.011230 -0.001725 0.013628
v 0.009770 -0.001725 0.013628
v 0.008952 -0.001725 0.013635
v -0.008952 -0.001725 0.013635
v -0.009709 -0.001725 0.013975
v 0.009691 -0.001725 0.013975
v 0.011291 -0.001725 0.013975
v -0.011309 -0.001725 0.013975
v -0.011230 -0.001725 0.014322
v -0.009788 -0.001725 0.014322
v 0.009770 -0.001725 0.014322
v 0.011212 -0.001725 0.014322
v -0.008800 -0.001725 0.014400
v 0.008800 -0.001725 0.014400
v -0.010010 -0.001725 0.014600
v 0.009992 -0.001725 0.014600
v -0.010331 -0.001725 0.014755
v 0.010313 -0.001725 0.014755
v -0.010687 -0.001725 0.014755
v -0.011008 -0.001725 0.014600
v 0.010669 -0.001725 0.014755
v 0.010990 -0.001725 0.014600
v -0.008800 -0.001725 0.016400
v -0.004128 -0.001725 0.016400
v -0.004128 -0.001725 0.017050
v 0.010800 -0.001725 0.012400
v 0.003916 -0.001835 0.017050
v -0.003916 -0.001835 0.017050
v -0.003687 -0.001902 0.017050
v 0.003688 -0.001902 0.017050
v 0.003450 -0.001925 0.017050
v -0.003450 -0.001925 0.017050
v -0.012691 0.001395 -0.012200
v -0.012691 0.001395 0.012400
v 0.012691 0.001395 0.012400
v 0.012691 0.001395 -0.012200
v 0.008181 0.002863 0.016400
v -0.007868 0.002875 0.016400
v 0.007868 0.002875 0.016400
v -0.008181 0.002863 0.016400
v -0.008493 0.002826 0.016400
v 0.008493 0.002826 0.016400
v 0.008800 0.002765 0.016400
v -0.008800 0.002765 0.016400
v 0.003450 0.001625 0.016400
v -0.003450 0.001625 0.016400
v 0.003928 0.001530 0.016400
v -0.003928 0.001530 0.016400
v 0.004334 0.001259 0.016400
v -0.004334 0.001259 0.016400
v 0.004605 0.000853 0.016400
v -0.004605 0.000853 0.016400
v -0.004700 0.000375 0.016400
v 0.004700 0.000375 0.016400
v 0.004700 -0.000675 0.016400
v -0.004700 -0.000675 0.016400
v -0.004632 -0.001083 0.016400
v 0.004632 -0.001083 0.016400
v -0.004434 -0.001446 0.016400
v 0.004434 -0.001446 0.016400
v 0.013102 -0.003425 -0.018179
v -0.012241 -0.003425 -0.018350
v 0.012241 -0.003425 -0.018350
v -0.013102 -0.003425 -0.018179
v 0.013832 -0.003425 -0.017691
v -0.013832 -0.003425 -0.017691
v -0.014320 -0.003425 -0.016961
v 0.014320 -0.003425 -0.016961
v 0.014491 -0.003425 -0.016100
v -0.014491 -0.003425 -0.016100
v -0.014491 -0.003425 0.016100
v 0.014491 -0.003425 0.016100
v 0.014320 -0.003425 0.016961
v -0.014320 -0.003425 0.016961
v -0.013832 -0.003425 0.017691
v 0.013832 -0.003425 0.017691
v 0.013102 -0.003425 0.018179
v -0.013102 -0.003425 0.018179
v -0.012241 -0.003425 0.018350
v 0.012241 -0.003425 0.018350
v -0.000000 0.003875 -0.011906
v -0.007868 0.003875 -0.015400
v 0.007868 0.003875 -0.015400
v -0.002255 0.003875 -0.011683
v 0.002254 0.003875 -0.011683
v -0.004422 0.003875 -0.011023
v 0.004422 0.003875 -0.011023
v -0.006418 0.003875 -0.009952
v 0.006418 0.003875 -0.009952
v -0.006466 0.003875 -0.009907
v 0.006465 0.003875 -0.009907
v -0.006496 0.003875 -0.009850
v 0.006496 0.003875 -0.009850
v 0.006507 0.003875 -0.009786
v -0.006507 0.003875 -0.009786
v 0.006507 0.003875 -0.009626
v 0.007468 0.003875 -0.009626
v -0.007471 0.003875 -0.009626
v -0.006507 0.003875 -0.009626
v -0.007611 0.003875 -0.009612
v 0.007609 0.003875 -0.009612
v -0.007745 0.003875 -0.009571
v 0.007744 0.003875 -0.009570
v -0.007868 0.003875 -0.009503
v 0.007868 0.003875 -0.009501
v -0.005644 0.005425 -0.009206
v -0.005644 0.005025 -0.009206
v -0.005694 0.005425 -0.009329
v -0.005694 0.005025 -0.009329
v -0.005691 0.005425 -0.009461
v -0.005691 0.005025 -0.009461
v -0.005636 0.005425 -0.009582
v -0.005636 0.005025 -0.009582
v -0.005538 0.005425 -0.009672
v -0.005538 0.005025 -0.009672
v -0.003429 0.005425 -0.010641
v -0.003429 0.005025 -0.010641
v -0.001161 0.005425 -0.011137
v -0.001161 0.005025 -0.011137
v 0.001161 0.005425 -0.011137
v 0.001161 0.005025 -0.011137
v 0.003429 0.005425 -0.010641
v 0.003429 0.005025 -0.010641
v 0.005539 0.005425 -0.009672
v 0.005539 0.005025 -0.009672
v 0.005637 0.005025 -0.009582
v 0.005637 0.005425 -0.009582
v 0.005691 0.005025 -0.009461
v 0.005691 0.005425 -0.009461
v 0.005694 0.005425 -0.009329
v 0.005694 0.005025 -0.009329
v 0.005645 0.005025 -0.009206
v 0.005645 0.005425 -0.009206
v -0.005367 0.005025 -0.008789
v -0.005367 0.005425 -0.008789
v -0.004924 0.005425 -0.008688
v -0.004924 0.005025 -0.008688
v -0.005041 0.005425 -0.008646
v -0.005041 0.005025 -0.008646
v -0.005166 0.005425 -0.008650
v -0.005166 0.005025 -0.008650
v -0.005280 0.005425 -0.008700
v -0.005280 0.005025 -0.008700
v 0.004924 0.005425 -0.008688
v 0.004924 0.005025 -0.008688
v 0.003048 0.005425 -0.009546
v 0.003048 0.005025 -0.009546
v 0.001032 0.005425 -0.009985
v 0.001032 0.005025 -0.009985
v -0.001031 0.005425 -0.009985
v -0.001031 0.005025 -0.009985
v -0.003047 0.005425 -0.009546
v -0.003047 0.005025 -0.009546
v 0.005368 0.005425 -0.008789
v 0.005368 0.005025 -0.008789
v 0.005281 0.005425 -0.008700
v 0.005281 0.005025 -0.008700
v 0.005166 0.005425 -0.008650
v 0.005166 0.005025 -0.008650
v 0.005042 0.005425 -0.008646
v 0.005042 0.005025 -0.008646
v -0.010928 0.004940 -0.016100
v -0.012976 0.004062 -0.016100
v -0.012976 0.004062 0.016100
v -0.010928 0.004940 0.016100
v 0.014491 0.001764 0.016100
v 0.014491 0.001764 -0.016100
v 0.014304 0.002712 0.016100
v 0.014304 0.002712 -0.016100
v 0.013773 0.003518 0.016100
v 0.013773 0.003518 -0.016100
v 0.012976 0.004062 0.016100
v 0.012976 0.004062 -0.016100
v 0.010990 0.003255 -0.014651
v 0.010313 0.003255 -0.014805
v 0.010669 0.003255 -0.014805
v 0.009992 0.003255 -0.014651
v 0.009770 0.003255 -0.014372
v 0.011212 0.003255 -0.014372
v 0.009691 0.003255 -0.014025
v 0.011291 0.003255 -0.014025
v 0.011212 0.003255 -0.013678
v 0.009770 0.003255 -0.013678
v 0.010990 0.003255 -0.013400
v 0.009992 0.003255 -0.013400
v 0.010669 0.003255 -0.013245
v 0.010313 0.003255 -0.013245
v 0.009665 -0.003425 -0.013673
v 0.009573 -0.003425 -0.014075
v 0.009922 -0.003425 -0.013350
v 0.010294 -0.003425 -0.013171
v 0.010706 -0.003425 -0.013171
v 0.011078 -0.003425 -0.013350
v 0.011335 -0.003425 -0.013673
v 0.011427 -0.003425 -0.014075
v 0.011335 -0.003425 -0.014477
v 0.011078 -0.003425 -0.014800
v 0.010706 -0.003425 -0.014979
v 0.010294 -0.003425 -0.014979
v 0.009922 -0.003425 -0.014800
v 0.009665 -0.003425 -0.014477
v -0.010010 0.003255 -0.014650
v -0.010687 0.003255 -0.014805
v -0.010331 0.003255 -0.014805
v -0.011008 0.003255 -0.014650
v -0.011230 0.003255 -0.014372
v -0.009788 0.003255 -0.014372
v -0.011309 0.003255 -0.014025
v -0.009709 0.003255 -0.014025
v -0.009788 0.003255 -0.013678
v -0.011230 0.003255 -0.013678
v -0.010010 0.003255 -0.013399
v -0.011008 0.003255 -0.013399
v -0.010331 0.003255 -0.013245
v -0.010687 0.003255 -0.013245
v -0.008555 -0.004917 -0.015012
v -0.008555 -0.005425 -0.015012
v -0.008341 -0.004917 -0.014075
v -0.009154 -0.005425 -0.015763
v -0.009154 -0.004917 -0.015763
v -0.010020 -0.005425 -0.016180
v -0.010020 -0.004917 -0.016180
v -0.010980 -0.005425 -0.016180
v -0.010980 -0.004917 -0.016180
v -0.011846 -0.005425 -0.015763
v -0.011846 -0.004917 -0.015763
v -0.012445 -0.005425 -0.015012
v -0.012445 -0.004917 -0.015012
v -0.012659 -0.005425 -0.014075
v -0.012659 -0.004917 -0.014075
v -0.012445 -0.005425 -0.013138
v -0.012445 -0.004917 -0.013138
v -0.011846 -0.005425 -0.012387
v -0.011846 -0.004917 -0.012387
v -0.010980 -0.005425 -0.011970
v -0.010980 -0.004917 -0.011970
v -0.010020 -0.005425 -0.011970
v -0.010020 -0.004917 -0.011970
v -0.009154 -0.005425 -0.012387
v -0.009154 -0.004917 -0.012387
v -0.008555 -0.005425 -0.013138
v -0.008555 -0.004917 -0.013138
v -0.008341 -0.005425 -0.014075
v -0.001599 0.003875 -0.003406
v -0.007611 0.003875 -0.005908
v -0.007471 0.003875 -0.005894
v -0.007745 0.003875 -0.005949
v -0.003509 0.003875 -0.005894
v 0.001599 0.003875 -0.003406
v 0.007456 0.003875 -0.005894
v 0.007602 0.003875 -0.005909
v 0.007741 0.003875 -0.005954
v 0.003509 0.003875 -0.005894
v -0.007868 0.003875 0.015400
v 0.007868 0.003875 -0.006028
v -0.007868 0.003875 -0.006017
v 0.007868 0.003875 0.015400
v 0.004449 0.005425 0.002559
v 0.005520 0.005425 0.001246
v 0.006081 0.005425 -0.000353
v 0.006113 0.005425 -0.000431
v 0.003200 0.005425 -0.000585
v 0.006174 0.005425 -0.000488
v 0.006253 0.005425 -0.000515
v 0.002995 0.005425 0.003430
v 0.002917 0.005425 0.000605
v 0.002716 0.005425 -0.003256
v 0.002848 0.005425 -0.002133
v 0.002879 0.005425 -0.002706
v 0.002628 0.005425 -0.001604
v 0.002278 0.005425 0.001648
v 0.002244 0.005425 -0.001178
v 0.001914 0.005425 -0.001991
v 0.001883 0.005425 -0.002237
v 0.001852 0.005425 -0.001751
v 0.001763 0.005425 -0.002454
v 0.001706 0.005425 -0.001551
v 0.001571 0.005425 -0.002611
v 0.001495 0.005425 -0.001420
v 0.001350 0.005425 -0.000379
v 0.001346 0.005425 0.002440
v 0.001331 0.005425 0.003754
v 0.001114 0.005425 0.002528
v 0.000866 0.005425 0.002523
v 0.000774 0.005425 0.003619
v 0.000703 0.005425 0.000632
v 0.000637 0.005425 0.002427
v 0.000460 0.005425 0.002253
v 0.000419 0.005425 -0.003022
v 0.000361 0.005425 0.002026
v 0.000326 0.005425 -0.001151
v 0.000352 0.005425 0.001779
v 0.000293 0.005425 0.003307
v -0.000055 0.005425 0.002851
v -0.000231 0.005425 0.002306
v -0.000477 0.005425 0.001132
v -0.000804 0.005425 -0.003054
v -0.001029 0.005425 0.000067
v -0.001846 0.005425 -0.000811
v -0.002065 0.005425 -0.000927
v -0.002312 0.005425 -0.000954
v 0.006468 0.005425 -0.000310
v 0.008565 0.005425 0.016100
v 0.008565 0.005425 -0.016100
v 0.006454 0.005425 -0.000393
v 0.006408 0.005425 -0.000462
v 0.006336 0.005425 -0.000505
v 0.006236 0.005425 0.001391
v 0.005656 0.005425 -0.003081
v 0.005644 0.005425 -0.002924
v 0.005606 0.005425 -0.003231
v 0.005573 0.005425 0.002975
v 0.005572 0.005425 -0.002783
v 0.005451 0.005425 -0.002681
v 0.005300 0.005425 -0.002634
v 0.004565 0.005425 -0.004597
v 0.004523 0.005425 0.004333
v 0.004309 0.005425 -0.002298
v 0.003560 0.005425 -0.001568
v 0.003206 0.005425 -0.005646
v 0.003157 0.005425 0.005374
v 0.001622 0.005425 -0.006309
v 0.001568 0.005425 0.006025
v -0.000079 0.005425 -0.006540
v -0.000135 0.005425 0.006244
v -0.000290 0.005425 0.006213
v -0.000420 0.005425 0.006124
v -0.000533 0.005425 0.005835
v -0.000499 0.005425 0.005681
v -0.000294 0.005425 0.004655
v -0.000553 0.005425 0.003641
v -0.001223 0.005425 0.002837
v -0.000506 0.005425 0.005991
v -0.001550 0.005425 -0.005629
v 0.001604 0.005425 -0.004534
v 0.000123 0.005425 -0.005358
v -0.001782 0.005425 -0.006322
v -0.002112 0.005425 0.001997
v -0.000872 0.005425 -0.001205
v -0.002011 0.005425 -0.001580
v -0.002551 0.005425 -0.000888
v -0.002572 0.005425 -0.001699
v -0.002696 0.005425 0.000923
v -0.002748 0.005425 -0.000738
v -0.002794 0.005425 0.005364
v -0.002811 0.005425 0.005446
v -0.002813 0.005425 0.005283
v -0.002860 0.005425 0.005514
v -0.002865 0.005425 0.005217
v -0.002876 0.005425 -0.000525
v -0.002916 0.005425 -0.000281
v -0.002934 0.005425 0.005554
v -0.003017 0.005425 0.005560
v -0.003095 0.005425 0.005530
v -0.003140 0.005425 -0.001625
v -0.003216 0.005425 -0.005316
v -0.003299 0.005425 -0.005304
v -0.003371 0.005425 -0.005672
v -0.003436 0.005425 -0.005619
v -0.003473 0.005425 -0.005544
v -0.003651 0.005425 -0.001366
v -0.003969 0.005425 0.003931
v -0.004047 0.005425 -0.000950
v -0.004453 0.005425 0.004479
v -0.004571 0.005425 0.002347
v -0.004598 0.005425 0.000652
v -0.003441 0.005425 -0.005384
v -0.003475 0.005425 -0.005460
v -0.005065 0.005425 -0.003659
v -0.003379 0.005425 -0.005328
v -0.005223 0.005425 -0.003652
v -0.005366 0.005425 -0.003583
v -0.005470 0.005425 -0.003465
v -0.006132 0.005425 -0.001881
v -0.006362 0.005425 -0.000179
v -0.008565 0.005425 0.016100
v -0.006144 0.005425 0.001524
v -0.005493 0.005425 0.003113
v -0.008565 0.005425 -0.016100
v -0.001976 0.005425 -0.002704
v -0.003007 0.005425 -0.002525
v -0.004014 0.005425 -0.002808
v -0.004801 0.005425 -0.003499
v -0.004917 0.005425 -0.003606
v -0.009372 0.005370 0.016100
v -0.009372 0.005370 -0.016100
v -0.010165 0.005208 -0.016100
v -0.010165 0.005208 0.016100
v 0.008800 0.003708 -0.015786
v 0.008800 0.003787 -0.014200
v 0.008800 0.003787 -0.015400
v 0.008800 0.003485 -0.016111
v 0.008800 0.003153 -0.016326
v 0.008800 0.002765 -0.016400
v 0.010928 0.004940 -0.016100
v 0.010928 0.004940 0.016100
v -0.008800 0.003153 -0.016326
v -0.008800 0.002765 -0.016400
v -0.008800 0.003485 -0.016111
v -0.008800 0.003708 -0.015786
v -0.008800 0.003787 -0.015400
v -0.008800 0.003787 -0.014200
v 0.010990 0.003255 0.013349
v 0.010313 0.003255 0.013195
v 0.010669 0.003255 0.013195
v 0.009992 0.003255 0.013349
v 0.009770 0.003255 0.013628
v 0.011212 0.003255 0.013628
v 0.009691 0.003255 0.013975
v 0.011291 0.003255 0.013975
v 0.011212 0.003255 0.014322
v 0.009770 0.003255 0.014322
v 0.010990 0.003255 0.014600
v 0.009992 0.003255 0.014600
v 0.010669 0.003255 0.014755
v 0.010313 0.003255 0.014755
v 0.010165 0.005208 0.016100
v 0.010165 0.005208 -0.016100
v 0.009372 0.005370 -0.016100
v 0.009372 0.005370 0.016100
v -0.013773 0.003518 0.016100
v -0.013773 0.003518 -0.016100
v -0.014304 0.002712 0.016100
v -0.014304 0.002712 -0.016100
v -0.014491 0.001764 0.016100
v -0.014491 0.001764 -0.016100
v 0.008181 0.003865 0.015400
v 0.007986 0.003874 -0.006137
v 0.008078 0.003871 -0.006273
v 0.008136 0.003868 -0.006429
v 0.008156 0.003867 -0.006590
v 0.008168 0.003866 -0.008923
v 0.008181 0.003865 -0.015400
v 0.008149 0.003867 -0.009089
v 0.008089 0.003870 -0.009251
v 0.007992 0.003873 -0.009391
v 0.008491 0.003836 0.015400
v 0.008491 0.003836 -0.015400
v 0.008800 0.003787 0.015400
v 0.008800 0.003787 0.014400
v 0.008902 0.003767 0.013769
v 0.008902 0.003767 -0.013569
v 0.009202 0.003694 -0.012998
v 0.009202 0.003694 0.013198
v 0.009640 0.003551 0.012772
v 0.009639 0.003551 -0.012572
v 0.010176 0.003311 0.012500
v 0.010175 0.003311 -0.012300
v -0.008151 0.003867 -0.006427
v -0.008171 0.003866 -0.006594
v -0.008090 0.003870 -0.006266
v -0.007993 0.003873 -0.006127
v -0.008180 0.003865 0.015400
v -0.008181 0.003865 -0.015400
v -0.008171 0.003866 -0.008926
v -0.008151 0.003867 -0.009093
v -0.008090 0.003870 -0.009254
v -0.008491 0.003836 -0.015400
v -0.008491 0.003836 0.015400
v -0.008800 0.003787 0.015400
v -0.008800 0.003787 0.014400
v -0.008902 0.003767 -0.013569
v -0.008902 0.003767 0.013769
v -0.009202 0.003694 0.013198
v -0.009202 0.003694 -0.012998
v -0.009639 0.003551 -0.012572
v -0.009639 0.003551 0.012772
v -0.010176 0.003311 -0.012300
v -0.010175 0.003311 0.012500
v -0.007993 0.003873 -0.009393
v 0.010484 0.003150 0.012425
v 0.010800 0.002986 0.012400
v -0.010484 0.003150 0.012425
v -0.010800 0.002986 0.012400
v 0.012438 0.002060 0.012400
v 0.012152 0.002283 0.012400
v 0.012626 0.001751 0.012400
v -0.012438 0.002060 0.012400
v -0.012152 0.002283 0.012400
v -0.012625 0.001751 0.012400
v 0.006081 0.005225 -0.000353
v 0.006113 0.005225 -0.000431
v 0.006174 0.005225 -0.000488
v 0.006253 0.005225 -0.000515
v 0.006336 0.005225 -0.000505
v 0.006408 0.005225 -0.000462
v 0.006454 0.005225 -0.000393
v 0.006468 0.005225 -0.000310
v 0.012626 0.001751 -0.012200
v 0.012438 0.002060 -0.012200
v 0.012152 0.002283 -0.012200
v 0.002716 0.005225 -0.003256
v 0.001604 0.005225 -0.004534
v 0.000123 0.005225 -0.005358
v -0.001550 0.005225 -0.005629
v -0.003216 0.005225 -0.005316
v 0.002244 0.005225 -0.001178
v 0.002628 0.005225 -0.001604
v 0.002848 0.005225 -0.002133
v 0.002879 0.005225 -0.002706
v 0.000352 0.005225 0.001779
v 0.000703 0.005225 0.000632
v 0.001350 0.005225 -0.000379
v 0.001346 0.005225 0.002440
v 0.001114 0.005225 0.002528
v 0.000866 0.005225 0.002523
v 0.000637 0.005225 0.002427
v 0.000460 0.005225 0.002253
v 0.000361 0.005225 0.002026
v 0.003200 0.005225 -0.000585
v 0.002917 0.005225 0.000605
v 0.002278 0.005225 0.001648
v 0.005300 0.005225 -0.002634
v 0.004309 0.005225 -0.002298
v 0.003560 0.005225 -0.001568
v 0.005606 0.005225 -0.003231
v 0.005656 0.005225 -0.003081
v 0.005644 0.005225 -0.002924
v 0.005572 0.005225 -0.002783
v 0.005451 0.005225 -0.002681
v -0.003371 0.005225 -0.005672
v -0.001782 0.005225 -0.006322
v -0.000079 0.005225 -0.006540
v 0.001622 0.005225 -0.006309
v 0.003206 0.005225 -0.005646
v 0.004565 0.005225 -0.004597
v -0.003299 0.005225 -0.005304
v -0.003379 0.005225 -0.005328
v -0.003441 0.005225 -0.005384
v -0.003475 0.005225 -0.005460
v -0.003473 0.005225 -0.005544
v -0.003436 0.005225 -0.005619
v -0.004047 0.005225 -0.000950
v -0.004598 0.005225 0.000652
v -0.004571 0.005225 0.002347
v -0.003969 0.005225 0.003931
v -0.002865 0.005225 0.005217
v -0.002011 0.005225 -0.001580
v -0.002572 0.005225 -0.001699
v -0.003140 0.005225 -0.001625
v -0.003651 0.005225 -0.001366
v 0.001495 0.005225 -0.001420
v 0.000326 0.005225 -0.001151
v -0.000872 0.005225 -0.001205
v 0.001571 0.005225 -0.002611
v 0.001763 0.005225 -0.002454
v 0.001883 0.005225 -0.002237
v 0.001914 0.005225 -0.001991
v 0.001852 0.005225 -0.001751
v 0.001706 0.005225 -0.001551
v -0.001976 0.005225 -0.002704
v -0.000804 0.005225 -0.003054
v 0.000419 0.005225 -0.003022
v -0.004801 0.005225 -0.003499
v -0.004014 0.005225 -0.002808
v -0.003007 0.005225 -0.002525
v -0.005470 0.005225 -0.003465
v -0.005366 0.005225 -0.003583
v -0.005223 0.005225 -0.003652
v -0.005065 0.005225 -0.003659
v -0.004917 0.005225 -0.003606
v -0.003095 0.005225 0.005530
v -0.004453 0.005225 0.004479
v -0.005493 0.005225 0.003113
v -0.006144 0.005225 0.001524
v -0.006362 0.005225 -0.000179
v -0.006132 0.005225 -0.001881
v -0.002813 0.005225 0.005283
v -0.002794 0.005225 0.005364
v -0.002811 0.005225 0.005446
v -0.002860 0.005225 0.005514
v -0.002934 0.005225 0.005554
v -0.003017 0.005225 0.005560
v 0.001331 0.005225 0.003754
v 0.002995 0.005225 0.003430
v 0.004449 0.005225 0.002559
v 0.005520 0.005225 0.001246
v -0.000231 0.005225 0.002306
v -0.000055 0.005225 0.002851
v 0.000293 0.005225 0.003307
v 0.000774 0.005225 0.003619
v -0.001846 0.005225 -0.000811
v -0.001029 0.005225 0.000067
v -0.000477 0.005225 0.001132
v -0.002916 0.005225 -0.000281
v -0.002876 0.005225 -0.000525
v -0.002748 0.005225 -0.000738
v -0.002551 0.005225 -0.000888
v -0.002312 0.005225 -0.000954
v -0.002065 0.005225 -0.000927
v -0.001223 0.005225 0.002837
v -0.002112 0.005225 0.001997
v -0.002696 0.005225 0.000923
v -0.000499 0.005225 0.005681
v -0.000294 0.005225 0.004655
v -0.000553 0.005225 0.003641
v -0.000135 0.005225 0.006244
v -0.000290 0.005225 0.006213
v -0.000420 0.005225 0.006124
v -0.000506 0.005225 0.005991
v -0.000533 0.005225 0.005835
v 0.006236 0.005225 0.001391
v 0.005573 0.005225 0.002975
v 0.004523 0.005225 0.004333
v 0.003157 0.005225 0.005374
v 0.001568 0.005225 0.006025
v -0.009665 -0.003685 -0.014477
v -0.009573 -0.003685 -0.014075
v -0.009922 -0.003685 -0.014800
v -0.010294 -0.003685 -0.014979
v -0.010706 -0.003685 -0.014979
v -0.011078 -0.003685 -0.014800
v -0.011335 -0.003685 -0.014477
v -0.011427 -0.003685 -0.014075
v -0.011335 -0.003685 -0.013673
v -0.011078 -0.003685 -0.013350
v -0.010706 -0.003685 -0.013171
v -0.010294 -0.003685 -0.013171
v -0.009922 -0.003685 -0.013350
v -0.009665 -0.003685 -0.013673
v -0.011335 -0.003425 -0.013673
v -0.011427 -0.003425 -0.014075
v -0.011078 -0.003425 -0.013350
v -0.010706 -0.003425 -0.013171
v -0.010294 -0.003425 -0.013171
v -0.009922 -0.003425 -0.013350
v -0.009665 -0.003425 -0.013673
v -0.009573 -0.003425 -0.014075
v -0.009665 -0.003425 -0.014477
v -0.009922 -0.003425 -0.014800
v -0.010294 -0.003425 -0.014979
v -0.010706 -0.003425 -0.014979
v -0.011078 -0.003425 -0.014800
v -0.011335 -0.003425 -0.014477
v -0.012152 0.002283 -0.012200
v -0.012438 0.002060 -0.012200
v -0.012626 0.001751 -0.012200
v -0.003450 -0.001925 0.018350
v 0.003450 -0.001925 0.018350
v 0.002254 0.005025 -0.011683
v -0.002255 0.005025 -0.011683
v -0.000000 0.005025 -0.011906
v -0.004422 0.005025 -0.011023
v 0.004422 0.005025 -0.011023
v -0.006418 0.005025 -0.009952
v 0.006418 0.005025 -0.009952
v -0.006466 0.005025 -0.009907
v 0.006465 0.005025 -0.009907
v 0.006496 0.005025 -0.009850
v -0.006496 0.005025 -0.009850
v -0.006507 0.005025 -0.009786
v 0.006507 0.005025 -0.009786
v -0.006507 0.005025 -0.009626
v 0.006507 0.005025 -0.009626
v 0.007468 0.005025 -0.009626
v 0.007737 0.005025 -0.009573
v 0.007965 0.005025 -0.009420
v 0.008116 0.005025 -0.009192
v 0.008168 0.005025 -0.008923
v -0.008171 0.005025 -0.006594
v 0.008156 0.005025 -0.006590
v -0.008118 0.005025 -0.006326
v 0.008101 0.005025 -0.006323
v -0.007966 0.005025 -0.006098
v 0.007949 0.005025 -0.006097
v -0.007739 0.005025 -0.005947
v 0.007723 0.005025 -0.005946
v 0.007456 0.005025 -0.005894
v -0.007471 0.005025 -0.005894
v 0.001599 0.005025 -0.003406
v -0.003509 0.005025 -0.005894
v 0.003509 0.005025 -0.005894
v -0.001599 0.005025 -0.003406
v -0.007471 0.005025 -0.009626
v -0.007739 0.005025 -0.009573
v -0.007966 0.005025 -0.009421
v -0.008118 0.005025 -0.009194
v -0.008171 0.005025 -0.008926
v 0.010800 0.002986 -0.012200
v 0.010484 0.003150 -0.012225
v -0.010484 0.003150 -0.012225
v -0.010800 0.002986 -0.012200
v -0.008800 0.003708 0.015786
v -0.008800 0.003485 0.016111
v -0.008800 0.003153 0.016326
v -0.010010 0.003255 0.013349
v -0.010687 0.003255 0.013195
v -0.010331 0.003255 0.013195
v -0.011008 0.003255 0.013349
v -0.011230 0.003255 0.013628
v -0.009788 0.003255 0.013628
v -0.011309 0.003255 0.013975
v -0.009709 0.003255 0.013975
v -0.009788 0.003255 0.014322
v -0.011230 0.003255 0.014322
v -0.010010 0.003255 0.014600
v -0.011008 0.003255 0.014600
v -0.010331 0.003255 0.014755
v -0.010687 0.003255 0.014755
v -0.008555 -0.005425 0.012988
v -0.009154 -0.005425 0.012237
v -0.010020 -0.005425 0.011820
v -0.010980 -0.005425 0.011820
v -0.011846 -0.005425 0.012237
v -0.012445 -0.005425 0.012988
v -0.012659 -0.005425 0.013925
v -0.012445 -0.005425 0.014862
v -0.011846 -0.005425 0.015613
v -0.010980 -0.005425 0.016030
v -0.010020 -0.005425 0.016030
v -0.009154 -0.005425 0.015613
v -0.008555 -0.005425 0.014862
v -0.008341 -0.005425 0.013925
v 0.016099 -0.003425 0.011434
v 0.016099 -0.005425 0.011434
v 0.016000 -0.003425 0.011000
v 0.016377 -0.005425 0.011782
v 0.016377 -0.003425 0.011782
v 0.016778 -0.005425 0.011975
v 0.016778 -0.003425 0.011975
v 0.017223 -0.005425 0.011975
v 0.017223 -0.003425 0.011975
v 0.017624 -0.005425 0.011782
v 0.017624 -0.003425 0.011782
v 0.017901 -0.005425 0.011434
v 0.017901 -0.003425 0.011434
v 0.018000 -0.005425 0.011000
v 0.018000 -0.003425 0.011000
v 0.017901 -0.005425 0.010566
v 0.017901 -0.003425 0.010566
v 0.017624 -0.005425 0.010218
v 0.017624 -0.003425 0.010218
v 0.017223 -0.005425 0.010025
v 0.017223 -0.003425 0.010025
v 0.016778 -0.005425 0.010025
v 0.016778 -0.003425 0.010025
v 0.016376 -0.005425 0.010218
v 0.016376 -0.003425 0.010218
v 0.016099 -0.005425 0.010566
v 0.016099 -0.003425 0.010566
v 0.016000 -0.005425 0.011000
v 0.008800 0.003708 0.015786
v 0.008800 0.003485 0.016111
v 0.008800 0.003153 0.016326
v -0.007868 0.003799 0.015783
v 0.007868 0.003799 0.015783
v -0.007868 0.003582 0.016107
v 0.007868 0.003582 0.016107
v -0.007868 0.003258 0.016324
v 0.007868 0.003258 0.016324
v 0.006950 0.003525 -0.018323
v 0.006950 0.003525 -0.016160
v 0.006927 0.003639 -0.018302
v 0.006927 0.003639 -0.016045
v 0.006869 0.003730 -0.015919
v 0.006863 0.003736 -0.018279
v 0.006782 0.003794 -0.015793
v 0.006766 0.003802 -0.018261
v 0.006725 0.003816 -0.015740
v 0.006650 0.003825 -0.018254
v 0.006689 0.003822 -0.015720
v 0.006650 0.003825 -0.015712
v 0.006650 -0.001675 -0.018350
v 0.006650 -0.001675 -0.016400
v 0.006765 -0.001652 -0.018350
v 0.006765 -0.001652 -0.016400
v 0.006862 -0.001587 -0.018350
v 0.006862 -0.001587 -0.016400
v 0.006927 -0.001490 -0.018350
v 0.006927 -0.001490 -0.016400
v 0.006950 -0.001375 -0.018350
v 0.006950 -0.001375 -0.016400
v -0.006650 0.003825 -0.015712
v -0.006690 0.003822 -0.015720
v -0.006650 0.003825 -0.018254
v -0.006725 0.003815 -0.015740
v -0.006783 0.003794 -0.015794
v -0.006766 0.003802 -0.018261
v -0.006869 0.003730 -0.015918
v -0.006863 0.003736 -0.018279
v -0.006928 0.003639 -0.016046
v -0.006927 0.003639 -0.018302
v -0.006950 0.003525 -0.018323
v -0.006950 0.003525 -0.016160
v -0.006950 -0.001375 -0.018350
v -0.006950 -0.001375 -0.016400
v -0.006927 -0.001490 -0.018350
v -0.006927 -0.001490 -0.016400
v -0.006862 -0.001587 -0.018350
v -0.006862 -0.001587 -0.016400
v -0.006765 -0.001652 -0.018350
v -0.006765 -0.001652 -0.016400
v -0.006650 -0.001675 -0.018350
v -0.006650 -0.001675 -0.016400
v 0.006950 0.003409 -0.018338
v 0.006950 0.003329 -0.016291
v 0.006950 0.003292 -0.018347
v 0.006950 0.003175 -0.018350
v 0.006950 0.003109 -0.016372
v 0.006950 0.002875 -0.016400
v -0.006950 0.003292 -0.018347
v -0.006950 0.003175 -0.018350
v -0.006950 0.003409 -0.018338
v -0.006950 0.002875 -0.016400
v -0.006950 0.003109 -0.016372
v -0.006950 0.003329 -0.016291
v 0.008493 0.002826 -0.016400
v 0.008181 0.002863 -0.016400
v 0.007868 0.003258 -0.016324
v 0.007868 0.002875 -0.016400
v 0.007868 0.003582 -0.016107
v 0.007868 0.003799 -0.015783
v -0.007868 0.002875 -0.016400
v -0.007868 0.003258 -0.016324
v -0.007868 0.003582 -0.016107
v -0.007868 0.003799 -0.015783
v -0.008493 0.002826 -0.016400
v -0.008181 0.002863 -0.016400
v -0.012241 0.001764 -0.018350
v -0.013102 0.001764 -0.018179
v -0.013832 0.001764 -0.017691
v -0.014320 0.001764 -0.016961
v -0.012222 0.001859 -0.018350
v -0.012651 0.001946 -0.018308
v -0.012563 0.002141 -0.018308
v -0.013273 0.002118 -0.018074
v -0.013101 0.002496 -0.018074
v -0.012820 0.002803 -0.018074
v -0.012418 0.002300 -0.018308
v -0.013555 0.002796 -0.017658
v -0.013797 0.002262 -0.017658
v -0.014177 0.002367 -0.017096
v -0.013884 0.003013 -0.017096
v -0.014376 0.002421 -0.016443
v -0.014056 0.003126 -0.016443
v -0.013534 0.003698 -0.016443
v -0.013405 0.003536 -0.017096
v -0.012908 0.003905 -0.016961
v -0.012716 0.003457 -0.017691
v -0.013160 0.003229 -0.017658
v -0.012429 0.002786 -0.018179
v -0.012089 0.001994 -0.018350
v -0.012169 0.001940 -0.018350
v -0.010042 0.002872 -0.018350
v -0.010381 0.003663 -0.018179
v -0.010669 0.004334 -0.017691
v -0.010861 0.004782 -0.016961
v -0.009565 0.003039 -0.018350
v -0.009458 0.003780 -0.018240
v -0.009069 0.003141 -0.018350
v -0.008565 0.003175 -0.018350
v -0.009585 0.004394 -0.017920
v -0.008565 0.004036 -0.018179
v -0.008565 0.004766 -0.017691
v -0.009749 0.005195 -0.016795
v -0.008565 0.005254 -0.016961
v -0.009685 0.004882 -0.017422
v 0.008565 0.004766 -0.017691
v 0.008565 0.005254 -0.016961
v 0.008565 0.004036 -0.018179
v 0.008565 0.003175 -0.018350
v 0.009069 0.003141 -0.018350
v 0.009458 0.003780 -0.018240
v 0.009565 0.003039 -0.018350
v 0.010042 0.002872 -0.018350
v 0.009584 0.004394 -0.017920
v 0.010381 0.003663 -0.018179
v 0.010668 0.004334 -0.017691
v 0.009749 0.005195 -0.016795
v 0.010861 0.004782 -0.016961
v 0.009685 0.004882 -0.017423
v 0.012908 0.003905 -0.016961
v 0.012716 0.003457 -0.017691
v 0.012429 0.002786 -0.018179
v 0.012089 0.001994 -0.018350
v 0.012169 0.001940 -0.018350
v 0.012393 0.002319 -0.018308
v 0.012545 0.002167 -0.018308
v 0.012772 0.002840 -0.018074
v 0.013066 0.002546 -0.018074
v 0.013255 0.002175 -0.018074
v 0.012642 0.001976 -0.018308
v 0.013507 0.002866 -0.017658
v 0.013092 0.003280 -0.017658
v 0.013324 0.003599 -0.017096
v 0.013825 0.003097 -0.017096
v 0.013445 0.003766 -0.016443
v 0.013992 0.003219 -0.016443
v 0.014343 0.002529 -0.016443
v 0.014147 0.002465 -0.017096
v 0.014320 0.001764 -0.016961
v 0.013832 0.001764 -0.017691
v 0.013773 0.002343 -0.017658
v 0.013102 0.001764 -0.018179
v 0.012241 0.001764 -0.018350
v 0.012222 0.001859 -0.018350
v -0.003450 0.001625 0.018350
v -0.003928 0.001530 0.018350
v -0.004334 0.001259 0.018350
v -0.004605 0.000853 0.018350
v -0.004700 0.000375 0.018350
v -0.004700 -0.000675 0.018350
v -0.004605 -0.001153 0.018350
v -0.004334 -0.001559 0.018350
v -0.003928 -0.001830 0.018350
v 0.004605 -0.001153 0.018350
v 0.004700 -0.000675 0.018350
v 0.004334 -0.001559 0.018350
v 0.003928 -0.001830 0.018350
v 0.004700 0.000375 0.018350
v 0.004605 0.000853 0.018350
v 0.004334 0.001259 0.018350
v 0.003928 0.001530 0.018350
v 0.003450 0.001625 0.018350
v 0.012241 0.001764 0.018350
v 0.013102 0.001764 0.018179
v 0.013832 0.001764 0.017691
v 0.014320 0.001764 0.016961
v -0.014320 0.001764 0.016961
v -0.013832 0.001764 0.017691
v -0.013102 0.001764 0.018179
v -0.012241 0.001764 0.018350
v 0.012222 0.001859 0.018350
v 0.012659 0.001916 0.018308
v 0.012579 0.002115 0.018308
v 0.013287 0.002059 0.018074
v 0.013133 0.002445 0.018074
v 0.012867 0.002765 0.018074
v 0.012442 0.002280 0.018308
v 0.013600 0.002724 0.017658
v 0.013818 0.002180 0.017658
v 0.014202 0.002267 0.017096
v 0.013938 0.002925 0.017096
v 0.014403 0.002313 0.016443
v 0.014116 0.003031 0.016443
v 0.013620 0.003626 0.016443
v 0.013484 0.003470 0.017096
v 0.012908 0.003905 0.016961
v 0.012716 0.003457 0.017691
v 0.013225 0.003174 0.017658
v 0.012429 0.002786 0.018179
v 0.012089 0.001994 0.018350
v 0.012169 0.001940 0.018350
v -0.014403 0.002313 0.016443
v -0.014116 0.003031 0.016443
v -0.014202 0.002267 0.017096
v -0.013938 0.002925 0.017096
v -0.013484 0.003470 0.017096
v -0.013620 0.003626 0.016443
v -0.013600 0.002724 0.017658
v -0.013818 0.002180 0.017658
v -0.013287 0.002059 0.018074
v -0.013133 0.002445 0.018074
v -0.012659 0.001916 0.018308
v -0.012222 0.001859 0.018350
v -0.012579 0.002115 0.018308
v -0.012169 0.001940 0.018350
v -0.012442 0.002280 0.018308
v -0.012866 0.002765 0.018074
v -0.012428 0.002786 0.018179
v -0.012716 0.003457 0.017691
v -0.013225 0.003174 0.017658
v -0.012908 0.003905 0.016961
v -0.012089 0.001994 0.018350
v 0.010042 0.002872 0.018350
v 0.010381 0.003663 0.018179
v 0.010669 0.004334 0.017691
v 0.010861 0.004782 0.016961
v -0.010861 0.004782 0.016961
v -0.010668 0.004334 0.017691
v -0.010381 0.003663 0.018179
v -0.010042 0.002872 0.018350
v 0.009565 0.003039 0.018350
v 0.009715 0.003719 0.018240
v 0.009069 0.003141 0.018350
v 0.008565 0.004036 0.018179
v 0.008565 0.003175 0.018350
v 0.010089 0.005114 0.016795
v 0.008565 0.005254 0.016961
v 0.010006 0.004805 0.017422
v 0.008565 0.004766 0.017691
v 0.009878 0.004325 0.017920
v -0.010089 0.005114 0.016795
v -0.008565 0.005254 0.016961
v -0.009715 0.003719 0.018240
v -0.009565 0.003039 0.018350
v -0.009069 0.003141 0.018350
v -0.008565 0.004036 0.018179
v -0.008565 0.003175 0.018350
v -0.009877 0.004325 0.017920
v -0.008565 0.004766 0.017691
v -0.010006 0.004805 0.017422
v -0.018352 -0.003425 -0.007151
v -0.018500 -0.003425 -0.006500
v -0.018280 -0.003449 -0.006916
v -0.018089 -0.003449 -0.007291
v -0.018147 -0.003520 -0.006873
v -0.017976 -0.003520 -0.007209
v -0.017709 -0.003520 -0.007476
v -0.017791 -0.003449 -0.007589
v -0.017886 -0.003631 -0.007144
v -0.018042 -0.003631 -0.006839
v -0.017974 -0.003770 -0.006817
v -0.017829 -0.003770 -0.007102
v -0.018038 -0.003734 -0.006500
v -0.018146 -0.003571 -0.006500
v -0.018000 -0.003925 -0.006500
v -0.017901 -0.003925 -0.006934
v -0.017624 -0.003925 -0.007282
v -0.017602 -0.003770 -0.007329
v -0.017317 -0.003770 -0.007474
v -0.017339 -0.003631 -0.007542
v -0.017000 -0.003770 -0.007525
v -0.017000 -0.003631 -0.007596
v -0.017000 -0.003520 -0.007706
v -0.017373 -0.003520 -0.007647
v -0.016662 -0.003631 -0.007542
v -0.016683 -0.003770 -0.007474
v -0.016398 -0.003770 -0.007329
v -0.016356 -0.003631 -0.007386
v -0.016376 -0.003925 -0.007282
v -0.016778 -0.003925 -0.007475
v -0.016171 -0.003770 -0.007102
v -0.016099 -0.003925 -0.006934
v -0.016026 -0.003770 -0.006817
v -0.015958 -0.003631 -0.006839
v -0.015962 -0.003734 -0.006500
v -0.015854 -0.003571 -0.006500
v -0.015853 -0.003520 -0.006873
v -0.015691 -0.003463 -0.006500
v -0.015720 -0.003449 -0.006916
v -0.015912 -0.003449 -0.007291
v -0.015649 -0.003425 -0.007151
v -0.016065 -0.003425 -0.007673
v -0.016209 -0.003449 -0.007589
v -0.016584 -0.003449 -0.007780
v -0.016666 -0.003425 -0.007962
v -0.017000 -0.003449 -0.007846
v -0.017416 -0.003449 -0.007780
v -0.016627 -0.003520 -0.007647
v -0.016291 -0.003520 -0.007476
v -0.016114 -0.003631 -0.007144
v -0.016024 -0.003520 -0.007209
v -0.018309 -0.003463 -0.006500
v -0.017223 -0.003925 -0.007475
v -0.016000 -0.003925 -0.006500
v -0.015500 -0.003425 -0.006500
v -0.017334 -0.003425 -0.007962
v -0.017935 -0.003425 -0.007673
v -0.017644 -0.003631 -0.007386
v -0.015500 -0.003425 0.006500
v -0.015691 -0.003463 0.006500
v -0.015854 -0.003571 0.006500
v -0.015962 -0.003734 0.006500
v -0.016000 -0.003925 0.006500
v -0.015649 -0.003425 0.007151
v -0.015720 -0.003449 0.006916
v -0.015912 -0.003449 0.007291
v -0.015853 -0.003520 0.006873
v -0.016024 -0.003520 0.007209
v -0.016291 -0.003520 0.007476
v -0.016209 -0.003449 0.007589
v -0.016114 -0.003631 0.007144
v -0.015958 -0.003631 0.006839
v -0.016026 -0.003770 0.006817
v -0.016171 -0.003770 0.007102
v -0.016099 -0.003925 0.006934
v -0.016376 -0.003925 0.007282
v -0.016398 -0.003770 0.007329
v -0.016683 -0.003770 0.007474
v -0.016662 -0.003631 0.007542
v -0.017000 -0.003770 0.007524
v -0.017000 -0.003631 0.007596
v -0.017000 -0.003520 0.007706
v -0.016627 -0.003520 0.007647
v -0.017339 -0.003631 0.007542
v -0.017317 -0.003770 0.007474
v -0.017602 -0.003770 0.007329
v -0.017644 -0.003631 0.007386
v -0.017624 -0.003925 0.007282
v -0.017223 -0.003925 0.007475
v -0.017829 -0.003770 0.007102
v -0.017901 -0.003925 0.006934
v -0.017974 -0.003770 0.006817
v -0.018042 -0.003631 0.006839
v -0.018038 -0.003734 0.006500
v -0.018146 -0.003571 0.006500
v -0.018147 -0.003520 0.006873
v -0.018309 -0.003463 0.006500
v -0.018280 -0.003449 0.006916
v -0.018089 -0.003449 0.007291
v -0.018352 -0.003425 0.007151
v -0.017935 -0.003425 0.007673
v -0.017791 -0.003449 0.007589
v -0.017416 -0.003449 0.007780
v -0.017334 -0.003425 0.007962
v -0.017000 -0.003449 0.007846
v -0.016584 -0.003449 0.007780
v -0.017373 -0.003520 0.007647
v -0.017709 -0.003520 0.007476
v -0.017886 -0.003631 0.007144
v -0.017976 -0.003520 0.007209
v -0.016778 -0.003925 0.007475
v -0.018000 -0.003925 0.006500
v -0.018500 -0.003425 0.006500
v -0.016666 -0.003425 0.007962
v -0.016065 -0.003425 0.007673
v -0.016356 -0.003631 0.007386
v 0.018352 -0.003425 0.007151
v 0.018500 -0.003425 0.006500
v 0.018280 -0.003449 0.006916
v 0.018089 -0.003449 0.007291
v 0.018147 -0.003520 0.006873
v 0.017976 -0.003520 0.007209
v 0.017709 -0.003520 0.007476
v 0.017791 -0.003449 0.007588
v 0.017886 -0.003631 0.007144
v 0.018042 -0.003631 0.006838
v 0.017974 -0.003770 0.006817
v 0.017829 -0.003770 0.007102
v 0.018038 -0.003734 0.006500
v 0.018146 -0.003571 0.006500
v 0.018000 -0.003925 0.006500
v 0.017901 -0.003925 0.006934
v 0.017624 -0.003925 0.007282
v 0.017602 -0.003770 0.007329
v 0.017317 -0.003770 0.007474
v 0.017339 -0.003631 0.007542
v 0.017000 -0.003770 0.007524
v 0.017000 -0.003631 0.007595
v 0.017000 -0.003520 0.007706
v 0.017373 -0.003520 0.007647
v 0.016662 -0.003631 0.007542
v 0.016683 -0.003770 0.007474
v 0.016398 -0.003770 0.007329
v 0.016356 -0.003631 0.007386
v 0.016376 -0.003925 0.007282
v 0.016778 -0.003925 0.007475
v 0.016171 -0.003770 0.007102
v 0.016099 -0.003925 0.006934
v 0.016026 -0.003770 0.006817
v 0.015958 -0.003631 0.006839
v 0.015962 -0.003734 0.006500
v 0.015854 -0.003571 0.006500
v 0.015853 -0.003520 0.006873
v 0.015691 -0.003463 0.006500
v 0.015720 -0.003449 0.006916
v 0.015912 -0.003449 0.007291
v 0.015649 -0.003425 0.007151
v 0.016065 -0.003425 0.007673
v 0.016209 -0.003449 0.007589
v 0.016584 -0.003449 0.007780
v 0.016666 -0.003425 0.007962
v 0.017000 -0.003449 0.007845
v 0.017416 -0.003449 0.007780
v 0.016627 -0.003520 0.007647
v 0.016291 -0.003520 0.007476
v 0.016114 -0.003631 0.007144
v 0.016024 -0.003520 0.007209
v 0.018309 -0.003463 0.006500
v 0.017223 -0.003925 0.007475
v 0.016000 -0.003925 0.006500
v 0.015500 -0.003425 0.006500
v 0.017334 -0.003425 0.007962
v 0.017935 -0.003425 0.007673
v 0.017644 -0.003631 0.007386
v 0.015500 -0.003425 -0.006500
v 0.015691 -0.003463 -0.006500
v 0.015854 -0.003571 -0.006500
v 0.015962 -0.003734 -0.006500
v 0.016000 -0.003925 -0.006500
v 0.015649 -0.003425 -0.007151
v 0.015720 -0.003449 -0.006916
v 0.015912 -0.003449 -0.007291
v 0.015853 -0.003520 -0.006873
v 0.016024 -0.003520 -0.007209
v 0.016291 -0.003520 -0.007476
v 0.016209 -0.003449 -0.007589
v 0.016114 -0.003631 -0.007144
v 0.015958 -0.003631 -0.006839
v 0.016026 -0.003770 -0.006817
v 0.016171 -0.003770 -0.007102
v 0.016099 -0.003925 -0.006934
v 0.016376 -0.003925 -0.007282
v 0.016398 -0.003770 -0.007329
v 0.016683 -0.003770 -0.007474
v 0.016662 -0.003631 -0.007542
v 0.017000 -0.003770 -0.007525
v 0.017000 -0.003631 -0.007596
v 0.017000 -0.003520 -0.007706
v 0.016627 -0.003520 -0.007647
v 0.017339 -0.003631 -0.007542
v 0.017317 -0.003770 -0.007474
v 0.017602 -0.003770 -0.007329
v 0.017644 -0.003631 -0.007386
v 0.017624 -0.003925 -0.007282
v 0.017223 -0.003925 -0.007475
v 0.017829 -0.003770 -0.007102
v 0.017901 -0.003925 -0.006934
v 0.017974 -0.003770 -0.006817
v 0.018042 -0.003631 -0.006839
v 0.018038 -0.003734 -0.006500
v 0.018146 -0.003571 -0.006500
v 0.018147 -0.003520 -0.006873
v 0.018309 -0.003463 -0.006500
v 0.018280 -0.003449 -0.006916
v 0.018089 -0.003449 -0.007291
v 0.018352 -0.003425 -0.007151
v 0.017935 -0.003425 -0.007673
v 0.017791 -0.003449 -0.007589
v 0.017416 -0.003449 -0.007780
v 0.017334 -0.003425 -0.007962
v 0.017000 -0.003449 -0.007846
v 0.016584 -0.003449 -0.007780
v 0.017373 -0.003520 -0.007647
v 0.017709 -0.003520 -0.007476
v 0.017886 -0.003631 -0.007144
v 0.017976 -0.003520 -0.007209
v 0.016778 -0.003925 -0.007475
v 0.018000 -0.003925 -0.006500
v 0.018500 -0.003425 -0.006500
v 0.016666 -0.003425 -0.007962
v 0.016065 -0.003425 -0.007673
v 0.016356 -0.003631 -0.007386
v -0.017000 -0.004425 0.014000
v -0.014500 -0.004425 0.014000
v -0.017000 -0.004042 0.013924
v -0.014500 -0.004042 0.013924
v -0.017000 -0.003718 0.013707
v -0.014500 -0.003718 0.013707
v -0.017000 -0.003501 0.013383
v -0.014500 -0.003501 0.013383
v -0.017000 -0.003425 0.013000
v -0.014500 -0.003425 0.013000
v -0.018148 -0.004425 0.013772
v -0.017462 -0.004116 0.013915
v -0.018340 -0.004116 0.013629
v -0.017439 -0.003837 0.013774
v -0.018275 -0.003837 0.013503
v -0.018986 -0.003837 0.012986
v -0.019087 -0.004116 0.013087
v -0.018175 -0.003616 0.013306
v -0.017405 -0.003616 0.013556
v -0.017361 -0.003474 0.013281
v -0.018048 -0.003474 0.013057
v -0.017765 -0.003425 0.012848
v -0.018414 -0.003425 0.012414
v -0.018633 -0.003474 0.012633
v -0.019057 -0.003474 0.012048
v -0.019306 -0.003616 0.012175
v -0.019281 -0.003474 0.011361
v -0.019556 -0.003616 0.011405
v -0.019774 -0.003837 0.011439
v -0.019503 -0.003837 0.012275
v -0.019707 -0.003718 0.011000
v -0.019383 -0.003501 0.011000
v -0.019924 -0.004042 0.011000
v -0.019915 -0.004116 0.011462
v -0.019629 -0.004116 0.012340
v -0.019772 -0.004425 0.012148
v -0.019121 -0.004425 0.013121
v -0.018848 -0.003425 0.011765
v -0.019000 -0.003425 0.011000
v -0.020000 -0.004425 0.011000
v -0.018830 -0.003616 0.012830
v -0.020000 -0.004425 -0.011000
v -0.019924 -0.004042 -0.011000
v -0.019707 -0.003718 -0.011000
v -0.019383 -0.003501 -0.011000
v -0.019000 -0.003425 -0.011000
v -0.019772 -0.004425 -0.012148
v -0.019915 -0.004116 -0.011462
v -0.019629 -0.004116 -0.012340
v -0.019774 -0.003837 -0.011439
v -0.019503 -0.003837 -0.012275
v -0.018986 -0.003837 -0.012986
v -0.019087 -0.004116 -0.013087
v -0.019306 -0.003616 -0.012175
v -0.019556 -0.003616 -0.011405
v -0.019281 -0.003474 -0.011361
v -0.019057 -0.003474 -0.012048
v -0.018848 -0.003425 -0.011765
v -0.018414 -0.003425 -0.012414
v -0.018633 -0.003474 -0.012633
v -0.018048 -0.003474 -0.013057
v -0.018175 -0.003616 -0.013306
v -0.017361 -0.003474 -0.013281
v -0.017405 -0.003616 -0.013556
v -0.017439 -0.003837 -0.013774
v -0.018275 -0.003837 -0.013503
v -0.017000 -0.003718 -0.013707
v -0.017000 -0.003501 -0.013383
v -0.017000 -0.004042 -0.013924
v -0.017462 -0.004116 -0.013915
v -0.018340 -0.004116 -0.013629
v -0.018148 -0.004425 -0.013772
v -0.019121 -0.004425 -0.013121
v -0.017765 -0.003425 -0.012848
v -0.017000 -0.003425 -0.013000
v -0.017000 -0.004425 -0.014000
v -0.018830 -0.003616 -0.012830
v -0.014500 -0.004425 -0.014000
v -0.014500 -0.004042 -0.013924
v -0.014500 -0.003718 -0.013707
v -0.014500 -0.003501 -0.013383
v -0.014500 -0.003425 -0.013000
v 0.017000 -0.004425 -0.014000
v 0.014500 -0.004425 -0.014000
v 0.017000 -0.004042 -0.013924
v 0.014500 -0.004042 -0.013924
v 0.017000 -0.003718 -0.013707
v 0.014500 -0.003718 -0.013707
v 0.017000 -0.003501 -0.013383
v 0.014500 -0.003501 -0.013383
v 0.017000 -0.003425 -0.013000
v 0.014500 -0.003425 -0.013000
v 0.018148 -0.004425 -0.013772
v 0.017462 -0.004116 -0.013915
v 0.018340 -0.004116 -0.013629
v 0.017439 -0.003837 -0.013774
v 0.018275 -0.003837 -0.013503
v 0.018986 -0.003837 -0.012986
v 0.019087 -0.004116 -0.013087
v 0.018175 -0.003616 -0.013306
v 0.017405 -0.003616 -0.013556
v 0.017361 -0.003474 -0.013281
v 0.018048 -0.003474 -0.013057
v 0.017765 -0.003425 -0.012848
v 0.018414 -0.003425 -0.012414
v 0.018633 -0.003474 -0.012633
v 0.019057 -0.003474 -0.012048
v 0.019306 -0.003616 -0.012175
v 0.019281 -0.003474 -0.011361
v 0.019556 -0.003616 -0.011405
v 0.019774 -0.003837 -0.011439
v 0.019503 -0.003837 -0.012275
v 0.019707 -0.003718 -0.011000
v 0.019383 -0.003501 -0.011000
v 0.019924 -0.004042 -0.011000
v 0.019915 -0.004116 -0.011462
v 0.019629 -0.004116 -0.012340
v 0.019772 -0.004425 -0.012148
v 0.019121 -0.004425 -0.013121
v 0.018848 -0.003425 -0.011765
v 0.019000 -0.003425 -0.011000
v 0.020000 -0.004425 -0.011000
v 0.018830 -0.003616 -0.012830
v 0.017000 -0.003425 0.013000
v 0.014500 -0.003425 0.013000
v 0.017000 -0.003501 0.013383
v 0.014500 -0.003501 0.013383
v 0.017000 -0.003718 0.013707
v 0.014500 -0.003718 0.013707
v 0.017000 -0.004042 0.013924
v 0.014500 -0.004042 0.013924
v 0.017000 -0.004425 0.014000
v 0.014500 -0.004425 0.014000
v 0.020000 -0.004425 0.011000
v 0.019924 -0.004042 0.011000
v 0.019707 -0.003718 0.011000
v 0.019383 -0.003501 0.011000
v 0.019000 -0.003425 0.011000
v 0.019772 -0.004425 0.012148
v 0.019915 -0.004116 0.011462
v 0.019629 -0.004116 0.012340
v 0.019774 -0.003837 0.011439
v 0.019503 -0.003837 0.012275
v 0.018986 -0.003837 0.012986
v 0.019087 -0.004116 0.013087
v 0.019306 -0.003616 0.012175
v 0.019556 -0.003616 0.011405
v 0.019281 -0.003474 0.011361
v 0.019057 -0.003474 0.012048
v 0.018848 -0.003425 0.011765
v 0.018414 -0.003425 0.012414
v 0.018633 -0.003474 0.012633
v 0.018048 -0.003474 0.013057
v 0.018175 -0.003616 0.013306
v 0.017361 -0.003474 0.013281
v 0.017405 -0.003616 0.013556
v 0.017439 -0.003837 0.013774
v 0.018275 -0.003837 0.013503
v 0.017462 -0.004116 0.013915
v 0.018340 -0.004116 0.013629
v 0.018148 -0.004425 0.013772
v 0.019121 -0.004425 0.013121
v 0.017765 -0.003425 0.012848
v 0.018830 -0.003616 0.012830
v 0.018000 -0.003425 -0.011000
v 0.017901 -0.003425 -0.010566
v 0.017901 -0.003425 -0.011434
v 0.017624 -0.003425 -0.010218
v 0.017623 -0.003425 -0.011782
v 0.017222 -0.003425 -0.011975
v 0.017223 -0.003425 -0.010025
v 0.016777 -0.003425 -0.011975
v 0.016778 -0.003425 -0.010025
v 0.016376 -0.003425 -0.010218
v 0.016376 -0.003425 -0.011782
v 0.016099 -0.003425 -0.010566
v 0.016099 -0.003425 -0.011434
v 0.016000 -0.003425 -0.011000
v 0.014329 -0.003425 -0.016961
v 0.014500 -0.003425 0.016100
v 0.014500 -0.003425 -0.016100
v 0.014329 -0.003425 0.016961
v 0.013841 -0.003425 -0.017691
v 0.013841 -0.003425 0.017691
v 0.013111 -0.003425 0.018179
v 0.013111 -0.003425 -0.018179
v 0.012250 -0.003425 0.018350
v 0.012250 -0.003425 -0.018350
v -0.012250 -0.003425 0.018350
v -0.012250 -0.003425 -0.018350
v -0.013111 -0.003425 -0.018179
v -0.013111 -0.003425 0.018179
v -0.013841 -0.003425 -0.017691
v -0.013841 -0.003425 0.017691
v -0.014329 -0.003425 -0.016961
v -0.014329 -0.003425 0.016961
v -0.014500 -0.003425 0.016100
v -0.014500 -0.003425 -0.016100
v -0.016000 -0.003425 0.011000
v -0.016000 -0.003425 -0.011000
v -0.016099 -0.003425 -0.011434
v -0.016099 -0.003425 0.010566
v -0.016099 -0.003425 0.011434
v -0.016099 -0.003425 -0.010566
v -0.016376 -0.003425 -0.010218
v -0.016376 -0.003425 0.011782
v -0.016377 -0.003425 -0.011782
v -0.016376 -0.003425 0.010218
v -0.016778 -0.003425 -0.011975
v -0.016778 -0.003425 -0.010025
v -0.016777 -0.003425 0.011975
v -0.016778 -0.003425 0.010025
v -0.017223 -0.003425 -0.010025
v -0.017223 -0.003425 0.010025
v -0.017222 -0.003425 0.011975
v -0.017223 -0.003425 -0.011975
v -0.017624 -0.003425 0.010218
v -0.017624 -0.003425 -0.010218
v -0.017624 -0.003425 -0.011782
v -0.017623 -0.003425 0.011782
v -0.017901 -0.003425 -0.011434
v -0.017901 -0.003425 0.010566
v -0.017901 -0.003425 0.011434
v -0.017901 -0.003425 -0.010566
v -0.018000 -0.003425 -0.011000
v -0.018000 -0.003425 0.011000
v 0.020000 -0.005425 0.011000
v 0.020000 -0.005425 -0.011000
v 0.017000 -0.005425 -0.014000
v 0.018148 -0.005425 -0.013772
v 0.019121 -0.005425 -0.013121
v 0.019772 -0.005425 -0.012148
v -0.020000 -0.005425 -0.011000
v -0.020000 -0.005425 0.011000
v -0.017000 -0.005425 0.014000
v -0.018148 -0.005425 0.013772
v -0.019121 -0.005425 0.013121
v -0.019772 -0.005425 0.012148
v -0.018000 -0.005425 0.006500
v -0.017901 -0.005425 0.006934
v -0.017624 -0.005425 0.007282
v -0.017223 -0.005425 0.007475
v -0.016778 -0.005425 0.007475
v -0.016376 -0.005425 0.007282
v -0.016099 -0.005425 0.006934
v -0.016000 -0.005425 0.006500
v -0.018000 -0.005425 -0.006500
v -0.016000 -0.005425 -0.006500
v -0.016099 -0.005425 -0.006934
v -0.016376 -0.005425 -0.007282
v -0.016778 -0.005425 -0.007475
v -0.017223 -0.005425 -0.007475
v -0.017624 -0.005425 -0.007282
v -0.017901 -0.005425 -0.006934
v 0.016000 -0.005425 0.006500
v 0.016000 -0.005425 -0.006500
v 0.018000 -0.005425 -0.006500
v 0.017901 -0.005425 -0.006934
v 0.017624 -0.005425 -0.007282
v 0.017223 -0.005425 -0.007475
v 0.016778 -0.005425 -0.007475
v 0.016376 -0.005425 -0.007282
v 0.016099 -0.005425 -0.006934
v 0.018000 -0.005425 0.006500
v 0.016099 -0.005425 0.006934
v 0.016376 -0.005425 0.007282
v 0.016778 -0.005425 0.007475
v 0.017223 -0.005425 0.007475
v 0.017624 -0.005425 0.007282
v 0.017901 -0.005425 0.006934
v -0.014500 -0.005425 0.014000
v 0.014500 -0.005425 0.014000
v 0.017000 -0.005425 0.014000
v 0.019772 -0.005425 0.012148
v 0.019121 -0.005425 0.013121
v 0.018148 -0.005425 0.013772
v 0.014500 -0.005425 -0.014000
v -0.014500 -0.005425 -0.014000
v -0.017000 -0.005425 -0.014000
v -0.019772 -0.005425 -0.012148
v -0.019121 -0.005425 -0.013121
v -0.018148 -0.005425 -0.013772
v -0.013111 -0.005425 -0.018179
v -0.012250 -0.005425 -0.018350
v 0.012250 -0.005425 -0.018350
v 0.013111 -0.005425 -0.018179
v 0.013841 -0.005425 -0.017691
v -0.013841 -0.005425 -0.017691
v 0.014329 -0.005425 -0.016961
v -0.014329 -0.005425 -0.016961
v 0.014500 -0.005425 -0.016100
v -0.014500 -0.005425 -0.016100
v 0.016777 -0.005425 -0.011975
v -0.016778 -0.005425 -0.011975
v -0.017223 -0.005425 -0.011975
v 0.016376 -0.005425 -0.011782
v -0.016377 -0.005425 -0.011782
v -0.017624 -0.005425 -0.011782
v -0.017901 -0.005425 -0.011434
v 0.016099 -0.005425 -0.011434
v -0.016099 -0.005425 -0.011434
v -0.018000 -0.005425 -0.011000
v 0.016000 -0.005425 -0.011000
v -0.016000 -0.005425 -0.011000
v -0.016099 -0.005425 -0.010566
v -0.017901 -0.005425 -0.010566
v -0.016376 -0.005425 -0.010218
v -0.017624 -0.005425 -0.010218
v -0.017223 -0.005425 -0.010025
v -0.016778 -0.005425 -0.010025
v -0.017223 -0.005425 0.010025
v -0.017624 -0.005425 0.010218
v -0.016778 -0.005425 0.010025
v -0.016376 -0.005425 0.010218
v -0.016099 -0.005425 0.010566
v -0.017901 -0.005425 0.010566
v -0.016000 -0.005425 0.011000
v -0.018000 -0.005425 0.011000
v -0.016099 -0.005425 0.011434
v -0.017901 -0.005425 0.011434
v -0.016376 -0.005425 0.011782
v -0.017623 -0.005425 0.011782
v -0.016777 -0.005425 0.011975
v -0.017222 -0.005425 0.011975
v 0.014500 -0.005425 0.016100
v -0.014500 -0.005425 0.016100
v -0.014329 -0.005425 0.016961
v 0.014329 -0.005425 0.016961
v -0.013841 -0.005425 0.017691
v 0.013841 -0.005425 0.017691
v -0.013111 -0.005425 0.018179
v 0.013111 -0.005425 0.018179
v -0.012250 -0.005425 0.018350
v 0.012250 -0.005425 0.018350
v 0.017222 -0.005425 -0.011975
v 0.017623 -0.005425 -0.011782
v 0.017901 -0.005425 -0.011434
v 0.018000 -0.005425 -0.011000
v 0.016099 -0.005425 -0.010566
v 0.017901 -0.005425 -0.010566
v 0.016376 -0.005425 -0.010218
v 0.017624 -0.005425 -0.010218
v 0.016778 -0.005425 -0.010025
v 0.017223 -0.005425 -0.010025
v 0.004965 0.005404 -0.008761
v 0.004965 0.004654 -0.008761
v 0.005003 0.005404 -0.008743
v 0.005003 0.004654 -0.008743
v 0.005043 0.005404 -0.008731
v 0.005043 0.004654 -0.008731
v 0.005085 0.005404 -0.008726
v 0.005085 0.004654 -0.008726
v 0.005127 0.005404 -0.008729
v 0.005127 0.004654 -0.008729
v 0.005169 0.005404 -0.008738
v 0.005169 0.004654 -0.008738
v 0.005208 0.005404 -0.008754
v 0.005208 0.004654 -0.008754
v 0.005243 0.005404 -0.008777
v 0.005243 0.004654 -0.008777
v 0.005275 0.005404 -0.008805
v 0.005275 0.004654 -0.008805
v 0.005301 0.005404 -0.008838
v 0.005301 0.004654 -0.008838
v -0.005301 0.005404 -0.008838
v -0.005301 0.004654 -0.008838
v -0.005275 0.005404 -0.008805
v -0.005275 0.004654 -0.008805
v -0.005243 0.005404 -0.008777
v -0.005243 0.004654 -0.008777
v -0.005208 0.005404 -0.008754
v -0.005208 0.004654 -0.008754
v -0.005169 0.005404 -0.008738
v -0.005169 0.004654 -0.008738
v -0.005128 0.005404 -0.008729
v -0.005128 0.004654 -0.008729
v -0.005085 0.005404 -0.008726
v -0.005085 0.004654 -0.008726
v -0.005043 0.005404 -0.008731
v -0.005043 0.004654 -0.008731
v -0.005003 0.005404 -0.008743
v -0.005003 0.004654 -0.008743
v -0.004965 0.005404 -0.008761
v -0.004965 0.004654 -0.008761
v -0.005578 0.004654 -0.009255
v -0.005578 0.005404 -0.009255
v -0.005498 0.004654 -0.009608
v -0.005530 0.004654 -0.009584
v -0.005498 0.005404 -0.009608
v -0.005530 0.005404 -0.009584
v -0.005559 0.005404 -0.009556
v -0.005559 0.004654 -0.009556
v -0.005583 0.004654 -0.009523
v -0.005583 0.005404 -0.009523
v -0.005601 0.004654 -0.009487
v -0.005601 0.005404 -0.009487
v -0.005613 0.004654 -0.009449
v -0.005613 0.005404 -0.009449
v -0.005619 0.004654 -0.009409
v -0.005619 0.005404 -0.009409
v -0.005618 0.005404 -0.009368
v -0.005618 0.004654 -0.009368
v -0.005611 0.004654 -0.009328
v -0.005611 0.005404 -0.009328
v -0.005597 0.004654 -0.009290
v -0.005597 0.005404 -0.009290
v 0.005497 0.005404 -0.009608
v 0.005497 0.004654 -0.009608
v 0.004994 0.005404 -0.009890
v 0.004994 0.004654 -0.009890
v 0.004476 0.005404 -0.010145
v 0.004476 0.004654 -0.010145
v 0.003946 0.005404 -0.010372
v 0.003946 0.004654 -0.010372
v 0.003403 0.005404 -0.010570
v 0.003403 0.004654 -0.010570
v 0.002851 0.005404 -0.010739
v 0.002851 0.004654 -0.010739
v 0.002291 0.005404 -0.010877
v 0.002291 0.004654 -0.010877
v 0.001724 0.005404 -0.010985
v 0.001724 0.004654 -0.010985
v 0.001152 0.005404 -0.011063
v 0.001152 0.004654 -0.011063
v 0.000577 0.005404 -0.011109
v 0.000577 0.004654 -0.011109
v -0.000000 0.005404 -0.011125
v -0.000000 0.004654 -0.011125
v -0.000577 0.005404 -0.011109
v -0.000577 0.004654 -0.011109
v -0.001152 0.005404 -0.011063
v -0.001152 0.004654 -0.011063
v -0.001724 0.005404 -0.010985
v -0.001724 0.004654 -0.010985
v -0.002291 0.005404 -0.010877
v -0.002291 0.004654 -0.010877
v -0.002852 0.005404 -0.010739
v -0.002852 0.004654 -0.010739
v -0.003404 0.005404 -0.010570
v -0.003404 0.004654 -0.010570
v -0.003946 0.005404 -0.010372
v -0.003946 0.004654 -0.010372
v -0.004476 0.005404 -0.010145
v -0.004476 0.004654 -0.010145
v -0.004994 0.005404 -0.009890
v -0.004994 0.004654 -0.009890
v 0.005578 0.005404 -0.009255
v 0.005578 0.004654 -0.009255
v 0.005597 0.005404 -0.009290
v 0.005597 0.004654 -0.009290
v 0.005611 0.005404 -0.009328
v 0.005611 0.004654 -0.009328
v 0.005618 0.005404 -0.009368
v 0.005618 0.004654 -0.009368
v 0.005619 0.005404 -0.009409
v 0.005619 0.004654 -0.009409
v 0.005613 0.005404 -0.009449
v 0.005613 0.004654 -0.009449
v 0.005601 0.005404 -0.009487
v 0.005601 0.004654 -0.009487
v 0.005583 0.005404 -0.009523
v 0.005583 0.004654 -0.009523
v 0.005559 0.005404 -0.009556
v 0.005559 0.004654 -0.009556
v 0.005530 0.005404 -0.009584
v 0.005530 0.004654 -0.009584
v 0.003411 0.003904 -0.006112
v 0.001500 0.003904 -0.003625
v 0.001500 0.003654 -0.003625
v 0.003411 0.003654 -0.006112
v 0.004486 0.005404 -0.009028
v 0.003992 0.005404 -0.009267
v 0.003486 0.005404 -0.009478
v 0.002969 0.005404 -0.009661
v 0.002442 0.005404 -0.009813
v 0.001907 0.005404 -0.009936
v 0.001367 0.005404 -0.010029
v 0.000822 0.005404 -0.010090
v 0.000274 0.005404 -0.010121
v -0.000274 0.005404 -0.010121
v -0.000822 0.005404 -0.010090
v -0.001367 0.005404 -0.010029
v -0.001907 0.005404 -0.009936
v -0.002442 0.005404 -0.009813
v -0.002969 0.005404 -0.009661
v -0.003486 0.005404 -0.009478
v -0.003992 0.005404 -0.009267
v -0.004486 0.005404 -0.009028
v -0.001500 0.003904 -0.003625
v -0.001500 0.003654 -0.003625
v -0.003411 0.003904 -0.006112
v -0.003411 0.003654 -0.006112
v -0.005515 0.003654 -0.007601
v -0.005515 0.004654 -0.007601
v -0.005500 0.003654 -0.007775
v -0.005560 0.004654 -0.007433
v -0.005560 0.003654 -0.007433
v -0.005634 0.004654 -0.007275
v -0.005634 0.003654 -0.007275
v -0.005734 0.004654 -0.007132
v -0.005734 0.003654 -0.007132
v -0.005857 0.004654 -0.007009
v -0.005857 0.003654 -0.007009
v -0.006000 0.004654 -0.006909
v -0.006000 0.003654 -0.006909
v -0.006158 0.004654 -0.006835
v -0.006158 0.003654 -0.006835
v -0.006326 0.004654 -0.006790
v -0.006326 0.003654 -0.006790
v -0.006500 0.004654 -0.006775
v -0.006500 0.003654 -0.006775
v -0.006674 0.004654 -0.006790
v -0.006674 0.003654 -0.006790
v -0.006842 0.004654 -0.006835
v -0.006842 0.003654 -0.006835
v -0.007000 0.004654 -0.006909
v -0.007000 0.003654 -0.006909
v -0.007143 0.004654 -0.007009
v -0.007143 0.003654 -0.007009
v -0.007266 0.004654 -0.007132
v -0.007266 0.003654 -0.007132
v -0.007366 0.004654 -0.007275
v -0.007366 0.003654 -0.007275
v -0.007440 0.004654 -0.007433
v -0.007440 0.003654 -0.007433
v -0.007485 0.004654 -0.007601
v -0.007485 0.003654 -0.007601
v -0.007500 0.004654 -0.007775
v -0.007500 0.003654 -0.007775
v -0.007485 0.004654 -0.007948
v -0.007485 0.003654 -0.007948
v -0.007440 0.004654 -0.008117
v -0.007440 0.003654 -0.008117
v -0.007366 0.004654 -0.008275
v -0.007366 0.003654 -0.008275
v -0.007266 0.004654 -0.008418
v -0.007266 0.003654 -0.008418
v -0.007143 0.004654 -0.008541
v -0.007143 0.003654 -0.008541
v -0.007000 0.004654 -0.008641
v -0.007000 0.003654 -0.008641
v -0.006842 0.004654 -0.008715
v -0.006842 0.003654 -0.008715
v -0.006674 0.004654 -0.008760
v -0.006674 0.003654 -0.008760
v -0.006500 0.004654 -0.008775
v -0.006500 0.003654 -0.008775
v -0.006326 0.004654 -0.008760
v -0.006326 0.003654 -0.008760
v -0.006158 0.004654 -0.008715
v -0.006158 0.003654 -0.008715
v -0.006000 0.004654 -0.008641
v -0.006000 0.003654 -0.008641
v -0.005857 0.004654 -0.008541
v -0.005857 0.003654 -0.008541
v -0.005734 0.004654 -0.008418
v -0.005734 0.003654 -0.008418
v -0.005634 0.004654 -0.008275
v -0.005634 0.003654 -0.008275
v -0.005560 0.004654 -0.008117
v -0.005560 0.003654 -0.008117
v -0.005515 0.004654 -0.007948
v -0.005515 0.003654 -0.007948
v -0.005500 0.004654 -0.007775
v 0.007485 0.003654 -0.007601
v 0.007485 0.004654 -0.007601
v 0.007500 0.003654 -0.007775
v 0.007440 0.004654 -0.007433
v 0.007440 0.003654 -0.007433
v 0.007366 0.004654 -0.007275
v 0.007366 0.003654 -0.007275
v 0.007266 0.004654 -0.007132
v 0.007266 0.003654 -0.007132
v 0.007143 0.004654 -0.007009
v 0.007143 0.003654 -0.007009
v 0.007000 0.004654 -0.006909
v 0.007000 0.003654 -0.006909
v 0.006842 0.004654 -0.006835
v 0.006842 0.003654 -0.006835
v 0.006674 0.004654 -0.006790
v 0.006674 0.003654 -0.006790
v 0.006500 0.004654 -0.006775
v 0.006500 0.003654 -0.006775
v 0.006326 0.004654 -0.006790
v 0.006326 0.003654 -0.006790
v 0.006158 0.004654 -0.006835
v 0.006158 0.003654 -0.006835
v 0.006000 0.004654 -0.006909
v 0.006000 0.003654 -0.006909
v 0.005857 0.004654 -0.007009
v 0.005857 0.003654 -0.007009
v 0.005734 0.004654 -0.007132
v 0.005734 0.003654 -0.007132
v 0.005634 0.004654 -0.007275
v 0.005634 0.003654 -0.007275
v 0.005560 0.004654 -0.007433
v 0.005560 0.003654 -0.007433
v 0.005515 0.004654 -0.007601
v 0.005515 0.003654 -0.007601
v 0.005500 0.004654 -0.007775
v 0.005500 0.003654 -0.007775
v 0.005515 0.004654 -0.007948
v 0.005515 0.003654 -0.007948
v 0.005560 0.004654 -0.008117
v 0.005560 0.003654 -0.008117
v 0.005634 0.004654 -0.008275
v 0.005634 0.003654 -0.008275
v 0.005734 0.004654 -0.008418
v 0.005734 0.003654 -0.008418
v 0.005857 0.004654 -0.008541
v 0.005857 0.003654 -0.008541
v 0.006000 0.004654 -0.008641
v 0.006000 0.003654 -0.008641
v 0.006158 0.004654 -0.008715
v 0.006158 0.003654 -0.008715
v 0.006326 0.004654 -0.008760
v 0.006326 0.003654 -0.008760
v 0.006500 0.004654 -0.008775
v 0.006500 0.003654 -0.008775
v 0.006674 0.004654 -0.008760
v 0.006674 0.003654 -0.008760
v 0.006842 0.004654 -0.008715
v 0.006842 0.003654 -0.008715
v 0.007000 0.004654 -0.008641
v 0.007000 0.003654 -0.008641
v 0.007143 0.004654 -0.008541
v 0.007143 0.003654 -0.008541
v 0.007266 0.004654 -0.008418
v 0.007266 0.003654 -0.008418
v 0.007366 0.004654 -0.008275
v 0.007366 0.003654 -0.008275
v 0.007440 0.004654 -0.008117
v 0.007440 0.003654 -0.008117
v 0.007485 0.004654 -0.007948
v 0.007485 0.003654 -0.007948
v 0.007500 0.004654 -0.007775
v 0.007971 0.003654 -0.006612
v 0.007971 0.003654 -0.008945
v 0.007971 0.004654 -0.008945
v 0.007971 0.004654 -0.006612
v 0.007471 0.004654 -0.006112
v 0.007471 0.003654 -0.006112
v 0.007558 0.004654 -0.006120
v 0.007558 0.003654 -0.006120
v 0.007642 0.004654 -0.006142
v 0.007642 0.003654 -0.006142
v 0.007721 0.004654 -0.006179
v 0.007721 0.003654 -0.006179
v 0.007793 0.004654 -0.006229
v 0.007793 0.003654 -0.006229
v 0.007854 0.004654 -0.006291
v 0.007854 0.003654 -0.006291
v 0.007904 0.004654 -0.006362
v 0.007904 0.003654 -0.006362
v 0.007941 0.004654 -0.006441
v 0.007941 0.003654 -0.006441
v 0.007964 0.004654 -0.006525
v 0.007964 0.003654 -0.006525
v 0.002465 0.004654 -0.006112
v -0.007471 0.004654 -0.006112
v -0.002465 0.004654 -0.006112
v -0.007471 0.003654 -0.006112
v -0.007971 0.004654 -0.006612
v -0.007971 0.003654 -0.006612
v -0.007964 0.004654 -0.006525
v -0.007964 0.003654 -0.006525
v -0.007941 0.004654 -0.006441
v -0.007941 0.003654 -0.006441
v -0.007904 0.004654 -0.006362
v -0.007904 0.003654 -0.006362
v -0.007854 0.004654 -0.006291
v -0.007854 0.003654 -0.006291
v -0.007793 0.004654 -0.006229
v -0.007793 0.003654 -0.006229
v -0.007721 0.004654 -0.006179
v -0.007721 0.003654 -0.006179
v -0.007642 0.004654 -0.006142
v -0.007642 0.003654 -0.006142
v -0.007558 0.004654 -0.006120
v -0.007558 0.003654 -0.006120
v -0.007971 0.003654 -0.008945
v -0.007971 0.004654 -0.008945
v 0.007964 0.004654 -0.009032
v 0.007941 0.004654 -0.009116
v 0.007904 0.004654 -0.009195
v 0.007854 0.004654 -0.009267
v 0.007793 0.004654 -0.009328
v 0.007721 0.004654 -0.009378
v 0.007642 0.004654 -0.009415
v 0.007558 0.004654 -0.009438
v 0.006307 0.004654 -0.009445
v 0.006307 0.004654 -0.009805
v 0.005793 0.004654 -0.010130
v 0.005262 0.004654 -0.010427
v 0.004717 0.004654 -0.010695
v 0.004157 0.004654 -0.010933
v 0.003586 0.004654 -0.011141
v 0.003004 0.004654 -0.011318
v 0.002414 0.004654 -0.011464
v 0.001816 0.004654 -0.011578
v 0.001214 0.004654 -0.011659
v 0.000608 0.004654 -0.011708
v -0.000000 0.004654 -0.011724
v -0.000608 0.004654 -0.011708
v -0.001130 0.004654 -0.004375
v 0.001130 0.004654 -0.004375
v -0.001214 0.004654 -0.011659
v -0.001817 0.004654 -0.011578
v -0.002414 0.004654 -0.011464
v -0.003004 0.004654 -0.011318
v -0.003586 0.004654 -0.011141
v -0.004157 0.004654 -0.010933
v -0.004717 0.004654 -0.010695
v -0.005262 0.004654 -0.010427
v -0.005793 0.004654 -0.010130
v -0.006307 0.004654 -0.009805
v -0.006307 0.004654 -0.009445
v -0.007471 0.004654 -0.009445
v -0.007558 0.004654 -0.009438
v -0.007642 0.004654 -0.009415
v -0.007721 0.004654 -0.009378
v -0.007793 0.004654 -0.009328
v -0.007854 0.004654 -0.009267
v -0.007904 0.004654 -0.009195
v -0.007941 0.004654 -0.009116
v -0.007964 0.004654 -0.009032
v 0.003992 0.004654 -0.009267
v 0.004486 0.004654 -0.009028
v 0.003486 0.004654 -0.009478
v 0.002969 0.004654 -0.009661
v 0.002442 0.004654 -0.009813
v 0.001907 0.004654 -0.009936
v 0.001367 0.004654 -0.010029
v 0.000822 0.004654 -0.010090
v 0.000274 0.004654 -0.010121
v -0.000274 0.004654 -0.010121
v -0.000822 0.004654 -0.010090
v -0.001367 0.004654 -0.010029
v -0.001907 0.004654 -0.009936
v -0.002442 0.004654 -0.009813
v -0.002969 0.004654 -0.009661
v -0.003486 0.004654 -0.009478
v -0.003992 0.004654 -0.009267
v -0.004486 0.004654 -0.009028
v 0.007471 0.004654 -0.009445
v -0.007471 0.003654 -0.009445
v -0.007558 0.003654 -0.009438
v -0.007642 0.003654 -0.009415
v -0.007721 0.003654 -0.009378
v -0.007793 0.003654 -0.009328
v -0.007854 0.003654 -0.009267
v -0.007904 0.003654 -0.009195
v -0.007941 0.003654 -0.009116
v -0.007964 0.003654 -0.009032
v -0.006307 0.003654 -0.009445
v -0.006307 0.003654 -0.009805
v 0.006307 0.003654 -0.009805
v 0.005793 0.003654 -0.010130
v 0.005262 0.003654 -0.010427
v 0.004717 0.003654 -0.010695
v 0.004157 0.003654 -0.010933
v 0.003586 0.003654 -0.011141
v 0.003004 0.003654 -0.011318
v 0.002414 0.003654 -0.011464
v 0.001816 0.003654 -0.011578
v 0.001214 0.003654 -0.011659
v 0.000608 0.003654 -0.011708
v -0.000000 0.003654 -0.011724
v -0.000608 0.003654 -0.011708
v -0.001214 0.003654 -0.011659
v -0.001817 0.003654 -0.011578
v -0.002414 0.003654 -0.011464
v -0.003004 0.003654 -0.011318
v -0.003586 0.003654 -0.011141
v -0.004157 0.003654 -0.010933
v -0.004717 0.003654 -0.010695
v -0.005262 0.003654 -0.010427
v -0.005793 0.003654 -0.010130
v 0.006307 0.003654 -0.009445
v 0.007471 0.003654 -0.009445
v 0.007964 0.003654 -0.009032
v 0.007941 0.003654 -0.009116
v 0.007904 0.003654 -0.009195
v 0.007854 0.003654 -0.009267
v 0.007793 0.003654 -0.009328
v 0.007721 0.003654 -0.009378
v 0.007642 0.003654 -0.009415
v 0.007558 0.003654 -0.009438
v -0.000000 0.003654 -0.011100
v -0.000577 0.003654 -0.011085
v 0.000577 0.003654 -0.011085
v -0.001152 0.003654 -0.011038
v 0.001152 0.003654 -0.011038
v -0.001724 0.003654 -0.010961
v 0.001724 0.003654 -0.010961
v -0.002291 0.003654 -0.010852
v 0.002291 0.003654 -0.010852
v -0.002852 0.003654 -0.010714
v 0.002851 0.003654 -0.010714
v 0.003403 0.003654 -0.010545
v -0.003404 0.003654 -0.010545
v 0.003946 0.003654 -0.010348
v -0.003946 0.003654 -0.010348
v 0.004476 0.003654 -0.010121
v -0.004476 0.003654 -0.010121
v 0.004994 0.003654 -0.009866
v -0.004994 0.003654 -0.009866
v 0.005497 0.003654 -0.009583
v -0.005498 0.003654 -0.009583
v -0.005530 0.003654 -0.009560
v 0.005530 0.003654 -0.009560
v -0.005559 0.003654 -0.009531
v 0.005559 0.003654 -0.009531
v 0.005583 0.003654 -0.009498
v -0.005583 0.003654 -0.009498
v -0.005601 0.003654 -0.009462
v 0.005601 0.003654 -0.009462
v -0.005613 0.003654 -0.009424
v 0.005613 0.003654 -0.009424
v 0.005619 0.003654 -0.009384
v -0.005619 0.003654 -0.009384
v -0.005618 0.003654 -0.009343
v 0.005618 0.003654 -0.009343
v -0.005611 0.003654 -0.009304
v 0.005611 0.003654 -0.009304
v -0.005597 0.003654 -0.009266
v 0.005597 0.003654 -0.009266
v 0.005578 0.003654 -0.009230
v -0.005578 0.003654 -0.009230
v -0.005301 0.003654 -0.008813
v 0.005301 0.003654 -0.008813
v -0.005275 0.003654 -0.008780
v 0.005275 0.003654 -0.008780
v 0.005243 0.003654 -0.008752
v -0.005243 0.003654 -0.008752
v 0.005208 0.003654 -0.008730
v -0.005208 0.003654 -0.008730
v 0.005169 0.003654 -0.008713
v -0.005169 0.003654 -0.008713
v 0.005127 0.003654 -0.008704
v -0.005128 0.003654 -0.008704
v 0.005085 0.003654 -0.008702
v -0.005085 0.003654 -0.008702
v -0.000822 0.003654 -0.010066
v -0.000274 0.003654 -0.010096
v 0.000274 0.003654 -0.010096
v 0.000822 0.003654 -0.010066
v -0.001367 0.003654 -0.010004
v 0.001367 0.003654 -0.010004
v 0.001907 0.003654 -0.009911
v -0.001907 0.003654 -0.009911
v 0.002442 0.003654 -0.009789
v -0.002442 0.003654 -0.009789
v -0.002969 0.003654 -0.009636
v 0.002969 0.003654 -0.009636
v -0.003486 0.003654 -0.009454
v 0.003486 0.003654 -0.009454
v -0.003992 0.003654 -0.009243
v 0.003992 0.003654 -0.009243
v -0.004486 0.003654 -0.009003
v 0.004486 0.003654 -0.009003
v 0.004965 0.003654 -0.008737
v -0.004965 0.003654 -0.008737
v 0.005003 0.003654 -0.008718
v -0.005003 0.003654 -0.008718
v 0.005043 0.003654 -0.008706
v -0.005043 0.003654 -0.008706
v -0.005578 0.003904 -0.009230
v -0.005301 0.003904 -0.008813
v -0.005275 0.003904 -0.008780
v -0.005243 0.003904 -0.008752
v -0.005208 0.003904 -0.008730
v -0.005169 0.003904 -0.008713
v -0.005128 0.003904 -0.008704
v -0.005085 0.003904 -0.008702
v -0.005043 0.003904 -0.008706
v -0.005003 0.003904 -0.008718
v -0.004965 0.003904 -0.008737
v -0.004486 0.003904 -0.009003
v -0.003992 0.003904 -0.009243
v -0.003486 0.003904 -0.009454
v -0.002969 0.003904 -0.009636
v -0.002442 0.003904 -0.009789
v -0.001907 0.003904 -0.009911
v -0.001367 0.003904 -0.010004
v -0.000822 0.003904 -0.010066
v -0.000274 0.003904 -0.010096
v 0.000274 0.003904 -0.010096
v 0.000822 0.003904 -0.010066
v 0.001367 0.003904 -0.010004
v 0.001907 0.003904 -0.009911
v 0.002442 0.003904 -0.009789
v 0.002969 0.003904 -0.009636
v 0.003486 0.003904 -0.009454
v 0.003992 0.003904 -0.009243
v 0.004486 0.003904 -0.009003
v 0.004965 0.003904 -0.008737
v 0.005003 0.003904 -0.008718
v 0.005043 0.003904 -0.008706
v 0.005085 0.003904 -0.008702
v 0.005127 0.003904 -0.008704
v 0.005169 0.003904 -0.008713
v 0.005208 0.003904 -0.008730
v 0.005243 0.003904 -0.008752
v 0.005275 0.003904 -0.008780
v 0.005301 0.003904 -0.008813
v 0.005578 0.003904 -0.009230
v 0.005616 0.003904 -0.009411
v 0.005619 0.003904 -0.009368
v 0.005605 0.003904 -0.009453
v 0.005587 0.003904 -0.009492
v 0.005562 0.003904 -0.009527
v 0.005532 0.003904 -0.009558
v 0.005497 0.003904 -0.009583
v 0.005617 0.003904 -0.009332
v 0.005609 0.003904 -0.009296
v 0.005595 0.003904 -0.009262
v 0.004994 0.003904 -0.009866
v 0.004476 0.003904 -0.010121
v 0.003946 0.003904 -0.010348
v 0.003403 0.003904 -0.010545
v 0.002851 0.003904 -0.010714
v 0.002291 0.003904 -0.010852
v 0.001724 0.003904 -0.010961
v 0.001152 0.003904 -0.011038
v 0.000577 0.003904 -0.011085
v -0.000000 0.003904 -0.011100
v -0.000577 0.003904 -0.011085
v -0.001152 0.003904 -0.011038
v -0.001724 0.003904 -0.010961
v -0.002291 0.003904 -0.010852
v -0.002852 0.003904 -0.010714
v -0.003404 0.003904 -0.010545
v -0.003946 0.003904 -0.010348
v -0.004476 0.003904 -0.010121
v -0.004994 0.003904 -0.009866
v -0.005498 0.003904 -0.009583
v -0.005530 0.003904 -0.009560
v -0.005559 0.003904 -0.009531
v -0.005583 0.003904 -0.009498
v -0.005601 0.003904 -0.009462
v -0.005613 0.003904 -0.009424
v -0.005619 0.003904 -0.009384
v -0.005618 0.003904 -0.009343
v -0.005611 0.003904 -0.009304
v -0.005597 0.003904 -0.009266
v 0.000563 0.004154 -0.010835
v -0.000564 0.004154 -0.010835
v -0.000000 0.004154 -0.010850
v -0.001125 0.004154 -0.010789
v 0.001125 0.004154 -0.010789
v -0.001684 0.004154 -0.010714
v 0.001684 0.004154 -0.010714
v -0.002238 0.004154 -0.010608
v 0.002238 0.004154 -0.010608
v 0.002785 0.004154 -0.010473
v -0.002785 0.004154 -0.010473
v 0.000281 0.004154 -0.010346
v -0.000281 0.004154 -0.010346
v 0.000843 0.004154 -0.010315
v -0.000843 0.004154 -0.010315
v 0.003324 0.004154 -0.010308
v -0.003324 0.004154 -0.010308
v 0.001402 0.004154 -0.010251
v -0.001402 0.004154 -0.010251
v 0.001956 0.004154 -0.010157
v -0.001956 0.004154 -0.010157
v -0.003854 0.004154 -0.010115
v 0.003854 0.004154 -0.010115
v 0.002505 0.004154 -0.010031
v -0.002505 0.004154 -0.010031
v -0.004372 0.004154 -0.009894
v 0.004372 0.004154 -0.009894
v -0.003045 0.004154 -0.009874
v 0.003045 0.004154 -0.009874
v -0.003576 0.004154 -0.009687
v 0.003576 0.004154 -0.009687
v -0.004878 0.004154 -0.009644
v 0.004878 0.004154 -0.009644
v -0.004095 0.004154 -0.009471
v 0.004095 0.004154 -0.009471
v -0.005369 0.004154 -0.009368
v 0.005369 0.004154 -0.009368
v -0.004601 0.004154 -0.009225
v 0.004601 0.004154 -0.009225
v -0.005093 0.004154 -0.008952
v 0.005093 0.004154 -0.008952
v -0.009641 -0.001746 0.013543
v -0.009641 -0.003346 0.013543
v -0.009560 -0.001746 0.013925
v -0.009871 -0.003346 0.013227
v -0.009871 -0.001746 0.013227
v -0.010210 -0.003346 0.013031
v -0.010210 -0.001746 0.013031
v -0.010598 -0.003346 0.012990
v -0.010598 -0.001746 0.012990
v -0.010970 -0.003346 0.013111
v -0.010970 -0.001746 0.013111
v -0.011260 -0.003346 0.013373
v -0.011260 -0.001746 0.013373
v -0.011419 -0.003346 0.013730
v -0.011419 -0.001746 0.013730
v -0.011419 -0.003346 0.014120
v -0.011419 -0.001746 0.014120
v -0.011260 -0.003346 0.014477
v -0.011260 -0.001746 0.014477
v -0.010970 -0.003346 0.014739
v -0.010970 -0.001746 0.014739
v -0.010598 -0.003346 0.014860
v -0.010598 -0.001746 0.014860
v -0.010210 -0.003346 0.014819
v -0.010210 -0.001746 0.014819
v -0.009871 -0.003346 0.014623
v -0.009871 -0.001746 0.014623
v -0.009641 -0.003346 0.014307
v -0.009641 -0.001746 0.014307
v -0.009560 -0.003346 0.013925
v -0.009641 -0.001746 -0.014457
v -0.009641 -0.003346 -0.014457
v -0.009560 -0.001746 -0.014075
v -0.009871 -0.003346 -0.014773
v -0.009871 -0.001746 -0.014773
v -0.010210 -0.003346 -0.014969
v -0.010210 -0.001746 -0.014969
v -0.010598 -0.003346 -0.015010
v -0.010598 -0.001746 -0.015010
v -0.010970 -0.003346 -0.014889
v -0.010970 -0.001746 -0.014889
v -0.011260 -0.003346 -0.014627
v -0.011260 -0.001746 -0.014627
v -0.011419 -0.003346 -0.014270
v -0.011419 -0.001746 -0.014270
v -0.011419 -0.003346 -0.013880
v -0.011419 -0.001746 -0.013880
v -0.011260 -0.003346 -0.013523
v -0.011260 -0.001746 -0.013523
v -0.010970 -0.003346 -0.013261
v -0.010970 -0.001746 -0.013261
v -0.010598 -0.003346 -0.013140
v -0.010598 -0.001746 -0.013140
v -0.010210 -0.003346 -0.013181
v -0.010210 -0.001746 -0.013181
v -0.009871 -0.003346 -0.013377
v -0.009871 -0.001746 -0.013377
v -0.009641 -0.003346 -0.013693
v -0.009641 -0.001746 -0.013693
v -0.009560 -0.003346 -0.014075
v 0.011359 -0.001746 0.013543
v 0.011359 -0.003346 0.013543
v 0.011440 -0.001746 0.013925
v 0.011129 -0.003346 0.013227
v 0.011129 -0.001746 0.013227
v 0.010790 -0.003346 0.013031
v 0.010790 -0.001746 0.013031
v 0.010402 -0.003346 0.012990
v 0.010402 -0.001746 0.012990
v 0.010030 -0.003346 0.013111
v 0.010030 -0.001746 0.013111
v 0.009740 -0.003346 0.013373
v 0.009740 -0.001746 0.013373
v 0.009581 -0.003346 0.013730
v 0.009581 -0.001746 0.013730
v 0.009581 -0.003346 0.014120
v 0.009581 -0.001746 0.014120
v 0.009740 -0.003346 0.014477
v 0.009740 -0.001746 0.014477
v 0.010030 -0.003346 0.014739
v 0.010030 -0.001746 0.014739
v 0.010402 -0.003346 0.014860
v 0.010402 -0.001746 0.014860
v 0.010790 -0.003346 0.014819
v 0.010790 -0.001746 0.014819
v 0.011129 -0.003346 0.014623
v 0.011129 -0.001746 0.014623
v 0.011359 -0.003346 0.014307
v 0.011359 -0.001746 0.014307
v 0.011440 -0.003346 0.013925
v 0.012500 -0.003346 0.014925
v 0.012500 -0.001746 0.014925
v 0.012424 -0.003346 0.015308
v 0.012424 -0.001746 0.015308
v 0.012207 -0.003346 0.015632
v 0.012207 -0.001746 0.015632
v 0.011883 -0.003346 0.015849
v 0.011883 -0.001746 0.015849
v 0.011500 -0.003346 0.015925
v 0.011500 -0.001746 0.015925
v 0.012500 -0.001746 -0.015075
v 0.012424 -0.001746 -0.015458
v 0.012207 -0.001746 -0.015782
v 0.011883 -0.001746 -0.015999
v 0.011500 -0.001746 -0.016075
v 0.011440 -0.001746 -0.014075
v 0.011359 -0.001746 -0.013693
v 0.011359 -0.001746 -0.014457
v 0.011129 -0.001746 -0.013377
v 0.011129 -0.001746 -0.014773
v 0.010790 -0.001746 -0.013181
v 0.010790 -0.001746 -0.014969
v 0.010402 -0.001746 -0.015010
v 0.010402 -0.001746 -0.013140
v 0.010030 -0.001746 -0.014889
v 0.010030 -0.001746 -0.013261
v 0.009740 -0.001746 -0.013523
v 0.009581 -0.001746 -0.013880
v 0.009581 -0.001746 -0.014270
v 0.009740 -0.001746 -0.014627
v -0.011500 -0.001746 -0.016075
v -0.011500 -0.001746 0.015925
v -0.011883 -0.001746 0.015849
v -0.011883 -0.001746 -0.015999
v -0.012207 -0.001746 -0.015782
v -0.012207 -0.001746 0.015632
v -0.012424 -0.001746 -0.015458
v -0.012424 -0.001746 0.015308
v -0.012500 -0.001746 -0.015075
v -0.012500 -0.001746 0.014925
v 0.012500 -0.003346 -0.015075
v 0.011500 -0.003346 -0.016075
v 0.011883 -0.003346 -0.015999
v 0.012207 -0.003346 -0.015782
v 0.012424 -0.003346 -0.015458
v -0.011500 -0.003346 -0.016075
v -0.012500 -0.003346 -0.015075
v -0.012424 -0.003346 -0.015458
v -0.012207 -0.003346 -0.015782
v -0.011883 -0.003346 -0.015999
v -0.012500 -0.003346 0.014925
v -0.011500 -0.003346 0.015925
v -0.011883 -0.003346 0.015849
v -0.012207 -0.003346 0.015632
v -0.012424 -0.003346 0.015308
v 0.010402 -0.003346 -0.015010
v 0.010790 -0.003346 -0.014969
v 0.010030 -0.003346 -0.014889
v 0.011129 -0.003346 -0.014773
v 0.009740 -0.003346 -0.014627
v 0.011359 -0.003346 -0.014457
v 0.009581 -0.003346 -0.014270
v 0.011440 -0.003346 -0.014075
v 0.009581 -0.003346 -0.013880
v 0.011359 -0.003346 -0.013693
v 0.009740 -0.003346 -0.013523
v 0.011129 -0.003346 -0.013377
v 0.010030 -0.003346 -0.013261
v 0.010402 -0.003346 -0.013140
v 0.010790 -0.003346 -0.013181
v 0.003250 -0.001476 -0.009679
v 0.003250 -0.001246 -0.009725
v 0.003250 0.001595 -0.009725
v 0.003250 -0.001671 -0.009549
v 0.003250 0.001525 -0.009528
v 0.003250 0.001391 -0.009367
v 0.003250 -0.001801 -0.009355
v 0.003250 0.001210 -0.009262
v 0.003250 0.001004 -0.009225
v 0.003250 -0.001246 -0.009225
v 0.003250 -0.001285 -0.009217
v 0.003250 -0.001317 -0.009196
v 0.003250 -0.001339 -0.009163
v 0.003250 -0.001846 -0.009125
v 0.003250 -0.001346 -0.009125
v 0.003250 -0.001346 -0.007125
v 0.003250 -0.001846 -0.007125
v 0.001250 -0.001476 -0.009679
v 0.001250 -0.001246 -0.009725
v 0.001250 0.001595 -0.009725
v 0.001250 -0.001671 -0.009549
v 0.001250 0.001525 -0.009528
v 0.001250 0.001391 -0.009367
v 0.001250 -0.001801 -0.009355
v 0.001250 0.001210 -0.009262
v 0.001250 0.001004 -0.009225
v 0.001250 -0.001246 -0.009225
v 0.001250 -0.001285 -0.009217
v 0.001250 -0.001317 -0.009196
v 0.001250 -0.001339 -0.009163
v 0.001250 -0.001846 -0.009125
v 0.001250 -0.001346 -0.009125
v 0.001250 -0.001346 -0.007125
v 0.001250 -0.001846 -0.007125
v -0.005250 0.001391 -0.009367
v -0.005250 0.001525 -0.009528
v -0.005250 0.001595 -0.009725
v -0.005250 0.001210 -0.009262
v -0.005250 0.001004 -0.009225
v -0.005250 -0.001246 -0.009725
v -0.005250 -0.001246 -0.009225
v -0.005250 -0.001285 -0.009217
v -0.005250 -0.001317 -0.009196
v -0.005250 -0.001339 -0.009163
v -0.005250 -0.001346 -0.009125
v -0.005250 -0.001476 -0.009679
v -0.005250 -0.001346 -0.007125
v -0.005250 -0.001671 -0.009549
v -0.005250 -0.001801 -0.009355
v -0.005250 -0.001846 -0.009125
v -0.005250 -0.001846 -0.007125
v -0.001250 0.001004 -0.009225
v -0.000750 0.001004 -0.009225
v -0.001250 0.001210 -0.009262
v -0.000750 0.001210 -0.009262
v -0.001250 0.001391 -0.009367
v -0.000750 0.001391 -0.009367
v -0.001250 0.001525 -0.009528
v -0.000750 0.001525 -0.009528
v -0.001250 0.001595 -0.009725
v -0.000750 0.001595 -0.009725
v -0.004750 -0.001476 -0.009679
v -0.004750 -0.001246 -0.009725
v -0.004750 0.001595 -0.009725
v -0.004750 -0.001671 -0.009549
v -0.004750 0.001525 -0.009528
v -0.004750 0.001391 -0.009367
v -0.004750 -0.001801 -0.009355
v -0.004750 0.001210 -0.009262
v -0.004750 0.001004 -0.009225
v -0.004750 -0.001246 -0.009225
v -0.004750 -0.001285 -0.009217
v -0.004750 -0.001317 -0.009196
v -0.004750 -0.001339 -0.009163
v -0.004750 -0.001846 -0.009125
v -0.004750 -0.001346 -0.009125
v -0.004750 -0.001346 -0.007125
v -0.004750 -0.001846 -0.007125
v 0.004750 0.001004 -0.009225
v 0.005250 0.001004 -0.009225
v 0.004750 0.001210 -0.009262
v 0.005250 0.001210 -0.009262
v 0.004750 0.001391 -0.009367
v 0.005250 0.001391 -0.009367
v 0.004750 0.001525 -0.009528
v 0.005250 0.001525 -0.009528
v 0.004750 0.001595 -0.009725
v 0.005250 0.001595 -0.009725
v 0.000750 0.001004 -0.009225
v 0.000750 0.001210 -0.009262
v 0.000750 0.001391 -0.009367
v 0.000750 0.001525 -0.009528
v 0.000750 0.001595 -0.009725
v 0.005250 -0.001476 -0.009679
v 0.005250 -0.001246 -0.009725
v 0.005250 -0.001671 -0.009549
v 0.005250 -0.001801 -0.009355
v 0.005250 -0.001246 -0.009225
v 0.005250 -0.001285 -0.009217
v 0.005250 -0.001317 -0.009196
v 0.005250 -0.001339 -0.009163
v 0.005250 -0.001846 -0.009125
v 0.005250 -0.001346 -0.009125
v 0.005250 -0.001346 -0.007125
v 0.005250 -0.001846 -0.007125
v 0.002750 0.001391 -0.009367
v 0.002750 0.001525 -0.009528
v 0.002750 0.001595 -0.009725
v 0.002750 0.001210 -0.009262
v 0.002750 0.001004 -0.009225
v 0.002750 -0.001246 -0.009725
v 0.002750 -0.001246 -0.009225
v 0.002750 -0.001285 -0.009217
v 0.002750 -0.001317 -0.009196
v 0.002750 -0.001339 -0.009163
v 0.002750 -0.001346 -0.009125
v 0.002750 -0.001476 -0.009679
v 0.002750 -0.001346 -0.007125
v 0.002750 -0.001671 -0.009549
v 0.002750 -0.001801 -0.009355
v 0.002750 -0.001846 -0.009125
v 0.002750 -0.001846 -0.007125
v 0.000750 -0.001346 -0.007125
v 0.000750 -0.001846 -0.007125
v 0.000750 -0.001246 -0.009225
v 0.000750 -0.001285 -0.009217
v 0.000750 -0.001317 -0.009196
v 0.000750 -0.001339 -0.009163
v 0.000750 -0.001346 -0.009125
v -0.001250 -0.001246 -0.009225
v -0.000750 -0.001246 -0.009225
v 0.004750 -0.001246 -0.009725
v 0.004750 -0.001246 -0.009225
v 0.004750 -0.001285 -0.009217
v 0.004750 -0.001317 -0.009196
v 0.004750 -0.001339 -0.009163
v 0.004750 -0.001346 -0.009125
v 0.004750 -0.001476 -0.009679
v 0.004750 -0.001346 -0.007125
v 0.004750 -0.001671 -0.009549
v 0.004750 -0.001801 -0.009355
v 0.004750 -0.001846 -0.009125
v 0.004750 -0.001846 -0.007125
v -0.000750 -0.001476 -0.009679
v -0.000750 -0.001246 -0.009725
v -0.000750 -0.001671 -0.009549
v -0.000750 -0.001801 -0.009355
v -0.000750 -0.001285 -0.009217
v -0.000750 -0.001317 -0.009196
v -0.000750 -0.001339 -0.009163
v -0.000750 -0.001846 -0.009125
v -0.000750 -0.001346 -0.009125
v -0.000750 -0.001346 -0.007125
v -0.000750 -0.001846 -0.007125
v -0.001250 -0.001346 -0.009125
v -0.001250 -0.001346 -0.007125
v 0.000750 -0.001246 -0.009725
v 0.000750 -0.001476 -0.009679
v 0.000750 -0.001671 -0.009549
v 0.000750 -0.001801 -0.009355
v 0.000750 -0.001846 -0.009125
v -0.002750 -0.001346 -0.009125
v -0.003250 -0.001346 -0.009125
v -0.003250 -0.001346 -0.007125
v -0.002750 -0.001346 -0.007125
v -0.001250 -0.001285 -0.009217
v -0.001250 -0.001317 -0.009196
v -0.001250 -0.001339 -0.009163
v -0.001250 -0.001846 -0.007125
v -0.002750 -0.001846 -0.007125
v -0.003250 -0.001846 -0.007125
v -0.002750 -0.001476 -0.009679
v -0.002750 -0.001246 -0.009725
v -0.002750 0.001595 -0.009725
v -0.002750 -0.001671 -0.009549
v -0.002750 0.001525 -0.009528
v -0.002750 0.001391 -0.009367
v -0.002750 -0.001801 -0.009355
v -0.002750 0.001210 -0.009262
v -0.002750 0.001004 -0.009225
v -0.002750 -0.001246 -0.009225
v -0.002750 -0.001285 -0.009217
v -0.002750 -0.001317 -0.009196
v -0.002750 -0.001339 -0.009163
v -0.002750 -0.001846 -0.009125
v -0.003250 0.001004 -0.009225
v -0.003250 0.001210 -0.009262
v -0.003250 0.001391 -0.009367
v -0.003250 0.001525 -0.009528
v -0.003250 0.001595 -0.009725
v 0.005250 0.001604 -0.011475
v 0.005250 0.001104 -0.011475
v 0.005250 0.001104 -0.014775
v 0.005250 0.001604 -0.014775
v 0.000750 0.001604 -0.011475
v 0.001250 0.001604 -0.011475
v 0.001250 0.001604 -0.014775
v 0.000750 0.001604 -0.014775
v -0.003250 -0.001246 -0.009225
v -0.003250 -0.001285 -0.009217
v -0.003250 -0.001317 -0.009196
v -0.003250 -0.001339 -0.009163
v 0.004750 0.001104 -0.011475
v 0.004750 0.001104 -0.014775
v 0.003250 0.001604 -0.011475
v 0.003250 0.001104 -0.011475
v 0.003250 0.001104 -0.014775
v 0.003250 0.001604 -0.014775
v -0.005250 0.001604 -0.011475
v -0.004750 0.001604 -0.011475
v -0.004750 0.001604 -0.014775
v -0.005250 0.001604 -0.014775
v -0.001250 0.001604 -0.011475
v -0.000750 0.001604 -0.011475
v -0.000750 0.001604 -0.014775
v -0.001250 0.001604 -0.014775
v -0.002750 0.001604 -0.011475
v -0.002750 0.001104 -0.011475
v -0.002750 0.001104 -0.014775
v -0.002750 0.001604 -0.014775
v -0.004750 0.001104 -0.011475
v -0.004750 0.001104 -0.014775
v -0.003250 0.001104 -0.014775
v -0.003250 0.001604 -0.014775
v -0.000750 0.001104 -0.014775
v -0.001250 0.001104 -0.014775
v -0.005250 0.001104 -0.014775
v 0.004750 0.001604 -0.011475
v 0.004750 0.001604 -0.014775
v -0.000750 0.001104 -0.011475
v 0.002750 0.001104 -0.014775
v 0.002750 0.001604 -0.014775
v -0.001250 -0.001246 -0.009725
v -0.001250 -0.001476 -0.009679
v -0.001250 -0.001671 -0.009549
v -0.001250 -0.001801 -0.009355
v -0.001250 -0.001846 -0.009125
v 0.001250 0.001104 -0.014775
v 0.000750 0.001104 -0.014775
v 0.002750 0.001104 -0.011475
v 0.002750 0.001604 -0.011475
v -0.005250 0.001104 -0.011475
v 0.000750 0.001104 -0.011475
v -0.003250 0.001104 -0.011475
v -0.003250 0.001604 -0.011475
v -0.001250 0.001104 -0.011475
v 0.001250 0.001104 -0.011475
v -0.003250 -0.001246 -0.009725
v -0.003250 -0.001476 -0.009679
v -0.003250 -0.001671 -0.009549
v -0.003250 -0.001801 -0.009355
v -0.003250 -0.001846 -0.009125
v -0.004145 0.000049 0.010822
v -0.004145 0.000099 0.010822
v -0.004145 0.000097 0.010820
v -0.004145 0.000059 0.012472
v -0.004145 0.000059 0.010832
v -0.004145 -0.000051 0.010672
v -0.004145 -0.000231 0.011652
v -0.004145 -0.000051 0.010122
v -0.004145 -0.000231 0.012472
v -0.004145 -0.000891 0.011652
v -0.004145 -0.001239 0.011652
v -0.004145 -0.001331 0.011652
v -0.004145 -0.001331 0.010122
v -0.002383 0.001494 0.012172
v -0.002383 0.001194 0.012172
v -0.002383 0.001194 0.012171
v -0.002383 0.001494 0.012171
v 0.000505 -0.001666 0.012595
v 0.000505 -0.001666 0.012681
v 0.000505 -0.001646 0.012681
v 0.000505 -0.001646 0.012595
v -0.004045 0.000709 0.010822
v -0.004045 0.000517 0.010822
v -0.004012 0.000583 0.010822
v -0.003974 0.000647 0.010822
v -0.003932 0.000709 0.010822
v -0.003345 0.000239 0.016422
v -0.003345 -0.000411 0.016422
v -0.003095 -0.000411 0.016922
v -0.002995 -0.000261 0.017122
v -0.002995 0.000089 0.017122
v -0.003095 0.000239 0.016922
v 0.002400 0.000514 0.012672
v 0.002945 0.000514 0.014072
v 0.002945 0.000514 0.012672
v 0.001100 0.000514 0.012672
v 0.002400 0.000514 0.012272
v 0.001100 0.000514 0.012272
v -0.001100 0.000514 0.012672
v -0.002400 0.000514 0.012272
v -0.001100 0.000514 0.012272
v -0.002400 0.000514 0.012672
v -0.002945 0.000514 0.014072
v -0.002945 0.000514 0.012672
v -0.002250 -0.000191 0.011072
v -0.001850 -0.000191 0.011072
v -0.001850 -0.000191 0.010822
v -0.002250 -0.000191 0.010822
v 0.000400 -0.000391 0.011272
v -0.000400 -0.000391 0.011272
v -0.000400 -0.000091 0.011072
v 0.000400 -0.000091 0.011072
v 0.003175 -0.001646 0.010460
v 0.003175 -0.001646 0.010122
v 0.003225 -0.001646 0.010122
v 0.003225 -0.001646 0.010460
v 0.001850 0.000359 0.010892
v 0.001850 -0.000191 0.010822
v 0.001850 0.000359 0.010822
v 0.001850 0.000817 0.010896
v 0.001850 0.000788 0.010892
v 0.001850 0.000846 0.010897
v 0.001850 0.001159 0.010992
v 0.001850 0.000969 0.010897
v 0.001850 -0.000191 0.011072
v 0.001850 0.001159 0.011272
v 0.001850 0.000109 0.011272
v -0.000120 0.000264 0.014272
v -0.000120 0.000239 0.014272
v 0.000120 0.000239 0.014272
v 0.000120 0.000264 0.014272
v 0.002825 -0.002391 0.011057
v 0.002834 -0.002291 0.010948
v 0.002890 -0.002391 0.011042
v 0.002773 -0.002391 0.011099
v 0.002734 -0.002291 0.010997
v 0.002744 -0.002391 0.011159
v 0.002665 -0.002291 0.011084
v 0.002744 -0.002391 0.011226
v 0.002640 -0.002291 0.011192
v 0.002665 -0.002291 0.011301
v 0.002946 -0.002291 0.010948
v 0.002955 -0.002391 0.011057
v 0.003046 -0.002291 0.010997
v 0.003007 -0.002391 0.011099
v 0.003115 -0.002291 0.011084
v 0.003036 -0.002391 0.011159
v 0.002773 -0.002391 0.011286
v 0.002734 -0.002291 0.011388
v 0.002825 -0.002391 0.011327
v 0.002834 -0.002291 0.011436
v 0.002890 -0.002391 0.011342
v 0.002946 -0.002291 0.011436
v 0.002955 -0.002391 0.011327
v 0.003046 -0.002291 0.011388
v 0.003007 -0.002391 0.011286
v 0.003115 -0.002291 0.011301
v 0.003036 -0.002391 0.011226
v 0.003140 -0.002291 0.011192
v -0.001168 0.001494 0.012672
v -0.001168 0.001194 0.012672
v -0.001168 0.001194 0.012673
v -0.001168 0.001494 0.012673
v -0.003220 0.000239 0.014272
v -0.003095 -0.000411 0.014372
v -0.003095 0.000239 0.014372
v -0.003220 -0.000411 0.014272
v -0.003283 0.000327 0.014222
v -0.003220 0.000264 0.014272
v -0.003220 -0.000436 0.014272
v -0.003283 -0.000500 0.014222
v -0.003329 0.000225 0.014185
v -0.003329 -0.000397 0.014185
v -0.003345 0.000114 0.014172
v -0.003345 -0.000286 0.014172
v -0.002995 0.000239 0.014545
v -0.002995 -0.000411 0.014545
v -0.002995 -0.000411 0.015752
v -0.002995 0.000239 0.015752
v 0.002600 0.001159 0.012472
v 0.002600 0.001159 0.012122
v 0.002400 0.000959 0.012122
v 0.002400 0.000959 0.012672
v 0.002450 0.000359 0.010892
v 0.002450 0.001159 0.010892
v 0.002450 0.001159 0.010122
v 0.002450 0.000359 0.010122
v 0.002700 0.001209 0.011122
v 0.002700 0.001209 0.010122
v 0.002700 0.001159 0.010122
v 0.002700 0.001159 0.011322
v 0.002400 0.000664 0.012122
v 0.001100 0.000664 0.012122
v 0.000450 -0.001366 0.011752
v 0.000450 -0.001331 0.012452
v 0.000450 -0.001331 0.011652
v 0.000450 -0.001366 0.012382
v 0.000450 -0.001411 0.011707
v 0.000450 -0.001411 0.011652
v 0.004082 0.000427 0.010822
v 0.004124 0.000273 0.010822
v 0.004124 0.000709 0.010822
v 0.004017 0.000573 0.010822
v 0.003932 0.000709 0.010822
v -0.000620 0.000264 0.014272
v -0.000620 0.000239 0.014272
v -0.000380 0.000239 0.014272
v -0.000380 0.000264 0.014272
v 0.004445 0.000710 0.010821
v 0.004445 0.000098 0.010821
v 0.004445 -0.000051 0.010672
v 0.004445 -0.000051 0.010122
v 0.004445 0.000859 0.010122
v 0.004445 0.000859 0.010672
v 0.000880 0.000264 0.014272
v 0.000880 0.000239 0.014272
v 0.001120 0.000239 0.014272
v 0.001120 0.000264 0.014272
v 0.002383 0.001194 0.012172
v 0.002383 0.001494 0.012172
v 0.002383 0.001494 0.012171
v 0.002383 0.001194 0.012171
v -0.002600 -0.001331 0.012472
v -0.002600 -0.001331 0.012122
v -0.002400 -0.001131 0.012122
v -0.002400 -0.001131 0.012672
v 0.000750 -0.001411 0.011707
v 0.003190 -0.001366 0.011752
v 0.003190 -0.001466 0.011652
v 0.000750 -0.001366 0.011752
v -0.000245 -0.001466 0.011652
v -0.000245 -0.001366 0.011752
v -0.004170 0.000214 0.010922
v -0.004170 0.000094 0.010922
v -0.004270 0.000094 0.010822
v -0.004270 0.000214 0.010822
v -0.001715 0.000675 0.010892
v -0.001477 0.000959 0.010892
v -0.001250 0.000959 0.010892
v -0.001850 0.000359 0.010892
v -0.001850 0.000788 0.010892
v -0.001250 0.000359 0.010892
v 0.000950 -0.000731 0.012002
v 0.000950 -0.000731 0.011652
v 0.001150 -0.000731 0.011652
v 0.001150 -0.000731 0.012002
v -0.003345 0.000239 0.015952
v -0.003345 -0.000411 0.015952
v 0.001100 0.000959 0.012122
v 0.001100 0.000959 0.012672
v 0.001150 0.001159 0.011652
v 0.000750 0.001159 0.011652
v 0.000750 0.000759 0.011652
v 0.000950 0.000559 0.011652
v 0.001150 0.000559 0.011652
v -0.002375 -0.001646 0.010122
v -0.002375 -0.001646 0.010460
v -0.002425 -0.001646 0.010460
v -0.002425 -0.001646 0.010122
v 0.001150 -0.001331 0.012002
v 0.000750 -0.001331 0.012002
v 0.000750 -0.000931 0.012002
v -0.003138 0.000464 0.014112
v -0.003098 0.000483 0.012672
v -0.003219 0.000405 0.014159
v -0.003045 0.000501 0.014082
v -0.003228 0.000397 0.012672
v -0.003315 0.000267 0.012672
v -0.003345 0.000114 0.012672
v 0.001167 0.001194 0.012672
v 0.001167 0.001494 0.012672
v 0.001167 0.001494 0.012673
v 0.001167 0.001194 0.012673
v 0.000120 -0.000436 0.014272
v 0.000120 -0.000411 0.014272
v -0.000120 -0.000411 0.014272
v -0.000120 -0.000436 0.014272
v 0.003138 -0.000637 0.014112
v 0.003098 -0.000656 0.012672
v 0.003220 -0.000577 0.014159
v 0.003045 -0.000674 0.014082
v 0.002945 -0.000686 0.012672
v 0.002945 -0.000686 0.014072
v 0.003228 -0.000569 0.012672
v 0.003283 -0.000500 0.014222
v 0.003315 -0.000439 0.012672
v 0.003329 -0.000397 0.014185
v 0.003345 -0.000286 0.014172
v 0.003345 -0.000286 0.012672
v -0.003195 0.000239 0.015952
v -0.003195 -0.000411 0.015952
v 0.004145 -0.000051 0.010672
v 0.004145 -0.001331 0.010122
v 0.004145 -0.000051 0.010122
v 0.004145 0.000098 0.010822
v 0.004145 0.000059 0.010822
v 0.004145 0.000049 0.010822
v 0.004145 0.000059 0.010832
v 0.004145 -0.001331 0.011652
v 0.004145 -0.000891 0.011652
v 0.004145 -0.000231 0.011652
v 0.004145 0.000059 0.012472
v 0.004145 -0.000231 0.012472
v 0.001120 -0.000436 0.014272
v 0.001120 -0.000411 0.014272
v 0.000880 -0.000411 0.014272
v 0.000880 -0.000436 0.014272
v -0.001168 0.001194 0.012172
v -0.001168 0.001494 0.012172
v -0.001168 0.001494 0.012171
v -0.001168 0.001194 0.012171
v -0.001100 -0.001131 0.012672
v 0.001100 -0.001131 0.012672
v 0.001100 -0.000686 0.012672
v -0.001100 -0.000686 0.012672
v -0.004445 0.000097 0.010820
v -0.004445 -0.000051 0.010672
v -0.001850 0.000359 0.010822
v -0.001250 0.000359 0.010122
v -0.002250 0.000359 0.010822
v -0.002450 0.000359 0.010892
v -0.002250 0.000359 0.010892
v -0.002450 0.000359 0.010122
v 0.003800 0.000859 0.010122
v 0.003577 0.001022 0.010122
v 0.003800 0.000859 0.010672
v 0.003823 0.000837 0.012472
v 0.004061 0.000480 0.012472
v 0.003870 0.000787 0.010744
v 0.004134 0.000215 0.010822
v 0.004141 0.000157 0.010822
v 0.003319 0.001124 0.010122
v 0.003466 0.001075 0.012472
v 0.003045 0.001159 0.012472
v 0.003045 0.001159 0.010122
v 0.002383 0.001494 0.012672
v 0.002383 0.001194 0.012672
v 0.002383 0.001194 0.012673
v 0.002383 0.001494 0.012673
v 0.003345 0.000114 0.012672
v 0.003345 0.000114 0.014172
v -0.002710 0.001209 0.011122
v -0.002700 0.001209 0.011122
v -0.002700 0.001209 0.010122
v -0.002710 0.001209 0.010494
v -0.002721 0.001209 0.010413
v -0.002754 0.001209 0.010344
v -0.002803 0.001209 0.010298
v -0.002831 0.001209 0.010286
v -0.002860 0.001209 0.010282
v -0.003000 0.001209 0.010282
v -0.003000 0.001209 0.010122
v 0.003220 0.000405 0.014159
v 0.003220 0.000264 0.014272
v 0.003283 0.000327 0.014222
v 0.003138 0.000464 0.014112
v 0.003045 0.000501 0.014082
v 0.002880 0.000264 0.014272
v 0.002620 0.000264 0.014272
v 0.001380 0.000264 0.014272
v 0.000620 0.000264 0.014272
v 0.000380 0.000264 0.014272
v -0.000880 0.000264 0.014272
v -0.001120 0.000264 0.014272
v -0.001380 0.000264 0.014272
v -0.002620 0.000264 0.014272
v -0.002880 0.000264 0.014272
v -0.002250 0.001159 0.010892
v -0.002250 0.000109 0.011272
v -0.002250 0.001159 0.011272
v -0.001100 0.000959 0.012672
v 0.002995 0.000239 0.014545
v 0.002995 -0.000411 0.014545
v 0.003007 0.000239 0.014477
v 0.003007 -0.000411 0.014477
v 0.003042 0.000239 0.014417
v 0.003042 -0.000411 0.014417
v 0.003095 0.000239 0.014372
v 0.003095 -0.000411 0.014372
v -0.002880 -0.000436 0.014272
v -0.002880 -0.000411 0.014272
v -0.000450 -0.001331 0.012452
v -0.000750 -0.001331 0.012452
v -0.000750 -0.001366 0.012382
v -0.000450 -0.001366 0.012382
v -0.004445 0.000711 0.010820
v -0.004445 0.000859 0.010672
v -0.004445 0.000859 0.010122
v -0.004445 -0.000051 0.010122
v -0.002450 0.001159 0.010892
v -0.002450 0.001159 0.010122
v -0.000400 -0.000091 0.010822
v 0.000400 -0.000091 0.010822
v -0.000450 -0.001411 0.011707
v -0.000450 -0.001411 0.011652
v -0.000450 -0.001331 0.011652
v -0.000450 -0.001366 0.011752
v 0.002250 0.000359 0.010892
v 0.002250 0.001159 0.010892
v 0.002250 0.000359 0.010822
v 0.001250 0.000359 0.010892
v 0.001250 0.000359 0.010122
v -0.001850 0.000969 0.010897
v -0.001850 0.001159 0.011272
v -0.001850 0.001159 0.010992
v -0.001850 0.000846 0.010897
v -0.001850 0.000817 0.010896
v -0.001850 0.000109 0.011272
v 0.003945 0.000059 0.012672
v 0.003945 -0.000231 0.012672
v 0.001100 -0.000686 0.012272
v 0.002400 -0.000686 0.012272
v -0.002400 -0.000686 0.012272
v -0.001100 -0.000686 0.012272
v -0.002400 -0.000686 0.012672
v 0.002400 -0.000686 0.012672
v -0.002945 -0.000686 0.014072
v -0.002945 -0.000686 0.012672
v 0.000750 -0.001411 0.011652
v 0.003329 0.000225 0.014185
v 0.003220 0.000239 0.014272
v 0.003220 -0.000411 0.014272
v 0.003220 -0.000436 0.014272
v 0.002600 -0.001331 0.012472
v 0.003045 -0.001331 0.012472
v 0.003045 -0.001131 0.012672
v 0.002400 -0.001131 0.012672
v -0.004045 0.000097 0.010820
v -0.004045 0.000711 0.010820
v -0.001150 -0.001331 0.011652
v -0.001150 -0.000731 0.011652
v -0.001150 -0.000731 0.012002
v -0.001150 -0.001331 0.012002
v 0.000620 -0.000436 0.014272
v 0.000620 -0.000411 0.014272
v 0.000380 -0.000411 0.014272
v 0.000380 -0.000436 0.014272
v 0.002995 0.000239 0.015752
v 0.002995 -0.000411 0.015752
v 0.002400 -0.000836 0.012122
v 0.002400 -0.001131 0.012122
v -0.003870 0.000787 0.010744
v -0.003800 0.000859 0.010672
v 0.000417 0.001464 0.014217
v 0.000396 0.001464 0.014323
v 0.000396 0.001494 0.014323
v 0.000417 0.001494 0.014217
v 0.003000 0.001209 0.010282
v 0.003000 0.001159 0.010122
v 0.003000 0.001209 0.010122
v 0.003000 0.001194 0.010297
v 0.003000 0.001194 0.011182
v 0.003000 0.001159 0.011322
v -0.000750 -0.001331 0.012002
v -0.000750 -0.000931 0.012002
v -0.000750 -0.000931 0.011652
v -0.000750 -0.001366 0.011752
v -0.000750 -0.001411 0.011707
v -0.000750 -0.001411 0.011652
v -0.001150 0.001159 0.011652
v -0.001150 0.001159 0.012002
v -0.001150 0.000559 0.012002
v -0.001150 0.000559 0.011652
v -0.000950 -0.000731 0.011652
v -0.000950 -0.000731 0.012002
v -0.003600 -0.001331 0.011652
v -0.003600 -0.001331 0.010122
v -0.003600 -0.001641 0.010122
v -0.003600 -0.001641 0.011652
v -0.003600 -0.001599 0.011652
v -0.003600 -0.001385 0.011652
v 0.003876 -0.000576 0.012672
v 0.004061 -0.000652 0.012472
v 0.003681 -0.000868 0.012672
v 0.003823 -0.001009 0.012472
v 0.003389 -0.001063 0.012672
v 0.003466 -0.001248 0.012472
v -0.004045 0.000099 0.010822
v -0.000750 0.000759 0.012002
v -0.000750 0.000759 0.011652
v -0.000950 0.000559 0.011652
v -0.000950 0.000559 0.012002
v 0.004116 -0.001271 0.011652
v 0.004145 -0.001239 0.011652
v 0.004085 -0.001301 0.011652
v 0.004053 -0.001331 0.011652
v -0.002400 0.000664 0.012122
v -0.001100 0.000959 0.012122
v -0.000900 0.001159 0.012122
v -0.001100 0.000664 0.012122
v -0.002400 0.000959 0.012122
v -0.002600 0.001159 0.012122
v -0.001250 0.000959 0.010122
v 0.001250 0.000959 0.010122
v 0.001250 0.000959 0.010892
v 0.001050 0.001159 0.010992
v 0.001469 0.000969 0.010897
v 0.001477 0.000959 0.010892
v 0.003095 -0.000411 0.016922
v 0.002995 -0.000261 0.017122
v -0.000900 -0.001331 0.012122
v -0.001100 -0.001131 0.012122
v -0.001100 -0.000836 0.012122
v -0.002400 -0.000836 0.012122
v -0.003010 0.000239 0.015829
v -0.003010 -0.000411 0.015829
v -0.003054 0.000239 0.015894
v -0.003054 -0.000411 0.015894
v -0.003118 0.000239 0.015937
v -0.003118 -0.000411 0.015937
v -0.000400 -0.001641 0.011272
v -0.000400 -0.001641 0.010822
v -0.002017 -0.000895 0.012172
v -0.001867 -0.000866 0.012172
v -0.001681 -0.000866 0.012172
v -0.001531 -0.000895 0.012172
v -0.002145 -0.000979 0.012172
v -0.001403 -0.000979 0.012172
v -0.002232 -0.001104 0.012172
v -0.001316 -0.001104 0.012172
v -0.001681 -0.001166 0.012172
v -0.001867 -0.001166 0.012172
v -0.001904 -0.001174 0.012172
v -0.001644 -0.001174 0.012172
v -0.001936 -0.001194 0.012172
v -0.001612 -0.001194 0.012172
v -0.001958 -0.001226 0.012172
v -0.001590 -0.001226 0.012172
v -0.002336 -0.001337 0.012172
v -0.001212 -0.001337 0.012172
v -0.001201 -0.001352 0.012172
v -0.002347 -0.001352 0.012172
v -0.002363 -0.001363 0.012172
v -0.001185 -0.001363 0.012172
v -0.002021 -0.001366 0.012172
v -0.002382 -0.001366 0.012172
v -0.001527 -0.001366 0.012172
v -0.001167 -0.001366 0.012172
v 0.001100 -0.000836 0.012122
v 0.004208 -0.000056 0.010672
v 0.004170 -0.000056 0.010710
v 0.004232 -0.000045 0.010730
v 0.004170 -0.000045 0.010791
v 0.004252 -0.000012 0.010778
v 0.004170 -0.000012 0.010860
v 0.004265 0.000036 0.010811
v 0.004170 0.000036 0.010906
v 0.004270 0.000094 0.010822
v 0.004170 0.000064 0.010918
v 0.004170 0.000094 0.010922
v 0.002250 0.000109 0.011272
v 0.002250 -0.000191 0.011072
v 0.003425 -0.001641 0.010462
v 0.003425 -0.001641 0.010122
v 0.003600 -0.001641 0.010122
v 0.000400 -0.001641 0.010822
v 0.002890 -0.001641 0.010842
v 0.003042 -0.001641 0.010877
v 0.002738 -0.001641 0.010877
v 0.002616 -0.001641 0.010974
v 0.003164 -0.001641 0.010974
v 0.002549 -0.001641 0.011114
v 0.003231 -0.001641 0.011114
v 0.002549 -0.001641 0.011270
v 0.003231 -0.001641 0.011270
v 0.000400 -0.001641 0.011272
v -0.002616 -0.001641 0.011411
v 0.002616 -0.001641 0.011411
v 0.002738 -0.001641 0.011508
v -0.002738 -0.001641 0.011508
v -0.002890 -0.001641 0.011542
v 0.002890 -0.001641 0.011542
v -0.000245 -0.001641 0.011652
v -0.000255 -0.001641 0.011652
v 0.003442 -0.001641 0.011652
v 0.003042 -0.001641 0.011508
v 0.003164 -0.001641 0.011411
v 0.003600 -0.001641 0.011652
v -0.003442 -0.001641 0.011652
v -0.002625 -0.001641 0.010462
v -0.002975 -0.001641 0.010462
v -0.002975 -0.001641 0.010122
v -0.002625 -0.001641 0.010122
v -0.003425 -0.001641 0.010462
v -0.003425 -0.001641 0.010122
v -0.002175 -0.001641 0.010462
v 0.000850 -0.001641 0.010462
v -0.002890 -0.001641 0.010842
v -0.002738 -0.001641 0.010877
v -0.003042 -0.001641 0.010877
v -0.003164 -0.001641 0.010974
v -0.002616 -0.001641 0.010974
v -0.003231 -0.001641 0.011114
v -0.002549 -0.001641 0.011114
v -0.002549 -0.001641 0.011270
v -0.003231 -0.001641 0.011270
v -0.003042 -0.001641 0.011508
v -0.003164 -0.001641 0.011411
v -0.002175 -0.001641 0.010122
v -0.001850 -0.001641 0.010122
v -0.001850 -0.001641 0.010462
v -0.001650 -0.001641 0.010462
v -0.001650 -0.001641 0.010122
v -0.001350 -0.001641 0.010122
v -0.001350 -0.001641 0.010462
v -0.001150 -0.001641 0.010462
v -0.001150 -0.001641 0.010122
v -0.000850 -0.001641 0.010122
v -0.000850 -0.001641 0.010462
v -0.000650 -0.001641 0.010462
v -0.000650 -0.001641 0.010122
v -0.000350 -0.001641 0.010122
v -0.000350 -0.001641 0.010462
v -0.000150 -0.001641 0.010462
v -0.000150 -0.001641 0.010122
v 0.000150 -0.001641 0.010122
v 0.000150 -0.001641 0.010462
v 0.000350 -0.001641 0.010462
v 0.000350 -0.001641 0.010122
v 0.000650 -0.001641 0.010122
v 0.000650 -0.001641 0.010462
v 0.000850 -0.001641 0.010122
v 0.001150 -0.001641 0.010122
v 0.001150 -0.001641 0.010462
v 0.001350 -0.001641 0.010462
v 0.001350 -0.001641 0.010122
v 0.001650 -0.001641 0.010122
v 0.001650 -0.001641 0.010462
v 0.001850 -0.001641 0.010462
v 0.001850 -0.001641 0.010122
v 0.002175 -0.001641 0.010122
v 0.002175 -0.001641 0.010462
v 0.002625 -0.001641 0.010462
v 0.002625 -0.001641 0.010122
v 0.002975 -0.001641 0.010122
v 0.002975 -0.001641 0.010462
v 0.002999 -0.001791 0.010967
v 0.002890 -0.001791 0.010942
v 0.003085 -0.001791 0.011036
v 0.003134 -0.001791 0.011137
v 0.003134 -0.001791 0.011248
v 0.003085 -0.001791 0.011348
v 0.002999 -0.001791 0.011418
v 0.002890 -0.001791 0.011442
v 0.002782 -0.001791 0.011418
v 0.002695 -0.001791 0.011348
v 0.002646 -0.001791 0.011248
v 0.002646 -0.001791 0.011137
v 0.002695 -0.001791 0.011036
v 0.002782 -0.001791 0.010967
v -0.005650 -0.001726 0.010295
v -0.005650 -0.001426 0.010295
v -0.005650 -0.001426 0.010292
v -0.005650 -0.001726 0.010292
v 0.004061 -0.000652 0.011652
v 0.004030 -0.001065 0.011652
v 0.003885 -0.001213 0.011652
v 0.003823 -0.001009 0.011652
v 0.003713 -0.001331 0.011652
v 0.003600 -0.001331 0.011652
v 0.003467 -0.001430 0.011652
v 0.003600 -0.001385 0.011652
v 0.003466 -0.001248 0.011652
v 0.003330 -0.001457 0.011652
v 0.003045 -0.001331 0.011652
v 0.001150 -0.001331 0.011652
v 0.000750 -0.000931 0.011652
v -0.000255 -0.001466 0.011652
v -0.003045 -0.001331 0.011652
v -0.003190 -0.001466 0.011652
v -0.003330 -0.001457 0.011652
v -0.003466 -0.001248 0.011652
v -0.003467 -0.001430 0.011652
v -0.003713 -0.001331 0.011652
v -0.003823 -0.001009 0.011652
v -0.003885 -0.001213 0.011652
v -0.004030 -0.001065 0.011652
v -0.004061 -0.000652 0.011652
v 0.002620 0.000239 0.014272
v 0.001380 0.000239 0.014272
v 0.003345 0.000239 0.016422
v 0.003345 -0.000411 0.016422
v 0.003345 -0.000411 0.015952
v 0.003345 0.000239 0.015952
v -0.003175 -0.001646 0.010122
v -0.003175 -0.001646 0.010460
v -0.003225 -0.001646 0.010460
v -0.003225 -0.001646 0.010122
v 0.002250 0.001159 0.011272
v 0.002250 -0.000191 0.010822
v -0.001050 0.001159 0.010992
v -0.001050 0.001159 0.010122
v 0.002139 0.001395 0.012172
v 0.002251 0.001468 0.012172
v 0.001411 0.001395 0.012172
v 0.001167 0.001494 0.012172
v 0.001299 0.001468 0.012172
v 0.002063 0.001286 0.012172
v 0.001487 0.001286 0.012172
v 0.001167 0.001194 0.012172
v 0.002364 0.001190 0.012172
v 0.001186 0.001190 0.012172
v 0.001202 0.001180 0.012172
v 0.002348 0.001180 0.012172
v 0.001213 0.001164 0.012172
v 0.002337 0.001164 0.012172
v 0.001591 0.001053 0.012172
v 0.001959 0.001053 0.012172
v 0.001613 0.001022 0.012172
v 0.001937 0.001022 0.012172
v 0.001905 0.001001 0.012172
v 0.001645 0.001001 0.012172
v 0.002233 0.000931 0.012172
v 0.001682 0.000994 0.012172
v 0.001868 0.000994 0.012172
v 0.001317 0.000931 0.012172
v 0.002146 0.000806 0.012172
v 0.001404 0.000806 0.012172
v 0.002018 0.000723 0.012172
v 0.001532 0.000723 0.012172
v 0.001868 0.000694 0.012172
v 0.001682 0.000694 0.012172
v 0.000750 -0.001331 0.012452
v 0.000750 -0.001366 0.012382
v 0.004124 0.000098 0.010821
v 0.004124 0.000099 0.010822
v 0.004124 0.000710 0.010821
v -0.003045 0.001159 0.010122
v -0.003319 0.001124 0.010122
v -0.003045 0.001159 0.012472
v -0.003577 0.001022 0.010122
v -0.003466 0.001075 0.012472
v -0.003800 0.000859 0.010122
v -0.003823 0.000837 0.012472
v -0.004096 0.000382 0.010822
v -0.004061 0.000480 0.012472
v -0.004130 0.000242 0.010822
v 0.004170 0.000214 0.010922
v 0.004270 0.000214 0.010822
v -0.003045 0.000959 0.012672
v -0.002400 0.000959 0.012672
v -0.002600 0.001159 0.012472
v 0.002880 -0.000411 0.014272
v 0.002880 -0.000436 0.014272
v 0.002620 -0.000436 0.014272
v 0.001380 -0.000436 0.014272
v -0.000380 -0.000436 0.014272
v -0.000620 -0.000436 0.014272
v -0.000880 -0.000436 0.014272
v -0.001120 -0.000436 0.014272
v -0.001380 -0.000436 0.014272
v -0.002620 -0.000436 0.014272
v -0.003045 -0.000674 0.014082
v -0.003138 -0.000637 0.014112
v -0.003219 -0.000577 0.014159
v -0.002383 0.001194 0.012672
v -0.002383 0.001494 0.012672
v -0.002383 0.001494 0.012673
v -0.002383 0.001194 0.012673
v 0.000900 0.001159 0.012122
v 0.004009 0.000840 0.010871
v 0.004059 0.000855 0.010822
v 0.004076 0.000632 0.010922
v 0.003963 0.000816 0.010922
v 0.004174 0.000658 0.010822
v 0.004246 0.000441 0.010822
v 0.004146 0.000428 0.010922
v 0.003600 -0.001331 0.010122
v 0.000750 0.000759 0.012002
v 0.000950 0.000559 0.012002
v 0.001150 0.000559 0.012002
v 0.000750 0.001159 0.012002
v 0.001150 0.001159 0.012002
v -0.003007 -0.000411 0.014477
v -0.003007 0.000239 0.014477
v -0.003042 -0.000411 0.014417
v -0.003042 0.000239 0.014417
v 0.003095 0.000239 0.016922
v 0.002995 0.000089 0.017122
v -0.003045 -0.001131 0.012672
v -0.003045 -0.001331 0.012472
v -0.003871 0.000919 0.010743
v -0.003878 0.000912 0.010807
v -0.003934 0.000953 0.010672
v -0.003960 0.000957 0.010735
v -0.003897 0.000892 0.010864
v -0.003988 0.000943 0.010779
v -0.003927 0.000860 0.010906
v -0.004018 0.000911 0.010808
v -0.003944 0.000840 0.010918
v -0.003963 0.000816 0.010922
v -0.003993 0.000833 0.010889
v -0.004053 0.000865 0.010822
v -0.004022 0.000849 0.010855
v -0.002707 0.001194 0.011182
v -0.002700 0.001159 0.011322
v -0.002709 0.001197 0.011171
v -0.002710 0.001200 0.011159
v -0.002710 0.001202 0.011147
v -0.003000 0.001159 0.011322
v -0.003000 0.001194 0.011182
v 0.002375 -0.001646 0.010460
v 0.002375 -0.001646 0.010122
v 0.002425 -0.001646 0.010122
v 0.002425 -0.001646 0.010460
v 0.001100 -0.001131 0.012122
v -0.003000 0.001194 0.010297
v -0.003000 0.001159 0.010122
v -0.000380 -0.000411 0.014272
v -0.000620 -0.000411 0.014272
v -0.003945 -0.000231 0.012672
v -0.003945 0.000059 0.012672
v 0.000900 -0.001331 0.012472
v 0.000900 -0.001331 0.012122
v 0.002018 -0.000895 0.012172
v 0.001682 -0.000866 0.012172
v 0.001868 -0.000866 0.012172
v 0.001532 -0.000895 0.012172
v 0.001404 -0.000979 0.012172
v 0.002146 -0.000979 0.012172
v 0.001317 -0.001104 0.012172
v 0.002233 -0.001104 0.012172
v 0.001868 -0.001166 0.012172
v 0.001682 -0.001166 0.012172
v 0.001645 -0.001174 0.012172
v 0.001905 -0.001174 0.012172
v 0.001613 -0.001194 0.012172
v 0.001937 -0.001194 0.012172
v 0.001591 -0.001226 0.012172
v 0.001959 -0.001226 0.012172
v 0.001213 -0.001337 0.012172
v 0.002337 -0.001337 0.012172
v 0.001202 -0.001352 0.012172
v 0.002348 -0.001352 0.012172
v 0.001186 -0.001363 0.012172
v 0.002364 -0.001363 0.012172
v 0.002022 -0.001366 0.012172
v 0.002383 -0.001366 0.012172
v 0.001528 -0.001366 0.012172
v 0.001167 -0.001366 0.012172
v -0.001412 0.001395 0.012172
v -0.001300 0.001468 0.012172
v -0.002140 0.001395 0.012172
v -0.002252 0.001468 0.012172
v -0.001488 0.001286 0.012172
v -0.002064 0.001286 0.012172
v -0.001187 0.001190 0.012172
v -0.002365 0.001190 0.012172
v -0.001203 0.001180 0.012172
v -0.002349 0.001180 0.012172
v -0.002338 0.001164 0.012172
v -0.001214 0.001164 0.012172
v -0.001960 0.001053 0.012172
v -0.001592 0.001053 0.012172
v -0.001938 0.001022 0.012172
v -0.001614 0.001022 0.012172
v -0.001646 0.001001 0.012172
v -0.001906 0.001001 0.012172
v -0.002234 0.000931 0.012172
v -0.001869 0.000994 0.012172
v -0.001683 0.000994 0.012172
v -0.001318 0.000931 0.012172
v -0.002147 0.000806 0.012172
v -0.001405 0.000806 0.012172
v -0.001533 0.000723 0.012172
v -0.002019 0.000723 0.012172
v -0.001683 0.000694 0.012172
v -0.001869 0.000694 0.012172
v -0.004208 -0.000056 0.010672
v -0.004232 -0.000045 0.010730
v -0.004170 -0.000056 0.010710
v -0.004170 -0.000045 0.010791
v -0.004170 -0.000012 0.010860
v -0.004252 -0.000012 0.010778
v -0.004170 0.000036 0.010906
v -0.004265 0.000036 0.010811
v -0.004170 0.000064 0.010918
v -0.000900 0.001159 0.012472
v 0.001167 0.001194 0.012171
v 0.001167 0.001494 0.012171
v 0.003600 -0.001599 0.011652
v 0.003045 0.000959 0.012672
v 0.003389 0.000890 0.012672
v 0.003681 0.000695 0.012672
v 0.003876 0.000403 0.012672
v 0.002600 -0.001331 0.012122
v -0.000900 -0.001331 0.012472
v -0.004058 0.000856 0.010822
v -0.004061 0.000852 0.010822
v -0.004055 0.000861 0.010822
v -0.004076 0.000632 0.010922
v -0.004175 0.000656 0.010822
v -0.004146 0.000428 0.010922
v -0.004246 0.000440 0.010822
v -0.003876 0.000403 0.012672
v -0.003681 0.000695 0.012672
v -0.003389 0.000890 0.012672
v -0.001469 0.000969 0.010897
v -0.003345 -0.000286 0.012672
v 0.003315 0.000267 0.012672
v 0.003228 0.000397 0.012672
v 0.003098 0.000483 0.012672
v -0.000750 0.001159 0.011652
v -0.000750 0.001159 0.012002
v 0.000900 0.001159 0.012472
v -0.002700 0.001159 0.010122
v 0.001050 0.001159 0.010122
v -0.004053 -0.001331 0.011652
v 0.001715 0.000675 0.010892
v 0.002860 0.001209 0.010282
v 0.002831 0.001209 0.010286
v 0.002803 0.001209 0.010298
v 0.002710 0.001209 0.011122
v 0.002710 0.001209 0.010494
v 0.002721 0.001209 0.010413
v 0.002754 0.001209 0.010344
v 0.003195 0.000239 0.015952
v 0.003195 -0.000411 0.015952
v 0.003119 0.000239 0.015937
v 0.003119 -0.000411 0.015937
v 0.003054 0.000239 0.015894
v 0.003054 -0.000411 0.015894
v 0.003010 0.000239 0.015829
v 0.003010 -0.000411 0.015829
v -0.002620 0.000239 0.014272
v -0.001380 0.000239 0.014272
v -0.003466 -0.001248 0.012472
v -0.003389 -0.001063 0.012672
v -0.003823 -0.001009 0.012472
v -0.003681 -0.000868 0.012672
v -0.004061 -0.000652 0.012472
v -0.003876 -0.000576 0.012672
v -0.003315 -0.000439 0.012672
v -0.003228 -0.000569 0.012672
v -0.003098 -0.000656 0.012672
v 0.002620 -0.000411 0.014272
v 0.001380 -0.000411 0.014272
v -0.000880 0.000239 0.014272
v -0.001120 0.000239 0.014272
v -0.000255 -0.001366 0.011752
v -0.003190 -0.001366 0.011752
v -0.004116 -0.001271 0.011652
v -0.004085 -0.001301 0.011652
v -0.000880 -0.000411 0.016097
v -0.001120 -0.000411 0.014272
v -0.000880 -0.000411 0.014272
v 0.000620 -0.000411 0.016097
v 0.000380 -0.000411 0.016097
v 0.000120 -0.000411 0.016097
v -0.000120 -0.000411 0.016097
v -0.000620 -0.000411 0.016097
v -0.000380 -0.000411 0.016097
v 0.000880 -0.000411 0.016097
v 0.001380 -0.000411 0.016597
v 0.001120 -0.000411 0.016597
v 0.002880 -0.000411 0.016597
v -0.002620 -0.000411 0.016597
v -0.002620 -0.000411 0.014272
v -0.001380 -0.000411 0.014272
v 0.002620 -0.000411 0.016597
v -0.001120 -0.000411 0.016597
v -0.001380 -0.000411 0.016597
v -0.002880 -0.000411 0.016597
v -0.002999 -0.001791 0.010967
v -0.002890 -0.001791 0.010942
v -0.003086 -0.001791 0.011036
v -0.003134 -0.001791 0.011137
v -0.003134 -0.001791 0.011248
v -0.003086 -0.001791 0.011348
v -0.002999 -0.001791 0.011418
v -0.002890 -0.001791 0.011442
v -0.002782 -0.001791 0.011418
v -0.002695 -0.001791 0.011348
v -0.002646 -0.001791 0.011248
v -0.002646 -0.001791 0.011137
v -0.002695 -0.001791 0.011036
v -0.002782 -0.001791 0.010967
v -0.002955 -0.002391 0.011057
v -0.002890 -0.002391 0.011042
v -0.002825 -0.002391 0.011057
v -0.003007 -0.002391 0.011099
v -0.002773 -0.002391 0.011099
v -0.002744 -0.002391 0.011159
v -0.003036 -0.002391 0.011159
v -0.002744 -0.002391 0.011226
v -0.003036 -0.002391 0.011226
v -0.002773 -0.002391 0.011286
v -0.003007 -0.002391 0.011286
v -0.002955 -0.002391 0.011327
v -0.002825 -0.002391 0.011327
v -0.002890 -0.002391 0.011342
v 0.002710 0.001200 0.011159
v 0.002710 0.001202 0.011147
v 0.002709 0.001197 0.011171
v 0.002707 0.001194 0.011182
v 0.002880 0.000239 0.014272
v -0.003425 -0.001646 0.010122
v -0.002975 -0.001646 0.010122
v -0.002625 -0.001646 0.010122
v -0.002175 -0.001646 0.010122
v -0.001850 -0.001646 0.010122
v -0.001650 -0.001646 0.010122
v -0.001350 -0.001646 0.010122
v -0.001150 -0.001646 0.010122
v -0.000850 -0.001646 0.010122
v -0.000650 -0.001646 0.010122
v -0.000350 -0.001646 0.010122
v -0.000150 -0.001646 0.010122
v 0.000150 -0.001646 0.010122
v 0.000350 -0.001646 0.010122
v 0.000650 -0.001646 0.010122
v 0.000850 -0.001646 0.010122
v 0.001150 -0.001646 0.010122
v 0.001350 -0.001646 0.010122
v 0.001650 -0.001646 0.010122
v 0.001850 -0.001646 0.010122
v 0.002175 -0.001646 0.010122
v 0.003425 -0.001646 0.010122
v 0.002975 -0.001646 0.010122
v 0.002625 -0.001646 0.010122
v 0.001042 0.001464 0.014472
v 0.000917 0.001464 0.014472
v 0.000917 0.001494 0.014472
v 0.001042 0.001494 0.014472
v 0.002880 0.000239 0.016597
v 0.002620 0.000239 0.016597
v 0.001380 0.000239 0.016597
v 0.001120 0.000239 0.016597
v 0.000880 0.000239 0.016097
v 0.000620 0.000239 0.016097
v 0.000380 0.000239 0.014272
v 0.000620 0.000239 0.014272
v 0.000380 0.000239 0.016097
v 0.000120 0.000239 0.016097
v -0.000120 0.000239 0.016097
v -0.000380 0.000239 0.016097
v -0.000620 0.000239 0.016097
v -0.000880 0.000239 0.016097
v -0.001120 0.000239 0.016597
v -0.001380 0.000239 0.016597
v -0.002620 0.000239 0.016597
v -0.002880 0.000239 0.016597
v -0.002880 0.000239 0.014272
v 0.003548 -0.001615 0.011652
v 0.003495 -0.001629 0.011652
v -0.002834 -0.002291 0.010948
v -0.002734 -0.002291 0.010997
v -0.002665 -0.002291 0.011084
v -0.002640 -0.002291 0.011192
v -0.002665 -0.002291 0.011301
v -0.002734 -0.002291 0.011388
v -0.002834 -0.002291 0.011436
v -0.002946 -0.002291 0.011436
v -0.003046 -0.002291 0.011388
v -0.003115 -0.002291 0.011301
v -0.003140 -0.002291 0.011192
v -0.003115 -0.002291 0.011084
v -0.003046 -0.002291 0.010997
v -0.002946 -0.002291 0.010948
v -0.003548 -0.001615 0.011652
v -0.003495 -0.001629 0.011652
v 0.004470 -0.000316 0.014072
v 0.004170 -0.000316 0.014072
v 0.004470 -0.000259 0.014061
v 0.004170 -0.000259 0.014061
v 0.004470 -0.000210 0.014028
v 0.004170 -0.000210 0.014028
v 0.004470 -0.000178 0.013980
v 0.004170 -0.000178 0.013980
v 0.004470 -0.000166 0.013922
v 0.004170 -0.000166 0.013922
v -0.003934 0.000953 0.010672
v -0.003960 0.000957 0.010735
v -0.004143 0.001069 0.010672
v -0.004151 0.001059 0.010729
v -0.003988 0.000943 0.010779
v -0.004018 0.000911 0.010808
v -0.004173 0.001034 0.010777
v -0.004053 0.000865 0.010822
v -0.004203 0.000996 0.010810
v -0.004055 0.000861 0.010822
v -0.004058 0.000856 0.010822
v -0.004237 0.000950 0.010822
v -0.004061 0.000852 0.010822
v 0.004170 -0.001276 0.010142
v 0.004170 -0.000256 0.010142
v 0.004470 -0.000256 0.010142
v 0.004470 -0.001276 0.010142
v 0.004481 -0.001334 0.010142
v 0.004514 -0.001382 0.010142
v 0.004563 -0.001415 0.010142
v 0.004204 -0.001448 0.010142
v 0.004620 -0.001426 0.010142
v 0.005500 -0.001426 0.010142
v 0.004302 -0.001594 0.010142
v 0.004448 -0.001692 0.010142
v 0.005500 -0.001726 0.010142
v 0.004620 -0.001726 0.010142
v -0.000245 -0.001666 0.011652
v -0.000245 -0.001666 0.012854
v -0.000245 -0.001366 0.012854
v -0.000245 -0.001366 0.011752
v -0.000245 -0.001466 0.011652
v -0.000245 -0.001641 0.011652
v 0.005519 -0.001766 0.014870
v 0.005519 -0.001466 0.014870
v 0.005570 -0.001766 0.014887
v 0.005570 -0.001466 0.014887
v 0.005612 -0.001766 0.014920
v 0.005612 -0.001466 0.014920
v 0.005640 -0.001766 0.014966
v 0.005640 -0.001466 0.014966
v 0.005650 -0.001766 0.015019
v 0.005650 -0.001466 0.015019
v 0.003190 -0.001666 0.011652
v 0.003442 -0.001641 0.011652
v 0.003358 -0.001655 0.011652
v 0.003274 -0.001663 0.011652
v 0.002710 0.001356 0.010347
v 0.002710 0.001494 0.011147
v 0.002710 0.001494 0.010347
v 0.002710 0.001209 0.010494
v 0.002710 0.001209 0.011122
v 0.002710 0.001202 0.011147
v -0.001403 -0.000979 0.012672
v -0.001212 -0.001337 0.012672
v -0.001316 -0.001104 0.012672
v -0.001527 -0.001366 0.012672
v -0.001201 -0.001352 0.012672
v -0.001185 -0.001363 0.012672
v -0.001167 -0.001366 0.012672
v -0.001531 -0.000895 0.012672
v -0.001590 -0.001226 0.012672
v -0.001612 -0.001194 0.012672
v -0.001644 -0.001174 0.012672
v -0.001681 -0.001166 0.012672
v -0.001681 -0.000866 0.012672
v -0.001867 -0.000866 0.012672
v -0.001867 -0.001166 0.012672
v -0.001904 -0.001174 0.012672
v -0.001936 -0.001194 0.012672
v -0.001958 -0.001226 0.012672
v -0.002017 -0.000895 0.012672
v -0.002021 -0.001366 0.012672
v -0.002145 -0.000979 0.012672
v -0.002232 -0.001104 0.012672
v -0.002336 -0.001337 0.012672
v -0.002347 -0.001352 0.012672
v -0.002363 -0.001363 0.012672
v -0.002382 -0.001366 0.012672
v 0.000205 -0.001666 0.016277
v 0.000205 -0.001666 0.015183
v 0.000205 -0.001646 0.015183
v 0.000205 -0.001646 0.016277
v 0.000292 0.001464 0.013728
v 0.000271 0.001464 0.013664
v 0.000271 0.001494 0.013664
v 0.000292 0.001494 0.013728
v -0.000771 0.001464 0.014323
v -0.000708 0.001464 0.014281
v -0.000708 0.001494 0.014281
v -0.000771 0.001494 0.014323
v 0.002000 -0.001666 0.015372
v 0.002000 -0.001616 0.013872
v 0.002000 -0.001366 0.013622
v 0.002000 -0.001666 0.013872
v 0.002000 -0.001366 0.015372
v 0.005650 -0.001766 0.015022
v 0.005650 -0.001466 0.015022
v 0.005639 -0.001766 0.015080
v 0.005639 -0.001466 0.015080
v 0.005606 -0.001766 0.015128
v 0.005606 -0.001466 0.015128
v 0.005557 -0.001766 0.015161
v 0.005557 -0.001466 0.015161
v 0.005500 -0.001766 0.015172
v 0.005500 -0.001466 0.015172
v 0.000208 0.001464 0.014323
v 0.000271 0.001464 0.014281
v 0.000271 0.001494 0.014281
v 0.000208 0.001494 0.014323
v -0.001763 0.000773 0.010197
v -0.001817 0.000719 0.010212
v -0.001917 0.000902 0.010197
v -0.001966 0.000844 0.010212
v -0.001872 0.000680 0.010256
v -0.002007 0.000794 0.010256
v -0.001921 0.000665 0.010321
v -0.002035 0.000761 0.010321
v -0.002045 0.000749 0.010397
v -0.001955 0.000673 0.010397
v -0.001681 -0.000866 0.012172
v -0.001867 -0.000866 0.012172
v -0.004170 -0.000386 0.013622
v -0.004270 -0.000386 0.013722
v -0.004095 -0.000761 0.013622
v -0.004188 -0.000800 0.013722
v -0.003883 -0.001079 0.013622
v -0.003954 -0.001150 0.013722
v -0.003565 -0.001292 0.013622
v -0.003603 -0.001384 0.013722
v -0.003190 -0.001366 0.013622
v -0.003190 -0.001466 0.013722
v -0.000583 0.001464 0.014323
v -0.000562 0.001464 0.014238
v -0.000562 0.001464 0.013919
v -0.000667 0.001464 0.014408
v -0.000667 0.001464 0.013536
v -0.000562 0.001464 0.013728
v -0.000583 0.001464 0.013621
v -0.000687 0.001464 0.013728
v -0.000687 0.001464 0.014217
v -0.000687 0.001464 0.014047
v -0.000708 0.001464 0.013664
v -0.000750 0.001464 0.014451
v -0.000750 0.001464 0.013494
v -0.000771 0.001464 0.013621
v -0.000854 0.001464 0.014472
v -0.000854 0.001464 0.013600
v -0.000854 0.001464 0.013472
v -0.000854 0.001464 0.014345
v -0.000875 0.001464 0.014047
v -0.000875 0.001464 0.013919
v -0.001042 0.001464 0.013600
v -0.001042 0.001464 0.013472
v -0.001042 0.001464 0.014472
v -0.001042 0.001464 0.014345
v -0.001125 0.001464 0.014323
v -0.001125 0.001464 0.013621
v -0.001146 0.001464 0.013494
v -0.001146 0.001464 0.014451
v -0.001187 0.001464 0.014281
v -0.001187 0.001464 0.013664
v -0.001229 0.001464 0.013536
v -0.001229 0.001464 0.014217
v -0.001229 0.001464 0.013728
v -0.001229 0.001464 0.014408
v -0.001250 0.001464 0.014132
v -0.001250 0.001464 0.013813
v -0.001312 0.001464 0.013621
v -0.001312 0.001464 0.014323
v -0.001354 0.001464 0.013706
v -0.001354 0.001464 0.014238
v -0.001375 0.001464 0.013813
v -0.001375 0.001464 0.014132
v -0.000015 -0.001666 0.015310
v -0.000078 -0.001666 0.015331
v -0.000015 -0.001366 0.015310
v -0.000078 -0.001366 0.015331
v -0.000144 -0.001366 0.015324
v -0.000144 -0.001666 0.015324
v -0.000202 -0.001666 0.015290
v -0.000202 -0.001366 0.015290
v -0.000241 -0.001666 0.015236
v -0.000241 -0.001366 0.015236
v -0.000255 -0.001666 0.015171
v -0.000255 -0.001366 0.015171
v 0.001959 0.001053 0.012672
v 0.002063 0.001286 0.012672
v 0.002063 0.001286 0.012172
v 0.001959 0.001053 0.012172
v 0.000205 -0.001666 0.012854
v 0.000205 -0.001666 0.012595
v 0.000205 -0.001646 0.012595
v 0.000205 -0.001646 0.012854
v -0.000771 0.001494 0.013621
v -0.000708 0.001494 0.013664
v 0.000505 -0.001646 0.014998
v 0.000515 -0.001666 0.014992
v 0.000515 -0.001366 0.014992
v 0.000505 -0.001666 0.014998
v 0.000205 -0.001646 0.015171
v -0.000020 -0.001666 0.015301
v 0.000205 -0.001666 0.015171
v -0.000020 -0.001366 0.015301
v -0.000208 0.001464 0.013664
v -0.000250 0.001464 0.013728
v -0.000250 0.001494 0.013728
v -0.000208 0.001494 0.013664
v -0.002382 -0.001366 0.012172
v -0.002363 -0.001363 0.012172
v -0.002347 -0.001352 0.012172
v -0.002336 -0.001337 0.012172
v -0.001229 0.001494 0.014408
v -0.001146 0.001494 0.014451
v 0.005557 -0.001766 0.014084
v 0.004620 -0.001766 0.014072
v 0.005500 -0.001766 0.014072
v 0.005606 -0.001766 0.014116
v 0.005639 -0.001766 0.014165
v 0.005650 -0.001766 0.014222
v 0.005650 -0.001766 0.014225
v 0.005640 -0.001766 0.014278
v 0.005612 -0.001766 0.014325
v 0.005570 -0.001766 0.014358
v 0.005519 -0.001766 0.014374
v 0.005422 -0.001766 0.014408
v 0.005347 -0.001766 0.014477
v 0.005305 -0.001766 0.014571
v 0.005305 -0.001766 0.014673
v 0.005347 -0.001766 0.014767
v 0.005422 -0.001766 0.014837
v 0.004620 -0.001766 0.015172
v -0.001683 0.000694 0.012672
v -0.001683 0.000694 0.012172
v -0.001533 0.000723 0.012672
v -0.001533 0.000723 0.012172
v -0.001405 0.000806 0.012672
v -0.001405 0.000806 0.012172
v -0.001318 0.000931 0.012672
v -0.001318 0.000931 0.012172
v 0.001060 0.001194 0.011047
v 0.001071 0.001194 0.010990
v 0.001060 0.001494 0.011047
v 0.001104 0.001194 0.010941
v 0.001072 0.001494 0.010990
v 0.001152 0.001194 0.010909
v 0.001104 0.001494 0.010941
v 0.001210 0.001194 0.010897
v 0.001153 0.001494 0.010909
v 0.001211 0.001494 0.010897
v 0.000313 0.001464 0.013536
v 0.000396 0.001464 0.013621
v 0.000396 0.001494 0.013621
v 0.000313 0.001494 0.013536
v -0.000854 0.001494 0.014345
v 0.000125 0.001464 0.014345
v 0.000125 0.001494 0.014345
v 0.002233 -0.001104 0.012672
v 0.002233 -0.001104 0.012172
v 0.002146 -0.000979 0.012672
v 0.002146 -0.000979 0.012172
v 0.002018 -0.000895 0.012672
v 0.002018 -0.000895 0.012172
v 0.001868 -0.000866 0.012672
v 0.001868 -0.000866 0.012172
v 0.004620 -0.001426 0.011242
v 0.004563 -0.001415 0.011242
v 0.004514 -0.001382 0.011242
v 0.004481 -0.001334 0.011242
v 0.004470 -0.001276 0.011242
v 0.000505 -0.001666 0.014202
v 0.000505 -0.001666 0.014345
v 0.000505 -0.001646 0.014345
v 0.000505 -0.001646 0.014202
v -0.002860 0.001494 0.010197
v -0.002803 0.001494 0.010209
v -0.002860 0.001294 0.010197
v -0.002803 0.001298 0.010209
v -0.002754 0.001494 0.010241
v -0.002754 0.001312 0.010241
v -0.002721 0.001494 0.010290
v -0.002721 0.001332 0.010290
v -0.002710 0.001494 0.010347
v -0.002710 0.001356 0.010347
v -0.004470 -0.001316 0.014072
v -0.004470 -0.000316 0.014072
v -0.004170 -0.000316 0.014072
v -0.004481 -0.001374 0.014072
v -0.004170 -0.001402 0.014072
v -0.004514 -0.001422 0.014072
v -0.004563 -0.001455 0.014072
v -0.004620 -0.001466 0.014072
v -0.004228 -0.001546 0.014072
v -0.005500 -0.001466 0.014072
v -0.004330 -0.001664 0.014072
v -0.004466 -0.001740 0.014072
v -0.005500 -0.001766 0.014072
v -0.004620 -0.001766 0.014072
v -0.001060 0.001194 0.011048
v -0.001060 0.001194 0.011197
v -0.001060 0.001494 0.011197
v -0.001060 0.001494 0.011047
v -0.004170 -0.001276 0.010142
v -0.004470 -0.000256 0.010142
v -0.004170 -0.000256 0.010142
v -0.004470 -0.001276 0.010142
v -0.004481 -0.001334 0.010142
v -0.004514 -0.001382 0.010142
v -0.004563 -0.001415 0.010142
v -0.004204 -0.001448 0.010142
v -0.005500 -0.001426 0.010142
v -0.004620 -0.001426 0.010142
v -0.004302 -0.001594 0.010142
v -0.004448 -0.001692 0.010142
v -0.005500 -0.001726 0.010142
v -0.004620 -0.001726 0.010142
v 0.003190 -0.001366 0.015522
v 0.003190 -0.001366 0.017172
v 0.003565 -0.001292 0.015522
v 0.003565 -0.001292 0.017172
v 0.003883 -0.001079 0.015522
v 0.003883 -0.001079 0.017172
v 0.004095 -0.000761 0.015522
v 0.004095 -0.000761 0.017172
v 0.004170 -0.000386 0.015522
v 0.004170 -0.000386 0.017172
v -0.004204 -0.001448 0.011242
v -0.004170 -0.001276 0.011242
v -0.004170 -0.000586 0.011242
v -0.004302 -0.001594 0.011242
v -0.004448 -0.001692 0.011242
v -0.004470 -0.000586 0.011242
v -0.004470 -0.001276 0.011242
v -0.004481 -0.001334 0.011242
v -0.004514 -0.001382 0.011242
v -0.004563 -0.001415 0.011242
v -0.004620 -0.001426 0.011242
v -0.004620 -0.001726 0.011242
v -0.005500 -0.001726 0.011242
v -0.005500 -0.001426 0.011242
v 0.003638 -0.001369 0.011652
v 0.003600 -0.001385 0.011652
v 0.003820 -0.001137 0.011752
v 0.003676 -0.001351 0.011652
v 0.003713 -0.001331 0.011652
v 0.003330 -0.001457 0.011652
v 0.003190 -0.001366 0.011752
v 0.003467 -0.001430 0.011652
v 0.003190 -0.001466 0.011652
v 0.003525 -0.001307 0.011752
v 0.003885 -0.001213 0.011652
v 0.004039 -0.000876 0.011752
v 0.004030 -0.001065 0.011652
v 0.004155 -0.000556 0.011752
v 0.004145 -0.000891 0.011652
v 0.004195 -0.000783 0.011652
v 0.004232 -0.000670 0.011652
v 0.004189 -0.000556 0.011719
v 0.004223 -0.000555 0.011686
v 0.004257 -0.000554 0.011652
v -0.002021 -0.001366 0.012172
v -0.001486 -0.001458 0.012172
v -0.001527 -0.001366 0.012172
v -0.001410 -0.001568 0.012172
v -0.001298 -0.001641 0.012172
v -0.002062 -0.001458 0.012172
v -0.002138 -0.001568 0.012172
v -0.001167 -0.001666 0.012172
v -0.002250 -0.001641 0.012172
v -0.002382 -0.001666 0.012172
v 0.002383 -0.001366 0.012672
v 0.003190 -0.001366 0.013622
v 0.002383 -0.001366 0.012172
v 0.002022 -0.001366 0.012672
v 0.002022 -0.001366 0.012172
v 0.001528 -0.001366 0.012172
v 0.001528 -0.001366 0.012672
v 0.001167 -0.001366 0.012172
v 0.001167 -0.001366 0.012672
v 0.002011 -0.001366 0.015430
v 0.000755 -0.001366 0.012813
v 0.000755 -0.001366 0.014069
v 0.002044 -0.001366 0.015478
v 0.000755 -0.001366 0.015131
v 0.002093 -0.001366 0.015511
v 0.000755 -0.001366 0.016329
v 0.002150 -0.001366 0.015522
v 0.000750 -0.001366 0.012382
v 0.000750 -0.001366 0.011752
v 0.000741 -0.001366 0.015066
v 0.000741 -0.001366 0.014134
v 0.000741 -0.001366 0.012748
v 0.000702 -0.001366 0.012695
v 0.000702 -0.001366 0.015012
v 0.000702 -0.001366 0.014188
v 0.000644 -0.001366 0.014979
v 0.000644 -0.001366 0.014222
v 0.000644 -0.001366 0.012661
v 0.000578 -0.001366 0.014228
v 0.000578 -0.001366 0.012654
v 0.000578 -0.001366 0.014972
v 0.000450 -0.001366 0.012382
v 0.000515 -0.001366 0.014208
v -0.000020 -0.001366 0.013899
v -0.000079 -0.001366 0.013880
v -0.000079 -0.001366 0.015321
v -0.000141 -0.001366 0.015314
v -0.000141 -0.001366 0.013886
v -0.000195 -0.001366 0.013917
v -0.000195 -0.001366 0.015283
v -0.000232 -0.001366 0.013968
v -0.000232 -0.001366 0.015232
v -0.000245 -0.001366 0.015171
v -0.000245 -0.001366 0.014029
v 0.000515 -0.001366 0.012675
v -0.000020 -0.001366 0.012984
v 0.000450 -0.001366 0.011752
v -0.000079 -0.001366 0.013003
v -0.000141 -0.001366 0.012997
v -0.000195 -0.001366 0.012965
v -0.000232 -0.001366 0.012915
v 0.000741 -0.001366 0.016394
v 0.000702 -0.001366 0.016448
v 0.000644 -0.001366 0.016481
v 0.000578 -0.001366 0.016488
v -0.000079 -0.001366 0.016140
v 0.000515 -0.001366 0.016468
v -0.000020 -0.001366 0.016159
v -0.000141 -0.001366 0.016146
v -0.000195 -0.001366 0.016177
v -0.000232 -0.001366 0.016228
v -0.000245 -0.001366 0.017172
v -0.000245 -0.001366 0.016289
v 0.001167 -0.001666 0.012672
v 0.001167 -0.001666 0.012172
v 0.001299 -0.001641 0.012672
v 0.001299 -0.001641 0.012172
v 0.001411 -0.001568 0.012672
v 0.001411 -0.001568 0.012172
v 0.001487 -0.001458 0.012672
v 0.001487 -0.001458 0.012172
v 0.004470 -0.000316 0.015522
v 0.004170 -0.000316 0.015522
v 0.004470 -0.000259 0.015511
v 0.004170 -0.000259 0.015511
v 0.004470 -0.000210 0.015478
v 0.004170 -0.000210 0.015478
v 0.004470 -0.000178 0.015430
v 0.004170 -0.000178 0.015430
v 0.004470 -0.000166 0.015372
v 0.004170 -0.000166 0.015372
v 0.004470 -0.000386 0.011502
v 0.004170 -0.000386 0.011442
v 0.004470 -0.000386 0.011442
v 0.004197 -0.000386 0.011502
v 0.004170 -0.000386 0.011529
v -0.002710 0.001209 0.010494
v -0.002710 0.001209 0.011122
v -0.002710 0.001202 0.011147
v -0.002710 0.001494 0.011147
v -0.000875 0.001494 0.013919
v -0.000875 0.001494 0.014047
v -0.002064 0.001286 0.012172
v -0.002140 0.001395 0.012172
v -0.002064 0.001286 0.012672
v -0.002140 0.001395 0.012672
v -0.002252 0.001468 0.012172
v -0.002252 0.001468 0.012672
v -0.002383 0.001494 0.012672
v -0.002383 0.001494 0.012172
v 0.004470 -0.001316 0.014072
v 0.004481 -0.001374 0.014072
v 0.004170 -0.001402 0.014072
v 0.004514 -0.001422 0.014072
v 0.004563 -0.001455 0.014072
v 0.004620 -0.001466 0.014072
v 0.004228 -0.001546 0.014072
v 0.005500 -0.001466 0.014072
v 0.004330 -0.001664 0.014072
v 0.004466 -0.001740 0.014072
v -0.002510 0.001494 0.011347
v -0.001210 0.001494 0.011347
v -0.001210 0.001194 0.011347
v -0.002510 0.001194 0.011347
v 0.002337 -0.001337 0.012172
v 0.002337 -0.001337 0.012672
v 0.001375 0.001464 0.013579
v 0.001042 0.001464 0.013579
v 0.001042 0.001494 0.013579
v 0.001375 0.001494 0.013579
v 0.000292 0.001464 0.014217
v 0.000292 0.001494 0.014217
v 0.004270 -0.000386 0.017472
v 0.004188 -0.000800 0.017472
v 0.003954 -0.001150 0.017472
v 0.003603 -0.001384 0.017472
v 0.003190 -0.001466 0.017472
v -0.000020 -0.001666 0.013899
v -0.000079 -0.001666 0.013880
v -0.000141 -0.001666 0.013886
v -0.000195 -0.001666 0.013917
v -0.000232 -0.001666 0.013968
v -0.000245 -0.001666 0.014029
v 0.001687 0.000709 0.010297
v 0.001763 0.000773 0.010197
v 0.001712 0.000679 0.010302
v 0.001817 0.000719 0.010212
v 0.001736 0.000650 0.010319
v 0.001778 0.000601 0.010380
v 0.001872 0.000680 0.010256
v 0.001805 0.000568 0.010472
v 0.001921 0.000665 0.010321
v 0.001815 0.000556 0.010580
v 0.001955 0.000673 0.010397
v -0.001146 0.001494 0.013494
v -0.001229 0.001494 0.013536
v 0.004170 -0.000180 0.010157
v 0.004470 -0.000180 0.010157
v 0.004170 -0.000115 0.010201
v 0.004470 -0.000115 0.010201
v 0.004170 -0.000072 0.010266
v 0.004470 -0.000072 0.010266
v 0.004170 -0.000056 0.010342
v 0.004470 -0.000056 0.010342
v -0.005650 -0.001466 0.014225
v -0.005650 -0.001466 0.014222
v -0.005650 -0.001766 0.014222
v -0.005650 -0.001766 0.014225
v 0.000505 -0.001646 0.016462
v 0.000205 -0.001646 0.016289
v 0.000505 -0.001666 0.016462
v 0.000205 -0.001666 0.016289
v -0.000020 -0.001666 0.016159
v 0.000515 -0.001666 0.016468
v -0.005650 -0.001766 0.015019
v -0.005650 -0.001466 0.015019
v -0.005640 -0.001766 0.014966
v -0.005640 -0.001466 0.014966
v -0.005612 -0.001766 0.014920
v -0.005612 -0.001466 0.014920
v -0.005570 -0.001766 0.014887
v -0.005570 -0.001466 0.014887
v -0.005519 -0.001766 0.014870
v -0.005519 -0.001466 0.014870
v 0.001487 0.001286 0.012672
v 0.001487 0.001286 0.012172
v 0.001411 0.001395 0.012672
v 0.001411 0.001395 0.012172
v 0.001299 0.001468 0.012672
v 0.001299 0.001468 0.012172
v 0.001167 0.001494 0.012672
v 0.001167 0.001494 0.012172
v -0.001250 0.001494 0.013813
v -0.001229 0.001494 0.013728
v -0.001168 0.001194 0.012672
v -0.001187 0.001190 0.012672
v -0.001168 0.001194 0.012172
v -0.001187 0.001190 0.012172
v -0.001203 0.001180 0.012672
v -0.001214 0.001164 0.012672
v -0.001203 0.001180 0.012172
v -0.001214 0.001164 0.012172
v 0.000505 -0.001646 0.016605
v 0.000205 -0.001646 0.016605
v 0.004170 -0.000316 0.015172
v 0.004470 -0.000316 0.015172
v 0.004170 -0.000259 0.015184
v 0.004470 -0.000259 0.015184
v 0.004170 -0.000210 0.015216
v 0.004470 -0.000210 0.015216
v 0.004170 -0.000178 0.015265
v 0.004470 -0.000178 0.015265
v 0.004170 -0.000166 0.015322
v 0.004470 -0.000166 0.015322
v -0.001592 0.001053 0.012172
v -0.001614 0.001022 0.012172
v -0.001592 0.001053 0.012672
v -0.001614 0.001022 0.012672
v -0.001646 0.001001 0.012172
v -0.001646 0.001001 0.012672
v -0.001683 0.000994 0.012672
v -0.001683 0.000994 0.012172
v -0.000062 0.001464 0.013600
v -0.000146 0.001464 0.013621
v -0.000146 0.001494 0.013621
v -0.000062 0.001494 0.013600
v -0.000167 0.001464 0.013494
v -0.000062 0.001464 0.013472
v -0.000062 0.001494 0.013472
v -0.000167 0.001494 0.013494
v 0.001682 0.000694 0.012172
v 0.001868 0.000694 0.012172
v 0.001868 0.000694 0.012672
v 0.001682 0.000694 0.012672
v -0.003190 0.001294 0.010197
v -0.003190 0.001194 0.010297
v -0.003422 0.001269 0.010197
v -0.003401 0.001171 0.010297
v -0.003603 0.001103 0.010297
v -0.003643 0.001194 0.010197
v -0.003842 0.001074 0.010197
v -0.003785 0.000992 0.010296
v -0.003813 0.001011 0.010266
v -0.003842 0.001028 0.010234
v -0.003858 0.001061 0.010198
v -0.003871 0.001045 0.010203
v 0.005557 -0.001466 0.014084
v 0.005606 -0.001466 0.014116
v 0.005639 -0.001466 0.014165
v 0.005650 -0.001466 0.014222
v 0.004208 -0.000056 0.010672
v 0.004470 -0.000056 0.010672
v 0.004170 -0.000056 0.010710
v 0.000417 0.001464 0.013728
v 0.000417 0.001494 0.013728
v 0.000505 -0.001646 0.012692
v -0.000015 -0.001366 0.012992
v 0.000520 -0.001366 0.012684
v 0.000205 -0.001646 0.012865
v 0.000505 -0.001666 0.012692
v 0.000205 -0.001666 0.012865
v -0.000015 -0.001666 0.012992
v 0.000520 -0.001666 0.012684
v -0.005639 -0.001766 0.014165
v -0.005639 -0.001466 0.014165
v -0.005606 -0.001766 0.014116
v -0.005606 -0.001466 0.014116
v -0.005557 -0.001766 0.014084
v -0.005557 -0.001466 0.014084
v -0.000583 0.001494 0.014323
v -0.000562 0.001494 0.014238
v -0.000854 0.001494 0.013472
v -0.001042 0.001494 0.013472
v -0.001850 0.000846 0.010897
v -0.001917 0.000902 0.010897
v -0.001850 0.000817 0.010896
v -0.001850 0.000788 0.010892
v -0.001966 0.000844 0.010882
v -0.001715 0.000675 0.010892
v -0.001767 0.000614 0.010854
v -0.002007 0.000794 0.010839
v -0.001802 0.000571 0.010784
v -0.002035 0.000761 0.010774
v -0.002045 0.000749 0.010697
v -0.001815 0.000556 0.010697
v 0.001317 0.000931 0.012672
v 0.001317 0.000931 0.012172
v 0.001404 0.000806 0.012672
v 0.001404 0.000806 0.012172
v 0.001532 0.000723 0.012672
v 0.001532 0.000723 0.012172
v -0.002150 -0.001466 0.013722
v -0.002150 -0.001666 0.013722
v -0.002121 -0.001469 0.013725
v -0.002093 -0.001666 0.013734
v -0.002093 -0.001478 0.013734
v -0.002044 -0.001510 0.013766
v -0.002044 -0.001666 0.013766
v -0.002011 -0.001559 0.013815
v -0.002011 -0.001666 0.013815
v -0.002000 -0.001666 0.013872
v -0.002000 -0.001616 0.013872
v 0.002383 -0.001666 0.012172
v 0.000505 -0.001666 0.012595
v 0.000578 -0.001666 0.012654
v 0.000644 -0.001666 0.012661
v 0.002383 -0.001666 0.012672
v 0.000515 -0.001666 0.012675
v 0.000505 -0.001666 0.012681
v 0.000702 -0.001666 0.012695
v 0.000741 -0.001666 0.012748
v 0.000755 -0.001666 0.012813
v -0.000232 -0.001666 0.012915
v -0.000195 -0.001666 0.012965
v -0.000020 -0.001666 0.012984
v -0.000141 -0.001666 0.012997
v -0.000079 -0.001666 0.013003
v 0.002150 -0.001666 0.013722
v 0.003190 -0.001666 0.013722
v 0.002093 -0.001666 0.013734
v 0.002044 -0.001666 0.013766
v 0.002011 -0.001666 0.013815
v 0.000755 -0.001666 0.014069
v 0.000741 -0.001666 0.014134
v 0.000702 -0.001666 0.014188
v 0.000644 -0.001666 0.014222
v 0.000578 -0.001666 0.014228
v 0.000505 -0.001666 0.014855
v 0.000205 -0.001666 0.014855
v 0.000578 -0.001666 0.014972
v 0.000644 -0.001666 0.014979
v 0.000702 -0.001666 0.015012
v 0.000741 -0.001666 0.015066
v 0.000755 -0.001666 0.015131
v 0.002011 -0.001666 0.015430
v 0.002044 -0.001666 0.015478
v 0.002093 -0.001666 0.015511
v 0.000755 -0.001666 0.016329
v 0.002150 -0.001666 0.015522
v 0.003190 -0.001666 0.015522
v 0.000741 -0.001666 0.016394
v 0.000702 -0.001666 0.016448
v 0.000644 -0.001666 0.016481
v 0.000505 -0.001666 0.016605
v 0.000578 -0.001666 0.016488
v -0.000245 -0.001666 0.017472
v 0.003190 -0.001666 0.017472
v -0.000141 -0.001666 0.016146
v -0.000079 -0.001666 0.016140
v -0.000195 -0.001666 0.016177
v -0.000232 -0.001666 0.016228
v -0.000245 -0.001666 0.016289
v 0.000205 -0.001666 0.016605
v 0.000205 -0.001666 0.014029
v 0.000205 -0.001666 0.014345
v -0.000245 -0.001666 0.015171
v -0.000232 -0.001666 0.015232
v -0.000195 -0.001666 0.015283
v -0.000141 -0.001666 0.015314
v -0.000079 -0.001666 0.015321
v 0.000515 -0.001666 0.014208
v -0.000562 0.001494 0.013919
v 0.003493 0.001457 0.010197
v 0.002860 0.001494 0.010197
v 0.003190 0.001494 0.010197
v 0.003779 0.001350 0.010197
v 0.003190 0.001294 0.010197
v 0.002860 0.001294 0.010197
v 0.003422 0.001269 0.010197
v 0.003643 0.001194 0.010197
v 0.004031 0.001179 0.010197
v 0.003842 0.001074 0.010197
v 0.002348 -0.001352 0.012672
v 0.002364 -0.001363 0.012672
v 0.001959 -0.001226 0.012672
v 0.001937 -0.001194 0.012672
v 0.001905 -0.001174 0.012672
v 0.001868 -0.001166 0.012672
v 0.001682 -0.000866 0.012672
v 0.001682 -0.001166 0.012672
v 0.001645 -0.001174 0.012672
v 0.001613 -0.001194 0.012672
v 0.001591 -0.001226 0.012672
v 0.001532 -0.000895 0.012672
v 0.001404 -0.000979 0.012672
v 0.001317 -0.001104 0.012672
v 0.001213 -0.001337 0.012672
v 0.001202 -0.001352 0.012672
v 0.001186 -0.001363 0.012672
v -0.001071 0.001194 0.011255
v -0.001071 0.001494 0.011255
v -0.001104 0.001194 0.011303
v -0.001104 0.001494 0.011303
v -0.001153 0.001194 0.011336
v -0.001153 0.001494 0.011336
v -0.000750 0.001494 0.014451
v -0.000667 0.001494 0.014408
v -0.005640 -0.001766 0.014278
v -0.005612 -0.001766 0.014325
v -0.005570 -0.001766 0.014358
v -0.005519 -0.001766 0.014374
v -0.005422 -0.001766 0.014408
v -0.005347 -0.001766 0.014477
v -0.005305 -0.001766 0.014571
v -0.005305 -0.001766 0.014673
v -0.005347 -0.001766 0.014767
v -0.005422 -0.001766 0.014837
v -0.005650 -0.001766 0.015022
v -0.005639 -0.001766 0.015080
v -0.005606 -0.001766 0.015128
v -0.005557 -0.001766 0.015161
v -0.005500 -0.001766 0.015172
v -0.004620 -0.001766 0.015172
v 0.001850 0.000846 0.010897
v 0.001917 0.000902 0.010897
v 0.001850 0.000969 0.010897
v 0.001555 0.001333 0.010897
v 0.001469 0.000969 0.010897
v 0.001458 0.001420 0.010897
v 0.001340 0.001475 0.010897
v 0.001325 0.001140 0.010897
v 0.001292 0.001169 0.010897
v 0.001253 0.001187 0.010897
v 0.000205 -0.001646 0.014855
v -0.000245 -0.001466 0.017472
v -0.001590 -0.001226 0.012172
v -0.001486 -0.001458 0.012672
v -0.001187 0.001494 0.013664
v -0.001125 0.001494 0.013621
v -0.001042 0.001494 0.014472
v -0.000854 0.001494 0.014472
v 0.005650 -0.001426 0.010292
v 0.005650 -0.001726 0.010292
v 0.005639 -0.001426 0.010235
v 0.005639 -0.001726 0.010235
v 0.005606 -0.001426 0.010186
v 0.005606 -0.001726 0.010186
v 0.005557 -0.001426 0.010154
v 0.005557 -0.001726 0.010154
v 0.004470 -0.000386 0.015522
v 0.004470 -0.000386 0.017472
v 0.004407 -0.000782 0.015522
v 0.004407 -0.000782 0.017472
v 0.004225 -0.001139 0.017472
v 0.004225 -0.001139 0.015522
v 0.003942 -0.001422 0.017472
v 0.003942 -0.001422 0.015522
v 0.003585 -0.001604 0.017472
v 0.003585 -0.001604 0.015522
v -0.004170 -0.000316 0.015522
v -0.004470 -0.000316 0.015522
v -0.004170 -0.000259 0.015511
v -0.004470 -0.000259 0.015511
v -0.004170 -0.000210 0.015478
v -0.004470 -0.000210 0.015478
v -0.004170 -0.000178 0.015430
v -0.004470 -0.000178 0.015430
v -0.004170 -0.000166 0.015372
v -0.004470 -0.000166 0.015372
v -0.000167 0.001464 0.014451
v -0.000250 0.001464 0.014408
v -0.000250 0.001494 0.014408
v -0.000167 0.001494 0.014451
v 0.004258 -0.000542 0.011652
v 0.004258 -0.000536 0.011652
v 0.004461 -0.000536 0.011652
v 0.004257 -0.000548 0.011652
v 0.004405 -0.000790 0.011652
v 0.004298 -0.001028 0.011652
v 0.004145 -0.001239 0.011652
v -0.000271 0.001464 0.013813
v -0.000271 0.001494 0.013813
v 0.003190 0.001194 0.017172
v 0.003565 0.001119 0.017172
v 0.003190 0.001294 0.017472
v 0.003603 0.001212 0.017472
v 0.003883 0.000907 0.017172
v 0.003954 0.000977 0.017472
v 0.004095 0.000589 0.017172
v 0.004188 0.000627 0.017472
v 0.004170 0.000214 0.017172
v 0.004270 0.000214 0.017472
v 0.005640 -0.001466 0.014278
v 0.005650 -0.001466 0.014225
v 0.005612 -0.001466 0.014325
v 0.005570 -0.001466 0.014358
v 0.005519 -0.001466 0.014374
v 0.005422 -0.001466 0.014837
v 0.005422 -0.001466 0.014408
v 0.005347 -0.001466 0.014767
v 0.005347 -0.001466 0.014477
v 0.005305 -0.001466 0.014673
v 0.005305 -0.001466 0.014571
v 0.004620 -0.001466 0.015172
v -0.001042 0.001494 0.013600
v 0.000583 0.001464 0.013472
v 0.001375 0.001464 0.013472
v 0.001375 0.001494 0.013472
v 0.000583 0.001494 0.013472
v -0.004470 -0.000316 0.013722
v -0.004270 -0.000316 0.013722
v -0.004470 -0.000259 0.013734
v -0.004273 -0.000287 0.013725
v -0.004281 -0.000259 0.013734
v -0.004470 -0.000210 0.013766
v -0.004314 -0.000210 0.013766
v -0.004470 -0.000178 0.013815
v -0.004363 -0.000178 0.013815
v -0.004470 -0.000166 0.013872
v -0.004420 -0.000166 0.013872
v 0.002364 -0.001363 0.012172
v 0.002348 -0.001352 0.012172
v 0.000505 -0.001646 0.014855
v 0.001937 0.001022 0.012672
v 0.001937 0.001022 0.012172
v 0.001905 0.001001 0.012672
v 0.001905 0.001001 0.012172
v 0.001868 0.000994 0.012672
v 0.001868 0.000994 0.012172
v 0.001339 0.001475 0.010197
v -0.001210 0.001494 0.010197
v 0.001210 0.001494 0.010197
v -0.001339 0.001475 0.010197
v -0.001458 0.001420 0.010197
v 0.001458 0.001420 0.010197
v -0.001555 0.001333 0.010197
v 0.001555 0.001333 0.010197
v -0.001210 0.001294 0.010197
v 0.001210 0.001294 0.010197
v 0.001277 0.001284 0.010197
v -0.001277 0.001284 0.010197
v 0.001340 0.001257 0.010197
v -0.001340 0.001257 0.010197
v 0.001393 0.001215 0.010197
v -0.001393 0.001215 0.010197
v 0.001917 0.000902 0.010197
v -0.003190 -0.001366 0.017172
v -0.003565 -0.001292 0.017172
v -0.003190 -0.001466 0.017472
v -0.003603 -0.001384 0.017472
v -0.003883 -0.001079 0.017172
v -0.003954 -0.001150 0.017472
v -0.004095 -0.000761 0.017172
v -0.004188 -0.000800 0.017472
v -0.004270 -0.000386 0.017472
v -0.004170 -0.000386 0.017172
v 0.004053 -0.001331 0.011652
v 0.003915 -0.001441 0.011652
v 0.003763 -0.001531 0.011652
v 0.003600 -0.001599 0.011652
v -0.000687 0.001494 0.013728
v -0.000562 0.001494 0.013728
v 0.000205 -0.001646 0.014029
v 0.002063 -0.001458 0.012672
v 0.002063 -0.001458 0.012172
v 0.002139 -0.001568 0.012672
v 0.002139 -0.001568 0.012172
v 0.002251 -0.001641 0.012672
v 0.002251 -0.001641 0.012172
v 0.005650 -0.001726 0.010295
v 0.005640 -0.001726 0.010348
v 0.005612 -0.001726 0.010395
v 0.005570 -0.001726 0.010428
v 0.005519 -0.001726 0.010444
v 0.005422 -0.001726 0.010478
v 0.005347 -0.001726 0.010547
v 0.005305 -0.001726 0.010641
v 0.005305 -0.001726 0.010744
v 0.005347 -0.001726 0.010837
v 0.005612 -0.001726 0.010990
v 0.005519 -0.001726 0.010940
v 0.005570 -0.001726 0.010957
v 0.005422 -0.001726 0.010907
v 0.005640 -0.001726 0.011036
v 0.005650 -0.001726 0.011089
v 0.005650 -0.001726 0.011092
v 0.005639 -0.001726 0.011150
v 0.005606 -0.001726 0.011198
v 0.005557 -0.001726 0.011231
v 0.004620 -0.001726 0.011242
v 0.005500 -0.001726 0.011242
v -0.001960 0.001053 0.012672
v -0.001960 0.001053 0.012172
v -0.000396 0.001464 0.013813
v -0.000375 0.001464 0.013706
v -0.000375 0.001494 0.013706
v -0.000396 0.001494 0.013813
v 0.002510 0.001194 0.011347
v 0.002510 0.001494 0.011347
v 0.002578 0.001194 0.011335
v 0.002586 0.001494 0.011332
v 0.002639 0.001194 0.011301
v 0.002651 0.001494 0.011289
v 0.002683 0.001194 0.011247
v 0.002695 0.001494 0.011224
v 0.002707 0.001194 0.011182
v 0.002709 0.001197 0.011171
v 0.002710 0.001200 0.011159
v -0.000250 0.001464 0.013536
v -0.000250 0.001494 0.013536
v 0.002150 -0.001466 0.013722
v 0.003190 -0.001466 0.013722
v 0.002011 -0.001559 0.013815
v 0.002044 -0.001510 0.013766
v 0.002093 -0.001478 0.013734
v 0.002121 -0.001469 0.013725
v 0.001682 0.000994 0.012172
v 0.001682 0.000994 0.012672
v -0.004470 -0.000316 0.015172
v -0.004170 -0.000316 0.015172
v -0.004470 -0.000259 0.015184
v -0.004170 -0.000259 0.015184
v -0.004470 -0.000210 0.015216
v -0.004170 -0.000210 0.015216
v -0.004470 -0.000178 0.015265
v -0.004170 -0.000178 0.015265
v -0.004470 -0.000166 0.015322
v -0.004170 -0.000166 0.015322
v 0.003871 0.000919 0.010453
v 0.003973 0.000975 0.010347
v 0.004143 0.001069 0.010347
v 0.003934 0.000953 0.010672
v 0.004143 0.001069 0.010672
v 0.003871 0.000919 0.010743
v 0.001324 0.001140 0.010297
v 0.001365 0.001186 0.010236
v -0.000333 0.001464 0.013621
v -0.000333 0.001494 0.013621
v -0.001312 0.001494 0.014323
v -0.005650 -0.001426 0.011092
v -0.005650 -0.001726 0.011092
v -0.005639 -0.001426 0.011150
v -0.005639 -0.001726 0.011150
v -0.005606 -0.001426 0.011198
v -0.005606 -0.001726 0.011198
v -0.005557 -0.001426 0.011231
v -0.005557 -0.001726 0.011231
v -0.001071 0.001494 0.010990
v -0.001071 0.001194 0.010990
v -0.001104 0.001494 0.010941
v -0.001104 0.001194 0.010941
v -0.001153 0.001494 0.010909
v -0.001153 0.001194 0.010909
v -0.001210 0.001194 0.010897
v -0.001210 0.001494 0.010897
v -0.004258 -0.000542 0.011652
v -0.004461 -0.000536 0.011652
v -0.004258 -0.000536 0.011652
v -0.004257 -0.000548 0.011652
v -0.004257 -0.000554 0.011652
v -0.004232 -0.000670 0.011652
v -0.004195 -0.000783 0.011652
v -0.004404 -0.000790 0.011652
v -0.004145 -0.000891 0.011652
v -0.004298 -0.001028 0.011652
v -0.004145 -0.001239 0.011652
v 0.000205 -0.001666 0.014017
v 0.000205 -0.001646 0.014017
v 0.005500 -0.001426 0.011242
v 0.005557 -0.001426 0.011231
v 0.005606 -0.001426 0.011198
v 0.005639 -0.001426 0.011150
v 0.005650 -0.001426 0.011092
v -0.004170 -0.000386 0.015522
v -0.004095 -0.000761 0.015522
v -0.003883 -0.001079 0.015522
v -0.003565 -0.001292 0.015522
v -0.003190 -0.001366 0.015522
v -0.004470 -0.000386 0.015522
v -0.004407 -0.000782 0.015522
v -0.004226 -0.001139 0.015522
v -0.003942 -0.001422 0.015522
v -0.002150 -0.001366 0.015522
v -0.003586 -0.001604 0.015522
v -0.003190 -0.001666 0.015522
v -0.002150 -0.001666 0.015522
v -0.004170 -0.000166 0.013622
v 0.001167 0.001194 0.012673
v 0.001167 0.001494 0.012673
v 0.002383 0.001494 0.012673
v 0.002383 0.001194 0.012673
v 0.005650 -0.001426 0.011089
v 0.005640 -0.001426 0.011036
v 0.005612 -0.001426 0.010990
v 0.005570 -0.001426 0.010957
v 0.005519 -0.001426 0.010940
v 0.000396 0.001464 0.014323
v 0.000313 0.001464 0.014408
v 0.000313 0.001494 0.014408
v 0.000396 0.001494 0.014323
v 0.001959 -0.001226 0.012172
v -0.001125 0.001494 0.014323
v -0.001187 0.001494 0.014281
v 0.004170 -0.000386 0.013622
v 0.004270 -0.000386 0.013722
v 0.004270 -0.000316 0.013722
v 0.004273 -0.000287 0.013725
v 0.004281 -0.000259 0.013734
v 0.004314 -0.000210 0.013766
v 0.004170 -0.000166 0.013622
v 0.004363 -0.000178 0.013815
v 0.004420 -0.000166 0.013872
v -0.002000 -0.001366 0.013622
v 0.003190 0.001194 0.010297
v 0.003401 0.001171 0.010297
v 0.003603 0.001103 0.010297
v 0.003785 0.000993 0.010297
v 0.003805 0.000977 0.010300
v 0.003822 0.000963 0.010310
v 0.003849 0.000939 0.010347
v 0.003865 0.000924 0.010398
v 0.003878 0.000912 0.010807
v 0.003897 0.000892 0.010864
v 0.003927 0.000860 0.010906
v 0.003944 0.000840 0.010918
v 0.003963 0.000816 0.010922
v 0.004076 0.000632 0.010922
v 0.004146 0.000428 0.010922
v 0.004170 0.000214 0.010922
v 0.003871 0.001045 0.010203
v 0.003894 0.001017 0.010218
v 0.003825 0.001017 0.010254
v 0.003921 0.000991 0.010247
v 0.003949 0.000975 0.010290
v 0.003858 0.001061 0.010198
v 0.004074 0.001139 0.010209
v 0.004110 0.001104 0.010242
v 0.004134 0.001078 0.010290
v -0.001712 0.000679 0.010302
v -0.001687 0.000709 0.010297
v -0.001324 0.001140 0.010297
v -0.001736 0.000650 0.010319
v -0.001778 0.000601 0.010380
v -0.001805 0.000568 0.010472
v -0.001815 0.000556 0.010580
v -0.001477 0.000959 0.010892
v -0.001469 0.000969 0.010897
v -0.001325 0.001140 0.010897
v -0.001365 0.001186 0.010237
v 0.000579 -0.001666 0.012664
v 0.000641 -0.001666 0.012671
v 0.000695 -0.001666 0.012702
v 0.000732 -0.001666 0.012752
v 0.000745 -0.001666 0.012813
v 0.000745 -0.001666 0.014069
v 0.000732 -0.001666 0.014130
v 0.000695 -0.001666 0.014181
v 0.000505 -0.001666 0.014191
v 0.000520 -0.001666 0.014199
v 0.000641 -0.001666 0.014212
v 0.000579 -0.001666 0.014219
v -0.003190 -0.001366 0.011752
v -0.003525 -0.001307 0.011752
v -0.003820 -0.001137 0.011752
v -0.004039 -0.000876 0.011752
v -0.004155 -0.000556 0.011752
v -0.004161 -0.000519 0.011747
v -0.004165 -0.000486 0.011732
v -0.004169 -0.000432 0.011680
v -0.004170 -0.000398 0.011608
v -0.004170 -0.000386 0.011529
v -0.004197 -0.000386 0.011502
v -0.004224 -0.000402 0.011569
v -0.004189 -0.000556 0.011719
v -0.004223 -0.000555 0.011686
v -0.004255 -0.000490 0.011643
v -0.004243 -0.000441 0.011615
v -0.003676 -0.001351 0.011652
v -0.003713 -0.001331 0.011652
v -0.003638 -0.001369 0.011652
v -0.003600 -0.001385 0.011652
v -0.003467 -0.001430 0.011652
v -0.003885 -0.001213 0.011652
v -0.004030 -0.001065 0.011652
v -0.003190 -0.001466 0.011652
v -0.003330 -0.001457 0.011652
v 0.004407 -0.000782 0.013722
v 0.004470 -0.000386 0.013722
v 0.004470 -0.000316 0.013722
v 0.004225 -0.001139 0.013722
v 0.004188 -0.000800 0.013722
v 0.003954 -0.001150 0.013722
v 0.003942 -0.001422 0.013722
v 0.003603 -0.001384 0.013722
v 0.003585 -0.001604 0.013722
v 0.004563 -0.001455 0.015172
v 0.004514 -0.001422 0.015172
v 0.004481 -0.001374 0.015172
v 0.004470 -0.001316 0.015172
v 0.001868 -0.001166 0.012172
v 0.001905 -0.001174 0.012172
v 0.001937 -0.001194 0.012172
v 0.003565 -0.001292 0.013622
v 0.003883 -0.001079 0.013622
v 0.004095 -0.000761 0.013622
v -0.000333 0.001464 0.014323
v -0.000375 0.001464 0.014238
v -0.000375 0.001494 0.014238
v -0.000333 0.001494 0.014323
v -0.005519 -0.001466 0.014374
v -0.005570 -0.001466 0.014358
v -0.005612 -0.001466 0.014325
v -0.005640 -0.001466 0.014278
v -0.004208 -0.000056 0.010672
v -0.004170 -0.000056 0.010710
v -0.004170 -0.000056 0.010342
v -0.004470 -0.000056 0.010672
v -0.004470 -0.000056 0.010342
v -0.005422 -0.001466 0.014837
v -0.005347 -0.001466 0.014767
v -0.005305 -0.001466 0.014673
v -0.005305 -0.001466 0.014571
v -0.005347 -0.001466 0.014477
v -0.005422 -0.001466 0.014408
v -0.000255 -0.001366 0.011752
v -0.000255 -0.001366 0.012854
v -0.000255 -0.001666 0.012854
v -0.000255 -0.001666 0.011652
v -0.000255 -0.001641 0.011652
v -0.000255 -0.001466 0.011652
v -0.004620 -0.001466 0.015172
v -0.005500 -0.001466 0.015172
v -0.005557 -0.001466 0.015161
v -0.005606 -0.001466 0.015128
v -0.005639 -0.001466 0.015080
v -0.005650 -0.001466 0.015022
v 0.001850 0.000788 0.010892
v 0.001715 0.000675 0.010892
v 0.001966 0.000844 0.010882
v 0.001850 0.000817 0.010896
v 0.001815 0.000556 0.010697
v 0.002035 0.000761 0.010774
v 0.001802 0.000571 0.010784
v 0.002045 0.000749 0.010697
v 0.002007 0.000794 0.010839
v 0.001767 0.000614 0.010854
v -0.004170 -0.000259 0.014061
v -0.004470 -0.000259 0.014061
v -0.004170 -0.000210 0.014028
v -0.004470 -0.000210 0.014028
v -0.004170 -0.000178 0.013980
v -0.004470 -0.000178 0.013980
v -0.004170 -0.000166 0.013922
v -0.004470 -0.000166 0.013922
v 0.001060 0.001194 0.011197
v 0.001060 0.001494 0.011197
v 0.001071 0.001194 0.011255
v 0.001071 0.001494 0.011255
v 0.001104 0.001194 0.011303
v 0.001104 0.001494 0.011303
v 0.001153 0.001194 0.011336
v 0.001153 0.001494 0.011336
v 0.001210 0.001194 0.011347
v 0.001210 0.001494 0.011347
v 0.004448 -0.001692 0.011242
v 0.004470 -0.000586 0.011242
v 0.004302 -0.001594 0.011242
v 0.004204 -0.001448 0.011242
v 0.004170 -0.000586 0.011242
v 0.004170 -0.001276 0.011242
v -0.004170 -0.000180 0.010157
v -0.004170 -0.000115 0.010201
v -0.004170 -0.000072 0.010266
v -0.004170 -0.000045 0.010791
v -0.004170 -0.000012 0.010860
v -0.004170 0.000036 0.010906
v -0.004170 0.000094 0.010922
v -0.004170 0.000214 0.010922
v -0.004170 0.000064 0.010918
v -0.004170 -0.000510 0.011258
v -0.004170 -0.000445 0.011301
v -0.004170 -0.000402 0.011366
v -0.004170 -0.000386 0.011442
v -0.004170 -0.001402 0.015172
v -0.004170 0.000214 0.017172
v 0.001213 0.001164 0.012172
v 0.001213 0.001164 0.012672
v 0.001682 -0.001166 0.012172
v 0.000505 -0.001646 0.016450
v 0.000505 -0.001646 0.015010
v -0.001555 0.001333 0.010897
v -0.004470 0.000214 0.010822
v -0.004470 0.000214 0.017472
v -0.004443 0.000473 0.010822
v -0.004407 0.000609 0.017472
v -0.004226 0.000966 0.017472
v -0.004365 0.000722 0.010822
v -0.003942 0.001249 0.017472
v -0.004143 0.001069 0.010347
v -0.004134 0.001078 0.010290
v -0.004110 0.001104 0.010242
v -0.004074 0.001139 0.010209
v -0.004031 0.001179 0.010197
v -0.003779 0.001350 0.010197
v -0.003586 0.001431 0.017472
v -0.003493 0.001457 0.010197
v -0.003190 0.001494 0.017472
v -0.003190 0.001494 0.010197
v -0.000255 -0.001366 0.014029
v -0.000255 -0.001666 0.014029
v -0.003871 0.000919 0.010453
v -0.003973 0.000975 0.010347
v -0.003871 0.000919 0.010743
v -0.005557 -0.001426 0.010154
v -0.005557 -0.001726 0.010154
v -0.005606 -0.001426 0.010186
v -0.005606 -0.001726 0.010186
v -0.005639 -0.001426 0.010235
v -0.005639 -0.001726 0.010235
v -0.005650 -0.001426 0.010292
v -0.005650 -0.001726 0.010292
v -0.003901 0.001009 0.010223
v -0.003805 0.000977 0.010299
v -0.003823 0.000962 0.010310
v -0.003930 0.000986 0.010257
v -0.003849 0.000939 0.010347
v -0.003956 0.000975 0.010305
v -0.003865 0.000924 0.010398
v 0.002803 0.001494 0.010209
v 0.002803 0.001298 0.010209
v 0.002754 0.001494 0.010241
v 0.002754 0.001312 0.010241
v 0.002721 0.001494 0.010290
v 0.002721 0.001332 0.010290
v 0.004170 -0.000399 0.011607
v 0.004169 -0.000433 0.011679
v 0.004165 -0.000486 0.011732
v 0.004161 -0.000519 0.011747
v 0.000745 -0.001366 0.012813
v 0.000745 -0.001366 0.014069
v -0.004470 -0.001316 0.015172
v -0.004481 -0.001374 0.015172
v -0.004514 -0.001422 0.015172
v -0.004563 -0.001455 0.015172
v -0.001253 0.001187 0.010897
v -0.001292 0.001169 0.010897
v -0.001340 0.001475 0.010897
v -0.001458 0.001420 0.010897
v -0.001850 0.000969 0.010897
v -0.000255 -0.001366 0.017172
v -0.000255 -0.001466 0.017472
v -0.001316 -0.001104 0.012172
v -0.001403 -0.000979 0.012172
v -0.001531 -0.000895 0.012172
v -0.000208 0.001464 0.014281
v -0.000146 0.001464 0.014323
v -0.000146 0.001494 0.014323
v -0.000208 0.001494 0.014281
v 0.002045 0.000749 0.010397
v 0.000505 -0.001646 0.014191
v 0.003495 -0.001629 0.011652
v 0.003548 -0.001615 0.011652
v 0.004085 -0.001301 0.011652
v 0.004116 -0.001271 0.011652
v 0.004466 -0.000480 0.011640
v 0.004469 -0.000432 0.011607
v 0.004470 -0.000399 0.011559
v 0.001186 -0.001363 0.012172
v 0.001202 -0.001352 0.012172
v 0.001213 -0.001337 0.012172
v 0.000520 -0.001666 0.016459
v 0.000579 -0.001666 0.016478
v 0.000520 -0.001366 0.016459
v 0.000579 -0.001366 0.016478
v 0.000641 -0.001366 0.016472
v 0.000641 -0.001666 0.016472
v 0.000695 -0.001666 0.016441
v 0.000695 -0.001366 0.016441
v 0.000732 -0.001666 0.016390
v 0.000732 -0.001366 0.016390
v 0.000745 -0.001666 0.016329
v 0.000745 -0.001366 0.016329
v -0.004470 -0.000386 0.013722
v -0.004470 -0.000386 0.011502
v -0.004407 -0.000782 0.013722
v -0.004470 -0.000399 0.011559
v -0.004469 -0.000432 0.011607
v -0.004467 -0.000480 0.011640
v -0.004226 -0.001139 0.013722
v -0.004116 -0.001271 0.011652
v -0.004085 -0.001301 0.011652
v -0.003942 -0.001422 0.013722
v -0.004053 -0.001331 0.011652
v -0.003915 -0.001441 0.011652
v -0.003763 -0.001531 0.011652
v -0.003600 -0.001599 0.011652
v -0.003586 -0.001604 0.013722
v -0.003548 -0.001615 0.011652
v -0.003190 -0.001666 0.013722
v -0.003495 -0.001629 0.011652
v -0.003442 -0.001641 0.011652
v -0.003358 -0.001655 0.011652
v -0.003274 -0.001663 0.011652
v -0.003190 -0.001666 0.011652
v -0.005650 -0.001726 0.010295
v -0.005640 -0.001726 0.010348
v -0.005613 -0.001726 0.010395
v -0.005570 -0.001726 0.010428
v -0.005519 -0.001726 0.010444
v -0.005422 -0.001726 0.010478
v -0.005347 -0.001726 0.010547
v -0.005305 -0.001726 0.010641
v -0.005305 -0.001726 0.010744
v -0.005347 -0.001726 0.010837
v -0.005613 -0.001726 0.010990
v -0.005570 -0.001726 0.010957
v -0.005519 -0.001726 0.010940
v -0.005422 -0.001726 0.010907
v -0.005640 -0.001726 0.011036
v -0.005650 -0.001726 0.011089
v -0.001168 0.001494 0.012672
v -0.001300 0.001468 0.012672
v -0.001412 0.001395 0.012672
v -0.001488 0.001286 0.012672
v -0.001869 0.000994 0.012672
v -0.001869 0.000694 0.012672
v -0.001906 0.001001 0.012672
v -0.001938 0.001022 0.012672
v -0.002019 0.000723 0.012672
v -0.002147 0.000806 0.012672
v -0.002234 0.000931 0.012672
v -0.002338 0.001164 0.012672
v -0.002349 0.001180 0.012672
v -0.002365 0.001190 0.012672
v -0.002383 0.001194 0.012672
v 0.004470 -0.000045 0.010730
v 0.004470 -0.000012 0.010778
v 0.004470 0.000036 0.010811
v 0.004470 0.000094 0.010822
v 0.004470 0.000214 0.010822
v 0.004470 -0.000510 0.011258
v 0.004470 -0.000445 0.011301
v 0.004470 -0.000402 0.011366
v 0.004470 -0.000259 0.013734
v 0.004470 -0.000210 0.013766
v 0.004470 -0.000178 0.013815
v 0.004470 -0.000166 0.013872
v 0.004470 0.000214 0.017472
v -0.004470 -0.000510 0.011258
v -0.004470 -0.000445 0.011301
v -0.004470 -0.000402 0.011366
v -0.004470 -0.000386 0.011442
v 0.000745 -0.001366 0.015131
v 0.000745 -0.001666 0.015131
v -0.001488 0.001286 0.012172
v -0.000062 0.001464 0.014345
v -0.000062 0.001494 0.014345
v -0.001312 0.001494 0.013621
v -0.001354 0.001494 0.013706
v 0.000125 0.001464 0.014472
v -0.000062 0.001464 0.014472
v -0.000062 0.001494 0.014472
v 0.000125 0.001494 0.014472
v -0.002860 0.001209 0.010282
v -0.003000 0.001209 0.010282
v -0.003000 0.001194 0.010297
v -0.001210 0.001194 0.010297
v -0.001253 0.001188 0.010297
v -0.001292 0.001169 0.010297
v -0.004470 -0.000180 0.010157
v -0.004470 -0.000115 0.010201
v -0.004470 -0.000072 0.010266
v 0.000125 0.001464 0.013472
v 0.000125 0.001494 0.013472
v -0.001042 0.001494 0.014345
v 0.000205 -0.001646 0.014345
v -0.001375 0.001494 0.013813
v 0.004407 0.000609 0.017472
v 0.004225 0.000966 0.017472
v 0.003942 0.001249 0.017472
v 0.003585 0.001431 0.017472
v 0.003190 0.001494 0.017472
v -0.003190 0.001294 0.017472
v -0.000255 -0.001666 0.017472
v -0.003190 -0.001666 0.017472
v -0.003586 -0.001604 0.017472
v -0.003603 0.001212 0.017472
v -0.003942 -0.001422 0.017472
v -0.003954 0.000977 0.017472
v -0.004188 0.000627 0.017472
v -0.004226 -0.001139 0.017472
v -0.004270 0.000214 0.017472
v -0.004407 -0.000782 0.017472
v -0.004470 -0.000386 0.017472
v -0.000750 0.001494 0.013494
v -0.001212 -0.001337 0.012172
v -0.001201 -0.001352 0.012172
v -0.001185 -0.001363 0.012172
v -0.001167 -0.001366 0.012172
v 0.000229 0.001464 0.013494
v 0.000229 0.001494 0.013494
v -0.004228 -0.001546 0.015172
v -0.004330 -0.001664 0.015172
v -0.004466 -0.001740 0.015172
v 0.001042 0.001464 0.014472
v 0.001042 0.001494 0.014472
v -0.002578 0.001194 0.011335
v -0.002586 0.001494 0.011332
v -0.002638 0.001194 0.011301
v -0.002651 0.001494 0.011289
v -0.002683 0.001194 0.011247
v -0.002695 0.001494 0.011224
v -0.002707 0.001194 0.011182
v -0.002709 0.001197 0.011171
v -0.002710 0.001200 0.011159
v -0.004470 0.000094 0.010822
v -0.004270 0.000094 0.010822
v -0.004470 0.000036 0.010811
v -0.004265 0.000036 0.010811
v -0.004470 -0.000012 0.010778
v -0.004252 -0.000012 0.010778
v -0.004470 -0.000045 0.010730
v -0.004232 -0.000045 0.010730
v -0.005650 -0.001426 0.011089
v -0.002062 -0.001458 0.012672
v -0.001958 -0.001226 0.012172
v 0.004222 -0.000397 0.011564
v 0.004239 -0.000428 0.011606
v 0.004251 -0.000475 0.011638
v 0.004255 -0.000504 0.011648
v 0.001966 0.000844 0.010212
v 0.002007 0.000794 0.010256
v 0.002035 0.000761 0.010321
v 0.001186 0.001190 0.012672
v 0.001167 0.001194 0.012172
v 0.001202 0.001180 0.012672
v 0.001167 0.001194 0.012672
v 0.001186 0.001190 0.012172
v 0.001202 0.001180 0.012172
v -0.000687 0.001494 0.014047
v 0.003958 0.000954 0.010726
v 0.004151 0.001059 0.010729
v 0.003990 0.000938 0.010775
v 0.004173 0.001034 0.010777
v 0.004023 0.000905 0.010809
v 0.004203 0.000996 0.010810
v 0.004059 0.000855 0.010822
v 0.004237 0.000950 0.010822
v -0.002338 0.001164 0.012172
v -0.002234 0.000931 0.012172
v -0.001410 -0.001568 0.012672
v -0.002138 -0.001568 0.012672
v -0.001298 -0.001641 0.012672
v -0.002250 -0.001641 0.012672
v -0.002382 -0.001666 0.012672
v -0.001167 -0.001666 0.012672
v 0.005640 -0.001426 0.010348
v 0.005650 -0.001426 0.010295
v 0.005612 -0.001426 0.010395
v 0.005570 -0.001426 0.010428
v 0.005519 -0.001426 0.010444
v 0.005422 -0.001426 0.010907
v 0.005422 -0.001426 0.010478
v 0.005347 -0.001426 0.010837
v 0.005347 -0.001426 0.010547
v 0.005305 -0.001426 0.010744
v 0.005305 -0.001426 0.010641
v 0.002383 0.001494 0.012672
v 0.002383 0.001494 0.012172
v 0.002251 0.001468 0.012672
v 0.002251 0.001468 0.012172
v 0.002139 0.001395 0.012672
v 0.002139 0.001395 0.012172
v 0.001317 -0.001104 0.012172
v -0.001375 0.001494 0.014132
v -0.001354 0.001494 0.014238
v -0.002831 0.001209 0.010286
v -0.002803 0.001209 0.010298
v -0.002754 0.001209 0.010344
v -0.002721 0.001209 0.010413
v 0.000505 -0.001646 0.012681
v 0.000505 -0.001646 0.012595
v 0.001210 0.001194 0.010297
v -0.000854 0.001494 0.013600
v 0.004232 -0.000045 0.010730
v 0.004252 -0.000012 0.010778
v 0.004265 0.000036 0.010811
v 0.004270 0.000094 0.010822
v -0.002017 -0.000895 0.012172
v -0.002145 -0.000979 0.012172
v -0.002232 -0.001104 0.012172
v -0.000687 0.001494 0.014217
v 0.000417 0.001464 0.014217
v 0.000229 0.001464 0.014451
v 0.000208 0.001464 0.013621
v 0.000125 0.001464 0.013600
v -0.000250 0.001464 0.014217
v -0.000271 0.001464 0.014132
v -0.000396 0.001464 0.014132
v 0.004365 0.000722 0.010822
v 0.004174 0.000658 0.010822
v 0.004443 0.000473 0.010822
v 0.004246 0.000441 0.010822
v 0.004270 0.000214 0.010822
v -0.005305 -0.001426 0.010744
v -0.005305 -0.001426 0.010641
v -0.005347 -0.001426 0.010837
v -0.005347 -0.001426 0.010547
v -0.005422 -0.001426 0.010478
v -0.005422 -0.001426 0.010907
v -0.005519 -0.001426 0.010940
v -0.005519 -0.001426 0.010444
v -0.005570 -0.001426 0.010957
v -0.005570 -0.001426 0.010428
v -0.005613 -0.001426 0.010395
v -0.005613 -0.001426 0.010990
v -0.005640 -0.001426 0.011036
v -0.005640 -0.001426 0.010348
v -0.005650 -0.001426 0.010295
v -0.002147 0.000806 0.012172
v -0.002019 0.000723 0.012172
v -0.001869 0.000694 0.012172
v 0.002383 0.001194 0.012172
v 0.002383 0.001194 0.012672
v 0.002364 0.001190 0.012172
v 0.002364 0.001190 0.012672
v 0.002348 0.001180 0.012172
v 0.002348 0.001180 0.012672
v 0.002337 0.001164 0.012172
v 0.002337 0.001164 0.012672
v 0.001591 -0.001226 0.012172
v 0.001613 -0.001194 0.012172
v 0.001645 -0.001174 0.012172
v 0.004466 -0.001740 0.015172
v 0.004330 -0.001664 0.015172
v 0.004228 -0.001546 0.015172
v 0.004170 -0.001402 0.015172
v -0.002383 0.001494 0.012171
v -0.002383 0.001194 0.012171
v -0.001168 0.001194 0.012171
v -0.001168 0.001494 0.012171
v 0.001292 0.001169 0.010297
v 0.001253 0.001188 0.010297
v -0.003883 0.000907 0.017172
v -0.003878 0.000912 0.010807
v -0.003897 0.000892 0.010864
v -0.003565 0.001119 0.017172
v -0.003190 0.001194 0.017172
v -0.004095 0.000589 0.017172
v -0.003927 0.000860 0.010906
v -0.003944 0.000840 0.010918
v -0.003963 0.000816 0.010922
v -0.004076 0.000632 0.010922
v -0.004146 0.000428 0.010922
v -0.000583 0.001494 0.013621
v 0.000583 0.001494 0.013579
v -0.000396 0.001494 0.014132
v -0.000667 0.001494 0.013536
v 0.000917 0.001494 0.014472
v -0.001168 0.001494 0.012172
v 0.001167 0.001494 0.012171
v -0.001168 0.001494 0.012673
v -0.001250 0.001494 0.014132
v -0.002383 0.001494 0.012673
v 0.002383 0.001494 0.012171
v 0.000917 0.001494 0.013579
v 0.000417 0.001494 0.014217
v 0.000229 0.001494 0.014451
v -0.000250 0.001494 0.014217
v -0.000271 0.001494 0.014132
v 0.000208 0.001494 0.013621
v 0.000125 0.001494 0.013600
v -0.001229 0.001494 0.014217
v -0.001936 -0.001194 0.012172
v -0.001904 -0.001174 0.012172
v -0.001867 -0.001166 0.012172
v 0.000732 -0.001366 0.015070
v 0.000732 -0.001666 0.015070
v 0.000695 -0.001366 0.015020
v 0.000695 -0.001666 0.015020
v 0.000641 -0.001366 0.014988
v 0.000641 -0.001666 0.014988
v 0.000579 -0.001366 0.014982
v 0.000579 -0.001666 0.014982
v 0.000520 -0.001366 0.015001
v 0.000520 -0.001666 0.015001
v 0.000520 -0.001366 0.014199
v 0.000579 -0.001366 0.014219
v 0.000641 -0.001366 0.014212
v 0.000695 -0.001366 0.014181
v 0.000732 -0.001366 0.014130
v 0.001167 0.001194 0.012171
v 0.002383 0.001194 0.012171
v -0.000255 -0.001366 0.016289
v -0.000255 -0.001666 0.016289
v -0.000241 -0.001366 0.016224
v -0.000241 -0.001666 0.016224
v -0.000202 -0.001366 0.016170
v -0.000202 -0.001666 0.016170
v -0.000144 -0.001366 0.016137
v -0.000144 -0.001666 0.016137
v -0.000078 -0.001366 0.016130
v -0.000078 -0.001666 0.016130
v -0.000015 -0.001366 0.016150
v -0.000015 -0.001666 0.016150
v 0.003000 0.001209 0.010282
v 0.002860 0.001209 0.010282
v 0.003000 0.001194 0.010297
v 0.001682 -0.000866 0.012172
v 0.004170 0.000094 0.010922
v 0.004170 0.000064 0.010918
v 0.004170 0.000036 0.010906
v 0.004170 -0.000012 0.010860
v 0.004170 -0.000045 0.010791
v 0.004170 -0.000402 0.011366
v 0.004170 -0.000445 0.011301
v 0.004170 -0.000510 0.011258
v 0.000505 -0.001666 0.015010
v 0.000505 -0.001666 0.016450
v 0.002233 0.000931 0.012672
v 0.002146 0.000806 0.012672
v 0.002018 0.000723 0.012672
v 0.001645 0.001001 0.012672
v 0.001613 0.001022 0.012672
v 0.001591 0.001053 0.012672
v -0.004175 0.000656 0.010822
v -0.004246 0.000440 0.010822
v -0.004270 0.000214 0.010822
v 0.000732 -0.001366 0.012752
v 0.000695 -0.001366 0.012702
v 0.000641 -0.001366 0.012671
v 0.000579 -0.001366 0.012664
v -0.000078 -0.001666 0.013013
v -0.000078 -0.001366 0.013013
v -0.000144 -0.001366 0.013006
v -0.000144 -0.001666 0.013006
v -0.000202 -0.001666 0.012973
v -0.000202 -0.001366 0.012973
v -0.000241 -0.001666 0.012919
v -0.000241 -0.001366 0.012919
v -0.000750 -0.001366 0.012382
v -0.000750 -0.001366 0.011752
v -0.000450 -0.001366 0.011752
v -0.000450 -0.001366 0.012382
v -0.002000 -0.001366 0.015372
v -0.002011 -0.001366 0.015430
v -0.002044 -0.001366 0.015478
v -0.002093 -0.001366 0.015511
v -0.000015 -0.001366 0.013890
v -0.000078 -0.001366 0.013870
v -0.000144 -0.001366 0.013877
v -0.000202 -0.001366 0.013910
v -0.000241 -0.001366 0.013964
v 0.001591 0.001053 0.012172
v -0.002383 0.001194 0.012673
v -0.001168 0.001194 0.012673
v 0.001532 -0.000895 0.012172
v 0.001404 -0.000979 0.012172
v -0.002000 -0.001666 0.015372
v 0.002721 0.001209 0.010413
v 0.002754 0.001209 0.010344
v 0.002803 0.001209 0.010298
v 0.002831 0.001209 0.010286
v 0.003000 0.001194 0.011182
v -0.003000 0.001194 0.011182
v -0.002383 0.001194 0.012172
v -0.000241 -0.001666 0.013964
v -0.000202 -0.001666 0.013910
v -0.000144 -0.001666 0.013877
v -0.000078 -0.001666 0.013870
v -0.000015 -0.001666 0.013890
v 0.000917 0.001464 0.014472
v 0.000917 0.001464 0.013579
v -0.002011 -0.001666 0.015430
v -0.002044 -0.001666 0.015478
v -0.002093 -0.001666 0.015511
v -0.001300 0.001468 0.012172
v -0.001412 0.001395 0.012172
v -0.001681 -0.001166 0.012172
v 0.001477 0.000959 0.010892
v -0.001869 0.000994 0.012172
v -0.001906 0.001001 0.012172
v -0.001938 0.001022 0.012172
v 0.000583 0.001464 0.013579
v 0.004009 0.000840 0.010871
v 0.002233 0.000931 0.012172
v 0.002018 0.000723 0.012172
v 0.002146 0.000806 0.012172
v 0.001645 0.001001 0.012172
v 0.001613 0.001022 0.012172
v -0.002365 0.001190 0.012172
v -0.002349 0.001180 0.012172
v -0.001644 -0.001174 0.012172
v -0.001612 -0.001194 0.012172
v -0.000380 -0.000411 0.016097
v -0.000380 -0.000411 0.014272
v -0.000380 -0.000436 0.014272
v -0.000380 -0.000436 0.016072
v 0.002175 -0.001646 0.010122
v 0.002175 -0.001641 0.010462
v 0.002175 -0.001641 0.010122
v 0.002175 -0.001707 0.010413
v 0.002175 -0.001646 0.009772
v 0.002175 -0.001751 0.010344
v 0.002175 -0.001766 0.010264
v 0.002175 -0.001766 0.009772
v -0.000120 0.000264 0.014272
v -0.000380 0.000264 0.014272
v -0.000380 0.000264 0.016072
v -0.000120 0.000264 0.016072
v -0.001350 -0.001646 0.009772
v -0.001350 -0.001646 0.010122
v -0.001150 -0.001646 0.010122
v -0.001150 -0.001646 0.009772
v -0.003175 -0.001710 0.010411
v -0.003175 -0.001646 0.010460
v -0.003175 -0.001646 0.009772
v -0.003175 -0.001752 0.010342
v -0.003175 -0.001766 0.010264
v -0.003175 -0.001766 0.009772
v -0.001650 -0.001641 0.010462
v -0.001850 -0.001641 0.010462
v -0.001650 -0.001707 0.010413
v -0.001850 -0.001707 0.010413
v -0.001650 -0.001751 0.010344
v -0.001850 -0.001751 0.010344
v -0.001650 -0.001766 0.010264
v -0.001850 -0.001766 0.010264
v -0.002625 -0.001646 0.010122
v -0.002625 -0.001641 0.010462
v -0.002625 -0.001641 0.010122
v -0.002625 -0.001707 0.010413
v -0.002625 -0.001646 0.009772
v -0.002625 -0.001751 0.010344
v -0.002625 -0.001766 0.010264
v -0.002625 -0.001766 0.009772
v 0.003225 -0.001646 0.009772
v 0.003425 -0.001646 0.009772
v 0.003425 -0.001766 0.009772
v 0.003225 -0.001766 0.009772
v 0.000380 -0.000411 0.014272
v 0.000380 -0.000411 0.016097
v 0.000380 -0.000436 0.016072
v 0.000380 -0.000436 0.014272
v 0.002880 -0.000411 0.014272
v 0.002880 -0.000411 0.016597
v 0.002880 -0.000436 0.016572
v 0.002880 -0.000436 0.014272
v -0.000880 0.000239 0.016097
v -0.000620 0.000239 0.016097
v -0.000620 0.000264 0.016072
v -0.000880 0.000264 0.016072
v -0.002880 -0.000411 0.016597
v -0.002880 -0.000411 0.014272
v -0.002880 -0.000436 0.014272
v -0.002880 -0.000436 0.016572
v 0.002425 -0.001710 0.010411
v 0.002425 -0.001646 0.010460
v 0.002425 -0.001646 0.009772
v 0.002425 -0.001752 0.010342
v 0.002425 -0.001766 0.010264
v 0.002425 -0.001766 0.009772
v 0.000150 -0.001646 0.010122
v 0.000150 -0.001641 0.010462
v 0.000150 -0.001641 0.010122
v 0.000150 -0.001707 0.010413
v 0.000150 -0.001646 0.009772
v 0.000150 -0.001751 0.010344
v 0.000150 -0.001766 0.010264
v 0.000150 -0.001766 0.009772
v -0.002620 0.000239 0.016597
v -0.002620 0.000239 0.014272
v -0.002620 0.000264 0.014272
v -0.002620 0.000264 0.016572
v -0.002620 -0.000411 0.014272
v -0.002620 -0.000411 0.016597
v -0.002620 -0.000436 0.016572
v -0.002620 -0.000436 0.014272
v -0.001120 -0.000411 0.014272
v -0.001120 -0.000411 0.016597
v -0.001120 -0.000436 0.016572
v -0.001120 -0.000436 0.014272
v 0.003425 -0.001707 0.010413
v 0.003425 -0.001641 0.010462
v 0.003225 -0.001646 0.010460
v 0.003225 -0.001710 0.010411
v 0.003425 -0.001751 0.010344
v 0.003225 -0.001752 0.010342
v 0.003425 -0.001766 0.010264
v 0.003225 -0.001766 0.010264
v 0.002975 -0.001641 0.010462
v 0.003175 -0.001646 0.010460
v 0.002975 -0.001707 0.010413
v 0.003175 -0.001710 0.010411
v 0.002975 -0.001751 0.010344
v 0.003175 -0.001752 0.010342
v 0.003175 -0.001766 0.010264
v 0.002975 -0.001766 0.010264
v 0.002620 0.000239 0.016597
v 0.002880 0.000239 0.016597
v 0.002880 0.000264 0.016572
v 0.002620 0.000264 0.016572
v -0.000620 0.000264 0.014272
v -0.000880 0.000264 0.014272
v 0.000350 -0.001646 0.010122
v 0.000350 -0.001766 0.009772
v 0.000350 -0.001646 0.009772
v 0.000350 -0.001766 0.010264
v 0.000350 -0.001641 0.010122
v 0.000350 -0.001751 0.010344
v 0.000350 -0.001707 0.010413
v 0.000350 -0.001641 0.010462
v -0.001850 -0.001646 0.010122
v -0.001850 -0.001641 0.010122
v -0.001850 -0.001646 0.009772
v -0.001850 -0.001766 0.009772
v 0.001150 -0.001646 0.009772
v 0.001350 -0.001646 0.009772
v 0.001350 -0.001766 0.009772
v 0.001150 -0.001766 0.009772
v -0.000620 -0.000411 0.014272
v -0.000620 -0.000411 0.016097
v -0.000620 -0.000436 0.016072
v -0.000620 -0.000436 0.014272
v 0.000620 0.000239 0.016097
v 0.000880 0.000239 0.016097
v 0.000880 0.000264 0.016072
v 0.000620 0.000264 0.016072
v 0.001380 0.000239 0.016597
v 0.001380 0.000239 0.014272
v 0.001380 0.000264 0.014272
v 0.001380 0.000264 0.016572
v 0.001120 0.000239 0.016597
v 0.001120 0.000264 0.016572
v 0.000880 0.000239 0.014272
v 0.000880 0.000264 0.014272
v -0.000120 0.000239 0.016097
v -0.000120 0.000239 0.014272
v 0.002880 0.000264 0.014272
v 0.002620 0.000264 0.014272
v 0.000380 0.000264 0.014272
v 0.000120 0.000264 0.014272
v 0.000120 0.000264 0.016072
v 0.000380 0.000264 0.016072
v -0.002425 -0.001646 0.010122
v -0.002425 -0.001766 0.009772
v -0.002425 -0.001646 0.009772
v -0.002425 -0.001766 0.010264
v -0.002425 -0.001752 0.010342
v -0.002425 -0.001710 0.010411
v -0.002425 -0.001646 0.010460
v 0.000650 -0.001646 0.009772
v 0.000650 -0.001646 0.010122
v 0.000850 -0.001646 0.010122
v 0.000850 -0.001646 0.009772
v -0.002175 -0.001646 0.010122
v -0.002175 -0.001766 0.009772
v -0.002175 -0.001646 0.009772
v -0.002175 -0.001766 0.010264
v -0.002175 -0.001641 0.010122
v -0.002175 -0.001751 0.010344
v -0.002175 -0.001707 0.010413
v -0.002175 -0.001641 0.010462
v 0.001120 0.000239 0.014272
v 0.001120 0.000264 0.014272
v -0.000850 -0.001646 0.009772
v -0.000850 -0.001646 0.010122
v -0.000650 -0.001646 0.010122
v -0.000650 -0.001646 0.009772
v -0.000380 0.000239 0.016097
v -0.003225 -0.001766 0.009772
v -0.003225 -0.001766 0.010264
v -0.003425 -0.001766 0.010264
v -0.003425 -0.001766 0.009772
v -0.002375 -0.001646 0.009772
v -0.002375 -0.001646 0.010122
v -0.000120 -0.000436 0.014272
v -0.000120 -0.000436 0.016072
v 0.000850 -0.001641 0.010462
v 0.000650 -0.001641 0.010462
v 0.000850 -0.001707 0.010413
v 0.000650 -0.001707 0.010413
v 0.000850 -0.001751 0.010344
v 0.000650 -0.001751 0.010344
v 0.000850 -0.001766 0.010264
v 0.000650 -0.001766 0.010264
v -0.000880 -0.000411 0.016097
v -0.000880 -0.000411 0.014272
v -0.000880 -0.000436 0.014272
v -0.000880 -0.000436 0.016072
v -0.003225 -0.001646 0.010122
v -0.003225 -0.001646 0.009772
v -0.003225 -0.001752 0.010342
v -0.003225 -0.001710 0.010411
v -0.003225 -0.001646 0.010460
v -0.000350 -0.001646 0.009772
v -0.000150 -0.001646 0.009772
v -0.000150 -0.001766 0.009772
v -0.000350 -0.001766 0.009772
v -0.001380 -0.000411 0.016597
v -0.001380 -0.000436 0.016572
v -0.000620 0.000239 0.014272
v 0.002975 -0.001646 0.009772
v 0.003175 -0.001646 0.009772
v 0.003175 -0.001766 0.009772
v 0.002975 -0.001766 0.009772
v -0.002975 -0.001646 0.009772
v -0.002975 -0.001766 0.009772
v 0.002625 -0.001766 0.009772
v 0.002625 -0.001766 0.010264
v 0.000850 -0.001766 0.009772
v 0.000650 -0.001766 0.009772
v 0.002375 -0.001646 0.009772
v 0.002375 -0.001766 0.009772
v 0.001380 -0.000411 0.016597
v 0.001120 -0.000411 0.016597
v 0.001120 -0.000436 0.016572
v 0.001380 -0.000436 0.016572
v 0.000650 -0.001641 0.010122
v -0.000650 -0.001766 0.009772
v -0.000850 -0.001766 0.009772
v -0.002880 0.000239 0.014272
v -0.002880 0.000239 0.016597
v -0.002880 0.000264 0.016572
v -0.002880 0.000264 0.014272
v -0.002975 -0.001646 0.010122
v -0.002975 -0.001766 0.010264
v -0.002975 -0.001641 0.010122
v -0.002975 -0.001751 0.010344
v -0.002975 -0.001707 0.010413
v -0.002975 -0.001641 0.010462
v -0.001150 -0.001641 0.010462
v -0.001350 -0.001641 0.010462
v -0.001150 -0.001707 0.010413
v -0.001350 -0.001707 0.010413
v -0.001150 -0.001751 0.010344
v -0.001350 -0.001751 0.010344
v -0.001150 -0.001766 0.010264
v -0.001350 -0.001766 0.010264
v -0.001150 -0.001766 0.009772
v -0.001150 -0.001641 0.010122
v -0.003175 -0.001646 0.010122
v 0.001150 -0.001646 0.010122
v 0.001350 -0.001646 0.010122
v 0.002625 -0.001646 0.009772
v 0.002375 -0.001646 0.010122
v -0.000650 -0.001766 0.010264
v -0.000650 -0.001641 0.010122
v -0.000650 -0.001751 0.010344
v -0.000650 -0.001707 0.010413
v -0.000650 -0.001641 0.010462
v 0.003425 -0.001646 0.010122
v 0.003425 -0.001641 0.010122
v -0.001350 -0.001766 0.009772
v -0.001350 -0.001641 0.010122
v 0.000120 0.000239 0.016097
v 0.000380 0.000239 0.016097
v -0.001650 -0.001646 0.010122
v -0.001650 -0.001766 0.009772
v -0.001650 -0.001646 0.009772
v -0.001650 -0.001641 0.010122
v 0.000880 -0.000411 0.016097
v 0.000620 -0.000411 0.016097
v 0.000620 -0.000436 0.016072
v 0.000880 -0.000436 0.016072
v 0.002880 0.000239 0.014272
v -0.003425 -0.001646 0.009772
v -0.003425 -0.001646 0.010122
v 0.000880 -0.000411 0.014272
v 0.000880 -0.000436 0.014272
v 0.002625 -0.001646 0.010122
v 0.002625 -0.001641 0.010122
v 0.002625 -0.001751 0.010344
v 0.002625 -0.001707 0.010413
v 0.002625 -0.001641 0.010462
v 0.000120 -0.000411 0.016097
v 0.000120 -0.000436 0.016072
v -0.000880 0.000239 0.014272
v -0.003425 -0.001641 0.010462
v -0.003425 -0.001641 0.010122
v -0.003425 -0.001707 0.010413
v -0.003425 -0.001751 0.010344
v 0.002620 -0.000411 0.016597
v 0.002620 -0.000436 0.016572
v 0.002620 -0.000411 0.014272
v 0.002620 -0.000436 0.014272
v 0.002425 -0.001646 0.010122
v 0.001120 -0.000436 0.014272
v 0.001380 -0.000436 0.014272
v -0.001380 -0.000436 0.014272
v 0.000620 0.000264 0.014272
v -0.000850 -0.001766 0.010264
v -0.000350 -0.001646 0.010122
v -0.000150 -0.001646 0.010122
v 0.000620 -0.000436 0.014272
v -0.000150 -0.001766 0.010264
v -0.000150 -0.001641 0.010122
v -0.000150 -0.001751 0.010344
v -0.000150 -0.001707 0.010413
v -0.000150 -0.001641 0.010462
v 0.001380 -0.000411 0.014272
v 0.000850 -0.001641 0.010122
v 0.003175 -0.001646 0.010122
v 0.001650 -0.001646 0.010122
v 0.001650 -0.001641 0.010462
v 0.001650 -0.001641 0.010122
v 0.001650 -0.001707 0.010413
v 0.001650 -0.001646 0.009772
v 0.001650 -0.001751 0.010344
v 0.001650 -0.001766 0.010264
v 0.001650 -0.001766 0.009772
v -0.002375 -0.001766 0.009772
v 0.001350 -0.001766 0.010264
v 0.001150 -0.001766 0.010264
v 0.002620 0.000239 0.014272
v 0.001850 -0.001766 0.009772
v 0.001850 -0.001766 0.010264
v -0.001120 0.000239 0.016597
v -0.001120 0.000239 0.014272
v -0.001120 0.000264 0.014272
v -0.001120 0.000264 0.016572
v -0.000120 -0.000411 0.016097
v -0.001380 -0.000411 0.014272
v -0.000120 -0.000411 0.014272
v 0.001350 -0.001641 0.010122
v 0.001350 -0.001751 0.010344
v 0.001350 -0.001707 0.010413
v 0.001350 -0.001641 0.010462
v 0.001150 -0.001641 0.010462
v 0.001150 -0.001707 0.010413
v 0.001150 -0.001751 0.010344
v 0.001120 -0.000411 0.014272
v 0.000380 0.000239 0.014272
v 0.002975 -0.001646 0.010122
v 0.002975 -0.001641 0.010122
v 0.000620 0.000239 0.014272
v -0.000850 -0.001641 0.010462
v -0.000850 -0.001707 0.010413
v -0.000850 -0.001751 0.010344
v -0.001380 0.000239 0.016597
v -0.001380 0.000264 0.016572
v 0.001850 -0.001646 0.010122
v 0.001850 -0.001646 0.009772
v -0.001380 0.000264 0.014272
v 0.002375 -0.001646 0.010460
v 0.002375 -0.001710 0.010411
v 0.002375 -0.001752 0.010342
v 0.002375 -0.001766 0.010264
v 0.001150 -0.001641 0.010122
v -0.000350 -0.001641 0.010462
v -0.000350 -0.001707 0.010413
v -0.000350 -0.001751 0.010344
v -0.000350 -0.001766 0.010264
v 0.000120 -0.000436 0.014272
v -0.001380 0.000239 0.014272
v 0.001850 -0.001641 0.010122
v 0.001850 -0.001751 0.010344
v 0.001850 -0.001707 0.010413
v 0.001850 -0.001641 0.010462
v 0.003225 -0.001646 0.010122
v 0.000620 -0.000411 0.014272
v -0.002375 -0.001710 0.010411
v -0.002375 -0.001646 0.010460
v -0.002375 -0.001752 0.010342
v -0.002375 -0.001766 0.010264
v -0.000380 0.000239 0.014272
v -0.000850 -0.001641 0.010122
v -0.000350 -0.001641 0.010122
v 0.000120 0.000239 0.014272
v 0.000120 -0.000411 0.014272
v -0.003250 -0.001246 -0.009725
v -0.002750 -0.001246 -0.009725
v -0.003250 -0.001476 -0.009679
v -0.002750 -0.001476 -0.009679
v -0.003250 -0.001671 -0.009549
v -0.002750 -0.001671 -0.009549
v -0.003250 -0.001801 -0.009355
v -0.002750 -0.001801 -0.009355
v -0.003250 -0.001846 -0.009125
v -0.002750 -0.001846 -0.009125
v -0.002750 -0.001846 -0.007125
v -0.003250 -0.001846 -0.007125
v -0.005250 -0.001246 -0.009725
v -0.004750 -0.001246 -0.009725
v -0.005250 -0.001476 -0.009679
v -0.004750 -0.001476 -0.009679
v -0.005250 -0.001671 -0.009549
v -0.004750 -0.001671 -0.009549
v -0.005250 -0.001801 -0.009355
v -0.004750 -0.001801 -0.009355
v -0.005250 -0.001846 -0.009125
v -0.004750 -0.001846 -0.009125
v 0.005300 0.002454 -0.009725
v 0.005300 0.002454 -0.011475
v 0.005300 0.002454 -0.013725
v 0.005300 0.003754 -0.013725
v 0.005300 0.003754 -0.009725
v -0.007150 0.001030 -0.008125
v -0.007150 -0.001746 -0.008125
v -0.007150 -0.001746 -0.009725
v -0.007150 0.001954 -0.009725
v -0.005300 0.002454 -0.013725
v -0.005300 0.002454 -0.011475
v -0.005300 0.002454 -0.009725
v -0.005300 0.003754 -0.009725
v -0.005300 0.003754 -0.013725
v -0.001250 -0.001246 -0.009725
v -0.000750 -0.001246 -0.009725
v -0.001250 -0.001476 -0.009679
v -0.000750 -0.001476 -0.009679
v -0.001250 -0.001671 -0.009549
v -0.000750 -0.001671 -0.009549
v -0.001250 -0.001801 -0.009355
v -0.000750 -0.001801 -0.009355
v -0.001250 -0.001846 -0.009125
v -0.000750 -0.001846 -0.009125
v 0.007950 0.001954 -0.009725
v 0.007150 0.001954 -0.009725
v 0.007150 0.001030 -0.008125
v 0.007950 0.001030 -0.008125
v 0.004750 -0.001246 -0.009725
v 0.005250 -0.001246 -0.009725
v 0.004750 -0.001476 -0.009679
v 0.005250 -0.001476 -0.009679
v 0.004750 -0.001671 -0.009549
v 0.005250 -0.001671 -0.009549
v 0.004750 -0.001801 -0.009355
v 0.005250 -0.001801 -0.009355
v 0.004750 -0.001846 -0.009125
v 0.005250 -0.001846 -0.009125
v -0.006300 0.001604 -0.013825
v -0.006300 0.001604 -0.015725
v -0.006300 0.002454 -0.015725
v -0.006300 0.000804 -0.013825
v -0.006300 -0.001046 -0.015725
v -0.006300 0.000804 -0.015725
v -0.006300 0.002454 -0.013725
v -0.006300 0.000804 -0.011475
v -0.006300 0.003754 -0.013725
v -0.006300 0.002454 -0.011475
v -0.006300 -0.001046 -0.010875
v -0.006300 0.000204 -0.010875
v -0.006300 0.002454 -0.009725
v -0.006300 0.003754 -0.009725
v 0.007050 0.003754 -0.014925
v 0.007950 0.003754 -0.009725
v 0.007950 0.003754 -0.014925
v 0.006300 0.003754 -0.009725
v 0.007050 0.003754 -0.015725
v 0.006300 0.003754 -0.013725
v -0.007050 0.003754 -0.014925
v -0.007050 0.003754 -0.015725
v -0.007950 0.003754 -0.009725
v -0.007950 0.003754 -0.014925
v 0.006300 0.002454 -0.011475
v 0.006300 0.002454 -0.009725
v -0.006450 -0.001746 -0.012725
v -0.006450 -0.001746 -0.015725
v 0.006450 -0.001746 -0.015725
v 0.006450 -0.001746 -0.012725
v 0.007150 -0.001746 -0.009725
v 0.007950 -0.001746 -0.012725
v -0.007950 -0.001746 -0.012725
v 0.007150 -0.001746 -0.008125
v 0.007950 -0.001746 -0.008125
v -0.007950 -0.001746 -0.008125
v 0.007950 0.001604 -0.013825
v 0.007950 0.001604 -0.014925
v 0.007950 0.000804 -0.013825
v 0.007950 -0.001346 -0.014925
v 0.007950 0.000804 -0.014925
v 0.007950 -0.001346 -0.012725
v 0.002750 -0.001246 -0.009725
v 0.003250 -0.001246 -0.009725
v 0.002750 -0.001476 -0.009679
v 0.003250 -0.001476 -0.009679
v 0.002750 -0.001671 -0.009549
v 0.003250 -0.001671 -0.009549
v 0.002750 -0.001801 -0.009355
v 0.003250 -0.001801 -0.009355
v 0.002750 -0.001846 -0.009125
v 0.003250 -0.001846 -0.009125
v -0.007950 0.001030 -0.008125
v -0.007950 0.001954 -0.009725
v 0.006300 0.002454 -0.013725
v 0.006300 0.001604 -0.015725
v 0.006300 0.002454 -0.015725
v 0.006300 0.001604 -0.013825
v 0.006300 0.000804 -0.013825
v 0.006300 0.000804 -0.011475
v 0.006300 0.000204 -0.010875
v 0.006300 0.000804 -0.015725
v 0.006300 -0.001046 -0.015725
v 0.006300 -0.001046 -0.010875
v 0.000750 -0.001246 -0.009725
v 0.001250 -0.001246 -0.009725
v 0.000750 -0.001476 -0.009679
v 0.001250 -0.001476 -0.009679
v 0.000750 -0.001671 -0.009549
v 0.001250 -0.001671 -0.009549
v 0.000750 -0.001801 -0.009355
v 0.001250 -0.001801 -0.009355
v 0.000750 -0.001846 -0.009125
v 0.001250 -0.001846 -0.009125
v -0.007950 0.001604 -0.014925
v -0.007950 0.001604 -0.013825
v -0.007950 0.000804 -0.013825
v -0.007950 -0.001346 -0.012725
v -0.007950 0.000804 -0.014925
v -0.007950 -0.001346 -0.014925
v 0.001250 -0.001846 -0.007125
v 0.000750 -0.001846 -0.007125
v -0.000750 -0.001846 -0.007125
v -0.001250 -0.001846 -0.007125
v -0.004750 -0.001846 -0.007125
v -0.005250 -0.001846 -0.007125
v 0.003800 0.002454 -0.015725
v 0.003800 0.002454 -0.011475
v -0.003800 0.002454 -0.015725
v -0.003800 0.002454 -0.011475
v 0.005250 -0.001846 -0.007125
v 0.004750 -0.001846 -0.007125
v 0.007050 0.000354 -0.015725
v 0.007050 0.000804 -0.015725
v -0.007050 0.000354 -0.015725
v -0.007050 0.000804 -0.015725
v -0.007450 0.000354 -0.015725
v 0.007450 0.000354 -0.015725
v 0.006450 -0.001346 -0.015725
v -0.007050 -0.001346 -0.015725
v 0.007050 -0.001346 -0.015725
v -0.006450 -0.001346 -0.015725
v -0.007050 -0.001846 -0.015725
v 0.007450 -0.001846 -0.015725
v 0.007050 -0.001846 -0.015725
v -0.007450 -0.001846 -0.015725
v -0.004750 0.001604 -0.011475
v 0.004750 0.001604 -0.011475
v -0.005250 0.001604 -0.011475
v 0.005250 0.001604 -0.011475
v 0.003250 0.001604 -0.011475
v 0.002750 0.001104 -0.011475
v 0.001250 0.001104 -0.011475
v 0.001250 0.001604 -0.011475
v 0.003250 0.001104 -0.011475
v -0.000750 0.001104 -0.011475
v -0.000750 0.001604 -0.011475
v 0.000750 0.001104 -0.011475
v -0.005250 0.001104 -0.011475
v -0.004750 0.001104 -0.011475
v -0.002750 0.001104 -0.011475
v -0.002750 0.001604 -0.011475
v -0.001250 0.001104 -0.011475
v -0.003250 0.001104 -0.011475
v 0.005250 0.001104 -0.011475
v 0.004750 0.001104 -0.011475
v -0.003800 0.003254 -0.011475
v 0.003800 0.003254 -0.011475
v 0.000750 0.001604 -0.011475
v -0.003250 0.001604 -0.011475
v 0.002750 0.001604 -0.011475
v -0.001250 0.001604 -0.011475
v -0.007050 0.000804 -0.014925
v -0.003800 0.003254 -0.015725
v 0.003800 0.003254 -0.015725
v -0.007050 0.001604 -0.015725
v 0.007050 0.001604 -0.015725
v -0.007050 0.001604 -0.014925
v 0.003250 -0.001846 -0.007125
v 0.002750 -0.001846 -0.007125
v 0.007050 0.001604 -0.014925
v -0.006450 -0.001346 -0.012725
v 0.006450 -0.001346 -0.012725
v 0.007050 0.000804 -0.014925
v 0.007050 0.000354 -0.014925
v 0.007450 0.000354 -0.014925
v 0.007450 -0.001346 -0.014925
v 0.007450 -0.001346 -0.012825
v 0.007050 -0.001346 -0.012825
v -0.007450 0.000354 -0.014925
v -0.007050 0.000354 -0.014925
v -0.007450 -0.001346 -0.014925
v -0.007050 -0.001346 -0.012825
v -0.007450 -0.001346 -0.012825
v 0.007050 -0.001846 -0.012825
v 0.007450 -0.001846 -0.012825
v -0.007050 -0.001846 -0.012825
v -0.007450 -0.001846 -0.012825
v 0.005250 0.001595 -0.009725
v 0.004750 0.001595 -0.009725
v 0.003250 0.001595 -0.009725
v 0.002750 0.001595 -0.009725
v 0.001250 0.001595 -0.009725
v 0.000750 0.001595 -0.009725
v -0.000750 0.001595 -0.009725
v -0.001250 0.001595 -0.009725
v -0.002750 0.001595 -0.009725
v -0.003250 0.001595 -0.009725
v -0.004750 0.001595 -0.009725
v -0.005250 0.001595 -0.009725
vn -1.0000 -0.0000 -0.0000
vn -0.9010 -0.0000 0.4338
vn -0.9010 -0.0000 -0.4338
vn -0.6234 -0.0000 -0.7819
vn -0.2228 -0.0000 -0.9749
vn -0.2224 -0.0000 -0.9750
vn 0.2224 -0.0000 -0.9750
vn 0.2228 -0.0000 -0.9749
vn 0.6234 -0.0000 -0.7819
vn 0.9010 -0.0000 -0.4338
vn 1.0000 -0.0000 -0.0000
vn 0.9010 -0.0000 0.4338
vn 0.6234 -0.0000 0.7819
vn 0.2228 -0.0000 0.9749
vn 0.2224 -0.0000 0.9750
vn -0.2224 -0.0000 0.9750
vn -0.2228 -0.0000 0.9749
vn -0.6234 -0.0000 0.7819
vn -0.9397 0.0001 0.3420
vn -0.9397 0.0001 0.3421
vn -1.0000 0.0001 -0.0000
vn -0.7661 0.0001 0.6427
vn -0.5000 0.0001 0.8660
vn -0.1736 0.0001 0.9848
vn -0.1735 0.0001 0.9848
vn 0.1736 0.0001 0.9848
vn 0.1735 0.0001 0.9848
vn 0.5000 0.0001 0.8660
vn 0.7661 0.0001 0.6427
vn 0.9397 0.0001 0.3421
vn 0.9397 0.0001 0.3420
vn 1.0000 0.0001 -0.0000
vn 0.9397 0.0001 -0.3421
vn 0.9397 0.0001 -0.3420
vn 0.7661 0.0001 -0.6427
vn 0.5000 0.0001 -0.8660
vn 0.1736 0.0001 -0.9848
vn 0.1735 0.0001 -0.9848
vn -0.1736 0.0001 -0.9848
vn -0.1735 0.0001 -0.9848
vn -0.5000 0.0001 -0.8660
vn -0.7661 0.0001 -0.6427
vn -0.9397 0.0001 -0.3421
vn -0.9397 0.0001 -0.3420
vn -0.5000 -0.0000 -0.8660
vn -0.5000 -0.0000 0.8660
vn 0.5000 -0.0000 0.8660
vn 0.5000 -0.0000 -0.8660
vn -0.0000 -1.0000 -0.0000
vn -0.0000 1.0000 0.0012
vn -0.0000 1.0000 -0.0000
vn -0.0000 1.0000 -0.0012
vn -0.0000 -0.0000 -1.0000
vn -0.0000 1.0000 -0.0001
vn -0.0000 -0.0000 1.0000
vn -0.0000 1.0000 -0.0010
vn -0.0000 1.0000 0.0010
vn 0.7328 0.6560 0.1806
vn 0.7547 0.6561 -0.0000
vn 0.7092 0.6561 0.2581
vn 0.6683 0.6560 0.3507
vn 0.5781 0.6561 0.4851
vn 0.6682 0.6561 0.3508
vn 0.5782 0.6561 0.4851
vn 0.5649 0.6561 0.5005
vn 0.3774 0.6561 0.6536
vn 0.4287 0.6561 0.6211
vn 0.2676 0.6561 0.7057
vn 0.5649 0.6561 -0.5005
vn 0.5782 0.6560 -0.4851
vn 0.6683 0.6561 -0.3507
vn 0.4287 0.6561 -0.6211
vn 0.3774 0.6560 -0.6536
vn 0.2676 0.6561 -0.7057
vn 0.1311 0.6561 -0.7432
vn 0.0910 0.6560 -0.7492
vn -0.0910 0.6561 -0.7492
vn -0.1310 0.6561 -0.7433
vn -0.2676 0.6561 -0.7057
vn -0.1311 0.6560 -0.7432
vn -0.3774 0.6561 -0.6536
vn -0.4287 0.6561 -0.6211
vn -0.5649 0.6561 -0.5005
vn -0.5781 0.6561 -0.4851
vn -0.6682 0.6561 -0.3508
vn -0.5782 0.6561 -0.4851
vn -0.6683 0.6561 -0.3507
vn -0.7092 0.6561 -0.2581
vn -0.7328 0.6560 -0.1806
vn -0.7547 0.6561 -0.0000
vn -0.7328 0.6560 0.1806
vn -0.7092 0.6561 0.2581
vn -0.6683 0.6561 0.3507
vn -0.6682 0.6561 0.3507
vn -0.5781 0.6561 0.4851
vn -0.5648 0.6561 0.5005
vn -0.4288 0.6560 0.6211
vn -0.3774 0.6561 0.6536
vn -0.2676 0.6561 0.7057
vn -0.3773 0.6561 0.6536
vn -0.1310 0.6561 0.7432
vn -0.0910 0.6560 0.7492
vn 0.0910 0.6561 0.7492
vn 0.1310 0.6561 0.7433
vn 0.1311 0.6561 0.7432
vn 0.3773 0.6561 -0.6536
vn 0.7092 0.6560 -0.2582
vn 0.7092 0.6561 -0.2581
vn 0.7328 0.6560 -0.1806
vn 0.9389 0.0390 -0.3418
vn 0.9390 0.0391 -0.3417
vn 0.9992 0.0393 -0.0000
vn 0.7655 0.0393 -0.6423
vn 0.7655 0.0389 -0.6423
vn 0.4997 0.0393 -0.8653
vn 0.4996 0.0394 -0.8654
vn 0.1735 0.0395 -0.9840
vn -0.1735 0.0395 -0.9840
vn -0.1735 0.0394 -0.9841
vn -0.4996 0.0394 -0.8653
vn -0.4996 0.0393 -0.8654
vn -0.7655 0.0393 -0.6423
vn -0.7654 0.0394 -0.6423
vn -0.9390 0.0390 -0.3416
vn -0.9390 0.0391 -0.3418
vn -0.9992 0.0395 -0.0000
vn -0.9992 0.0394 -0.0000
vn -0.9390 0.0391 0.3417
vn -0.9389 0.0390 0.3418
vn -0.7655 0.0389 0.6423
vn -0.7654 0.0394 0.6423
vn -0.4997 0.0394 0.8653
vn -0.4996 0.0394 0.8653
vn -0.1735 0.0394 0.9841
vn 0.1735 0.0394 0.9840
vn 0.1735 0.0394 0.9841
vn 0.4996 0.0394 0.8653
vn 0.4996 0.0394 0.8654
vn 0.7656 0.0390 0.6422
vn 0.7654 0.0394 0.6423
vn 0.9390 0.0390 0.3416
vn 0.9390 0.0391 0.3418
vn 0.9992 0.0394 -0.0000
vn -0.0000 1.0000 0.0017
vn -0.0000 1.0000 -0.0017
vn -0.0000 1.0000 -0.0021
vn -0.0000 1.0000 0.0021
vn 0.5782 0.6560 0.4851
vn 0.6682 0.6561 -0.3507
vn 0.4288 0.6560 -0.6211
vn 0.3774 0.6561 -0.6536
vn 0.0910 0.6561 -0.7492
vn -0.0909 0.6561 -0.7492
vn -0.1311 0.6561 -0.7432
vn -0.5781 0.6561 -0.4852
vn -0.3774 0.6560 0.6536
vn -0.0910 0.6561 0.7492
vn 0.0909 0.6561 0.7492
vn 0.9992 0.0396 -0.0000
vn 0.7655 0.0392 -0.6423
vn 0.7655 0.0394 -0.6423
vn 0.4996 0.0394 -0.8653
vn -0.7655 0.0392 -0.6423
vn -0.9390 0.0394 0.3417
vn 0.7656 0.0389 0.6422
vn 0.7655 0.0393 0.6423
vn 0.6683 0.6561 0.3507
vn 0.5781 0.6561 0.4852
vn -0.6683 0.6560 -0.3507
vn -0.7329 0.6559 0.1805
vn -0.7092 0.6561 0.2582
vn -0.5649 0.6561 0.5005
vn -0.4287 0.6561 0.6211
vn -0.1311 0.6561 0.7432
vn 0.9992 0.0399 0.0001
vn -0.7654 0.0393 -0.6423
vn 0.7655 0.0389 0.6422
vn 0.9390 0.0394 -0.3417
vn 0.9992 0.0395 -0.0000
vn 0.7654 0.0394 -0.6423
vn -0.7654 0.0393 0.6423
vn 0.7329 0.6560 -0.1805
vn -0.9010 -0.0000 0.4339
vn -0.6235 -0.0000 0.7818
vn -0.2226 -0.0000 0.9749
vn 0.2225 -0.0000 0.9749
vn -0.2225 -0.0000 0.9749
vn 0.6235 -0.0000 0.7818
vn 0.9010 -0.0000 0.4339
vn 0.9010 -0.0000 -0.4339
vn 0.6235 -0.0000 -0.7818
vn 0.2226 -0.0000 -0.9749
vn -0.2225 -0.0000 -0.9749
vn 0.2225 -0.0000 -0.9749
vn -0.6235 -0.0000 -0.7818
vn -0.9010 -0.0000 -0.4339
vn -0.6370 -0.7071 0.3068
vn -0.6371 -0.7071 0.3068
vn -0.7071 -0.7071 -0.0000
vn -0.4408 -0.7071 0.5528
vn -0.4409 -0.7071 0.5529
vn -0.1573 -0.7071 0.6894
vn -0.1574 -0.7071 0.6894
vn 0.1574 -0.7071 0.6894
vn 0.1574 -0.7071 0.6893
vn 0.4409 -0.7071 0.5528
vn 0.6371 -0.7071 0.3068
vn 0.6370 -0.7071 0.3069
vn 0.7071 -0.7071 -0.0000
vn 0.6371 -0.7071 -0.3068
vn 0.6370 -0.7071 -0.3068
vn 0.4408 -0.7071 -0.5528
vn 0.4409 -0.7071 -0.5529
vn 0.1573 -0.7071 -0.6894
vn 0.1574 -0.7071 -0.6894
vn -0.1574 -0.7071 -0.6894
vn -0.4409 -0.7071 -0.5528
vn -0.6371 -0.7071 -0.3068
vn -0.6370 -0.7071 -0.3069
vn -0.9239 -0.0000 -0.3827
vn -0.7071 -0.0000 -0.7071
vn -0.3827 -0.0000 -0.9239
vn -0.3827 -0.0000 0.9239
vn -0.7071 -0.0000 0.7071
vn -0.9239 -0.0000 0.3827
vn 0.0001 -0.0000 1.0000
vn 0.9239 -0.0000 0.3827
vn 0.7071 -0.0000 0.7071
vn 0.3827 -0.0000 0.9239
vn 0.3827 -0.0000 -0.9239
vn 0.7071 -0.0000 -0.7071
vn 0.9239 -0.0000 -0.3827
vn 0.9009 -0.0000 -0.4340
vn -0.2226 -0.0000 -0.9749
vn -0.9009 -0.0000 -0.4340
vn -0.9009 -0.0000 0.4340
vn -0.2223 -0.0000 0.9750
vn 0.2223 -0.0000 0.9750
vn 0.9009 -0.0000 0.4340
vn 0.2226 -0.0000 0.9749
vn -0.9239 -0.3827 -0.0000
vn -0.9239 -0.3826 -0.0000
vn -0.3827 -0.9239 -0.0000
vn -0.0000 -0.9239 0.3827
vn -0.0000 -0.7071 0.7071
vn -0.0000 -0.3827 0.9239
vn 0.3052 -0.9511 0.0484
vn 0.2753 -0.9511 0.1403
vn 0.5806 -0.8090 0.0920
vn 0.5237 -0.8090 0.2668
vn 0.4156 -0.8090 0.4156
vn 0.2185 -0.9511 0.2185
vn 0.7209 -0.5878 0.3673
vn 0.7991 -0.5878 0.1266
vn 0.9394 -0.3090 0.1488
vn 0.8474 -0.3090 0.4318
vn 0.9239 -0.3827 -0.0000
vn 0.6725 -0.3090 0.6725
vn 0.4318 -0.3090 0.8474
vn 0.3674 -0.5878 0.7208
vn 0.1488 -0.3090 0.9393
vn 0.1266 -0.5878 0.7991
vn 0.0920 -0.8090 0.5806
vn 0.2669 -0.8090 0.5237
vn 0.0483 -0.9511 0.3052
vn 0.1403 -0.9511 0.2753
vn 0.3827 -0.9239 -0.0000
vn 0.5721 -0.5878 0.5721
vn 0.0484 -0.9511 -0.3052
vn 0.1403 -0.9511 -0.2753
vn 0.0919 -0.8090 -0.5806
vn 0.2669 -0.8090 -0.5237
vn 0.4156 -0.8090 -0.4156
vn 0.2185 -0.9511 -0.2185
vn 0.3673 -0.5878 -0.7209
vn 0.1266 -0.5878 -0.7991
vn 0.1488 -0.3090 -0.9394
vn 0.4318 -0.3090 -0.8474
vn -0.0000 -0.3827 -0.9239
vn -0.0000 -0.7071 -0.7071
vn 0.6725 -0.3090 -0.6725
vn 0.8474 -0.3090 -0.4318
vn 0.7209 -0.5878 -0.3672
vn 0.9394 -0.3090 -0.1488
vn 0.7991 -0.5878 -0.1266
vn 0.5806 -0.8090 -0.0920
vn 0.5237 -0.8090 -0.2669
vn 0.3052 -0.9511 -0.0484
vn 0.2753 -0.9511 -0.1403
vn -0.0000 -0.9239 -0.3827
vn 0.5721 -0.5878 -0.5721
vn -0.0483 -0.9511 0.3052
vn -0.1403 -0.9511 0.2753
vn -0.0920 -0.8090 0.5805
vn -0.2669 -0.8090 0.5237
vn -0.4156 -0.8090 0.4156
vn -0.2185 -0.9510 0.2185
vn -0.3673 -0.5878 0.7208
vn -0.1265 -0.5878 0.7991
vn -0.1488 -0.3090 0.9393
vn -0.4318 -0.3090 0.8474
vn -0.6725 -0.3090 0.6725
vn -0.8474 -0.3090 0.4318
vn -0.7208 -0.5878 0.3674
vn -0.9393 -0.3090 0.1488
vn -0.7991 -0.5878 0.1266
vn -0.5805 -0.8090 0.0920
vn -0.5237 -0.8090 0.2669
vn -0.3052 -0.9511 0.0483
vn -0.2753 -0.9511 0.1403
vn -0.5721 -0.5878 0.5721
vn -0.3052 -0.9511 -0.0483
vn -0.2753 -0.9511 -0.1403
vn -0.5805 -0.8090 -0.0920
vn -0.5237 -0.8090 -0.2669
vn -0.4156 -0.8090 -0.4156
vn -0.2185 -0.9511 -0.2185
vn -0.7208 -0.5878 -0.3673
vn -0.7991 -0.5878 -0.1266
vn -0.9394 -0.3090 -0.1488
vn -0.8474 -0.3090 -0.4318
vn -0.6725 -0.3090 -0.6725
vn -0.4318 -0.3090 -0.8474
vn -0.3674 -0.5878 -0.7208
vn -0.1488 -0.3090 -0.9394
vn -0.1266 -0.5878 -0.7991
vn -0.0919 -0.8090 -0.5805
vn -0.2669 -0.8090 -0.5237
vn -0.0484 -0.9511 -0.3052
vn -0.1403 -0.9511 -0.2753
vn -0.5721 -0.5878 -0.5721
vn 1.0000 -0.0001 -0.0000
vn -0.1574 -0.7071 -0.6893
vn -0.9239 -0.0000 0.3826
vn -0.3826 -0.0000 0.9239
vn -0.3826 -0.0000 -0.9239
vn -0.9239 -0.0000 -0.3826
vn 0.9239 -0.0000 -0.3826
vn 0.3826 -0.0000 -0.9239
vn 0.3826 -0.0000 0.9239
vn 0.9239 -0.0000 0.3826
vn -1.0000 -0.0001 -0.0000
vn 0.8332 -0.0000 -0.5529
vn 0.9836 -0.0000 -0.1802
vn 0.9836 -0.0000 -0.1803
vn 0.9752 -0.0000 0.2213
vn 0.8094 -0.0000 0.5873
vn 0.5128 -0.0000 0.8585
vn 0.5129 -0.0000 0.8585
vn 0.3175 -0.0000 0.9483
vn 0.1075 -0.0000 0.9942
vn -0.1075 -0.0000 0.9942
vn -0.3175 -0.0000 0.9483
vn -0.5129 -0.0000 0.8585
vn -0.8092 -0.0000 0.5875
vn -0.9752 -0.0000 0.2213
vn -0.9836 -0.0000 -0.1802
vn -0.8332 -0.0000 -0.5529
vn -0.5108 -0.0000 -0.8597
vn -0.1552 -0.0000 -0.9879
vn -0.1551 -0.0000 -0.9879
vn 0.5683 -0.0000 -0.8228
vn 0.5108 -0.0000 -0.8597
vn 0.5108 -0.0001 -0.8597
vn 0.3161 -0.0000 -0.9487
vn 0.1070 -0.0000 -0.9943
vn -0.1070 -0.0000 -0.9943
vn -0.3161 -0.0000 -0.9487
vn -0.5687 -0.0000 -0.8225
vn -0.5684 -0.0000 -0.8227
vn 0.1552 -0.0000 -0.9879
vn 0.1551 -0.0000 -0.9879
vn -0.3939 0.9191 -0.0000
vn -0.3940 0.9191 -0.0000
vn 0.9254 0.3789 -0.0000
vn 0.7128 0.7013 -0.0000
vn 0.3939 0.9191 -0.0000
vn 0.2223 -0.0000 -0.9750
vn -0.1346 0.9909 -0.0000
vn -0.1345 0.9909 -0.0000
vn -0.2667 0.9638 -0.0000
vn 0.2667 0.9638 -0.0000
vn 0.1346 0.9909 -0.0000
vn -0.7128 0.7013 -0.0000
vn -0.9253 0.3792 -0.0000
vn -0.9254 0.3789 -0.0000
vn -0.0625 -0.9980 -0.0000
vn -0.0236 -0.9997 -0.0000
vn -0.0419 -0.9991 -0.0000
vn -0.0535 -0.9986 -0.0000
vn -0.0575 -0.9983 -0.0000
vn -0.0601 -0.9982 -0.0000
vn -0.0624 -0.9980 -0.0000
vn -0.0562 -0.9984 -0.0000
vn -0.0440 -0.9990 -0.0000
vn -0.0248 -0.9997 -0.0000
vn -0.1246 -0.9922 -0.0000
vn -0.1863 -0.9825 -0.0000
vn -0.2067 -0.9784 -0.0000
vn -0.2068 -0.9784 -0.0000
vn -0.2667 -0.9638 -0.0000
vn -0.3542 -0.9352 -0.0000
vn -0.4615 -0.8872 -0.0000
vn -0.4614 -0.8872 -0.0000
vn 0.0565 -0.9984 -0.0000
vn 0.0608 -0.9981 -0.0000
vn 0.0444 -0.9990 -0.0000
vn 0.0249 -0.9997 -0.0000
vn 0.0624 -0.9980 -0.0000
vn 0.0606 -0.9982 -0.0000
vn 0.0443 -0.9990 -0.0000
vn 0.1246 -0.9922 -0.0000
vn 0.1863 -0.9825 -0.0000
vn 0.1864 -0.9825 -0.0000
vn 0.2068 -0.9784 -0.0000
vn 0.2667 -0.9638 -0.0000
vn 0.3542 -0.9352 -0.0000
vn 0.4615 -0.8872 -0.0000
vn -0.9490 -0.0000 -0.3153
vn -0.7993 -0.0000 -0.6009
vn -0.5805 -0.0000 -0.8143
vn -0.3123 -0.0000 -0.9500
vn -0.1581 -0.0000 -0.9874
vn 0.9490 -0.0000 -0.3153
vn 0.7993 -0.0000 -0.6009
vn 0.5805 -0.0000 -0.8143
vn 0.3123 -0.0000 -0.9500
vn 0.1581 -0.0000 -0.9874
vn 0.9864 -0.0000 0.1643
vn 0.8259 -0.0000 0.5638
vn 0.5126 -0.0000 0.8586
vn 0.1048 -0.0000 0.9945
vn -0.3221 -0.0000 0.9467
vn -0.6898 -0.0000 0.7240
vn -0.9299 -0.0000 0.3677
vn -0.9984 -0.0000 -0.0567
vn -0.9346 -0.3557 -0.0000
vn -0.7468 -0.6650 -0.0000
vn -0.4615 -0.8871 -0.0000
vn 0.8563 -0.0000 -0.5165
vn 0.6297 -0.0000 -0.7768
vn 0.3280 -0.0000 -0.9447
vn -0.0127 -0.0000 -0.9999
vn -0.3513 -0.0000 -0.9363
vn -0.3505 -0.0000 -0.9365
vn 0.6183 -0.0000 0.7860
vn 0.8451 -0.0000 0.5346
vn 0.9751 -0.0000 0.2219
vn 0.9932 -0.0000 -0.1161
vn 0.8976 -0.0000 -0.4409
vn 0.9877 -0.0000 0.1566
vn 0.9873 -0.0000 0.1586
vn 0.9076 -0.0000 0.4197
vn 0.7615 -0.0000 0.6481
vn 0.5595 -0.0000 0.8288
vn -0.5212 -0.0000 -0.8534
vn -0.5228 -0.0000 -0.8525
vn -0.1714 -0.0000 -0.9852
vn 0.2059 -0.0000 -0.9786
vn 0.5540 -0.0000 -0.8325
vn 0.8229 -0.0000 -0.5682
vn 0.9749 -0.0000 -0.2227
vn -0.9972 -0.0000 -0.0752
vn -0.9243 -0.0000 -0.3817
vn -0.7596 -0.0000 -0.6504
vn -0.1035 -0.0000 -0.9946
vn -0.5226 -0.0000 -0.8526
vn -0.8394 -0.0000 -0.5435
vn -0.9918 -0.0000 -0.1281
vn -0.8675 -0.0000 0.4974
vn -0.9925 -0.0000 0.1226
vn -0.9625 -0.0000 -0.2712
vn -0.7825 -0.0000 -0.6227
vn -0.4805 -0.0000 -0.8770
vn 0.4962 -0.0000 0.8682
vn 0.2549 -0.0000 0.9670
vn -0.0039 -0.0000 1.0000
vn -0.2623 -0.0000 0.9650
vn -0.5030 -0.0000 0.8643
vn -0.7094 -0.0000 0.7048
vn 0.0754 -0.0000 -0.9972
vn 0.4872 -0.0000 -0.8733
vn 0.8086 -0.0000 -0.5883
vn 0.9809 -0.0000 -0.1943
vn 0.9810 -0.0000 -0.1942
vn 0.9719 -0.0000 0.2355
vn 0.7833 -0.0000 0.6217
vn 0.4501 -0.0000 0.8930
vn -0.8754 -0.0000 -0.4833
vn -0.9876 -0.0000 -0.1569
vn -0.9821 -0.0000 0.1882
vn -0.8596 -0.0000 0.5109
vn -0.6353 -0.0000 0.7723
vn -0.6358 -0.0000 0.7719
vn 0.3715 -0.0000 -0.9284
vn 0.0404 -0.0000 -0.9992
vn -0.2952 -0.0000 -0.9554
vn -0.5972 -0.0000 -0.8021
vn -0.8306 -0.0000 -0.5569
vn -0.3573 -0.0000 -0.9340
vn -0.0903 -0.0000 -0.9959
vn 0.1805 -0.0000 -0.9836
vn 0.4380 -0.0000 -0.8990
vn -0.4776 -0.0000 0.8786
vn -0.7676 -0.0000 0.6409
vn -0.9504 -0.0000 0.3111
vn -0.9980 -0.0000 -0.0633
vn -0.9035 -0.0000 -0.4287
vn -0.6803 -0.0000 -0.7329
vn 0.4335 -0.0000 0.9012
vn 0.1316 -0.0000 0.9913
vn -0.1835 -0.0000 0.9830
vn -0.8096 -0.0000 0.5870
vn -0.4770 -0.0000 0.8789
vn -0.0510 -0.0000 0.9987
vn 0.3850 -0.0000 0.9229
vn 0.8645 -0.0000 0.5026
vn 0.6025 -0.0000 0.7981
vn 0.2464 -0.0000 0.9692
vn -0.1478 -0.0000 0.9890
vn -0.5192 -0.0000 0.8546
vn 0.5038 -0.0000 -0.8638
vn 0.7100 -0.0000 -0.7042
vn 0.8679 -0.0000 -0.4967
vn 0.9669 -0.0000 -0.2553
vn 1.0000 -0.0000 0.0035
vn 0.9651 -0.0000 0.2619
vn -0.9012 -0.0000 0.4333
vn -0.9999 -0.0000 0.0146
vn -0.9137 -0.0000 -0.4065
vn -0.6585 -0.0000 -0.7525
vn -0.6586 -0.0000 -0.7525
vn -0.2819 -0.0000 -0.9594
vn 0.1466 -0.0000 -0.9892
vn 0.5483 -0.0000 -0.8363
vn 0.1468 -0.0000 -0.9892
vn 0.0191 -0.0000 0.9998
vn 0.3579 -0.0000 0.9338
vn 0.6541 -0.0000 0.7564
vn 0.8723 -0.0000 0.4890
vn -0.9898 -0.0000 0.1424
vn -0.8856 -0.0000 0.4645
vn -0.6798 -0.0000 0.7334
vn -0.3960 -0.0000 0.9183
vn -0.0670 -0.0000 0.9978
vn -0.6295 -0.0000 0.7770
vn -0.6310 -0.0000 0.7758
vn -0.8173 -0.0000 0.5762
vn -0.9421 -0.0000 0.3354
vn -0.9975 -0.0000 0.0701
vn 0.9997 -0.0000 -0.0247
vn 0.9996 -0.0000 -0.0265
vn 0.9389 -0.0000 0.3442
vn 0.7444 -0.0000 0.6677
vn 0.4441 -0.0000 0.8960
vn 0.0805 -0.0000 0.9968
vn -0.2947 -0.0000 0.9556
vn 0.5637 -0.0000 -0.8260
vn 0.7927 -0.0000 -0.6096
vn 0.9431 -0.0000 -0.3326
vn 0.9131 -0.0000 0.4077
vn 0.9131 0.0001 0.4077
vn 0.9997 -0.0000 -0.0264
vn 0.8904 -0.0000 -0.4552
vn 0.6068 -0.0000 -0.7949
vn 0.0030 -0.0000 -1.0000
vn 0.3901 -0.0000 -0.9208
vn 0.7161 -0.0000 -0.6980
vn 0.9305 -0.0000 -0.3664
vn 0.9998 -0.0000 0.0222
vn -1.0000 -0.0000 -0.0043
vn -0.9649 -0.0000 -0.2628
vn -0.8641 -0.0000 -0.5033
vn -0.8641 -0.0000 -0.5034
vn -0.7045 -0.0000 -0.7097
vn -0.4970 -0.0000 -0.8678
vn -0.2557 -0.0000 -0.9668
vn -0.2223 -0.0000 -0.9750
vn 0.7468 -0.6650 -0.0000
vn 0.9346 -0.3557 -0.0000
vn 1.0000 0.0004 -0.0000
vn 0.9713 0.0001 0.2379
vn 0.8838 -0.0000 0.4679
vn 0.7453 -0.0000 0.6667
vn 0.5672 -0.0000 0.8235
vn 0.3914 -0.0000 0.9202
vn 0.1997 -0.0000 0.9799
vn 0.9471 -0.0000 0.3210
vn 0.7940 -0.0000 0.6079
vn 0.5572 -0.0000 0.8304
vn 0.3839 -0.0000 0.9234
vn 0.1957 -0.0000 0.9807
vn -0.1957 -0.0000 0.9807
vn -0.3839 -0.0000 0.9234
vn -0.5572 -0.0000 0.8304
vn -0.5571 -0.0000 0.8304
vn -0.7940 -0.0000 0.6079
vn -0.9472 -0.0000 0.3207
vn -0.9471 -0.0000 0.3210
vn -0.3943 -0.0000 0.9190
vn -0.5711 -0.0000 0.8209
vn -0.2013 -0.0000 0.9795
vn -0.8862 -0.0000 0.4633
vn -0.7090 -0.0000 0.7052
vn -0.7486 -0.0000 0.6631
vn -0.9726 -0.0000 0.2326
vn -0.9254 -0.0000 0.3789
vn -1.0000 -0.0000 -0.0054
vn -1.0000 0.0004 -0.0054
vn -1.0000 -0.0000 -0.0055
vn -0.7575 -0.0000 -0.6529
vn -0.5892 -0.0000 -0.8080
vn -0.7052 -0.0000 -0.7090
vn -0.9223 -0.0000 -0.3864
vn -0.8888 -0.0000 -0.4584
vn -0.9719 -0.0000 -0.2355
vn -0.0001 -0.0000 -1.0000
vn -0.2085 -0.0000 -0.9780
vn -0.3814 -0.0000 -0.9244
vn -0.4078 -0.0000 -0.9131
vn -0.7930 -0.0000 -0.6092
vn 0.7930 -0.0000 -0.6092
vn 0.7453 -0.0000 -0.6667
vn 0.5672 -0.0000 -0.8236
vn 0.8838 -0.0003 -0.4679
vn 0.9713 0.0001 -0.2379
vn 0.3912 -0.0000 -0.9203
vn 0.1996 -0.0001 -0.9799
vn -0.9490 -0.0000 0.3153
vn -0.7993 -0.0000 0.6009
vn -0.5805 -0.0000 0.8143
vn -0.3122 -0.0000 0.9500
vn -0.1581 -0.0000 0.9874
vn 0.9490 -0.0000 0.3153
vn 0.7993 -0.0000 0.6009
vn 0.5805 -0.0000 0.8143
vn 0.3122 -0.0000 0.9500
vn 0.1581 -0.0000 0.9874
vn -0.9244 -0.3815 -0.0000
vn -0.9245 -0.3811 -0.0000
vn -0.7303 -0.6832 -0.0000
vn -0.7095 -0.7047 -0.0000
vn -0.4400 -0.8980 -0.0000
vn -0.3858 -0.9226 -0.0000
vn -0.2493 -0.9684 -0.0000
vn -0.1300 -0.9915 -0.0000
vn -0.3828 0.9238 -0.0000
vn -0.7070 0.7072 -0.0000
vn -0.9238 0.3828 -0.0000
vn 0.1316 -0.9913 -0.0000
vn 0.2508 -0.9680 -0.0000
vn 0.4431 -0.8965 -0.0000
vn 0.3859 -0.9225 -0.0000
vn 0.7300 -0.6834 -0.0000
vn 0.7095 -0.7047 -0.0000
vn 0.9254 -0.3790 -0.0000
vn 0.9244 -0.3813 -0.0000
vn 1.0000 -0.0000 -0.0001
vn 0.9238 0.3828 -0.0000
vn 0.7070 0.7073 -0.0000
vn 0.3828 0.9238 -0.0000
vn 0.3828 0.9239 -0.0000
vn -0.0805 -0.3699 0.9256
vn -0.1393 -0.6891 0.7111
vn -0.1746 -0.9058 0.3862
vn -0.0000 -0.2337 0.9723
vn -0.0000 -0.4544 0.8908
vn -0.0000 -0.6500 0.7599
vn -0.0000 -0.7637 0.6456
vn -0.0000 -0.8550 0.5186
vn -0.0000 -0.9190 0.3942
vn -0.0000 -0.9404 0.3400
vn -0.0000 -0.9474 0.3201
vn -0.0000 -0.9500 0.3122
vn -0.0000 -0.9474 0.3199
vn -0.0000 -0.9405 0.3397
vn -0.0000 -0.9195 0.3931
vn -0.0000 -0.8549 0.5187
vn -0.0000 -0.7643 0.6448
vn 0.1746 -0.9058 0.3862
vn 0.1393 -0.6891 0.7111
vn 0.0805 -0.3699 0.9256
vn -0.1863 0.0513 -0.9811
vn -0.1614 0.1064 -0.9811
vn -0.4625 0.1274 -0.8774
vn -0.4005 0.2641 -0.8774
vn -0.2993 0.3749 -0.8774
vn -0.1204 0.1509 -0.9812
vn -0.6025 0.3973 -0.6922
vn -0.6958 0.1917 -0.6922
vn -0.8644 0.2381 -0.4428
vn -0.7485 0.4936 -0.4428
vn -0.9528 0.2625 -0.1523
vn -0.8251 0.5441 -0.1523
vn -0.6166 0.7724 -0.1523
vn -0.5594 0.7007 -0.4428
vn -0.3639 0.8492 -0.3827
vn -0.2786 0.6499 -0.7071
vn -0.4502 0.5640 -0.6922
vn -0.1507 0.3517 -0.9239
vn -0.2785 0.6499 -0.7071
vn -0.0622 0.3027 -0.9511
vn -0.1182 0.5758 -0.8090
vn -0.0000 0.3827 -0.9239
vn -0.0000 0.7071 -0.7071
vn -0.1913 0.9316 -0.3089
vn -0.0000 0.9239 -0.3827
vn -0.1627 0.7925 -0.5878
vn -0.0000 0.2064 -0.9785
vn -0.0000 0.1555 -0.9878
vn -0.0000 0.2495 -0.9684
vn -0.0000 0.2786 -0.9604
vn -0.0000 0.1039 -0.9946
vn -0.0000 0.0520 -0.9986
vn -0.0000 0.2889 -0.9574
vn -0.0000 0.1556 -0.9878
vn -0.0000 0.2785 -0.9604
vn 0.0621 0.3027 -0.9511
vn 0.1182 0.5758 -0.8090
vn 0.1508 0.3517 -0.9239
vn 0.2785 0.6499 -0.7071
vn 0.1912 0.9316 -0.3090
vn 0.3639 0.8492 -0.3827
vn 0.1627 0.7925 -0.5878
vn 0.1508 0.3519 -0.9238
vn 0.1136 0.1564 -0.9811
vn 0.1564 0.1136 -0.9811
vn 0.2820 0.3881 -0.8774
vn 0.3881 0.2820 -0.8774
vn 0.4563 0.1482 -0.8774
vn 0.1838 0.0597 -0.9811
vn 0.5838 0.4242 -0.6923
vn 0.4242 0.5838 -0.6923
vn 0.5270 0.7254 -0.4428
vn 0.7254 0.5270 -0.4428
vn 0.5810 0.7996 -0.1523
vn 0.7996 0.5809 -0.1523
vn 0.9400 0.3054 -0.1523
vn 0.8527 0.2770 -0.4429
vn 0.6863 0.2230 -0.6922
vn -0.0003 -0.0000 -1.0000
vn 0.0003 -0.0000 -1.0000
vn -0.0005 -0.0000 1.0000
vn 0.7072 -0.7071 -0.0000
vn 0.9453 0.3263 -0.0000
vn 0.9239 0.3827 -0.0000
vn 0.7870 0.6169 -0.0000
vn 0.7071 0.7071 -0.0000
vn 0.5426 0.8400 -0.0000
vn 0.3827 0.9239 -0.0000
vn 0.3730 0.9278 -0.0000
vn 0.1900 0.9818 -0.0000
vn -0.9453 0.3263 -0.0000
vn -0.9239 0.3827 -0.0000
vn -0.7870 0.6169 -0.0000
vn -0.7071 0.7071 -0.0000
vn -0.5426 0.8400 -0.0000
vn -0.3827 0.9239 -0.0000
vn -0.3731 0.9278 -0.0000
vn -0.1900 0.9818 -0.0000
vn -0.1746 -0.9058 -0.3862
vn -0.1393 -0.6891 -0.7111
vn -0.0806 -0.3699 -0.9256
vn 0.0806 -0.3699 -0.9256
vn 0.1393 -0.6891 -0.7111
vn 0.1746 -0.9058 -0.3862
vn 0.0003 -0.0000 1.0000
vn -0.0003 -0.0000 1.0000
vn -0.0001 -0.0000 1.0000
vn 0.1885 0.0428 0.9811
vn 0.1660 0.0990 0.9811
vn 0.4678 0.1063 0.8774
vn 0.4121 0.2456 0.8774
vn 0.3160 0.3610 0.8774
vn 0.1273 0.1454 0.9811
vn 0.6199 0.3695 0.6923
vn 0.7037 0.1599 0.6922
vn 0.8743 0.1987 0.4428
vn 0.7701 0.4591 0.4429
vn 0.9638 0.2189 0.1524
vn 0.8489 0.5061 0.1523
vn 0.6510 0.7436 0.1523
vn 0.5905 0.6747 0.4429
vn 0.3639 0.8492 0.3827
vn 0.2786 0.6499 0.7071
vn 0.4753 0.5430 0.6923
vn 0.1508 0.3517 0.9239
vn -0.9638 0.2189 0.1524
vn -0.8489 0.5061 0.1523
vn -0.8743 0.1987 0.4428
vn -0.7701 0.4591 0.4429
vn -0.5905 0.6747 0.4429
vn -0.6510 0.7436 0.1523
vn -0.6199 0.3695 0.6923
vn -0.7037 0.1599 0.6922
vn -0.4678 0.1063 0.8774
vn -0.4121 0.2457 0.8774
vn -0.1885 0.0428 0.9811
vn -0.1660 0.0990 0.9811
vn -0.1273 0.1454 0.9811
vn -0.3160 0.3610 0.8774
vn -0.1507 0.3517 0.9239
vn -0.2786 0.6499 0.7071
vn -0.4753 0.5430 0.6923
vn -0.3639 0.8492 0.3827
vn 0.1508 0.3518 0.9239
vn 0.2785 0.6499 0.7071
vn -0.2785 0.6499 0.7071
vn 0.0800 0.2985 0.9511
vn -0.0000 0.3827 0.9239
vn 0.2461 0.9187 0.3090
vn -0.0000 0.9239 0.3827
vn 0.2094 0.7815 0.5878
vn -0.0000 0.7071 0.7071
vn 0.1521 0.5678 0.8090
vn -0.2461 0.9187 0.3090
vn -0.0800 0.2985 0.9511
vn -0.1521 0.5678 0.8090
vn -0.2094 0.7815 0.5878
vn 0.4614 -0.8872 -0.0000
vn 0.2939 0.9511 0.0955
vn 0.2500 0.9511 0.1817
vn 0.5590 0.8090 0.1816
vn 0.4755 0.8090 0.3455
vn 0.3455 0.8090 0.4755
vn 0.1816 0.9511 0.2500
vn 0.6545 0.5878 0.4755
vn 0.7694 0.5878 0.2500
vn 0.9045 0.3090 0.2939
vn 0.7694 0.3090 0.5590
vn 0.5590 0.3090 0.7694
vn 0.2939 0.3090 0.9045
vn 0.2500 0.5878 0.7694
vn -0.0000 0.3090 0.9511
vn -0.0000 0.5878 0.8090
vn -0.0000 0.8090 0.5878
vn 0.1816 0.8090 0.5590
vn -0.2500 0.5878 0.7694
vn -0.2939 0.3090 0.9045
vn -0.5590 0.3090 0.7694
vn -0.4755 0.5878 0.6545
vn -0.7694 0.3090 0.5590
vn -0.9045 0.3090 0.2939
vn -0.7694 0.5878 0.2500
vn -0.5590 0.8090 0.1816
vn -0.2939 0.9511 0.0955
vn -0.2500 0.9511 0.1817
vn -0.1816 0.9511 0.2500
vn -0.0955 0.9511 0.2939
vn -0.0000 0.9510 0.3090
vn 0.0955 0.9511 0.2939
vn -0.1816 0.8090 0.5590
vn -0.3455 0.8090 0.4755
vn -0.6545 0.5878 0.4755
vn -0.4755 0.8090 0.3455
vn 0.4755 0.5878 0.6545
vn -0.2939 0.9511 -0.0955
vn -0.2500 0.9511 -0.1817
vn -0.5590 0.8090 -0.1816
vn -0.4755 0.8090 -0.3455
vn -0.3455 0.8090 -0.4755
vn -0.1816 0.9511 -0.2500
vn -0.6545 0.5878 -0.4755
vn -0.7694 0.5878 -0.2500
vn -0.9045 0.3090 -0.2939
vn -0.7694 0.3090 -0.5590
vn -0.5590 0.3090 -0.7694
vn -0.2939 0.3090 -0.9045
vn -0.2500 0.5878 -0.7694
vn -0.0000 0.3090 -0.9511
vn -0.0000 0.5878 -0.8090
vn -0.0000 0.8090 -0.5878
vn -0.1816 0.8090 -0.5590
vn 0.2500 0.5878 -0.7694
vn 0.2939 0.3090 -0.9045
vn 0.5590 0.3090 -0.7694
vn 0.4755 0.5878 -0.6545
vn 0.7694 0.3090 -0.5590
vn 0.9045 0.3090 -0.2939
vn 0.7694 0.5878 -0.2500
vn 0.5590 0.8090 -0.1816
vn 0.2939 0.9511 -0.0955
vn 0.2500 0.9511 -0.1817
vn 0.1816 0.9511 -0.2500
vn 0.0955 0.9511 -0.2939
vn -0.0000 0.9510 -0.3090
vn -0.0955 0.9511 -0.2939
vn 0.1816 0.8090 -0.5590
vn 0.3455 0.8090 -0.4755
vn 0.6545 0.5878 -0.4755
vn 0.4755 0.8090 -0.3455
vn -0.4755 0.5878 -0.6545
vn 0.6235 0.0001 -0.7818
vn 0.2500 0.9511 0.1816
vn -0.6235 0.0001 0.7818
vn -0.1488 0.3090 0.9394
vn -0.4318 0.3090 0.8474
vn -0.1266 0.5878 0.7991
vn -0.3673 0.5878 0.7209
vn -0.5721 0.5878 0.5721
vn -0.6725 0.3090 0.6725
vn -0.2669 0.8090 0.5237
vn -0.0920 0.8090 0.5806
vn -0.0484 0.9511 0.3052
vn -0.1403 0.9510 0.2754
vn -0.2185 0.9511 0.2185
vn -0.2754 0.9510 0.1403
vn -0.5237 0.8090 0.2669
vn -0.3052 0.9511 0.0484
vn -0.5806 0.8090 0.0920
vn -0.7991 0.5878 0.1266
vn -0.7209 0.5878 0.3673
vn -0.9394 0.3090 0.1488
vn -0.8474 0.3090 0.4318
vn -0.4156 0.8090 0.4156
vn -0.9394 0.3090 -0.1488
vn -0.8474 0.3090 -0.4318
vn -0.7991 0.5878 -0.1266
vn -0.7208 0.5878 -0.3673
vn -0.5720 0.5878 -0.5721
vn -0.6725 0.3090 -0.6725
vn -0.5237 0.8090 -0.2669
vn -0.5806 0.8090 -0.0920
vn -0.3052 0.9511 -0.0484
vn -0.2754 0.9510 -0.1403
vn -0.2185 0.9511 -0.2185
vn -0.1403 0.9510 -0.2754
vn -0.2668 0.8090 -0.5237
vn -0.0484 0.9511 -0.3052
vn -0.0920 0.8090 -0.5805
vn -0.1266 0.5878 -0.7991
vn -0.3673 0.5878 -0.7208
vn -0.1488 0.3090 -0.9394
vn -0.4318 0.3090 -0.8474
vn -0.4156 0.8090 -0.4156
vn 0.1488 0.3090 -0.9394
vn 0.4318 0.3090 -0.8474
vn 0.1266 0.5878 -0.7991
vn 0.3673 0.5878 -0.7208
vn 0.5721 0.5878 -0.5720
vn 0.6725 0.3090 -0.6725
vn 0.2668 0.8090 -0.5237
vn 0.0920 0.8090 -0.5805
vn 0.0484 0.9511 -0.3052
vn 0.1403 0.9510 -0.2754
vn 0.2185 0.9510 -0.2185
vn 0.2753 0.9511 -0.1403
vn 0.5237 0.8090 -0.2668
vn 0.3052 0.9511 -0.0484
vn 0.5806 0.8090 -0.0920
vn 0.7991 0.5878 -0.1266
vn 0.7208 0.5878 -0.3673
vn 0.9393 0.3090 -0.1488
vn 0.8474 0.3090 -0.4318
vn 0.4156 0.8090 -0.4156
vn 0.9394 0.3090 0.1488
vn 0.8474 0.3090 0.4318
vn 0.7991 0.5878 0.1265
vn 0.7208 0.5878 0.3673
vn 0.5721 0.5878 0.5721
vn 0.6725 0.3090 0.6725
vn 0.5237 0.8090 0.2669
vn 0.5806 0.8090 0.0920
vn 0.3052 0.9511 0.0483
vn 0.2753 0.9511 0.1403
vn 0.2185 0.9510 0.2185
vn 0.1403 0.9510 0.2754
vn 0.2668 0.8090 0.5237
vn 0.0484 0.9511 0.3052
vn 0.0920 0.8090 0.5805
vn 0.1266 0.5878 0.7991
vn 0.3673 0.5878 0.7208
vn 0.1488 0.3090 0.9394
vn 0.4318 0.3090 0.8474
vn 0.4156 0.8090 0.4156
vn -1.0000 -0.0000 -0.0001
vn -0.0000 -1.0000 -0.0008
vn -0.5108 -0.0000 0.8597
vn -0.3590 -0.0000 0.9333
vn -0.1968 -0.0000 0.9804
vn -0.0289 -0.0000 0.9996
vn -0.0286 -0.0000 0.9996
vn 0.1395 -0.0000 0.9902
vn 0.1396 -0.0000 0.9902
vn 0.3039 -0.0000 0.9527
vn 0.4598 -0.0000 0.8880
vn 0.4599 -0.0000 0.8880
vn 0.6029 -0.0000 0.7978
vn 0.6028 -0.0000 0.7979
vn 0.7283 -0.0000 0.6852
vn 0.7284 -0.0000 0.6851
vn 0.8332 -0.0000 0.5530
vn 0.8332 -0.0000 0.5529
vn -0.8332 -0.0000 0.5529
vn -0.8332 -0.0000 0.5530
vn -0.7285 -0.0000 0.6850
vn -0.7284 -0.0000 0.6852
vn -0.6028 -0.0000 0.7979
vn -0.6029 -0.0000 0.7978
vn -0.4599 -0.0000 0.8880
vn -0.4598 -0.0000 0.8880
vn -0.3040 -0.0000 0.9527
vn -0.3039 -0.0000 0.9527
vn -0.1396 -0.0000 0.9902
vn -0.1395 -0.0000 0.9902
vn 0.0286 -0.0000 0.9996
vn 0.0291 -0.0000 0.9996
vn 0.1968 -0.0000 0.9804
vn 0.3590 -0.0000 0.9333
vn 0.5108 -0.0000 0.8597
vn -0.5129 -0.0000 -0.8585
vn -0.6443 -0.0000 -0.7648
vn -0.5128 -0.0000 -0.8585
vn -0.6446 -0.0000 -0.7645
vn -0.7593 -0.0000 -0.6507
vn -0.8541 -0.0000 -0.5202
vn -0.9268 -0.0000 -0.3756
vn -0.9267 -0.0000 -0.3757
vn -0.9752 -0.0000 -0.2215
vn -0.9981 -0.0000 -0.0613
vn -0.9981 -0.0000 -0.0612
vn -0.9949 -0.0000 0.1004
vn -0.9657 -0.0000 0.2596
vn -0.9116 -0.0000 0.4110
vn 0.5129 -0.0000 -0.8585
vn 0.4659 -0.0000 -0.8848
vn 0.4176 -0.0000 -0.9086
vn 0.3681 -0.0000 -0.9298
vn 0.3175 -0.0000 -0.9482
vn 0.2661 -0.0000 -0.9640
vn 0.2137 -0.0000 -0.9769
vn 0.1608 -0.0000 -0.9870
vn 0.1075 -0.0000 -0.9942
vn 0.0538 -0.0000 -0.9986
vn -0.0538 -0.0000 -0.9986
vn -0.1075 -0.0000 -0.9942
vn -0.1608 -0.0000 -0.9870
vn -0.2137 -0.0000 -0.9769
vn -0.2661 -0.0000 -0.9640
vn -0.3175 -0.0000 -0.9482
vn -0.3681 -0.0000 -0.9298
vn -0.4176 -0.0000 -0.9086
vn -0.4659 -0.0000 -0.8848
vn 0.9115 -0.0000 0.4114
vn 0.9116 -0.0000 0.4110
vn 0.9657 -0.0000 0.2596
vn 0.9949 -0.0000 0.1005
vn 0.9981 -0.0000 -0.0616
vn 0.9981 -0.0000 -0.0614
vn 0.9752 -0.0000 -0.2213
vn 0.9270 -0.0000 -0.3752
vn 0.9268 -0.0000 -0.3756
vn 0.8542 -0.0000 -0.5200
vn 0.7593 -0.0000 -0.6507
vn 0.6443 -0.0000 -0.7648
vn 0.7930 -0.0000 0.6092
vn -0.7930 -0.0000 0.6092
vn -0.9848 -0.0000 -0.1737
vn -0.9397 -0.0000 -0.3421
vn -0.8660 -0.0000 -0.5001
vn -0.7662 -0.0000 -0.6427
vn -0.6428 -0.0000 -0.7661
vn -0.4999 -0.0000 -0.8661
vn -0.3420 -0.0000 -0.9397
vn -0.1736 -0.0000 -0.9848
vn 0.1736 -0.0000 -0.9848
vn 0.3420 -0.0000 -0.9397
vn 0.4999 -0.0000 -0.8661
vn 0.6428 -0.0000 -0.7661
vn 0.7662 -0.0000 -0.6427
vn 0.8660 -0.0000 -0.5001
vn 0.9397 -0.0000 -0.3421
vn 0.9848 -0.0000 -0.1737
vn 0.9848 -0.0000 0.1736
vn 0.9397 -0.0000 0.3420
vn 0.8660 -0.0000 0.5001
vn 0.7660 -0.0000 0.6428
vn 0.6428 -0.0000 0.7660
vn 0.5001 -0.0000 0.8660
vn 0.3420 -0.0000 0.9397
vn 0.1736 -0.0000 0.9848
vn -0.1736 -0.0000 0.9848
vn -0.3420 -0.0000 0.9397
vn -0.5001 -0.0000 0.8660
vn -0.6428 -0.0000 0.7660
vn -0.7660 -0.0000 0.6428
vn -0.8660 -0.0000 0.5001
vn -0.9397 -0.0000 0.3420
vn -0.9848 -0.0000 0.1736
vn 0.1733 -0.0000 0.9849
vn 0.5003 -0.0000 0.8658
vn 0.8659 -0.0000 0.5003
vn 0.8661 -0.0000 0.4999
vn 0.9848 -0.0000 0.1739
vn -0.9848 -0.0000 0.1739
vn -0.8661 -0.0000 0.4999
vn -0.5003 -0.0000 0.8658
vn -0.4999 -0.0000 0.8661
vn -0.1733 -0.0000 0.9849
vn -0.0000 0.9995 -0.0321
vn -0.0000 1.0000 0.0003
vn -0.0000 1.0000 -0.0002
vn -0.0000 1.0000 0.0001
vn -0.1733 -0.0000 -0.9849
vn -0.6428 -0.0000 -0.7660
vn -0.7660 -0.0000 -0.6428
vn -0.8661 -0.0000 -0.4998
vn -0.9397 -0.0000 -0.3420
vn -0.9848 -0.0000 -0.1739
vn 0.5572 -0.0000 -0.8304
vn 0.5117 -0.0000 -0.8591
vn 0.4649 -0.0000 -0.8854
vn 0.4649 -0.0000 -0.8853
vn 0.4167 -0.0000 -0.9090
vn 0.3672 -0.0000 -0.9301
vn 0.3168 -0.0000 -0.9485
vn 0.2654 -0.0000 -0.9641
vn 0.2133 -0.0000 -0.9770
vn 0.1605 -0.0000 -0.9870
vn 0.1072 -0.0000 -0.9942
vn 0.0537 -0.0000 -0.9986
vn -0.0537 -0.0000 -0.9986
vn -0.1072 -0.0000 -0.9942
vn -0.1605 -0.0000 -0.9870
vn -0.2133 -0.0000 -0.9770
vn -0.2654 -0.0000 -0.9641
vn -0.3168 -0.0000 -0.9485
vn -0.3672 -0.0000 -0.9301
vn -0.4167 -0.0000 -0.9090
vn -0.4649 -0.0000 -0.8853
vn -0.5117 -0.0000 -0.8591
vn -0.5572 -0.0000 -0.8304
vn 0.9848 -0.0000 -0.1739
vn 0.9397 -0.0000 -0.3420
vn 0.8661 -0.0000 -0.4999
vn 0.7660 -0.0000 -0.6428
vn 0.6428 -0.0000 -0.7660
vn 0.5003 -0.0000 -0.8659
vn 0.1733 -0.0000 -0.9849
vn -0.0000 -1.0000 -0.0001
vn -0.0000 -1.0000 0.0001
vn -0.5608 0.7071 0.4308
vn 0.5608 0.7071 0.4308
vn 0.8333 -0.0000 -0.5529
vn 0.7284 -0.0000 -0.6851
vn 0.6028 -0.0000 -0.7979
vn 0.4600 -0.0000 -0.8879
vn 0.3041 -0.0000 -0.9527
vn 0.3044 -0.0000 -0.9526
vn 0.1392 -0.0000 -0.9903
vn -0.0292 -0.0000 -0.9996
vn -0.0290 -0.0000 -0.9996
vn -0.1969 -0.0000 -0.9804
vn -0.1968 -0.0000 -0.9804
vn -0.3590 -0.0000 -0.9333
vn -0.5107 -0.0000 -0.8597
vn -0.4615 -0.0000 -0.8871
vn -0.4108 -0.0000 -0.9117
vn -0.3587 -0.0000 -0.9335
vn -0.3054 -0.0000 -0.9522
vn -0.2512 -0.0000 -0.9679
vn -0.1962 -0.0000 -0.9806
vn -0.1406 -0.0000 -0.9901
vn -0.0845 -0.0000 -0.9964
vn -0.0282 -0.0000 -0.9996
vn 0.0282 -0.0000 -0.9996
vn 0.0845 -0.0000 -0.9964
vn 0.1406 -0.0000 -0.9901
vn 0.1962 -0.0000 -0.9806
vn 0.2512 -0.0000 -0.9679
vn 0.3054 -0.0000 -0.9522
vn 0.3587 -0.0000 -0.9335
vn 0.4108 -0.0000 -0.9117
vn 0.4615 -0.0000 -0.8871
vn 0.3590 -0.0000 -0.9333
vn 0.1968 -0.0000 -0.9804
vn 0.1969 -0.0000 -0.9804
vn 0.0290 -0.0000 -0.9996
vn 0.0292 -0.0000 -0.9996
vn -0.1392 -0.0000 -0.9903
vn -0.3044 -0.0000 -0.9526
vn -0.4600 -0.0000 -0.8879
vn -0.6029 -0.0000 -0.7979
vn -0.7284 -0.0000 -0.6852
vn -0.7285 -0.0000 -0.6851
vn -0.8333 -0.0000 -0.5529
vn -0.9852 -0.0000 0.1712
vn -0.9981 -0.0000 0.0614
vn -0.9414 -0.0000 0.3374
vn -0.9752 -0.0000 0.2214
vn -0.8697 -0.0000 0.4935
vn -0.9268 -0.0000 0.3756
vn -0.7724 -0.0000 0.6351
vn -0.8542 -0.0000 0.5200
vn -0.6523 -0.0000 0.7580
vn -0.7592 -0.0000 0.6508
vn -0.6444 0.0001 0.7647
vn -0.5128 -0.0000 0.8585
vn -0.9950 -0.0000 -0.1003
vn -0.9893 -0.0000 -0.1459
vn -0.9658 -0.0000 -0.2592
vn -0.9574 -0.0000 -0.2888
vn -0.9114 -0.0000 -0.4115
vn -0.9050 -0.0001 -0.4254
vn -0.4659 -0.0000 0.8849
vn -0.4176 -0.0000 0.9086
vn -0.3681 -0.0000 0.9298
vn -0.3174 -0.0000 0.9483
vn -0.2660 -0.0000 0.9640
vn -0.2138 -0.0000 0.9769
vn -0.1608 -0.0000 0.9870
vn -0.0539 -0.0000 0.9985
vn 0.0539 -0.0000 0.9985
vn 0.1608 -0.0000 0.9870
vn 0.2138 -0.0000 0.9769
vn 0.2660 -0.0000 0.9640
vn 0.3174 -0.0000 0.9483
vn 0.3681 -0.0000 0.9298
vn 0.4176 -0.0000 0.9086
vn 0.4659 -0.0000 0.8849
vn 0.6443 -0.0000 0.7648
vn 0.7593 -0.0000 0.6507
vn 0.7592 -0.0000 0.6508
vn 0.8541 -0.0000 0.5202
vn 0.9268 -0.0000 0.3756
vn 0.9267 -0.0000 0.3759
vn 0.9752 -0.0000 0.2214
vn 0.9752 -0.0000 0.2215
vn 0.9981 -0.0000 0.0612
vn 0.9981 -0.0000 0.0613
vn 0.9949 -0.0000 -0.1006
vn 0.9658 -0.0000 -0.2594
vn 0.9115 -0.0000 -0.4112
vn -0.3626 -0.7071 0.6070
vn -0.3627 -0.7071 0.6070
vn -0.3294 -0.7071 0.6257
vn -0.2953 -0.7070 0.6425
vn -0.2953 -0.7071 0.6425
vn -0.2603 -0.7071 0.6574
vn -0.2602 -0.7072 0.6574
vn -0.2245 -0.7072 0.6705
vn -0.1881 -0.7071 0.6816
vn -0.1512 -0.7071 0.6908
vn -0.1137 -0.7072 0.6978
vn -0.1137 -0.7072 0.6979
vn -0.0760 -0.7071 0.7031
vn -0.0761 -0.7070 0.7031
vn -0.0381 -0.7071 0.7061
vn 0.0381 -0.7071 0.7061
vn 0.0760 -0.7070 0.7031
vn 0.0760 -0.7071 0.7031
vn 0.1138 -0.7072 0.6978
vn 0.1511 -0.7071 0.6908
vn 0.1881 -0.7071 0.6816
vn 0.2245 -0.7072 0.6705
vn 0.2603 -0.7072 0.6574
vn 0.2603 -0.7071 0.6574
vn 0.2953 -0.7071 0.6426
vn 0.2953 -0.7070 0.6426
vn 0.3294 -0.7071 0.6257
vn 0.3626 -0.7071 0.6070
vn -0.4612 -0.7071 0.5360
vn -0.5462 -0.7071 0.4491
vn -0.6150 -0.7071 0.3489
vn -0.6657 -0.7071 0.2385
vn -0.6967 -0.7071 0.1210
vn -0.6150 -0.7071 0.3490
vn -0.6995 -0.7071 -0.1032
vn -0.7052 -0.7071 -0.0518
vn -0.6770 -0.7071 -0.2042
vn -0.6603 -0.7071 -0.2532
vn -0.6399 -0.7071 -0.3008
vn -0.6163 -0.7070 -0.3469
vn -0.5892 -0.7071 -0.3910
vn 0.5892 -0.7071 -0.3910
vn 0.6444 -0.7071 -0.2910
vn 0.6188 -0.7071 -0.3421
vn 0.6445 -0.7071 -0.2909
vn 0.6829 -0.7071 -0.1833
vn 0.6659 -0.7071 -0.2379
vn 0.6830 -0.7071 -0.1833
vn 0.7036 -0.7071 -0.0709
vn 0.6956 -0.7070 -0.1275
vn 0.7058 -0.7071 0.0434
vn 0.7070 -0.7071 -0.0138
vn 0.7057 -0.7072 0.0434
vn 0.6895 -0.7072 0.1566
vn 0.6999 -0.7071 0.1003
vn 0.6896 -0.7071 0.1565
vn 0.6554 -0.7071 0.2655
vn 0.6747 -0.7071 0.2117
vn 0.6553 -0.7071 0.2656
vn 0.6040 -0.7071 0.3677
vn 0.6317 -0.7071 0.3177
vn 0.5369 -0.7071 0.4602
vn 0.5723 -0.7071 0.4153
vn 0.5368 -0.7071 0.4602
vn 0.4555 -0.7071 0.5408
vn 0.4979 -0.7071 0.5021
vn 0.3627 -0.7071 0.6071
vn 0.2538 -0.7071 -0.6600
vn 0.3612 -0.7071 -0.6080
vn 0.3086 -0.7071 -0.6363
vn -0.5891 -0.7071 -0.3910
vn -0.5150 -0.7071 -0.4845
vn -0.5541 -0.7071 -0.4393
vn -0.5151 -0.7071 -0.4845
vn -0.4263 -0.7071 -0.5642
vn -0.4723 -0.7071 -0.5262
vn -0.4262 -0.7070 -0.5643
vn -0.3253 -0.7070 -0.6279
vn -0.3771 -0.7071 -0.5982
vn -0.3252 -0.7071 -0.6279
vn -0.2150 -0.7071 -0.6736
vn -0.2711 -0.7071 -0.6531
vn -0.2150 -0.7071 -0.6737
vn -0.0987 -0.7071 -0.7002
vn -0.0985 -0.7071 -0.7002
vn 0.0206 -0.7071 -0.7068
vn -0.0391 -0.7071 -0.7060
vn 0.0206 -0.7071 -0.7069
vn 0.1391 -0.7071 -0.6933
vn 0.0801 -0.7071 -0.7026
vn 0.1392 -0.7071 -0.6932
vn 0.2538 -0.7071 -0.6599
vn 0.1972 -0.7071 -0.6790
vn -0.3611 -0.7071 -0.6079
vn -0.2538 -0.7071 -0.6600
vn -0.3085 -0.7071 -0.6362
vn -0.1393 -0.7071 -0.6933
vn -0.1973 -0.7071 -0.6791
vn -0.1391 -0.7071 -0.6933
vn -0.0206 -0.7071 -0.7068
vn -0.0801 -0.7071 -0.7025
vn 0.0985 -0.7071 -0.7002
vn 0.0391 -0.7071 -0.7060
vn 0.0987 -0.7071 -0.7002
vn 0.2150 -0.7071 -0.6736
vn 0.1574 -0.7070 -0.6894
vn 0.3252 -0.7071 -0.6279
vn 0.2711 -0.7071 -0.6531
vn 0.4262 -0.7071 -0.5643
vn 0.3771 -0.7071 -0.5982
vn 0.4263 -0.7071 -0.5642
vn 0.5151 -0.7071 -0.4845
vn 0.4724 -0.7070 -0.5263
vn 0.5150 -0.7071 -0.4845
vn 0.5891 -0.7071 -0.3910
vn 0.5540 -0.7071 -0.4393
vn 0.4615 -0.0000 0.8871
vn 0.4108 -0.0000 0.9117
vn 0.3587 -0.0000 0.9335
vn 0.3054 -0.0000 0.9522
vn 0.2513 -0.0000 0.9679
vn 0.1963 -0.0000 0.9805
vn 0.1405 -0.0000 0.9901
vn 0.0845 -0.0000 0.9964
vn 0.0283 -0.0000 0.9996
vn -0.0283 -0.0000 0.9996
vn -0.0845 -0.0000 0.9964
vn -0.1405 -0.0000 0.9901
vn -0.1963 -0.0000 0.9805
vn -0.2513 -0.0000 0.9679
vn -0.3054 -0.0000 0.9522
vn -0.3587 -0.0000 0.9335
vn -0.4108 -0.0000 0.9117
vn -0.4615 -0.0000 0.8871
vn 0.3612 -0.7071 -0.6079
vn 0.3263 -0.7071 -0.6273
vn 0.2904 -0.7071 -0.6447
vn 0.2905 -0.7071 -0.6448
vn 0.2537 -0.7070 -0.6602
vn 0.2161 -0.7070 -0.6734
vn 0.2160 -0.7070 -0.6734
vn 0.1776 -0.7071 -0.6844
vn 0.1387 -0.7072 -0.6933
vn 0.0994 -0.7072 -0.7000
vn 0.0598 -0.7071 -0.7046
vn 0.0199 -0.7071 -0.7068
vn -0.0199 -0.7071 -0.7068
vn -0.0597 -0.7071 -0.7046
vn -0.0994 -0.7072 -0.7000
vn -0.1387 -0.7072 -0.6933
vn -0.1777 -0.7071 -0.6844
vn -0.1776 -0.7071 -0.6844
vn -0.2160 -0.7070 -0.6734
vn -0.2536 -0.7070 -0.6602
vn -0.2537 -0.7070 -0.6602
vn -0.2904 -0.7071 -0.6448
vn -0.2904 -0.7071 -0.6447
vn -0.3263 -0.7071 -0.6273
vn -0.3612 -0.7071 -0.6079
vn -0.9136 -0.0000 0.4067
vn -0.6691 -0.0000 0.7432
vn -0.3091 -0.0000 0.9510
vn 0.1045 -0.0000 0.9945
vn 0.8090 -0.0000 0.5878
vn 0.9781 -0.0000 0.2080
vn 0.9782 -0.0000 -0.2079
vn 0.8090 -0.0000 -0.5878
vn 0.9781 -0.0000 -0.2079
vn 0.5001 -0.0000 -0.8660
vn 0.1045 -0.0000 -0.9945
vn -0.3091 -0.0000 -0.9510
vn -0.3090 -0.0000 -0.9510
vn -0.6691 -0.0000 -0.7432
vn -0.9136 -0.0000 -0.4067
vn 0.9781 -0.0000 -0.2080
vn -0.0000 -0.0001 -1.0000
vn -0.0000 0.3436 0.9391
vn -0.0000 0.6454 0.7638
vn -0.0000 0.8687 0.4953
vn -0.0000 0.8687 0.4954
vn -0.0000 0.9860 0.1667
vn -1.0000 -0.0003 -0.0000
vn -0.0000 0.3828 0.9238
vn -0.0000 0.7070 0.7072
vn -0.0000 0.7071 0.7072
vn -0.0000 0.9238 0.3829
vn -1.0000 -0.0000 0.0002
vn -0.8944 -0.0000 0.4472
vn -0.0000 -0.5547 -0.8320
vn -0.3067 -0.7071 -0.6371
vn -0.5528 -0.7071 -0.4409
vn -0.6894 -0.7071 -0.1573
vn -0.6894 -0.7071 0.1573
vn 0.3068 -0.7071 -0.6371
vn 0.5528 -0.7071 -0.4409
vn 0.6894 -0.7071 -0.1573
vn -0.5528 -0.7071 0.4409
vn -0.4409 -0.7071 0.5528
vn -0.3068 -0.7071 0.6371
vn 0.1573 -0.7071 0.6894
vn 0.3068 -0.7071 0.6371
vn 0.5528 -0.7071 0.4409
vn 0.6894 -0.7071 0.1573
vn -0.6247 -0.0000 0.7809
vn -0.6247 -0.0000 0.7808
vn -0.6246 -0.0000 0.7810
vn -0.6248 -0.0000 0.7808
vn -0.6246 -0.0000 0.7809
vn -0.6244 -0.0000 0.7811
vn -0.6245 -0.0000 0.7810
vn -0.4831 0.8756 -0.0000
vn -0.6861 0.7275 -0.0000
vn -0.2494 0.9684 -0.0000
vn -0.8459 0.5334 -0.0000
vn -0.9607 0.2776 -0.0000
vn 0.4830 -0.8756 -0.0000
vn 0.6862 -0.7275 -0.0000
vn 0.2494 -0.9684 -0.0000
vn 0.8459 -0.5334 -0.0000
vn 0.9607 -0.2776 -0.0000
vn 0.6863 0.7273 -0.0000
vn 0.4832 0.8755 -0.0000
vn 0.6864 0.7273 -0.0000
vn 0.7496 0.6619 -0.0000
vn 0.8067 0.5909 -0.0000
vn 0.8838 0.4678 -0.0000
vn 0.9423 0.3348 -0.0000
vn 0.9808 0.1948 -0.0000
vn 0.9898 0.1422 -0.0000
vn 0.9960 0.0892 -0.0000
vn 0.9994 0.0359 -0.0000
vn 0.9994 0.0356 -0.0004
vn 1.0000 -0.0091 -0.0000
vn 0.2495 0.9684 -0.0000
vn 0.0001 1.0000 -0.0000
vn 0.0001 0.6247 0.7808
vn 0.0001 0.6247 0.7809
vn 0.0002 0.6247 0.7808
vn -0.0000 0.6247 0.7809
vn 0.0001 0.6248 0.7808
vn -0.0001 0.6247 0.7809
vn -0.0001 0.6247 0.7808
vn 0.7661 -0.0000 0.6427
vn -0.0000 -0.8944 0.4472
vn 0.6246 -0.0000 0.7809
vn 0.6247 -0.0000 0.7809
vn 0.6249 -0.0000 0.7807
vn 0.6246 -0.0000 0.7810
vn 0.6236 -0.0000 0.7818
vn 0.6250 -0.0000 0.7807
vn 0.6245 -0.0000 0.7810
vn -0.0000 0.7070 0.7073
vn -0.0002 0.7073 0.7069
vn -0.0001 0.7072 0.7070
vn -0.9814 -0.0000 -0.1921
vn 0.6533 -0.2706 0.7071
vn 0.5000 -0.5000 0.7071
vn 0.2706 -0.6533 0.7071
vn 0.2706 -0.6532 0.7071
vn -0.0000 0.4472 -0.8944
vn -0.0000 0.4473 -0.8944
vn -0.0000 -0.8000 0.6000
vn -0.0000 0.7069 -0.7073
vn -0.9238 -0.0000 -0.3828
vn -0.7070 -0.0000 -0.7072
vn -0.3829 -0.0000 -0.9238
vn -0.3828 -0.0000 -0.9238
vn -0.0001 1.0000 -0.0000
vn -0.0001 1.0000 -0.0001
vn -0.2706 0.9239 -0.2706
vn -0.5000 0.7071 -0.5000
vn -0.6533 0.3827 -0.6533
vn -0.6936 0.1951 -0.6935
vn -0.0000 0.5547 -0.8320
vn 0.4339 -0.0000 -0.9010
vn 0.7818 -0.0000 -0.6235
vn 0.9749 -0.0000 -0.2225
vn 0.9749 -0.0000 0.2225
vn 0.7818 -0.0000 0.6235
vn 0.4339 -0.0000 0.9010
vn -0.4339 -0.0000 0.9010
vn -0.7818 -0.0000 0.6235
vn -0.9749 -0.0000 0.2225
vn -0.9749 -0.0000 -0.2225
vn -0.7818 -0.0000 -0.6235
vn -0.4339 -0.0000 -0.9010
vn -0.0000 0.7068 0.7074
vn -0.0000 0.7072 0.7070
vn -0.2495 0.9684 -0.0000
vn -0.4832 0.8755 -0.0000
vn -0.6863 0.7273 -0.0000
vn -0.7497 0.6618 -0.0000
vn -0.8067 0.5909 -0.0000
vn -0.8448 0.5351 -0.0000
vn -0.8789 0.4770 -0.0000
vn -0.9091 0.4166 -0.0000
vn -0.9558 0.2942 -0.0000
vn -0.9860 0.1667 -0.0000
vn -0.9860 0.1666 -0.0012
vn -1.0000 -0.0000 -0.0014
vn -1.0000 -0.0088 -0.0014
vn -0.0000 -0.6247 0.7808
vn 0.0002 -0.6247 0.7808
vn 0.0001 -0.6247 0.7809
vn -0.0000 -0.6247 0.7809
vn 0.0001 -0.6248 0.7808
vn -0.0001 -0.6247 0.7809
vn -0.0001 -0.6247 0.7808
vn -0.0002 -0.6247 0.7808
vn -0.5620 -0.4292 -0.7071
vn -0.5692 -0.4203 -0.7066
vn -0.6394 -0.3020 -0.7071
vn -0.5578 -0.4346 -0.7071
vn -0.6444 -0.2910 -0.7071
vn -0.6913 -0.1488 -0.7071
vn -0.6899 -0.1547 -0.7071
vn -0.7661 -0.0000 0.6427
vn 0.8944 -0.0000 0.4472
vn -0.4793 -0.8777 -0.0044
vn -0.2633 -0.9381 -0.2251
vn -0.4793 -0.8776 -0.0043
vn -0.1978 -0.9384 -0.2834
vn 0.0156 -0.8928 -0.4501
vn 0.0641 -0.8730 -0.4835
vn 0.3090 -0.7175 -0.6243
vn 0.3201 -0.7079 -0.6295
vn 0.4384 -0.5911 -0.6770
vn 0.5588 -0.4332 -0.7072
vn 0.5620 -0.4315 -0.7057
vn 0.5619 -0.4290 -0.7073
vn 0.5641 -0.4329 -0.7031
vn 0.5639 -0.4332 -0.7031
vn 0.5643 -0.4326 -0.7031
vn 0.0001 0.9701 0.2425
vn -0.0000 0.9701 0.2425
vn -0.0001 0.9701 0.2426
vn -0.0001 0.9702 0.2425
vn -0.0006 0.9702 0.2423
vn 0.0001 0.9701 0.2426
vn 0.0018 0.9705 0.2412
vn 0.2706 0.9239 -0.2706
vn 0.5000 0.7071 -0.5000
vn 0.6533 0.3826 -0.6533
vn 0.6533 0.3827 -0.6533
vn 0.6936 0.1950 -0.6935
vn 0.2706 0.6532 0.7071
vn 0.2706 0.6533 0.7071
vn 0.5000 0.5000 0.7071
vn 0.6533 0.2706 0.7071
vn 0.5681 -0.4206 -0.7073
vn 0.5702 -0.4181 -0.7071
vn 0.5662 -0.4233 -0.7073
vn 0.5644 -0.4261 -0.7071
vn 0.5668 -0.4264 -0.7050
vn 0.6393 -0.3020 -0.7071
vn 0.6451 -0.2895 -0.7071
vn 0.6900 -0.1548 -0.7071
vn 0.6914 -0.1480 -0.7071
vn -0.6532 0.2706 0.7071
vn -0.5000 0.5000 0.7071
vn -0.2706 0.6533 0.7071
vn -0.0008 -0.0000 1.0000
vn -0.0000 -0.0001 1.0000
vn 0.0001 -0.0000 -1.0000
vn 0.3828 -0.0000 -0.9238
vn 0.3829 -0.0000 -0.9238
vn 0.9238 -0.0000 -0.3828
vn -0.2706 -0.6533 0.7071
vn -0.5000 -0.5001 0.7071
vn -0.5000 -0.5000 0.7071
vn -0.6533 -0.2706 0.7071
vn -0.9607 -0.2776 -0.0000
vn -0.8459 -0.5334 -0.0000
vn -0.6861 -0.7275 -0.0000
vn -0.4830 -0.8756 -0.0000
vn -0.2494 -0.9684 -0.0000
vn 0.9607 0.2776 -0.0000
vn 0.8459 0.5334 -0.0000
vn 0.6862 0.7275 -0.0000
vn 0.4830 0.8756 -0.0000
vn 0.2494 0.9684 -0.0000
vn -0.7071 -0.7072 -0.0000
vn -0.3608 -0.5547 -0.7497
vn -0.3609 -0.5547 -0.7497
vn -0.0000 -0.5547 -0.8321
vn -0.6508 -0.5546 -0.5185
vn -0.6506 -0.5546 -0.5187
vn -0.8113 -0.5546 -0.1851
vn -0.8112 -0.5547 -0.1851
vn -0.8111 -0.5548 0.1852
vn -0.8112 -0.5547 0.1851
vn -0.6506 -0.5547 0.5188
vn -0.6508 -0.5546 0.5185
vn -0.3608 -0.5547 0.7497
vn -0.3612 -0.5547 0.7496
vn -0.0000 -0.5547 0.8320
vn 0.3609 -0.5547 0.7497
vn 0.3612 -0.5547 0.7495
vn 0.6506 -0.5546 0.5189
vn 0.6507 -0.5547 0.5186
vn 0.8112 -0.5547 0.1852
vn 0.8112 -0.5548 0.1849
vn 0.8112 -0.5547 -0.1851
vn 0.8113 -0.5546 -0.1851
vn 0.6506 -0.5546 -0.5187
vn 0.6508 -0.5546 -0.5185
vn 0.3609 -0.5547 -0.7497
vn 0.3612 -0.5547 -0.7496
vn -0.0116 0.9704 0.2412
vn -0.0017 0.9703 0.2420
vn 0.0032 0.9698 0.2439
vn -0.0000 0.9702 0.2422
vn -0.0003 0.9701 0.2427
vn -0.0000 0.8000 0.6000
vn -0.3611 -0.5547 0.7496
vn 0.3612 -0.5547 0.7496
vn 0.6505 -0.5546 0.5189
vn 0.6508 -0.5546 -0.5186
vn 0.3608 -0.5547 -0.7497
vn 0.0001 -0.7071 0.7071
vn -0.5529 -0.7071 -0.4409
vn -0.4409 -0.7071 -0.5529
vn -0.3068 -0.7071 -0.6371
vn -0.1573 -0.7071 -0.6894
vn 0.4409 -0.7071 -0.5528
vn 0.5529 -0.7071 -0.4409
vn -0.0000 -0.3826 -0.9239
vn -0.0000 -0.7073 -0.7069
vn -0.0000 -0.9238 -0.3829
vn -0.4831 -0.8756 -0.0000
vn -0.4352 -0.7886 -0.4345
vn -0.4831 -0.8756 -0.0001
vn -0.4462 -0.8088 -0.3831
vn -0.3528 -0.6394 -0.6832
vn -0.2233 -0.4048 -0.8867
vn -0.3413 -0.6186 -0.7077
vn -0.0484 -0.0871 -0.9950
vn -0.1844 -0.3342 -0.9243
vn -0.0325 -0.0581 -0.9978
vn -0.0163 -0.0291 -0.9994
vn 0.1250 -0.0000 -0.9922
vn 0.1250 0.0001 -0.9922
vn 0.4677 -0.0000 -0.8839
vn 0.4680 -0.0000 -0.8837
vn 0.7500 -0.0000 -0.6615
vn 0.7499 -0.0000 -0.6615
vn 0.9354 -0.0000 -0.3536
vn 0.9506 -0.0000 -0.3104
vn 0.5627 -0.0000 0.8267
vn 0.9239 -0.0000 0.3828
vn 0.7073 -0.0000 0.7069
vn 0.3829 -0.0000 0.9238
vn -0.2459 -0.2931 -0.9239
vn -0.2457 -0.2929 -0.9240
vn -0.4545 -0.5417 -0.7071
vn -0.4543 -0.5416 -0.7073
vn -0.5938 -0.7077 -0.3827
vn -0.5939 -0.7077 -0.3827
vn -0.6428 -0.7660 -0.0000
vn -0.6428 -0.7661 -0.0000
vn 0.6533 0.2706 0.7072
vn 0.2706 0.6532 0.7072
vn -0.1044 -0.0000 -0.9945
vn 0.3087 -0.0000 -0.9512
vn 0.6689 -0.0000 -0.7434
vn 0.9137 -0.0000 -0.4063
vn 0.9135 -0.0000 -0.4068
vn -0.9138 0.4061 -0.0000
vn -0.9138 0.4062 -0.0000
vn 0.5626 -0.0000 -0.8267
vn 0.4996 -0.0000 0.8662
vn 0.4999 -0.0000 0.8661
vn -0.8373 -0.0000 -0.5467
vn -0.3750 0.9270 -0.0000
vn -0.3747 0.9272 -0.0000
vn -0.6952 0.7188 -0.0000
vn -0.6949 0.7191 -0.0000
vn 0.4549 -0.0000 -0.8905
vn 0.3749 -0.9271 -0.0000
vn 0.6949 -0.7191 -0.0000
vn 0.9138 -0.4062 -0.0000
vn 1.0000 0.0001 -0.0002
vn 0.9241 -0.0000 0.3820
vn 1.0000 -0.0000 0.0012
vn 0.7078 -0.0000 0.7064
vn 0.9230 -0.0000 0.3848
vn 0.3838 -0.0000 0.9234
vn 0.7049 -0.0000 0.7093
vn 0.0011 -0.0000 1.0000
vn 0.3791 -0.0000 0.9254
vn -0.0016 -0.0006 1.0000
vn -0.7146 -0.0000 0.6995
vn 0.2475 -0.0000 0.9689
vn 0.2473 -0.0000 0.9689
vn 0.9138 0.4062 -0.0000
vn 0.6949 0.7191 -0.0000
vn 0.3749 0.9271 -0.0000
vn 0.3825 0.9240 -0.0000
vn 0.3825 0.9239 -0.0000
vn 0.7071 0.7072 -0.0000
vn 0.9240 0.3824 -0.0000
vn 0.9240 -0.0000 -0.3823
vn -0.0009 -0.0000 -1.0000
vn -1.0000 -0.0000 -0.0008
vn -0.3826 0.9239 -0.0000
vn -0.9239 0.3826 -0.0000
vn -0.2936 0.6432 -0.7071
vn -0.2684 0.6541 -0.7071
vn -0.4547 0.5416 -0.7071
vn -0.3181 0.6315 -0.7071
vn -0.3424 0.6187 -0.7070
vn -0.0915 0.7012 -0.7071
vn -0.1815 0.6834 -0.7071
vn -0.2420 0.6644 -0.7071
vn -0.3424 0.6187 -0.7071
vn -0.4547 0.5415 -0.7071
vn -0.4548 0.5415 -0.7071
vn -0.6125 0.3533 -0.7071
vn -0.5502 0.4441 -0.7071
vn -0.6965 0.1228 -0.7070
vn -0.6252 0.3302 -0.7072
vn -0.6578 0.2595 -0.7071
vn -0.6823 0.1857 -0.7071
vn -0.6967 0.1233 -0.7067
vn -0.6967 0.1230 -0.7067
vn -0.6985 0.1096 -0.7072
vn -0.0000 1.0000 -0.0028
vn 0.3747 -0.9271 -0.0000
vn 0.6951 -0.7189 -0.0000
vn -0.0001 -1.0000 -0.0000
vn -0.0016 -1.0000 -0.0015
vn -0.0029 -1.0000 -0.0029
vn 1.0000 0.0015 -0.0000
vn 0.6951 0.7189 -0.0000
vn 0.9138 0.4061 -0.0000
vn 0.3747 0.9271 -0.0000
vn 0.0009 -0.0000 -1.0000
vn 0.9506 -0.0000 0.3104
vn -0.9487 -0.0000 0.3162
vn -0.8765 0.3630 0.3163
vn -0.8765 0.3630 0.3162
vn -0.6708 0.6708 0.3162
vn -0.3630 0.8765 0.3163
vn -0.0000 0.9487 0.3162
vn 0.5000 -0.0000 -0.8661
vn -0.3087 -0.0000 -0.9512
vn -0.6694 -0.0000 -0.7429
vn -0.9137 -0.0000 -0.4064
vn -0.5415 -0.4545 -0.7072
vn -0.5416 -0.4545 -0.7071
vn -0.4057 -0.5954 -0.6935
vn -0.2544 -0.7131 -0.6533
vn -0.2542 -0.7133 -0.6532
vn 0.0720 -0.8632 -0.4997
vn 0.0716 -0.8631 -0.5000
vn 0.3873 -0.8816 -0.2699
vn 0.3866 -0.8817 -0.2706
vn 0.6428 -0.7660 -0.0000
vn 0.4548 -0.0000 0.8906
vn -0.0000 0.3823 -0.9240
vn -0.0000 0.7072 -0.7070
vn -0.0000 0.9239 -0.3826
vn -0.0000 0.9238 -0.3829
vn 0.5041 -0.0000 -0.8637
vn 0.5002 -0.0000 -0.8659
vn -0.9354 -0.0000 -0.3535
vn -0.7499 -0.0000 -0.6615
vn -0.7500 -0.0000 -0.6615
vn -0.4677 -0.0000 -0.8839
vn -0.1250 -0.0000 -0.9922
vn -0.9713 -0.0000 -0.2379
vn 0.3751 -0.9270 -0.0000
vn 0.3748 -0.9271 -0.0000
vn 0.6950 -0.7190 -0.0000
vn 0.9138 -0.4061 -0.0000
vn -0.0000 -0.3824 0.9240
vn -0.0000 -0.7072 0.7071
vn -0.0000 -0.9240 0.3825
vn -0.3749 0.9271 -0.0000
vn -0.2477 -0.0000 -0.9688
vn 0.2000 -0.0000 0.9798
vn 0.1518 -0.6904 -0.7073
vn 0.1525 -0.6905 -0.7071
vn 0.2979 -0.6413 -0.7071
vn 0.2963 -0.6420 -0.7071
vn 0.4272 -0.5636 -0.7070
vn 0.4269 -0.5632 -0.7075
vn 0.4257 -0.5638 -0.7077
vn 0.4266 -0.5626 -0.7081
vn 0.4378 -0.5553 -0.7071
vn 0.4478 -0.5473 -0.7071
vn 0.3823 -0.0000 -0.9240
vn -0.9813 -0.0000 0.1922
vn -0.4980 -0.0000 -0.8672
vn -0.5003 -0.0000 -0.8659
vn -0.5002 -0.0000 -0.8659
vn -0.3823 -0.0000 -0.9240
vn -0.0725 -0.0856 0.9937
vn -0.1430 -0.1702 0.9750
vn -0.2460 -0.2932 0.9239
vn -0.1428 -0.1702 0.9750
vn -0.4006 -0.4775 0.7820
vn -0.4546 -0.5417 0.7071
vn -0.5791 -0.6902 0.4340
vn -0.5939 -0.7077 0.3827
vn -0.9138 -0.4061 -0.0000
vn -0.9138 -0.4062 -0.0000
vn -0.6950 -0.7190 -0.0000
vn -0.3748 -0.9271 -0.0000
vn -0.1952 -0.0000 0.9808
vn -0.7070 -0.0000 0.7072
vn -0.3825 0.9240 -0.0000
vn -0.7071 0.7072 -0.0000
vn -0.9240 0.3824 -0.0000
vn -0.7073 -0.0000 -0.7069
vn -0.4548 -0.0000 -0.8906
vn -0.9137 -0.4063 -0.0000
vn -0.5626 -0.0000 -0.8267
vn 0.9510 -0.3091 -0.0000
vn 0.8090 -0.5878 -0.0000
vn 0.5878 -0.8090 -0.0000
vn 0.3090 -0.9511 -0.0000
vn -0.0000 -0.3828 -0.9238
vn -0.0000 -0.3831 -0.9237
vn 0.4548 -0.0000 -0.8906
vn 0.0002 -0.0000 -1.0000
vn -0.0000 -0.9487 0.3162
vn -0.3630 -0.8765 0.3163
vn -0.3630 -0.8765 0.3162
vn -0.6708 -0.6708 0.3162
vn -0.8765 -0.3630 0.3162
vn -0.0000 -0.1951 0.9808
vn -0.0000 -0.9238 0.3828
vn 0.3748 0.9271 -0.0000
vn 0.6950 0.7190 -0.0000
vn 0.3630 0.8765 0.3163
vn 0.6708 0.6708 0.3162
vn 0.8765 0.3630 0.3162
vn 0.8765 0.3630 0.3163
vn 0.9487 -0.0000 0.3162
vn 0.5072 -0.0000 -0.8618
vn 0.5000 -0.0001 -0.8660
vn 0.4998 -0.0000 -0.8662
vn -0.3749 -0.9271 -0.0000
vn 0.1046 -0.0000 -0.9945
vn -0.3090 -0.0000 -0.9511
vn -0.6690 -0.0000 -0.7432
vn 0.9814 -0.0000 0.1922
vn -0.3417 -0.0000 -0.9398
vn -0.6422 -0.0000 -0.7665
vn -0.8655 -0.0000 -0.5009
vn -0.9845 -0.0000 -0.1752
vn -0.9239 -0.0025 -0.3827
vn -0.9931 -0.0000 -0.1170
vn -0.9846 -0.0000 -0.1750
vn -0.9983 -0.0000 -0.0586
vn 0.4545 -0.0000 0.8908
vn 0.0001 0.7072 0.7070
vn 0.0004 0.7071 0.7071
vn 0.0002 0.7071 0.7071
vn 0.4827 -0.8758 -0.0005
vn 0.4823 -0.8760 -0.0018
vn 0.4831 -0.8756 -0.0000
vn 0.4821 -0.8761 -0.0007
vn 0.4831 -0.8756 -0.0001
vn 0.4806 -0.8769 -0.0029
vn 0.0007 1.0000 -0.0000
vn 0.2867 0.9580 0.0001
vn 0.2874 0.9578 -0.0000
vn 0.5499 0.8352 -0.0000
vn 0.5496 0.8355 -0.0001
vn 0.7660 0.6428 -0.0000
vn -0.5417 -0.4545 -0.7071
vn 0.7146 -0.0000 0.6995
vn 0.7146 -0.0000 -0.6995
vn -0.7073 -0.0000 0.7069
vn -0.3829 -0.0000 0.9238
vn -0.9238 0.0003 0.3829
vn -0.9243 -0.0000 0.3816
vn -0.7063 0.0002 0.7079
vn -0.7081 -0.0002 0.7061
vn -0.3808 -0.0000 0.9246
vn -0.3831 -0.0001 0.9237
vn -0.0004 -0.0000 1.0000
vn 0.0005 -0.0000 1.0000
vn -0.0001 -0.0002 -1.0000
vn 0.9239 0.3826 -0.0000
vn 0.3826 0.9239 -0.0000
vn 0.7072 -0.0000 0.7071
vn 0.2004 -0.0000 -0.9797
vn 0.1251 -0.0001 -0.9921
vn -0.7146 -0.0000 -0.6995
vn -0.5627 -0.0000 0.8267
vn -0.7071 -0.0001 0.7071
vn -0.7071 -0.0000 0.7072
vn -0.0002 0.7071 0.7071
vn 0.0001 0.7071 0.7071
vn -0.3826 -0.9239 -0.0002
vn -0.2157 -0.9765 -0.0000
vn -0.4212 -0.9070 -0.0000
vn -0.7071 -0.7071 -0.0001
vn -0.6069 -0.7948 -0.0000
vn -0.6273 -0.7788 -0.0000
vn -0.6449 -0.7642 -0.0000
vn -0.6722 -0.7404 -0.0000
vn -0.6890 -0.7247 -0.0000
vn -0.6942 -0.7198 -0.0000
vn -0.6946 -0.7194 -0.0000
vn -0.7021 -0.7121 -0.0000
vn -0.7216 -0.6923 -0.0000
vn -0.7516 -0.6597 -0.0000
vn -0.7695 -0.6386 -0.0000
vn -0.7888 -0.6147 -0.0000
vn -0.9042 -0.4272 -0.0000
vn -0.9758 -0.2188 -0.0000
vn -0.4453 -0.5503 -0.7063
vn -0.2539 -0.7333 -0.6308
vn -0.4505 -0.5458 -0.7065
vn -0.3175 -0.6792 -0.6617
vn -0.4400 -0.5295 -0.7253
vn -0.1741 -0.7918 -0.5855
vn -0.0237 -0.8746 -0.4843
vn 0.0539 -0.9032 -0.4258
vn 0.2129 -0.9330 -0.2901
vn 0.2814 -0.9333 -0.2228
vn 0.0625 -0.1135 -0.9916
vn 0.1266 -0.2298 -0.9650
vn 0.1805 -0.3270 -0.9276
vn 0.3385 -0.6136 -0.7134
vn 0.2431 -0.4405 -0.8642
vn 0.4454 -0.8073 -0.3872
vn 0.3592 -0.6508 -0.6689
vn 0.4467 -0.8096 -0.3809
vn 0.7660 -0.6428 -0.0000
vn 0.7659 -0.6429 -0.0000
vn 0.7660 -0.6429 -0.0001
vn 0.7660 -0.6429 -0.0002
vn 0.7661 -0.6427 0.0001
vn 0.7661 -0.6428 0.0001
vn 0.7661 -0.6427 -0.0001
vn 0.7661 -0.6428 0.0004
vn 0.7658 -0.6431 -0.0000
vn 0.7660 -0.6429 -0.0000
vn 0.7661 -0.6428 -0.0000
vn 0.7651 -0.6439 0.0001
vn 0.5417 -0.4545 -0.7071
vn 0.5419 -0.4546 -0.7069
vn 0.1250 -0.0001 0.9922
vn 0.1250 -0.0000 0.9922
vn 0.8142 -0.0000 0.5806
vn 0.9788 -0.0000 0.2049
vn 0.9787 -0.0000 0.2053
vn 0.9787 -0.0000 -0.2053
vn 0.9788 -0.0000 -0.2049
vn 0.8142 -0.0000 -0.5806
vn 0.5128 -0.0000 -0.8585
vn 0.3421 0.9397 -0.0000
vn 0.6429 0.7660 -0.0000
vn 0.8661 0.4998 -0.0000
vn 0.9849 0.1734 -0.0000
vn 0.9908 0.1357 -0.0000
vn 0.9948 0.1017 -0.0000
vn 0.9989 0.0471 -0.0000
vn 0.9999 0.0122 -0.0000
vn 1.0000 -0.0000 -0.0006
vn 0.0001 -1.0000 -0.0004
vn 0.0009 -1.0000 -0.0009
vn 0.3139 -0.8945 -0.3183
vn 0.2673 -0.9247 -0.2711
vn 0.7020 0.0362 -0.7113
vn 0.7023 -0.0045 -0.7119
vn 0.6976 -0.1157 -0.7071
vn 0.7003 0.0771 -0.7096
vn 0.6973 0.1192 -0.7068
vn 0.6973 0.1193 -0.7068
vn 0.6975 0.1190 -0.7066
vn 0.6975 0.1180 -0.7068
vn 0.6661 -0.3168 -0.6752
vn 0.6635 -0.3280 -0.6724
vn 0.5378 -0.6432 -0.5450
vn 0.5039 -0.6966 -0.5106
vn 0.3182 0.6314 -0.7071
vn 0.3424 0.6187 -0.7071
vn 0.4546 0.5416 -0.7071
vn 0.2935 0.6433 -0.7071
vn 0.2419 0.6644 -0.7071
vn 0.2685 0.6542 -0.7071
vn 0.1815 0.6834 -0.7071
vn 0.2684 0.6542 -0.7071
vn 0.4548 0.5415 -0.7071
vn 0.5502 0.4441 -0.7071
vn 0.6124 0.3534 -0.7071
vn 0.6252 0.3302 -0.7071
vn 0.6577 0.2596 -0.7071
vn 0.6125 0.3534 -0.7071
vn 0.6253 0.3302 -0.7071
vn 0.6822 0.1859 -0.7071
vn 0.6964 0.1226 -0.7071
vn 0.6985 0.1099 -0.7071
vn 0.6984 0.1070 -0.7076
vn 0.6967 0.1238 -0.7066
vn 0.6984 0.1071 -0.7076
vn 0.6991 0.1151 -0.7057
vn 0.0915 0.7011 -0.7071
vn -0.6949 -0.7191 -0.0000
vn -0.6950 -0.7191 -0.0000
vn -0.2705 0.6533 0.7072
vn -0.2706 0.6532 0.7072
vn -0.6533 0.2706 0.7071
vn 0.8981 -0.0000 -0.4397
vn -0.1251 -0.0000 0.9921
vn -0.1250 -0.0001 0.9922
vn -0.4676 -0.0000 0.8839
vn -0.4676 -0.0000 0.8840
vn -0.7500 -0.0000 0.6614
vn -0.7501 -0.0000 0.6613
vn -0.9354 -0.0000 0.3535
vn -0.5130 -0.0000 -0.8584
vn -0.8142 -0.0000 -0.5806
vn -0.9788 -0.0000 -0.2049
vn -0.9788 -0.0000 0.2049
vn -0.8142 -0.0000 0.5806
vn -0.5126 -0.0000 0.8587
vn -0.5130 -0.0000 0.8584
vn 0.1430 -0.1702 0.9750
vn 0.1429 -0.1703 0.9750
vn 0.2460 -0.2931 0.9239
vn 0.0722 -0.0856 0.9937
vn 0.6428 -0.7661 -0.0000
vn 0.5939 -0.7077 0.3827
vn 0.5791 -0.6902 0.4340
vn 0.4545 -0.5417 0.7071
vn 0.4006 -0.4775 0.7820
vn 0.2460 -0.2932 0.9239
vn 0.1428 -0.1702 0.9750
vn 0.7073 -0.0000 -0.7069
vn 0.1044 -0.0000 0.9945
vn -0.3087 -0.0000 0.9512
vn -0.6689 -0.0000 0.7434
vn -0.6688 -0.0000 0.7434
vn -0.9137 -0.0000 0.4063
vn -0.9136 -0.0000 0.4066
vn -0.7660 0.6428 -0.0000
vn -0.7659 0.6430 -0.0000
vn -0.7661 0.6427 -0.0000
vn -0.9792 0.2028 -0.0000
vn -0.9511 0.3090 -0.0000
vn -0.8090 0.5878 -0.0000
vn -0.9178 0.3971 -0.0000
vn -0.8182 0.5749 -0.0000
vn -0.7916 0.6111 -0.0000
vn -0.5878 0.8090 -0.0000
vn -0.7678 0.6406 -0.0000
vn -0.7506 0.6607 -0.0000
vn -0.7443 0.6678 -0.0000
vn -0.7443 0.6679 -0.0000
vn -0.7373 0.6756 -0.0000
vn -0.7186 0.6954 -0.0000
vn -0.6910 0.7229 -0.0000
vn -0.6571 0.7538 -0.0000
vn -0.4600 0.8879 -0.0000
vn -0.3090 0.9511 -0.0001
vn -0.2367 0.9716 -0.0000
vn -0.0000 1.0000 0.0008
vn -0.4828 -0.8757 -0.0004
vn -0.4837 -0.8752 -0.0001
vn -0.9240 -0.0000 -0.3823
vn 0.1993 -0.7762 -0.5982
vn 0.4220 -0.5650 -0.7090
vn 0.3009 -0.6932 -0.6549
vn 0.1778 -0.7890 -0.5881
vn -0.0389 -0.8979 -0.4385
vn -0.0604 -0.9056 -0.4198
vn -0.2983 -0.9316 -0.2077
vn -0.2837 -0.9332 -0.2204
vn -0.4630 -0.8392 -0.2853
vn -0.4454 -0.8072 -0.3872
vn -0.3856 -0.6983 -0.6030
vn -0.3386 -0.6135 -0.7134
vn -0.2729 -0.4946 -0.8251
vn -0.1804 -0.3270 -0.9276
vn -0.1262 -0.2289 -0.9652
vn -0.0623 -0.1128 -0.9917
vn -0.3823 -0.0000 -0.9241
vn -0.9996 -0.0278 -0.0000
vn -0.9999 0.0122 -0.0000
vn -0.9989 0.0472 -0.0000
vn -0.9948 0.1018 -0.0000
vn -0.9908 0.1354 -0.0000
vn -0.9849 0.1731 -0.0000
vn -0.8662 0.4996 -0.0000
vn -0.6430 0.7659 -0.0000
vn -0.3421 0.9396 -0.0000
vn 0.1952 -0.0000 0.9808
vn 0.6427 -0.7662 -0.0000
vn 0.0660 -0.9978 -0.0000
vn 0.1967 -0.9805 -0.0000
vn 0.2383 -0.9712 -0.0000
vn 0.2796 -0.9601 -0.0000
vn 0.3203 -0.9473 -0.0000
vn 0.4476 -0.8942 -0.0000
vn 0.3091 -0.9510 -0.0000
vn 0.5665 -0.8241 -0.0000
vn 0.6744 -0.7383 -0.0000
vn 0.6992 -0.7149 -0.0000
vn 0.7231 -0.6908 -0.0000
vn 0.7460 -0.6659 -0.0000
vn 0.7461 -0.6658 -0.0000
vn 0.8654 -0.5011 -0.0000
vn 0.9489 -0.3157 -0.0000
vn 0.9511 -0.3090 0.0001
vn 0.9931 -0.1172 -0.0000
vn 0.9973 -0.0729 -0.0000
vn 0.9994 -0.0354 -0.0000
vn 1.0000 -0.0096 -0.0000
vn -0.3748 0.9271 -0.0000
vn -0.6950 0.7190 -0.0000
vn -0.1041 -0.0000 0.9946
vn -0.4999 -0.0001 0.8661
vn -0.1042 -0.0000 0.9946
vn 0.3090 -0.0000 0.9510
vn 0.3090 -0.0000 0.9511
vn 0.6691 -0.0000 0.7431
vn 0.6692 -0.0000 0.7431
vn 0.9135 -0.0000 0.4068
vn 0.9137 -0.0000 0.4064
vn -0.9511 -0.3090 -0.0000
vn -1.0000 -0.0091 -0.0000
vn -0.9994 -0.0356 -0.0000
vn -0.9973 -0.0729 -0.0000
vn -0.9931 -0.1171 -0.0000
vn -0.9489 -0.3156 -0.0000
vn -0.8654 -0.5011 -0.0000
vn -0.8090 -0.5878 -0.0000
vn -0.7461 -0.6659 -0.0000
vn -0.7230 -0.6908 -0.0000
vn -0.6991 -0.7150 -0.0000
vn -0.5878 -0.8090 -0.0000
vn -0.6744 -0.7383 -0.0000
vn -0.5664 -0.8241 -0.0000
vn -0.5877 -0.8090 -0.0000
vn -0.6745 -0.7383 -0.0000
vn -0.4476 -0.8942 -0.0000
vn -0.3203 -0.9473 -0.0000
vn -0.3090 -0.9511 -0.0000
vn -0.2796 -0.9601 -0.0000
vn -0.2384 -0.9712 -0.0000
vn -0.1967 -0.9805 -0.0000
vn -0.1316 -0.9913 -0.0000
vn -0.0660 -0.9978 -0.0000
vn 0.0001 -1.0000 -0.0000
vn 1.0000 -0.0007 -0.0000
vn 1.0000 -0.0000 0.0011
vn -0.0001 -0.7071 0.7071
vn 0.0001 -0.3827 0.9239
vn 0.3830 -0.0000 -0.9238
vn 0.7073 -0.0000 -0.7070
vn -0.2473 -0.0000 0.9689
vn 0.9354 -0.0000 0.3535
vn 0.9354 -0.0000 0.3536
vn 0.7500 -0.0000 0.6614
vn 0.7501 -0.0000 0.6613
vn 0.4678 -0.0000 0.8838
vn 0.4679 -0.0000 0.8838
vn -0.7145 -0.0000 -0.6996
vn 0.8980 -0.0000 0.4400
vn 0.1999 -0.0000 -0.9798
vn -0.0006 -0.7071 -0.7071
vn 0.1906 -0.6810 -0.7071
vn 0.2015 -0.6778 -0.7071
vn 0.3869 -0.5918 -0.7071
vn 0.3670 -0.6044 -0.7071
vn 0.5164 -0.4830 -0.7071
vn 0.5205 -0.4787 -0.7071
vn 0.5401 -0.4564 -0.7071
vn -0.0000 0.3826 -0.9239
vn -0.2000 -0.0000 0.9798
vn 0.3747 0.9272 -0.0000
vn -0.9137 -0.0000 0.4064
vn -0.6691 -0.0000 0.7431
vn -0.6694 -0.0000 0.7429
vn -0.3090 -0.0000 0.9511
vn -0.3086 -0.0000 0.9512
vn 0.1049 -0.0000 0.9945
vn 0.9783 -0.2074 -0.0000
vn 0.8529 -0.5221 -0.0000
vn 0.6295 -0.7770 -0.0000
vn 0.3339 -0.9426 -0.0000
vn 0.3417 -0.0000 -0.9398
vn 0.6422 -0.0000 -0.7665
vn 0.8655 -0.0000 -0.5009
vn 0.9846 -0.0000 -0.1750
vn 0.9931 -0.0000 -0.1170
vn 0.9983 -0.0000 -0.0586
vn -0.0000 0.3828 -0.9238
vn -0.0000 0.7073 -0.7069
vn -0.9135 -0.0000 0.4069
vn -0.6690 -0.0000 0.7432
vn 0.1041 -0.0000 0.9946
vn 0.9137 -0.4063 -0.0000
vn 0.9138 -0.4062 0.0001
vn -0.2650 -0.9260 -0.2687
vn -0.2935 -0.9085 -0.2975
vn -0.4833 -0.7256 -0.4898
vn -0.5030 -0.6980 -0.5097
vn -0.6426 -0.4039 -0.6511
vn -0.6639 -0.3268 -0.6727
vn -0.6855 -0.2175 -0.6948
vn -0.6975 -0.1176 -0.7069
vn -0.7023 -0.0079 -0.7119
vn -0.7229 0.1263 -0.6793
vn -0.7237 -0.0057 -0.6901
vn -0.7253 0.0330 -0.6877
vn -0.7025 0.0302 -0.7111
vn -0.6972 0.1234 -0.7062
vn -0.7009 0.0690 -0.7099
vn -0.6970 0.1237 -0.7063
vn -0.2869 0.9580 -0.0001
vn -0.0002 1.0000 -0.0000
vn -0.2870 0.9579 -0.0000
vn -0.5496 0.8354 -0.0000
vn -0.5497 0.8354 -0.0000
vn 0.7660 0.6429 0.0002
vn 0.7660 0.6428 0.0001
vn 0.7660 0.6428 -0.0003
vn 0.7660 0.6428 -0.0002
vn 0.7660 0.6429 -0.0000
vn 0.7660 0.6429 0.0001
vn 0.7659 0.6430 0.0002
vn 0.7660 0.6428 -0.0001
vn 0.7662 0.6426 0.0001
vn 0.4488 -0.8133 -0.3703
vn 0.4463 -0.8089 -0.3827
vn 0.3522 -0.6381 -0.6847
vn 0.3415 -0.6190 -0.7072
vn 0.2069 -0.3750 -0.9036
vn 0.1849 -0.3350 -0.9239
vn 0.0121 -0.0221 -0.9997
vn 0.0009 -0.0013 -1.0000
vn 0.4057 -0.5953 -0.6935
vn 0.2545 -0.7130 -0.6533
vn 0.2542 -0.7133 -0.6532
vn -0.0714 -0.8631 -0.5000
vn -0.0721 -0.8632 -0.4997
vn -0.3865 -0.8817 -0.2706
vn -0.3872 -0.8816 -0.2699
vn -0.1999 -0.0000 -0.9798
vn 0.9814 -0.0000 -0.1919
vn 0.3826 -0.6533 -0.6533
vn 0.1951 -0.6936 -0.6935
vn 0.3828 -0.6533 -0.6533
vn 0.7071 -0.5000 -0.5000
vn 0.9239 -0.2706 -0.2706
vn 0.5495 -0.8355 0.0002
vn 0.5472 -0.8370 -0.0000
vn 0.2847 -0.9586 -0.0000
vn 0.2866 -0.9581 -0.0000
vn -0.0003 -1.0000 -0.0000
vn -0.0004 -1.0000 -0.0000
vn 0.0001 -0.7071 -0.7071
vn 0.0004 -0.7071 -0.7071
vn 0.9507 -0.0000 0.3100
vn 0.2005 -0.0000 0.9797
vn -0.8091 -0.5877 -0.0000
vn -0.9510 -0.3091 -0.0000
vn -0.0020 -0.0000 1.0000
vn -0.5402 -0.4566 -0.7069
vn -0.3869 -0.5919 -0.7071
vn -0.5205 -0.4788 -0.7070
vn -0.5162 -0.4833 -0.7071
vn -0.3669 -0.6045 -0.7071
vn -0.2013 -0.6778 -0.7071
vn -0.1904 -0.6810 -0.7071
vn 0.6948 -0.7192 -0.0000
vn 0.6888 -0.7249 -0.0000
vn 0.7018 -0.7123 -0.0000
vn 0.7071 -0.7071 -0.0006
vn 0.7216 -0.6923 -0.0000
vn 0.6947 -0.7193 -0.0000
vn 0.6726 -0.7400 -0.0000
vn 0.6454 -0.7639 -0.0000
vn 0.6276 -0.7785 -0.0000
vn 0.6070 -0.7947 -0.0000
vn 0.4213 -0.9069 -0.0000
vn 0.2157 -0.9765 -0.0000
vn 0.7515 -0.6598 -0.0000
vn 0.7694 -0.6388 -0.0000
vn 0.7888 -0.6146 -0.0000
vn 0.9042 -0.4271 -0.0000
vn 0.9758 -0.2187 0.0003
vn 0.8765 -0.3630 0.3162
vn 0.6708 -0.6708 0.3162
vn 0.3630 -0.8765 0.3162
vn 0.3630 -0.8765 0.3163
vn -0.3746 -0.9272 -0.0000
vn -0.9814 -0.0000 0.1919
vn -1.0000 -0.0000 0.0001
vn -0.9354 -0.0000 0.3536
vn -0.7500 -0.0000 0.6615
vn -0.8373 -0.0000 0.5467
vn 0.9135 -0.0000 -0.4069
vn 0.6690 -0.0000 -0.7433
vn 0.6693 -0.0000 -0.7430
vn 0.3090 -0.0000 -0.9511
vn -0.1046 -0.0000 -0.9945
vn -0.1042 -0.0000 -0.9946
vn -0.4998 -0.0000 0.8661
vn -0.1045 -0.0000 0.9945
vn 0.3091 -0.0000 0.9510
vn -0.5127 -0.0000 0.8586
vn -0.9787 -0.0000 0.2053
vn -0.9787 -0.0000 -0.2053
vn -0.5127 -0.0000 -0.8586
vn -0.1251 -0.0000 -0.9921
vn -0.4545 -0.0000 0.8908
vn -0.0000 -0.9241 -0.3821
vn -0.0000 -0.7064 -0.7078
vn -0.0000 -0.9056 -0.4242
vn -0.0000 -0.7217 -0.6922
vn -0.0000 -0.4114 -0.9115
vn -0.0000 -0.3806 -0.9248
vn -0.0000 -0.2163 -0.9763
vn 0.9136 -0.0000 0.4066
vn 0.6690 -0.0000 0.7432
vn 0.6690 -0.0000 0.7433
vn 0.3087 -0.0000 0.9512
vn -0.1044 -0.0000 0.9945
vn -1.0000 0.0005 -0.0000
vn -1.0000 0.0006 -0.0000
vn 0.9137 -0.0000 -0.4064
vn 0.6691 -0.0000 -0.7432
vn 0.6692 -0.0000 -0.7431
vn -0.1045 -0.0000 -0.9945
vn -0.1524 -0.6903 -0.7073
vn -0.1516 -0.6907 -0.7071
vn -0.2962 -0.6421 -0.7070
vn -0.2979 -0.6413 -0.7071
vn -0.4271 -0.5636 -0.7070
vn -0.4292 -0.5620 -0.7071
vn -0.4378 -0.5553 -0.7071
vn -0.4388 -0.5542 -0.7073
vn -0.4481 -0.5470 -0.7071
vn -0.0000 -0.3828 0.9238
vn -0.0000 -0.3825 0.9240
vn -0.0000 -0.7071 0.7072
vn -0.0000 -0.9238 0.3829
vn 0.4998 -0.0000 0.8662
vn -0.6690 -0.0000 0.7433
vn -0.1047 -0.0000 -0.9945
vn 0.3091 -0.0000 -0.9510
vn 0.6690 -0.0000 -0.7432
vn 0.9136 -0.0000 -0.4066
vn 0.2477 -0.0000 -0.9688
vn 0.0008 -1.0000 -0.0000
vn -0.2845 -0.9587 -0.0000
vn 0.0004 -1.0000 -0.0000
vn -0.2858 -0.9583 -0.0001
vn -0.5471 -0.8370 -0.0000
vn -0.5491 -0.8358 -0.0000
vn -0.7645 -0.6446 -0.0000
vn -0.7660 -0.6428 0.0003
vn -0.9783 -0.2074 -0.0000
vn -0.8529 -0.5221 -0.0000
vn -0.6295 -0.7770 -0.0000
vn -0.3339 -0.9426 -0.0000
vn 0.2461 -0.2932 -0.9238
vn 0.2460 -0.2932 -0.9239
vn 0.4545 -0.5415 -0.7072
vn 0.4545 -0.5417 -0.7071
vn 0.5937 -0.7077 -0.3829
vn 0.5939 -0.7077 -0.3827
vn 0.7502 -0.0000 0.6612
vn 1.0000 -0.0000 0.0001
vn 0.9507 -0.0000 -0.3100
vn -1.0000 -0.0009 -0.0000
vn -0.9239 -0.2706 -0.2706
vn -0.7071 -0.5000 -0.5000
vn -0.3828 -0.6533 -0.6533
vn -0.3826 -0.6533 -0.6533
vn -0.1951 -0.6935 -0.6935
vn 0.3093 -0.0000 0.9510
vn 0.7916 0.6111 -0.0000
vn 0.8090 0.5878 -0.0000
vn 0.8181 0.5750 -0.0000
vn 0.7678 0.6407 -0.0000
vn 0.7506 0.6608 -0.0000
vn 0.7443 0.6678 -0.0000
vn 0.7372 0.6757 -0.0000
vn 0.7441 0.6680 -0.0000
vn 0.7186 0.6954 -0.0000
vn 0.6909 0.7229 -0.0000
vn 0.6571 0.7538 -0.0000
vn 0.5878 0.8090 -0.0000
vn 0.4600 0.8879 -0.0000
vn 0.2367 0.9716 -0.0000
vn 0.3090 0.9511 -0.0000
vn 0.9511 0.3090 -0.0000
vn 0.9177 0.3973 -0.0000
vn 0.9792 0.2028 -0.0001
vn 0.2475 -0.0000 -0.9689
vn -0.0000 -0.8966 -0.4429
vn -0.0000 -0.9241 -0.3822
vn -0.0000 -0.6460 -0.7634
vn -0.0000 -0.3152 -0.9490
vn -0.9713 -0.0000 0.2378
vn -0.7659 -0.6429 0.0003
vn -0.7662 -0.6427 -0.0000
vn -0.7663 -0.6425 -0.0000
vn -0.7661 -0.6427 -0.0002
vn -0.7659 -0.6429 -0.0004
vn -0.7660 -0.6428 -0.0000
vn -0.7659 -0.6429 -0.0000
vn -0.7659 -0.6430 -0.0000
vn -0.7660 -0.6429 -0.0000
vn -0.7660 -0.6429 0.0001
vn -0.7661 -0.6427 -0.0000
vn -0.7664 -0.6424 -0.0000
vn -0.7146 -0.0000 0.6996
vn -0.4986 -0.0000 -0.8668
vn 0.2419 -0.9390 -0.2445
vn 0.2633 -0.9381 -0.2252
vn -0.0159 -0.8927 -0.4503
vn -0.0701 -0.8704 -0.4874
vn -0.3094 -0.7172 -0.6245
vn -0.3534 -0.6781 -0.6444
vn -0.4389 -0.5906 -0.6771
vn -0.5664 -0.4222 -0.7078
vn -0.5598 -0.4324 -0.7068
vn -0.5892 -0.3854 -0.7102
vn 0.4994 -0.0000 0.8663
vn -0.5002 -0.0000 0.8659
vn -0.5001 -0.0000 0.8659
vn -0.5000 -0.0001 0.8660
vn -0.9136 -0.0000 -0.4066
vn -0.6690 -0.0000 -0.7433
vn -0.3086 -0.0000 -0.9512
vn -0.3089 -0.0000 -0.9511
vn 0.1047 -0.0000 -0.9945
vn -0.9136 -0.0000 -0.4065
vn -0.6693 -0.0000 -0.7430
vn 0.1044 -0.0000 -0.9945
vn 0.1043 -0.0000 -0.9945
vn -0.4995 -0.0000 0.8663
vn -0.7073 -0.0000 -0.7070
vn -1.0000 0.0003 -0.0000
vn -0.0000 -0.4318 0.9019
vn -0.0000 -0.7320 0.6813
vn -0.0000 -0.7320 0.6814
vn -0.0000 -0.9306 0.3660
vn -0.0000 -0.4319 0.9019
vn -0.0000 -0.4545 0.8907
vn -0.0000 -0.7434 0.6688
vn 0.0001 -0.9306 0.3660
vn -0.0000 -0.9337 0.3582
vn -0.0000 -0.4546 0.8907
vn -0.0000 -0.9306 0.3661
vn -0.0000 -0.9336 0.3582
vn -0.0000 -0.4318 0.9020
vn 0.0001 -0.7434 0.6688
vn -0.0000 -0.9337 0.3581
vn -0.0001 -0.9337 0.3581
vn -0.0000 -0.4545 0.8908
vn -0.0000 -0.7071 -0.7072
vn -0.0000 -0.9239 -0.3826
vn -0.0000 0.8660 0.5000
vt 0.664676 4.660000
vt 0.664676 2.668000
vt 0.667745 4.660000
vt 0.656968 4.660000
vt 0.656968 2.668000
vt 0.646116 2.668000
vt 0.646116 4.660000
vt 0.635131 2.668000
vt 0.635131 4.660000
vt 0.627099 2.668000
vt 0.627099 4.660000
vt 0.623652 2.668000
vt 0.623652 4.660000
vt 0.624791 2.668000
vt 0.624791 4.660000
vt 0.629594 2.668000
vt 0.629594 4.660000
vt 0.636845 2.668000
vt 0.636845 4.660000
vt 0.645323 2.668000
vt 0.645323 4.660000
vt 0.653846 2.668000
vt 0.653846 4.660000
vt 0.661238 2.668000
vt 0.661238 4.660000
vt 0.666278 2.668000
vt 0.666278 4.660000
vt 0.667745 2.668000
vt 0.530327 4.660000
vt 0.530327 2.668000
vt 0.532461 4.660000
vt 0.527984 4.660000
vt 0.527984 2.668000
vt 0.525938 2.668000
vt 0.525938 4.660000
vt 0.524617 2.668000
vt 0.524617 4.660000
vt 0.524267 2.668000
vt 0.524267 4.660000
vt 0.524921 2.668000
vt 0.524921 4.660000
vt 0.526415 2.668000
vt 0.526415 4.660000
vt 0.528452 2.668000
vt 0.528452 4.660000
vt 0.530654 2.668000
vt 0.530654 4.660000
vt 0.532620 2.668000
vt 0.532620 4.660000
vt 0.533984 2.668000
vt 0.533984 4.660000
vt 0.534466 2.668000
vt 0.534466 4.660000
vt 0.533935 2.668000
vt 0.533935 4.660000
vt 0.532461 2.668000
vt 0.555556 -3.209140
vt 0.555556 -5.445710
vt 0.500000 -3.209140
vt 0.611111 -5.445710
vt 0.611111 -3.209140
vt 0.666667 -5.445710
vt 0.666667 -3.209140
vt 0.722222 -5.445710
vt 0.722222 -3.209140
vt 0.777778 -5.445710
vt 0.777778 -3.209140
vt 0.833333 -5.445710
vt 0.833333 -3.209140
vt 0.888889 -5.445710
vt 0.888889 -3.209140
vt 0.944444 -5.445710
vt 0.944444 -3.209140
vt 1.000000 -5.445710
vt 1.000000 -3.209140
vt 0.055556 -5.445710
vt 0.000000 -3.209140
vt 0.055556 -3.209140
vt 0.111111 -5.445710
vt 0.111111 -3.209140
vt 0.166667 -5.445710
vt 0.166667 -3.209140
vt 0.222222 -5.445710
vt 0.222222 -3.209140
vt 0.277778 -5.445710
vt 0.277778 -3.209140
vt 0.333333 -5.445710
vt 0.333333 -3.209140
vt 0.388889 -5.445710
vt 0.388889 -3.209140
vt 0.444444 -5.445710
vt 0.444444 -3.209140
vt 0.500000 -5.445710
vt 0.000000 -5.445710
vt 0.649837 4.660000
vt 0.649837 2.668000
vt 0.650386 4.660000
vt 0.648771 4.660000
vt 0.648771 2.668000
vt 0.647401 2.668000
vt 0.647401 4.660000
vt 0.646013 2.668000
vt 0.646013 4.660000
vt 0.644895 2.668000
vt 0.644895 4.660000
vt 0.644273 2.668000
vt 0.644273 4.660000
vt 0.644261 2.668000
vt 0.644261 4.660000
vt 0.644846 2.668000
vt 0.644846 4.660000
vt 0.645903 2.668000
vt 0.645903 4.660000
vt 0.647226 2.668000
vt 0.647226 4.660000
vt 0.648565 2.668000
vt 0.648565 4.660000
vt 0.649668 2.668000
vt 0.649668 4.660000
vt 0.650321 2.668000
vt 0.650321 4.660000
vt 0.650386 2.668000
vt 0.736750 4.660000
vt 0.736750 2.668000
vt 0.736509 4.660000
vt 0.736219 4.660000
vt 0.736219 2.668000
vt 0.735003 2.668000
vt 0.735003 4.660000
vt 0.733341 2.668000
vt 0.733341 4.660000
vt 0.731580 2.668000
vt 0.731580 4.660000
vt 0.730094 2.668000
vt 0.730094 4.660000
vt 0.729185 2.668000
vt 0.729185 4.660000
vt 0.729024 2.668000
vt 0.729024 4.660000
vt 0.729620 2.668000
vt 0.729620 4.660000
vt 0.730836 2.668000
vt 0.730836 4.660000
vt 0.732435 2.668000
vt 0.732435 4.660000
vt 0.734115 2.668000
vt 0.734115 4.660000
vt 0.735565 2.668000
vt 0.735565 4.660000
vt 0.736509 2.668000
vt 0.000000 0.000000
s 1
usemtl TSS_USBC_SuiteModelMtl01
f 1/1/1 2/2/1 3/3/2
f 1/1/1 4/4/3 2/2/1
f 2/2/1 4/4/3 5/5/3
f 5/5/3 4/4/3 6/6/4
f 6/6/4 4/4/3 7/7/4
f 8/8/5 7/7/4 9/9/6
f 10/10/7 9/9/6 11/11/8
f 12/12/9 11/11/8 13/13/9
f 14/14/10 13/13/9 15/15/10
f 16/16/11 15/15/10 17/17/11
f 18/18/12 17/17/11 19/19/12
f 20/20/13 19/19/12 21/21/13
f 22/22/14 21/21/13 23/23/15
f 24/24/16 23/23/15 25/25/17
f 26/26/18 25/25/17 27/27/18
f 28/28/2 27/27/18 3/3/2
f 2/2/1 28/28/2 3/3/2
f 28/28/2 26/26/18 27/27/18
f 26/26/18 24/24/16 25/25/17
f 24/24/16 22/22/14 23/23/15
f 22/22/14 20/20/13 21/21/13
f 20/20/13 18/18/12 19/19/12
f 18/18/12 16/16/11 17/17/11
f 16/16/11 14/14/10 15/15/10
f 14/14/10 12/12/9 13/13/9
f 12/12/9 10/10/7 11/11/8
f 10/10/7 8/8/5 9/9/6
f 8/8/5 6/6/4 7/7/4
f 29/29/1 30/30/1 31/31/2
f 29/29/1 32/32/3 30/30/1
f 30/30/1 32/32/3 33/33/3
f 33/33/3 32/32/3 34/34/4
f 34/34/4 32/32/3 35/35/4
f 36/36/5 35/35/4 37/37/6
f 38/38/7 37/37/6 39/39/8
f 40/40/9 39/39/8 41/41/9
f 42/42/10 41/41/9 43/43/10
f 44/44/11 43/43/10 45/45/11
f 46/46/12 45/45/11 47/47/12
f 48/48/13 47/47/12 49/49/13
f 50/50/14 49/49/13 51/51/15
f 52/52/16 51/51/15 53/53/17
f 54/54/18 53/53/17 55/55/18
f 56/56/2 55/55/18 31/31/2
f 30/30/1 56/56/2 31/31/2
f 56/56/2 54/54/18 55/55/18
f 54/54/18 52/52/16 53/53/17
f 52/52/16 50/50/14 51/51/15
f 50/50/14 48/48/13 49/49/13
f 48/48/13 46/46/12 47/47/12
f 46/46/12 44/44/11 45/45/11
f 44/44/11 42/42/10 43/43/10
f 42/42/10 40/40/9 41/41/9
f 40/40/9 38/38/7 39/39/8
f 38/38/7 36/36/5 37/37/6
f 36/36/5 34/34/4 35/35/4
f 57/57/19 58/58/20 59/59/21
f 57/57/19 60/60/22 58/58/20
f 57/57/19 61/61/22 60/60/22
f 60/60/22 61/61/22 62/62/23
f 62/62/23 61/61/22 63/63/23
f 64/64/24 63/63/23 65/65/25
f 66/66/26 65/65/25 67/67/27
f 68/68/28 67/67/27 69/69/28
f 70/70/29 69/69/28 71/71/29
f 72/72/30 71/71/29 73/73/31
f 74/74/32 73/73/31 75/75/32
f 76/76/33 75/77/32 77/78/34
f 78/79/35 77/78/34 79/80/35
f 80/81/36 79/80/35 81/82/36
f 82/83/37 81/82/36 83/84/38
f 84/85/39 83/84/38 85/86/40
f 86/87/41 85/86/40 87/88/41
f 88/89/42 87/88/41 89/90/42
f 90/91/43 89/90/42 91/92/44
f 92/93/21 91/92/44 59/59/21
f 58/58/20 92/93/21 59/59/21
f 74/74/32 72/72/30 73/73/31
f 72/72/30 70/70/29 71/71/29
f 70/70/29 68/68/28 69/69/28
f 68/68/28 66/66/26 67/67/27
f 66/66/26 64/64/24 65/65/25
f 64/64/24 62/62/23 63/63/23
f 92/93/21 90/91/43 91/92/44
f 90/91/43 88/89/42 89/90/42
f 88/89/42 86/87/41 87/88/41
f 86/87/41 84/85/39 85/86/40
f 84/85/39 82/83/37 83/84/38
f 82/83/37 80/81/36 81/82/36
f 80/81/36 78/79/35 79/80/35
f 78/79/35 76/76/33 77/78/34
f 76/76/33 74/94/32 75/77/32
f 93/57/19 94/58/20 95/59/21
f 93/57/19 96/60/22 94/58/20
f 93/57/19 97/61/22 96/60/22
f 96/60/22 97/61/22 98/62/23
f 98/62/23 97/61/22 99/63/23
f 100/64/24 99/63/23 101/65/25
f 102/66/26 101/65/25 103/67/27
f 104/68/28 103/67/27 105/69/28
f 106/70/29 105/69/28 107/71/29
f 108/72/30 107/71/29 109/73/31
f 110/74/32 109/73/31 111/75/32
f 112/76/33 111/77/32 113/78/34
f 114/79/35 113/78/34 115/80/35
f 116/81/36 115/80/35 117/82/36
f 118/83/37 117/82/36 119/84/38
f 120/85/39 119/84/38 121/86/40
f 122/87/41 121/86/40 123/88/41
f 124/89/42 123/88/41 125/90/42
f 126/91/43 125/90/42 127/92/44
f 128/93/21 127/92/44 95/59/21
f 94/58/20 128/93/21 95/59/21
f 110/74/32 108/72/30 109/73/31
f 108/72/30 106/70/29 107/71/29
f 106/70/29 104/68/28 105/69/28
f 104/68/28 102/66/26 103/67/27
f 102/66/26 100/64/24 101/65/25
f 100/64/24 98/62/23 99/63/23
f 128/93/21 126/91/43 127/92/44
f 126/91/43 124/89/42 125/90/42
f 124/89/42 122/87/41 123/88/41
f 122/87/41 120/85/39 121/86/40
f 120/85/39 118/83/37 119/84/38
f 118/83/37 116/81/36 117/82/36
f 116/81/36 114/79/35 115/80/35
f 114/79/35 112/76/33 113/78/34
f 112/76/33 110/94/32 111/77/32
f 129/57/19 130/58/20 131/59/21
f 129/57/19 132/60/22 130/58/20
f 129/57/19 133/61/22 132/60/22
f 132/60/22 133/61/22 134/62/23
f 134/62/23 133/61/22 135/63/23
f 136/64/24 135/63/23 137/65/25
f 138/66/26 137/65/25 139/67/27
f 140/68/28 139/67/27 141/69/28
f 142/70/29 141/69/28 143/71/29
f 144/72/30 143/71/29 145/73/31
f 146/74/32 145/73/31 147/75/32
f 148/76/33 147/77/32 149/78/34
f 150/79/35 149/78/34 151/80/35
f 152/81/36 151/80/35 153/82/36
f 154/83/37 153/82/36 155/84/38
f 156/85/39 155/84/38 157/86/40
f 158/87/41 157/86/40 159/88/41
f 160/89/42 159/88/41 161/90/42
f 162/91/43 161/90/42 163/92/44
f 164/93/21 163/92/44 131/59/21
f 130/58/20 164/93/21 131/59/21
f 146/74/32 144/72/30 145/73/31
f 144/72/30 142/70/29 143/71/29
f 142/70/29 140/68/28 141/69/28
f 140/68/28 138/66/26 139/67/27
f 138/66/26 136/64/24 137/65/25
f 136/64/24 134/62/23 135/63/23
f 164/93/21 162/91/43 163/92/44
f 162/91/43 160/89/42 161/90/42
f 160/89/42 158/87/41 159/88/41
f 158/87/41 156/85/39 157/86/40
f 156/85/39 154/83/37 155/84/38
f 154/83/37 152/81/36 153/82/36
f 152/81/36 150/79/35 151/80/35
f 150/79/35 148/76/33 149/78/34
f 148/76/33 146/94/32 147/77/32
f 165/95/1 166/96/1 167/97/2
f 165/95/1 168/98/3 166/96/1
f 166/96/1 168/98/3 169/99/3
f 169/99/3 168/98/3 170/100/4
f 170/100/4 168/98/3 171/101/4
f 172/102/6 171/101/4 173/103/6
f 174/104/7 173/103/6 175/105/7
f 176/106/9 175/105/7 177/107/9
f 178/108/10 177/107/9 179/109/10
f 180/110/11 179/109/10 181/111/11
f 182/112/12 181/111/11 183/113/12
f 184/114/13 183/113/12 185/115/13
f 186/116/15 185/115/13 187/117/15
f 188/118/16 187/117/15 189/119/16
f 190/120/18 189/119/16 191/121/18
f 192/122/2 191/121/18 167/97/2
f 166/96/1 192/122/2 167/97/2
f 192/122/2 190/120/18 191/121/18
f 190/120/18 188/118/16 189/119/16
f 188/118/16 186/116/15 187/117/15
f 186/116/15 184/114/13 185/115/13
f 184/114/13 182/112/12 183/113/12
f 182/112/12 180/110/11 181/111/11
f 180/110/11 178/108/10 179/109/10
f 178/108/10 176/106/9 177/107/9
f 176/106/9 174/104/7 175/105/7
f 174/104/7 172/102/6 173/103/6
f 172/102/6 170/100/4 171/101/4
f 193/123/1 194/124/1 195/125/2
f 193/123/1 196/126/3 194/124/1
f 194/124/1 196/126/3 197/127/3
f 197/127/3 196/126/3 198/128/4
f 198/128/4 196/126/3 199/129/4
f 200/130/6 199/129/4 201/131/6
f 202/132/7 201/131/6 203/133/7
f 204/134/9 203/133/7 205/135/9
f 206/136/10 205/135/9 207/137/10
f 208/138/11 207/137/10 209/139/11
f 210/140/12 209/139/11 211/141/12
f 212/142/13 211/141/12 213/143/13
f 214/144/15 213/143/13 215/145/15
f 216/146/16 215/145/15 217/147/16
f 218/148/18 217/147/16 219/149/18
f 220/150/2 219/149/18 195/125/2
f 194/124/1 220/150/2 195/125/2
f 220/150/2 218/148/18 219/149/18
f 218/148/18 216/146/16 217/147/16
f 216/146/16 214/144/15 215/145/15
f 214/144/15 212/142/13 213/143/13
f 212/142/13 210/140/12 211/141/12
f 210/140/12 208/138/11 209/139/11
f 208/138/11 206/136/10 207/137/10
f 206/136/10 204/134/9 205/135/9
f 204/134/9 202/132/7 203/133/7
f 202/132/7 200/130/6 201/131/6
f 200/130/6 198/128/4 199/129/4
f 221/57/19 222/58/20 223/59/21
f 221/57/19 224/60/22 222/58/20
f 221/57/19 225/61/22 224/60/22
f 224/60/22 225/61/22 226/62/23
f 226/62/23 225/61/22 227/63/23
f 228/64/24 227/63/23 229/65/25
f 230/66/26 229/65/25 231/67/26
f 232/68/28 231/67/26 233/69/28
f 234/70/29 233/69/28 235/71/29
f 236/72/30 235/71/29 237/73/31
f 238/74/32 237/73/31 239/75/32
f 240/76/33 239/77/32 241/78/34
f 242/79/35 241/78/34 243/80/35
f 244/81/36 243/80/35 245/82/36
f 246/83/37 245/82/36 247/84/38
f 248/85/39 247/84/38 249/86/39
f 250/87/41 249/86/39 251/88/41
f 252/89/42 251/88/41 253/90/42
f 254/91/43 253/90/42 255/92/44
f 256/93/21 255/92/44 223/59/21
f 222/58/20 256/93/21 223/59/21
f 238/74/32 236/72/30 237/73/31
f 236/72/30 234/70/29 235/71/29
f 234/70/29 232/68/28 233/69/28
f 232/68/28 230/66/26 231/67/26
f 230/66/26 228/64/24 229/65/25
f 228/64/24 226/62/23 227/63/23
f 256/93/21 254/91/43 255/92/44
f 254/91/43 252/89/42 253/90/42
f 252/89/42 250/87/41 251/88/41
f 250/87/41 248/85/39 249/86/39
f 248/85/39 246/83/37 247/84/38
f 246/83/37 244/81/36 245/82/36
f 244/81/36 242/79/35 243/80/35
f 242/79/35 240/76/33 241/78/34
f 240/76/33 238/94/32 239/77/32
usemtl TSS_USBC_SuiteModelMtl02
f 257/151/45 258/151/45 259/151/45 260/151/45
f 261/151/1 257/151/1 260/151/1 262/151/1
f 263/151/46 261/151/46 262/151/46 264/151/46
f 265/151/47 263/151/47 264/151/47 266/151/47
f 267/151/11 265/151/11 266/151/11 268/151/11
f 258/151/48 267/151/48 268/151/48 259/151/48
f 259/151/49 268/151/49 266/151/49 264/151/49 262/151/49 260/151/49
f 269/151/50 270/151/51 271/151/51
f 272/151/52 271/151/51 270/151/51
s 0
f 273/151/53 272/151/51 270/151/54
f 274/151/54 270/151/51 269/151/53
f 275/151/51 274/151/53 269/151/51
f 276/151/51 272/151/53 273/151/51
s 1
f 277/151/51 274/151/51 275/151/51
f 278/151/51 276/151/51 273/151/51
f 279/151/51 277/151/51 275/151/51
f 280/151/51 276/151/51 278/151/51
s 0
f 281/151/55 280/151/51 278/151/51
f 282/151/51 277/151/51 279/151/55
f 283/151/51 282/151/55 279/151/51
f 284/151/51 280/151/53 281/151/51
s 1
f 285/151/51 284/151/51 281/151/51
f 286/151/51 282/151/51 283/151/51
f 287/151/51 286/151/51 283/151/51
f 288/151/51 284/151/51 285/151/51
f 289/151/51 287/151/51 283/151/51
f 290/151/51 284/151/51 288/151/51
f 291/151/51 287/151/51 289/151/51
f 292/151/51 290/151/51 288/151/51
s 0
f 293/151/51 290/151/51 292/151/53
f 294/151/55 291/151/51 289/151/51
f 295/151/51 293/151/55 292/151/51
f 296/151/51 291/151/55 294/151/51
s 1
f 297/151/51 293/151/51 295/151/51
f 298/151/51 296/151/51 294/151/51
f 299/151/51 296/151/51 298/151/51
f 300/151/51 297/151/51 295/151/51
s 0
f 301/151/53 299/151/51 298/151/51
f 302/151/51 297/151/51 300/151/53
f 303/151/51 299/151/53 301/151/54
f 303/151/54 302/151/53 300/151/51
s 1
f 304/151/51 302/151/56 303/151/51
f 304/151/51 303/151/51 301/151/57
f 305/151/58 306/151/59 271/151/59
f 272/151/60 305/151/58 271/151/59
f 272/151/60 307/151/61 305/151/58
f 272/151/60 276/151/62 307/151/61
f 307/151/63 276/151/64 308/151/65
f 308/151/65 276/151/64 280/151/66
f 309/151/67 280/151/66 310/151/68
f 309/151/67 308/151/65 280/151/66
f 311/151/69 275/151/70 312/151/71
f 311/151/69 313/151/72 275/151/70
f 275/151/70 313/151/72 279/151/73
f 279/151/73 313/151/72 314/151/74
f 283/151/75 314/151/74 315/151/76
f 316/151/77 283/151/75 315/151/76
f 316/151/77 289/151/78 283/151/75
f 316/151/77 317/151/79 289/151/78
f 289/151/80 317/151/79 294/151/81
f 294/151/81 317/151/79 318/151/82
f 319/151/83 294/151/81 318/151/82
f 319/151/83 298/151/84 294/151/81
f 319/151/83 320/151/85 298/151/84
f 298/151/86 320/151/87 301/151/88
f 301/151/88 320/151/87 321/151/89
f 304/151/90 321/151/89 322/151/90
f 323/151/91 304/151/90 322/151/90
f 323/151/91 302/151/92 304/151/90
f 323/151/91 324/151/93 302/151/92
f 302/151/92 324/151/94 297/151/95
f 297/151/95 324/151/94 325/151/96
f 326/151/97 297/151/95 325/151/96
f 326/151/97 293/151/98 297/151/95
f 326/151/97 327/151/99 293/151/98
f 293/151/100 327/151/99 290/151/101
f 290/151/101 327/151/99 328/151/102
f 329/151/103 290/151/101 328/151/102
f 329/151/103 284/151/104 290/151/101
f 329/151/103 310/151/68 284/151/104
f 284/151/105 310/151/68 280/151/66
f 304/151/90 301/151/88 321/151/89
f 283/151/75 279/151/106 314/151/74
f 275/151/70 269/151/107 312/151/71
f 312/151/71 269/151/108 330/151/109
f 330/151/109 269/151/108 271/151/59
f 306/151/59 330/151/109 271/151/59
f 331/151/51 332/151/51 333/151/51
f 334/151/51 331/151/51 333/151/51
f 335/151/51 331/151/51 334/151/51
f 336/151/51 335/151/51 334/151/51
f 337/151/51 335/151/51 336/151/51
f 338/151/51 337/151/51 336/151/51
f 339/151/51 337/151/51 338/151/51
f 340/151/51 339/151/51 338/151/51
f 341/151/51 339/151/51 340/151/51
f 342/151/51 341/151/51 340/151/51
f 343/151/51 341/151/51 342/151/51
f 344/151/51 343/151/51 342/151/51
f 345/151/51 343/151/51 344/151/51
f 346/151/51 345/151/51 344/151/51
f 347/151/51 346/151/51 344/151/51
f 348/151/51 346/151/51 347/151/51
f 349/151/110 333/151/111 350/151/112
f 349/151/110 334/151/113 333/151/111
f 349/151/110 351/151/114 334/151/113
f 334/151/113 351/151/114 336/151/115
f 336/151/115 351/151/114 352/151/116
f 338/151/117 352/151/116 353/151/117
f 340/151/118 353/151/117 354/151/119
f 342/151/120 354/151/119 355/151/121
f 344/151/122 355/151/121 356/151/123
f 347/151/124 356/151/123 357/151/125
f 348/151/126 357/151/125 358/151/127
f 346/151/128 358/151/127 359/151/129
f 345/151/130 359/151/129 360/151/131
f 343/151/132 360/151/131 361/151/133
f 341/151/134 361/151/133 362/151/134
f 339/151/135 362/151/134 363/151/136
f 337/151/137 363/151/136 364/151/138
f 335/151/139 364/151/138 365/151/140
f 331/151/141 365/151/140 366/151/142
f 332/151/143 366/151/142 350/151/112
f 333/151/111 332/151/143 350/151/112
f 332/151/143 331/151/141 366/151/142
f 331/151/141 335/151/139 365/151/140
f 335/151/139 337/151/137 364/151/138
f 337/151/137 339/151/135 363/151/136
f 339/151/135 341/151/134 362/151/134
f 341/151/134 343/151/132 361/151/133
f 343/151/132 345/151/130 360/151/131
f 345/151/130 346/151/128 359/151/129
f 346/151/128 348/151/126 358/151/127
f 348/151/126 347/151/124 357/151/125
f 347/151/124 344/151/122 356/151/123
f 344/151/122 342/151/120 355/151/121
f 342/151/120 340/151/118 354/151/119
f 340/151/118 338/151/117 353/151/117
f 338/151/117 336/151/115 352/151/116
f 367/151/48 368/151/48 369/151/48 370/151/48
f 317/151/49 316/151/49 315/151/49
f 314/151/49 317/151/49 315/151/49
f 318/151/49 317/151/49 314/151/49
f 313/151/49 318/151/49 314/151/49
f 319/151/49 318/151/49 313/151/49
f 311/151/49 319/151/49 313/151/49
f 263/151/49 319/151/49 311/151/49
f 320/151/49 319/151/49 263/151/49
f 312/151/49 263/151/49 311/151/49
f 261/151/49 263/151/49 312/151/49
f 265/151/49 320/151/49 263/151/49
f 330/151/49 261/151/49 312/151/49
f 321/151/49 320/151/49 265/151/49
f 322/151/49 321/151/49 265/151/49
f 306/151/49 261/151/49 330/151/49
f 305/151/49 261/151/49 306/151/49
f 323/151/49 322/151/49 265/151/49
f 267/151/49 323/151/49 265/151/49
f 257/151/49 261/151/49 305/151/49
f 307/151/49 257/151/49 305/151/49
f 324/151/49 323/151/49 267/151/49
f 258/151/49 257/151/49 307/151/49
f 258/151/49 324/151/49 267/151/49
f 308/151/49 324/151/49 258/151/49
f 308/151/49 258/151/49 307/151/49
f 325/151/49 324/151/49 308/151/49
f 309/151/49 325/151/49 308/151/49
f 326/151/49 325/151/49 309/151/49
f 310/151/49 326/151/49 309/151/49
f 327/151/49 326/151/49 310/151/49
f 328/151/49 327/151/49 310/151/49
f 329/151/49 328/151/49 310/151/49
f 371/151/45 372/151/45 373/151/45 374/151/45
f 375/151/1 371/151/1 374/151/1 376/151/1
f 368/151/11 377/151/11 378/151/11 369/151/11
f 379/151/47 380/151/47 381/151/47 382/151/47
f 383/151/11 379/151/11 382/151/11 384/151/11
f 372/151/48 383/151/48 384/151/48 373/151/48
f 373/151/49 384/151/49 382/151/49 381/151/49 376/151/49 374/151/49
f 385/151/144 386/151/51 387/151/51
f 388/151/145 387/151/51 386/151/51
s 0
f 389/151/53 388/151/51 386/151/54
f 390/151/54 386/151/51 385/151/53
f 391/151/51 390/151/53 385/151/51
f 392/151/51 388/151/53 389/151/51
s 1
f 393/151/51 390/151/51 391/151/51
f 394/151/51 392/151/51 389/151/51
f 395/151/51 393/151/51 391/151/51
f 396/151/51 392/151/51 394/151/51
s 0
f 397/151/55 396/151/51 394/151/51
f 398/151/51 393/151/51 395/151/55
f 399/151/54 398/151/55 395/151/51
f 400/151/51 396/151/53 397/151/51
s 1
f 401/151/51 400/151/51 397/151/51
f 402/151/51 398/151/51 399/151/51
f 403/151/51 402/151/51 399/151/51
f 404/151/51 400/151/51 401/151/51
f 405/151/51 403/151/51 399/151/51
f 406/151/51 400/151/51 404/151/51
f 407/151/51 403/151/51 405/151/51
f 408/151/51 406/151/51 404/151/51
s 0
f 409/151/51 406/151/51 408/151/53
f 410/151/55 407/151/51 405/151/54
f 411/151/51 409/151/55 408/151/51
f 412/151/51 407/151/55 410/151/51
s 1
f 413/151/51 409/151/51 411/151/51
f 414/151/51 412/151/51 410/151/51
f 415/151/51 412/151/51 414/151/51
f 416/151/51 413/151/51 411/151/51
s 0
f 417/151/53 415/151/51 414/151/51
f 418/151/51 413/151/51 416/151/53
f 419/151/51 415/151/53 417/151/54
f 419/151/54 418/151/53 416/151/51
s 1
f 420/151/51 418/151/146 419/151/51
f 420/151/51 419/151/51 417/151/147
f 421/151/58 422/151/59 387/151/59
f 388/151/60 421/151/58 387/151/59
f 388/151/60 423/151/61 421/151/58
f 388/151/60 392/151/62 423/151/61
f 423/151/63 392/151/148 424/151/65
f 424/151/65 392/151/148 396/151/66
f 425/151/67 396/151/66 426/151/68
f 425/151/67 424/151/65 396/151/66
f 427/151/69 391/151/70 428/151/149
f 427/151/69 429/151/150 391/151/70
f 391/151/70 429/151/150 395/151/151
f 395/151/151 429/151/150 430/151/74
f 399/151/75 430/151/74 431/151/152
f 432/151/153 399/151/75 431/151/152
f 432/151/153 405/151/78 399/151/75
f 432/151/153 433/151/79 405/151/78
f 405/151/154 433/151/79 410/151/81
f 410/151/81 433/151/79 434/151/82
f 435/151/83 410/151/81 434/151/82
f 435/151/83 414/151/155 410/151/81
f 435/151/83 436/151/85 414/151/155
f 414/151/86 436/151/87 417/151/88
f 417/151/88 436/151/87 437/151/89
f 420/151/90 437/151/89 438/151/90
f 439/151/91 420/151/90 438/151/90
f 439/151/91 418/151/92 420/151/90
f 439/151/91 440/151/93 418/151/92
f 418/151/92 440/151/93 413/151/95
f 413/151/95 440/151/93 441/151/96
f 442/151/97 413/151/95 441/151/96
f 442/151/97 409/151/156 413/151/95
f 442/151/97 443/151/99 409/151/156
f 409/151/100 443/151/99 406/151/101
f 406/151/101 443/151/99 444/151/157
f 445/151/158 406/151/101 444/151/157
f 445/151/158 400/151/104 406/151/101
f 445/151/158 426/151/68 400/151/104
f 400/151/105 426/151/68 396/151/66
f 420/151/90 417/151/88 437/151/89
f 399/151/75 395/151/106 430/151/74
f 391/151/70 385/151/107 428/151/149
f 428/151/71 385/151/108 446/151/109
f 446/151/109 385/151/108 387/151/59
f 422/151/59 446/151/109 387/151/59
f 447/151/51 448/151/51 449/151/51
f 450/151/51 447/151/51 449/151/51
f 451/151/51 447/151/51 450/151/51
f 452/151/51 451/151/51 450/151/51
f 453/151/51 451/151/51 452/151/51
f 454/151/51 453/151/51 452/151/51
f 455/151/51 453/151/51 454/151/51
f 456/151/51 455/151/51 454/151/51
f 457/151/51 455/151/51 456/151/51
f 458/151/51 457/151/51 456/151/51
f 459/151/51 457/151/51 458/151/51
f 460/151/51 459/151/51 458/151/51
f 461/151/51 459/151/51 460/151/51
f 462/151/51 461/151/51 460/151/51
f 463/151/51 462/151/51 460/151/51
f 464/151/51 462/151/51 463/151/51
f 465/151/110 449/151/111 466/151/159
f 465/151/110 450/151/160 449/151/111
f 465/151/110 467/151/161 450/151/160
f 450/151/160 467/151/161 452/151/115
f 452/151/115 467/151/161 468/151/162
f 454/151/117 468/151/162 469/151/117
f 456/151/118 469/151/117 470/151/119
f 458/151/120 470/151/119 471/151/121
f 460/151/163 471/151/121 472/151/163
f 463/151/124 472/151/163 473/151/125
f 464/151/126 473/151/125 474/151/126
f 462/151/128 474/151/126 475/151/164
f 461/151/130 475/151/164 476/151/131
f 459/151/132 476/151/131 477/151/133
f 457/151/134 477/151/133 478/151/134
f 455/151/135 478/151/134 479/151/136
f 453/151/137 479/151/136 480/151/138
f 451/151/165 480/151/138 481/151/166
f 447/151/141 481/151/166 482/151/142
f 448/151/159 482/151/142 466/151/159
f 449/151/111 448/151/159 466/151/159
f 448/151/159 447/151/141 482/151/142
f 447/151/141 451/151/165 481/151/166
f 451/151/165 453/151/137 480/151/138
f 453/151/137 455/151/135 479/151/136
f 455/151/135 457/151/134 478/151/134
f 457/151/134 459/151/132 477/151/133
f 459/151/132 461/151/130 476/151/131
f 461/151/130 462/151/128 475/151/164
f 462/151/128 464/151/126 474/151/126
f 464/151/126 463/151/124 473/151/125
f 463/151/124 460/151/163 472/151/163
f 460/151/163 458/151/120 471/151/121
f 458/151/120 456/151/118 470/151/119
f 456/151/118 454/151/117 469/151/117
f 454/151/117 452/151/115 468/151/162
f 377/151/47 483/151/47 484/151/47 378/151/47
f 433/151/49 432/151/49 431/151/49
f 430/151/49 433/151/49 431/151/49
f 434/151/49 433/151/49 430/151/49
f 429/151/49 434/151/49 430/151/49
f 435/151/49 434/151/49 429/151/49
f 427/151/49 435/151/49 429/151/49
f 380/151/49 435/151/49 427/151/49
f 436/151/49 435/151/49 380/151/49
f 428/151/49 380/151/49 427/151/49
f 375/151/49 380/151/49 428/151/49
f 379/151/49 436/151/49 380/151/49
f 446/151/49 375/151/49 428/151/49
f 437/151/49 436/151/49 379/151/49
f 438/151/49 437/151/49 379/151/49
f 422/151/49 375/151/49 446/151/49
f 421/151/49 375/151/49 422/151/49
f 439/151/49 438/151/49 379/151/49
f 383/151/49 439/151/49 379/151/49
f 371/151/49 375/151/49 421/151/49
f 423/151/49 371/151/49 421/151/49
f 440/151/49 439/151/49 383/151/49
f 372/151/49 371/151/49 423/151/49
f 372/151/49 440/151/49 383/151/49
f 424/151/49 440/151/49 372/151/49
f 424/151/49 372/151/49 423/151/49
f 441/151/49 440/151/49 424/151/49
f 425/151/49 441/151/49 424/151/49
f 442/151/49 441/151/49 425/151/49
f 426/151/49 442/151/49 425/151/49
f 443/151/49 442/151/49 426/151/49
f 444/151/49 443/151/49 426/151/49
f 445/151/49 444/151/49 426/151/49
f 485/151/45 486/151/45 487/151/45 488/151/45
f 489/151/1 485/151/1 488/151/1 490/151/1
f 491/151/46 489/151/46 490/151/46 492/151/46
f 493/151/47 491/151/47 492/151/47 494/151/47
f 495/151/11 493/151/11 494/151/11 496/151/11
f 486/151/48 495/151/48 496/151/48 487/151/48
f 487/151/49 496/151/49 494/151/49 492/151/49 490/151/49 488/151/49
f 497/151/144 498/151/51 499/151/51
f 500/151/145 499/151/51 498/151/51
s 0
f 501/151/53 500/151/51 498/151/54
f 502/151/54 498/151/51 497/151/53
f 503/151/51 502/151/53 497/151/51
f 504/151/51 500/151/53 501/151/51
s 1
f 505/151/51 502/151/51 503/151/51
f 506/151/51 504/151/51 501/151/51
f 507/151/51 505/151/51 503/151/51
f 508/151/51 504/151/51 506/151/51
s 0
f 509/151/55 508/151/51 506/151/51
f 510/151/51 505/151/51 507/151/55
f 511/151/54 510/151/55 507/151/51
f 512/151/51 508/151/53 509/151/51
s 1
f 513/151/51 512/151/51 509/151/51
f 514/151/51 510/151/51 511/151/51
f 515/151/51 514/151/51 511/151/51
f 516/151/51 512/151/51 513/151/51
f 517/151/51 515/151/51 511/151/51
f 518/151/51 512/151/51 516/151/51
f 519/151/51 515/151/51 517/151/51
f 520/151/51 518/151/51 516/151/51
s 0
f 521/151/51 518/151/51 520/151/53
f 522/151/55 519/151/51 517/151/54
f 523/151/51 521/151/55 520/151/51
f 524/151/51 519/151/55 522/151/51
s 1
f 525/151/51 521/151/51 523/151/51
f 526/151/51 524/151/51 522/151/51
f 527/151/51 524/151/51 526/151/51
f 528/151/51 525/151/51 523/151/51
s 0
f 529/151/53 527/151/51 526/151/51
f 530/151/51 525/151/51 528/151/53
f 531/151/51 527/151/53 529/151/54
f 531/151/54 530/151/53 528/151/51
s 1
f 532/151/51 530/151/146 531/151/51
f 532/151/51 531/151/51 529/151/147
f 533/151/58 534/151/59 499/151/59
f 500/151/60 533/151/58 499/151/59
f 500/151/60 535/151/61 533/151/58
f 500/151/60 504/151/62 535/151/61
f 535/151/167 504/151/168 536/151/65
f 536/151/65 504/151/168 508/151/66
f 537/151/67 508/151/66 538/151/68
f 537/151/67 536/151/65 508/151/66
f 539/151/69 503/151/70 540/151/149
f 539/151/69 541/151/150 503/151/70
f 503/151/70 541/151/150 507/151/151
f 507/151/151 541/151/150 542/151/74
f 511/151/75 542/151/74 543/151/152
f 544/151/153 511/151/75 543/151/152
f 544/151/153 517/151/78 511/151/75
f 544/151/153 545/151/79 517/151/78
f 517/151/154 545/151/79 522/151/81
f 522/151/81 545/151/79 546/151/82
f 547/151/83 522/151/81 546/151/82
f 547/151/83 526/151/155 522/151/81
f 547/151/83 548/151/85 526/151/155
f 526/151/86 548/151/169 529/151/88
f 529/151/88 548/151/169 549/151/89
f 532/151/90 549/151/89 550/151/90
f 551/151/170 532/151/90 550/151/90
f 551/151/170 530/151/92 532/151/90
f 551/151/170 552/151/93 530/151/92
f 530/151/171 552/151/93 525/151/95
f 525/151/95 552/151/93 553/151/172
f 554/151/173 525/151/95 553/151/172
f 554/151/173 521/151/156 525/151/95
f 554/151/173 555/151/99 521/151/156
f 521/151/100 555/151/99 518/151/174
f 518/151/174 555/151/99 556/151/157
f 557/151/158 518/151/174 556/151/157
f 557/151/158 512/151/104 518/151/174
f 557/151/158 538/151/68 512/151/104
f 512/151/105 538/151/68 508/151/66
f 532/151/90 529/151/88 549/151/89
f 511/151/75 507/151/106 542/151/74
f 503/151/70 497/151/108 540/151/149
f 540/151/71 497/151/108 558/151/109
f 558/151/109 497/151/108 499/151/59
f 534/151/59 558/151/109 499/151/59
f 559/151/51 560/151/51 561/151/51
f 562/151/51 559/151/51 561/151/51
f 563/151/51 559/151/51 562/151/51
f 564/151/51 563/151/51 562/151/51
f 565/151/51 563/151/51 564/151/51
f 566/151/51 565/151/51 564/151/51
f 567/151/51 565/151/51 566/151/51
f 568/151/51 567/151/51 566/151/51
f 569/151/51 567/151/51 568/151/51
f 570/151/51 569/151/51 568/151/51
f 571/151/51 569/151/51 570/151/51
f 572/151/51 571/151/51 570/151/51
f 573/151/51 571/151/51 572/151/51
f 574/151/51 573/151/51 572/151/51
f 575/151/51 574/151/51 572/151/51
f 576/151/51 574/151/51 575/151/51
f 577/151/110 561/151/111 578/151/175
f 577/151/110 562/151/113 561/151/111
f 577/151/110 579/151/114 562/151/113
f 562/151/113 579/151/114 564/151/115
f 564/151/115 579/151/114 580/151/162
f 566/151/117 580/151/162 581/151/117
f 568/151/118 581/151/117 582/151/119
f 570/151/120 582/151/119 583/151/121
f 572/151/163 583/151/121 584/151/176
f 575/151/124 584/151/176 585/151/125
f 576/151/127 585/151/125 586/151/126
f 574/151/128 586/151/126 587/151/129
f 573/151/131 587/151/129 588/151/131
f 571/151/132 588/151/131 589/151/133
f 569/151/134 589/151/133 590/151/134
f 567/151/135 590/151/134 591/151/136
f 565/151/137 591/151/136 592/151/138
f 563/151/165 592/151/138 593/151/177
f 559/151/141 593/151/177 594/151/142
f 560/151/159 594/151/142 578/151/175
f 561/151/111 560/151/159 578/151/175
f 560/151/159 559/151/141 594/151/142
f 559/151/141 563/151/165 593/151/177
f 563/151/165 565/151/137 592/151/138
f 565/151/137 567/151/135 591/151/136
f 567/151/135 569/151/134 590/151/134
f 569/151/134 571/151/132 589/151/133
f 571/151/132 573/151/131 588/151/131
f 573/151/131 574/151/128 587/151/129
f 574/151/128 576/151/127 586/151/126
f 576/151/127 575/151/124 585/151/125
f 575/151/124 572/151/163 584/151/176
f 572/151/163 570/151/120 583/151/121
f 570/151/120 568/151/118 582/151/119
f 568/151/118 566/151/117 581/151/117
f 566/151/117 564/151/115 580/151/162
f 380/151/46 375/151/46 376/151/46 381/151/46
f 545/151/49 544/151/49 543/151/49
f 542/151/49 545/151/49 543/151/49
f 546/151/49 545/151/49 542/151/49
f 541/151/49 546/151/49 542/151/49
f 547/151/49 546/151/49 541/151/49
f 539/151/49 547/151/49 541/151/49
f 491/151/49 547/151/49 539/151/49
f 548/151/49 547/151/49 491/151/49
f 540/151/49 491/151/49 539/151/49
f 489/151/49 491/151/49 540/151/49
f 493/151/49 548/151/49 491/151/49
f 558/151/49 489/151/49 540/151/49
f 549/151/49 548/151/49 493/151/49
f 550/151/49 549/151/49 493/151/49
f 534/151/49 489/151/49 558/151/49
f 533/151/49 489/151/49 534/151/49
f 551/151/49 550/151/49 493/151/49
f 495/151/49 551/151/49 493/151/49
f 485/151/49 489/151/49 533/151/49
f 535/151/49 485/151/49 533/151/49
f 552/151/49 551/151/49 495/151/49
f 486/151/49 485/151/49 535/151/49
f 486/151/49 552/151/49 495/151/49
f 536/151/49 552/151/49 486/151/49
f 536/151/49 486/151/49 535/151/49
f 553/151/49 552/151/49 536/151/49
f 537/151/49 553/151/49 536/151/49
f 554/151/49 553/151/49 537/151/49
f 538/151/49 554/151/49 537/151/49
f 555/151/49 554/151/49 538/151/49
f 556/151/49 555/151/49 538/151/49
f 557/151/49 556/151/49 538/151/49
f 595/151/45 367/151/45 370/151/45 596/151/45
f 597/151/1 595/151/1 596/151/1 598/151/1
f 599/151/49 600/151/49 601/151/49
f 602/151/49 599/151/49 601/151/49
f 603/151/49 599/151/49 602/151/49
f 604/151/49 603/151/49 602/151/49
f 605/151/49 603/151/49 604/151/49
f 606/151/49 605/151/49 604/151/49
f 483/151/49 605/151/49 606/151/49
f 607/151/49 605/151/49 483/151/49
f 608/151/49 483/151/49 606/151/49
f 597/151/49 483/151/49 608/151/49
f 377/151/49 607/151/49 483/151/49
f 609/151/49 597/151/49 608/151/49
f 610/151/49 607/151/49 377/151/49
f 611/151/49 610/151/49 377/151/49
f 612/151/49 597/151/49 609/151/49
f 613/151/49 597/151/49 612/151/49
f 614/151/49 611/151/49 377/151/49
f 368/151/49 614/151/49 377/151/49
f 595/151/49 597/151/49 613/151/49
f 615/151/49 595/151/49 613/151/49
f 616/151/49 614/151/49 368/151/49
f 367/151/49 595/151/49 615/151/49
f 367/151/49 616/151/49 368/151/49
f 617/151/49 616/151/49 367/151/49
f 617/151/49 367/151/49 615/151/49
f 618/151/49 616/151/49 617/151/49
f 619/151/49 618/151/49 617/151/49
f 620/151/49 618/151/49 619/151/49
f 621/151/49 620/151/49 619/151/49
f 622/151/49 620/151/49 621/151/49
f 623/151/49 622/151/49 621/151/49
f 624/151/49 623/151/49 621/151/49
f 625/151/178 626/151/111 627/151/179
f 625/151/178 628/151/180 626/151/111
f 625/151/178 629/151/113 628/151/180
f 628/151/180 629/151/113 630/151/115
f 630/151/115 629/151/113 631/151/116
f 632/151/117 631/151/116 633/151/117
f 634/151/118 633/151/117 635/151/119
f 636/151/120 635/151/119 637/151/121
f 638/151/123 637/151/121 639/151/123
f 640/151/124 639/151/123 641/151/125
f 642/151/126 641/151/125 643/151/127
f 644/151/128 643/151/127 645/151/129
f 646/151/131 645/151/129 647/151/181
f 648/151/132 647/151/181 649/151/133
f 650/151/134 649/151/133 651/151/134
f 652/151/135 651/151/134 653/151/136
f 654/151/137 653/151/136 655/151/138
f 656/151/166 655/151/138 657/151/166
f 658/151/141 657/151/166 659/151/142
f 660/151/143 659/151/142 627/151/179
f 626/151/111 660/151/143 627/151/179
f 660/151/143 658/151/141 659/151/142
f 658/151/141 656/151/166 657/151/166
f 656/151/166 654/151/137 655/151/138
f 654/151/137 652/151/135 653/151/136
f 652/151/135 650/151/134 651/151/134
f 650/151/134 648/151/132 649/151/133
f 648/151/132 646/151/131 647/151/181
f 646/151/131 644/151/128 645/151/129
f 644/151/128 642/151/126 643/151/127
f 642/151/126 640/151/124 641/151/125
f 640/151/124 638/151/123 639/151/123
f 638/151/123 636/151/120 637/151/121
f 636/151/120 634/151/118 635/151/119
f 634/151/118 632/151/117 633/151/117
f 632/151/117 630/151/115 631/151/116
f 658/151/51 660/151/51 626/151/51
f 628/151/51 658/151/51 626/151/51
f 656/151/51 658/151/51 628/151/51
f 630/151/51 656/151/51 628/151/51
f 654/151/51 656/151/51 630/151/51
f 632/151/51 654/151/51 630/151/51
f 652/151/51 654/151/51 632/151/51
f 634/151/51 652/151/51 632/151/51
f 650/151/51 652/151/51 634/151/51
f 636/151/51 650/151/51 634/151/51
f 648/151/51 650/151/51 636/151/51
f 638/151/51 648/151/51 636/151/51
f 646/151/51 648/151/51 638/151/51
f 644/151/51 646/151/51 638/151/51
f 640/151/51 644/151/51 638/151/51
f 642/151/51 644/151/51 640/151/51
f 613/151/58 612/151/59 661/151/59
f 662/151/60 613/151/58 661/151/59
f 662/151/60 615/151/61 613/151/58
f 662/151/60 663/151/62 615/151/61
f 615/151/167 663/151/64 617/151/65
f 617/151/65 663/151/64 664/151/66
f 619/151/67 664/151/66 621/151/68
f 619/151/67 617/151/65 664/151/66
f 606/151/69 665/151/70 608/151/71
f 606/151/69 604/151/72 665/151/70
f 665/151/70 604/151/72 666/151/73
f 666/151/73 604/151/72 602/151/74
f 667/151/75 602/151/74 601/151/152
f 600/151/153 667/151/75 601/151/152
f 600/151/153 668/151/78 667/151/75
f 600/151/153 599/151/79 668/151/78
f 668/151/80 599/151/79 669/151/81
f 669/151/81 599/151/79 603/151/82
f 605/151/83 669/151/81 603/151/82
f 605/151/83 670/151/84 669/151/81
f 605/151/83 607/151/85 670/151/84
f 670/151/86 607/151/87 671/151/88
f 671/151/88 607/151/87 610/151/89
f 672/151/90 610/151/89 611/151/90
f 614/151/91 672/151/90 611/151/90
f 614/151/91 673/151/92 672/151/90
f 614/151/91 616/151/93 673/151/92
f 673/151/171 616/151/93 674/151/95
f 674/151/95 616/151/93 618/151/172
f 620/151/173 674/151/95 618/151/172
f 620/151/173 675/151/98 674/151/95
f 620/151/173 622/151/99 675/151/98
f 675/151/100 622/151/99 676/151/174
f 676/151/174 622/151/99 623/151/102
f 624/151/103 676/151/174 623/151/102
f 624/151/103 677/151/104 676/151/174
f 624/151/103 621/151/68 677/151/104
f 677/151/105 621/151/68 664/151/66
f 672/151/90 671/151/88 610/151/89
f 667/151/75 666/151/106 602/151/74
f 665/151/70 678/151/107 608/151/71
f 608/151/71 678/151/108 609/151/182
f 609/151/182 678/151/108 661/151/59
f 612/151/59 609/151/182 661/151/59
f 678/151/50 679/151/51 661/151/51
f 662/151/52 661/151/51 679/151/51
s 0
f 680/151/53 662/151/51 679/151/54
f 681/151/54 679/151/51 678/151/53
f 665/151/51 681/151/53 678/151/51
f 663/151/51 662/151/53 680/151/51
s 1
f 682/151/51 681/151/51 665/151/51
f 683/151/51 663/151/51 680/151/51
f 666/151/51 682/151/51 665/151/51
f 664/151/51 663/151/51 683/151/51
s 0
f 684/151/55 664/151/51 683/151/51
f 685/151/51 682/151/51 666/151/55
f 667/151/51 685/151/55 666/151/51
f 677/151/51 664/151/53 684/151/51
s 1
f 686/151/51 677/151/51 684/151/51
f 687/151/51 685/151/51 667/151/51
f 688/151/51 687/151/51 667/151/51
f 689/151/51 677/151/51 686/151/51
f 668/151/51 688/151/51 667/151/51
f 676/151/51 677/151/51 689/151/51
f 690/151/51 688/151/51 668/151/51
f 691/151/51 676/151/51 689/151/51
s 0
f 675/151/51 676/151/51 691/151/53
f 669/151/55 690/151/51 668/151/51
f 692/151/51 675/151/55 691/151/51
f 693/151/51 690/151/55 669/151/51
s 1
f 674/151/51 675/151/51 692/151/51
f 670/151/51 693/151/51 669/151/51
f 694/151/51 693/151/51 670/151/51
f 695/151/51 674/151/51 692/151/51
s 0
f 671/151/53 694/151/51 670/151/51
f 673/151/51 674/151/51 695/151/53
f 696/151/51 694/151/53 671/151/54
f 696/151/54 673/151/53 695/151/51
s 1
f 672/151/51 673/151/56 696/151/51
f 672/151/51 696/151/51 671/151/57
f 370/151/49 369/151/49 378/151/49 484/151/49 598/151/49 596/151/49
f 483/151/46 597/151/46 598/151/46 484/151/46
usemtl TSS_USBC_SuiteModelMtl03
f 697/151/51 698/151/51 699/151/51
f 700/151/51 697/151/51 699/151/51
f 701/151/51 697/151/51 700/151/51
f 702/151/51 701/151/51 700/151/51
f 703/151/51 701/151/51 702/151/51
f 704/151/51 703/151/51 702/151/51
f 705/151/51 703/151/51 704/151/51
f 706/151/51 705/151/51 704/151/51
f 707/151/51 705/151/51 706/151/51
f 708/151/51 707/151/51 706/151/51
f 709/151/51 707/151/51 708/151/51
f 710/151/51 709/151/51 708/151/51
f 711/151/51 712/151/51 713/151/51
f 714/151/51 712/151/51 711/151/51
f 715/151/51 714/151/51 711/151/51
f 716/151/51 714/151/51 715/151/51
f 717/151/51 710/151/51 708/151/51
f 718/151/51 716/151/51 715/151/51
f 719/151/51 718/151/51 715/151/51
f 720/151/51 710/151/51 717/151/51
f 721/151/51 720/151/51 717/151/51
f 722/151/51 719/151/51 715/151/51
f 723/151/51 721/151/51 717/151/51
f 724/151/51 721/151/51 723/151/51
f 725/151/51 719/151/51 722/151/51
f 726/151/51 725/151/51 722/151/51
f 727/151/51 724/151/51 723/151/51
f 728/151/51 726/151/51 727/151/51
f 728/151/51 727/151/51 723/151/51
f 729/151/51 726/151/51 728/151/51
f 729/151/51 725/151/51 726/151/51
f 730/151/51 725/151/51 729/151/51
f 731/151/51 725/151/51 730/151/51
f 732/151/51 725/151/51 731/151/51
f 733/151/51 725/151/51 732/151/51
f 734/151/51 725/151/51 733/151/51
f 735/151/51 734/151/51 733/151/51
f 736/151/51 734/151/51 735/151/51
f 737/151/51 736/151/51 735/151/51
f 738/151/51 739/151/51 740/151/51
f 741/151/51 739/151/51 738/151/51
f 742/151/51 739/151/51 741/151/51
f 743/151/51 739/151/51 742/151/51
f 744/151/51 743/151/51 742/151/51
f 745/151/51 743/151/51 744/151/51
f 746/151/51 743/151/51 745/151/51
f 747/151/51 743/151/51 746/151/51
f 748/151/51 747/151/51 746/151/51
f 749/151/51 747/151/51 748/151/51
f 750/151/51 749/151/51 748/151/51
f 751/151/51 749/151/51 750/151/51
f 752/151/51 751/151/51 750/151/51
f 753/151/51 751/151/51 752/151/51
f 754/151/51 753/151/51 752/151/51
f 755/151/51 753/151/51 754/151/51
f 756/151/51 753/151/51 755/151/51
f 757/151/51 753/151/51 756/151/51
f 758/151/51 753/151/51 757/151/51
f 759/151/51 758/151/51 757/151/51
f 760/151/51 758/151/51 759/151/51
f 761/151/51 760/151/51 759/151/51
f 762/151/51 760/151/51 761/151/51
f 763/151/51 761/151/51 759/151/51
f 764/151/51 762/151/51 761/151/51
f 765/151/51 762/151/51 764/151/51
f 766/151/51 765/151/51 764/151/51
f 767/151/51 761/151/51 763/151/51
f 768/151/51 767/151/51 763/151/51
f 769/151/51 767/151/51 768/151/51
f 770/151/51 769/151/51 768/151/51
f 771/151/51 769/151/51 770/151/51
f 772/151/51 769/151/51 771/151/51
f 773/151/51 772/151/51 771/151/51
f 774/151/51 772/151/51 773/151/51
f 775/151/51 772/151/51 774/151/51
f 776/151/51 775/151/51 774/151/51
f 777/151/51 775/151/51 776/151/51
f 778/151/51 775/151/51 777/151/51
f 779/151/51 780/151/51 781/151/51
f 782/151/51 780/151/51 779/151/51
f 783/151/51 782/151/51 779/151/51
f 784/151/51 783/151/51 779/151/51
f 785/151/51 784/151/51 779/151/51
f 786/151/51 784/151/51 785/151/51
f 787/151/51 786/151/51 785/151/51
f 788/151/51 787/151/51 785/151/51
f 789/151/51 787/151/51 788/151/51
f 790/151/51 789/151/51 788/151/51
f 791/151/51 790/151/51 788/151/51
f 792/151/51 790/151/51 791/151/51
f 793/151/51 791/151/51 788/151/51
f 794/151/51 790/151/51 792/151/51
f 795/151/51 790/151/51 794/151/51
f 796/151/51 795/151/51 794/151/51
f 797/151/51 793/151/51 788/151/51
f 798/151/51 793/151/51 797/151/51
f 799/151/51 795/151/51 796/151/51
f 800/151/51 795/151/51 799/151/51
f 801/151/51 800/151/51 799/151/51
f 802/151/51 801/151/51 799/151/51
f 803/151/51 802/151/51 799/151/51
f 804/151/51 802/151/51 803/151/51
f 805/151/51 804/151/51 803/151/51
f 806/151/51 805/151/51 803/151/51
f 807/151/51 806/151/51 803/151/51
f 808/151/51 798/151/51 797/151/51
f 809/151/51 808/151/51 797/151/51
f 810/151/51 808/151/51 809/151/51
f 811/151/51 810/151/51 809/151/51
f 812/151/51 810/151/51 811/151/51
f 813/151/51 812/151/51 811/151/51
f 814/151/51 813/151/51 811/151/51
f 815/151/51 813/151/51 814/151/51
f 816/151/51 815/151/51 814/151/51
f 817/151/51 815/151/51 816/151/51
f 818/151/51 817/151/51 816/151/51
f 819/151/51 817/151/51 818/151/51
usemtl TSS_USBC_SuiteModelMtl04
f 820/151/183 821/151/183 822/151/1
f 820/151/183 823/151/184 821/151/183
f 820/151/183 824/151/184 823/151/184
f 823/151/184 824/151/184 825/151/185
f 825/151/185 824/151/184 826/151/185
f 827/151/186 826/151/187 828/151/186
f 829/151/188 828/151/186 830/151/188
f 831/151/189 830/151/188 832/151/189
f 833/151/11 832/151/189 834/151/11
f 835/151/190 834/151/11 836/151/190
f 837/151/191 836/151/190 838/151/191
f 839/151/192 838/151/191 840/151/192
f 841/151/193 840/151/194 842/151/193
f 843/151/195 842/151/193 844/151/195
f 845/151/196 844/151/195 846/151/196
f 847/151/1 846/151/196 822/151/1
f 821/151/183 847/151/1 822/151/1
f 847/151/1 845/151/196 846/151/196
f 845/151/196 843/151/195 844/151/195
f 843/151/195 841/151/193 842/151/193
f 841/151/193 839/151/194 840/151/194
f 839/151/192 837/151/191 838/151/191
f 837/151/191 835/151/190 836/151/190
f 835/151/190 833/151/11 834/151/11
f 833/151/11 831/151/189 832/151/189
f 831/151/189 829/151/188 830/151/188
f 829/151/188 827/151/186 828/151/186
f 827/151/186 825/151/187 826/151/187
f 848/151/197 820/151/198 849/151/199
f 848/151/197 824/151/200 820/151/198
f 848/151/197 850/151/201 824/151/200
f 824/151/200 850/151/201 826/151/202
f 826/151/202 850/151/201 851/151/203
f 828/151/204 851/151/203 852/151/205
f 830/151/206 852/151/205 853/151/206
f 832/151/207 853/151/206 854/151/208
f 834/151/209 854/151/208 855/151/209
f 836/151/210 855/151/209 856/151/211
f 838/151/212 856/151/211 857/151/213
f 840/151/214 857/151/213 858/151/215
f 842/151/216 858/151/215 859/151/216
f 844/151/217 859/151/216 860/151/217
f 846/151/218 860/151/217 861/151/219
f 822/151/199 861/151/219 849/151/199
f 820/151/198 822/151/199 849/151/199
f 822/151/199 846/151/218 861/151/219
f 846/151/218 844/151/217 860/151/217
f 844/151/217 842/151/216 859/151/216
f 842/151/216 840/151/214 858/151/215
f 840/151/214 838/151/212 857/151/213
f 838/151/212 836/151/210 856/151/211
f 836/151/210 834/151/209 855/151/209
f 834/151/209 832/151/207 854/151/208
f 832/151/207 830/151/206 853/151/206
f 830/151/206 828/151/204 852/151/205
f 828/151/204 826/151/202 851/151/203
f 862/151/197 863/151/198 864/151/199
f 862/151/197 865/151/200 863/151/198
f 862/151/197 866/151/201 865/151/200
f 865/151/200 866/151/201 867/151/202
f 867/151/202 866/151/201 868/151/203
f 869/151/204 868/151/203 870/151/205
f 871/151/206 870/151/205 872/151/206
f 873/151/207 872/151/206 874/151/208
f 875/151/209 874/151/208 876/151/209
f 877/151/210 876/151/209 878/151/211
f 879/151/212 878/151/211 880/151/213
f 881/151/214 880/151/213 882/151/215
f 883/151/216 882/151/215 884/151/216
f 885/151/217 884/151/216 886/151/217
f 887/151/218 886/151/217 888/151/219
f 889/151/199 888/151/219 864/151/199
f 863/151/198 889/151/199 864/151/199
f 889/151/199 887/151/218 888/151/219
f 887/151/218 885/151/217 886/151/217
f 885/151/217 883/151/216 884/151/216
f 883/151/216 881/151/214 882/151/215
f 881/151/214 879/151/212 880/151/213
f 879/151/212 877/151/210 878/151/211
f 877/151/210 875/151/209 876/151/209
f 875/151/209 873/151/207 874/151/208
f 873/151/207 871/151/206 872/151/206
f 871/151/206 869/151/204 870/151/205
f 869/151/204 867/151/202 868/151/203
f 890/151/11 891/151/11 892/151/11 893/151/11
f 894/151/53 895/151/53 896/151/53 897/151/53
f 898/151/1 899/151/1 900/151/1 901/151/1
f 902/151/49 903/151/49 904/151/49
f 905/151/49 903/151/49 902/151/49
f 906/151/49 905/151/49 902/151/49
f 907/151/49 905/151/49 906/151/49
f 908/151/49 907/151/49 906/151/49
f 909/151/49 908/151/49 906/151/49
f 910/151/49 908/151/49 909/151/49
f 911/151/49 910/151/49 909/151/49
f 912/151/49 910/151/49 911/151/49
f 913/151/49 910/151/49 912/151/49
f 914/151/49 913/151/49 912/151/49
f 915/151/49 913/151/49 914/151/49
f 916/151/49 915/151/49 914/151/49
f 917/151/49 916/151/49 914/151/49
f 918/151/49 916/151/49 917/151/49
f 919/151/49 918/151/49 917/151/49
f 920/151/49 918/151/49 919/151/49
f 921/151/49 920/151/49 919/151/49
f 900/151/1 899/151/1 922/151/220
f 922/151/220 899/151/1 923/151/220
f 924/151/221 923/151/220 925/151/221
f 926/151/222 925/151/221 927/151/222
f 897/151/53 927/151/222 894/151/53
f 897/151/53 926/151/222 927/151/222
f 926/151/222 924/151/221 925/151/221
f 924/151/221 922/151/220 923/151/220
f 928/151/55 929/151/55 930/151/223
f 930/151/223 929/151/55 931/151/223
f 932/151/224 931/151/223 933/151/224
f 934/151/225 933/151/224 935/151/225
f 901/151/1 935/151/225 898/151/1
f 901/151/1 934/151/225 935/151/225
f 934/151/225 932/151/224 933/151/224
f 932/151/224 930/151/223 931/151/223
f 936/151/55 929/151/55 928/151/55 937/151/226
f 892/151/11 891/151/11 938/151/227
f 938/151/227 891/151/11 939/151/227
f 940/151/228 939/151/227 941/151/228
f 942/151/229 941/151/228 943/151/229
f 937/151/226 943/151/229 936/151/55
f 937/151/226 942/151/229 943/151/229
f 942/151/229 940/151/228 941/151/228
f 940/151/228 938/151/227 939/151/227
f 896/151/53 895/151/53 944/151/230
f 944/151/230 895/151/53 945/151/230
f 946/151/231 945/151/230 947/151/231
f 948/151/232 947/151/231 949/151/232
f 893/151/11 949/151/232 890/151/11
f 893/151/11 948/151/232 949/151/232
f 948/151/232 946/151/231 947/151/231
f 946/151/231 944/151/230 945/151/230
f 950/151/233 878/151/233 951/151/11
f 950/151/233 880/151/191 878/151/233
f 950/151/233 952/151/191 880/151/191
f 880/151/191 952/151/191 882/151/192
f 882/151/192 952/151/191 953/151/192
f 884/151/234 953/151/192 954/151/234
f 886/151/195 954/151/234 955/151/195
f 888/151/235 955/151/195 956/151/235
f 864/151/1 956/151/235 957/151/1
f 862/151/236 957/151/1 958/151/236
f 866/151/184 958/151/236 959/151/184
f 868/151/237 959/151/184 960/151/237
f 870/151/238 960/151/237 961/151/238
f 872/151/188 961/151/238 962/151/188
f 874/151/239 962/151/188 963/151/239
f 876/151/11 963/151/239 951/151/11
f 878/151/233 876/151/11 951/151/11
f 864/151/1 888/151/235 956/151/235
f 888/151/235 886/151/195 955/151/195
f 886/151/195 884/151/234 954/151/234
f 884/151/234 882/151/192 953/151/192
f 876/151/11 874/151/239 963/151/239
f 874/151/239 872/151/188 962/151/188
f 872/151/188 870/151/238 961/151/238
f 870/151/238 868/151/237 960/151/237
f 868/151/237 866/151/184 959/151/184
f 866/151/184 862/151/236 958/151/236
f 862/151/236 864/151/1 957/151/1
f 964/151/233 856/151/233 965/151/11
f 964/151/233 857/151/191 856/151/233
f 964/151/233 966/151/191 857/151/191
f 857/151/191 966/151/191 858/151/192
f 858/151/192 966/151/191 967/151/192
f 859/151/234 967/151/192 968/151/234
f 860/151/195 968/151/234 969/151/195
f 861/151/235 969/151/195 970/151/235
f 849/151/1 970/151/235 971/151/1
f 848/151/236 971/151/1 972/151/236
f 850/151/184 972/151/236 973/151/184
f 851/151/237 973/151/184 974/151/185
f 852/151/240 974/151/185 975/151/240
f 853/151/188 975/151/240 976/151/188
f 854/151/239 976/151/188 977/151/239
f 855/151/11 977/151/239 965/151/11
f 856/151/233 855/151/11 965/151/11
f 849/151/1 861/151/235 970/151/235
f 861/151/235 860/151/195 969/151/195
f 860/151/195 859/151/234 968/151/234
f 859/151/234 858/151/192 967/151/192
f 855/151/11 854/151/239 977/151/239
f 854/151/239 853/151/188 976/151/188
f 853/151/188 852/151/240 975/151/240
f 852/151/240 851/151/237 974/151/185
f 851/151/237 850/151/184 973/151/184
f 850/151/184 848/151/236 972/151/236
f 848/151/236 849/151/1 971/151/1
f 978/151/1 979/151/1 980/151/241
f 980/151/241 979/151/1 981/151/242
f 982/151/199 981/151/242 983/151/199
f 984/151/243 982/151/199 983/151/199
f 984/151/243 985/151/243 982/151/199
f 984/151/243 911/151/49 985/151/243
f 984/151/243 912/151/49 911/151/49
f 982/151/199 980/151/241 981/151/242
f 986/151/55 987/151/55 988/151/55 989/151/55
f 988/151/55 987/151/55 990/151/229
f 990/151/229 987/151/55 991/151/229
f 992/151/228 991/151/229 993/151/228
f 994/151/227 993/151/228 995/151/227
f 996/151/11 995/151/227 997/151/11
f 996/151/11 994/151/227 995/151/227
f 994/151/227 992/151/228 993/151/228
f 992/151/228 990/151/229 991/151/229
f 997/151/11 998/151/11 999/151/11 996/151/11
f 999/151/11 998/151/11 1000/151/232
f 1000/151/232 998/151/11 1001/151/232
f 1002/151/231 1001/151/232 1003/151/231
f 1004/151/230 1003/151/231 1005/151/230
f 1006/151/53 1005/151/230 1007/151/53
f 1006/151/53 1004/151/230 1005/151/230
f 1004/151/230 1002/151/231 1003/151/231
f 1002/151/231 1000/151/232 1001/151/232
f 1007/151/53 1008/151/53 1009/151/53 1006/151/53
f 1010/151/1 978/151/1 1011/151/225
f 1011/151/225 978/151/1 1012/151/225
f 1013/151/224 1012/151/225 1014/151/224
f 1015/151/223 1014/151/224 1016/151/223
f 989/151/55 1016/151/223 986/151/55
f 989/151/55 1015/151/223 1016/151/223
f 1015/151/223 1013/151/224 1014/151/224
f 1013/151/224 1011/151/225 1012/151/225
f 904/151/49 903/151/49 1017/151/244
f 1017/151/244 903/151/49 1018/151/244
f 1019/151/245 1017/151/244 1018/151/244
f 1019/151/245 1020/151/245 1017/151/244
f 1019/151/245 1021/151/246 1020/151/245
f 1019/151/245 1022/151/246 1021/151/246
f 1021/151/246 1022/151/246 986/151/55
f 986/151/55 1022/151/246 987/151/55
f 908/151/49 910/151/49 1023/151/247
f 1024/151/248 1023/151/247 1025/151/249 1026/151/250
f 1026/151/250 1027/151/251 1028/151/252 1024/151/248
f 1029/151/253 1026/151/250 1025/151/249 1030/151/254
f 1030/151/254 1031/151/255 1032/151/256 1029/151/253
f 1033/151/257 1030/151/254 1034/151/209
f 1033/151/257 1031/151/255 1030/151/254
f 1033/151/257 997/151/11 1031/151/255
f 1031/151/255 997/151/11 995/151/227
f 1032/151/256 995/151/227 993/151/228
f 1035/151/258 993/151/228 1036/151/259
f 1037/151/260 1036/151/259 1038/151/261 1039/151/262
f 1039/151/262 1040/151/263 1041/151/264 1037/151/260
f 1019/151/245 1039/151/262 1022/151/246
f 1019/151/245 1040/151/263 1039/151/262
f 1019/151/245 1018/151/244 1040/151/263
f 1040/151/263 1018/151/244 1042/151/265
f 1043/151/266 1042/151/265 905/151/49
f 907/151/49 1043/151/266 905/151/49
f 907/151/49 1028/151/252 1043/151/266
f 907/151/49 1024/151/248 1028/151/252
f 907/151/49 908/151/49 1024/151/248
f 1024/151/248 908/151/49 1023/151/247
f 1034/151/209 1025/151/249 1044/151/267
f 1034/151/209 1030/151/254 1025/151/249
f 993/151/228 991/151/229 1036/151/259
f 1036/151/259 991/151/229 1038/151/261
f 1038/151/261 991/151/229 987/151/55
f 1022/151/246 1038/151/261 987/151/55
f 1022/151/246 1039/151/262 1038/151/261
f 1018/151/244 903/151/49 1042/151/265
f 1042/151/265 903/151/49 905/151/49
f 1029/151/253 1032/151/256 1035/151/258 1045/151/268
f 1045/151/268 1027/151/251 1026/151/250 1029/151/253
f 1037/151/260 1045/151/268 1035/151/258 1036/151/259
f 1041/151/264 1027/151/251 1045/151/268 1037/151/260
f 1043/151/266 1041/151/264 1040/151/263 1042/151/265
f 1028/151/252 1027/151/251 1041/151/264 1043/151/266
f 910/151/49 1044/151/267 1023/151/247
f 1023/151/247 1044/151/267 1025/151/249
f 1032/151/256 1031/151/255 995/151/227
f 1035/151/258 1032/151/256 993/151/228
f 910/151/49 913/151/49 1044/151/267
f 1044/151/267 913/151/49 1046/151/267
f 1034/151/209 1046/151/267 1047/151/209
f 1033/151/257 1047/151/209 1048/151/257
f 997/151/11 1048/151/257 998/151/11
f 997/151/11 1033/151/257 1048/151/257
f 1033/151/257 1034/151/209 1047/151/209
f 1034/151/209 1044/151/267 1046/151/267
f 918/151/49 920/151/49 1049/151/269
f 1050/151/270 1049/151/269 1051/151/271 1052/151/272
f 1052/151/272 1053/151/273 1054/151/274 1050/151/270
f 1055/151/275 1052/151/272 1051/151/271 1056/151/276
f 1056/151/276 1057/151/277 1058/151/278 1055/151/275
f 1059/151/279 1056/151/276 1060/151/280
f 1059/151/279 1057/151/277 1056/151/276
f 1059/151/279 1007/151/53 1057/151/277
f 1057/151/277 1007/151/53 1005/151/230
f 1058/151/278 1005/151/230 1003/151/231
f 1061/151/281 1003/151/231 1062/151/282
f 1063/151/283 1062/151/282 1064/151/284 1065/151/285
f 1065/151/285 1066/151/286 1067/151/287 1063/151/283
f 1047/151/209 1065/151/285 1048/151/257
f 1047/151/209 1066/151/286 1065/151/285
f 1047/151/209 1046/151/267 1066/151/286
f 1066/151/286 1046/151/267 1068/151/288
f 1069/151/289 1068/151/288 915/151/49
f 916/151/49 1069/151/289 915/151/49
f 916/151/49 1054/151/274 1069/151/289
f 916/151/49 1050/151/270 1054/151/274
f 916/151/49 918/151/49 1050/151/270
f 1050/151/270 918/151/49 1049/151/269
f 1060/151/280 1051/151/271 1070/151/290
f 1060/151/280 1056/151/276 1051/151/271
f 1003/151/231 1001/151/232 1062/151/282
f 1062/151/282 1001/151/232 1064/151/284
f 1064/151/284 1001/151/232 998/151/11
f 1048/151/257 1064/151/284 998/151/11
f 1048/151/257 1065/151/285 1064/151/284
f 1046/151/267 913/151/49 1068/151/288
f 1068/151/288 913/151/49 915/151/49
f 1055/151/275 1058/151/278 1061/151/281 1071/151/291
f 1071/151/291 1053/151/273 1052/151/272 1055/151/275
f 1063/151/283 1071/151/291 1061/151/281 1062/151/282
f 1067/151/287 1053/151/273 1071/151/291 1063/151/283
f 1069/151/289 1067/151/287 1066/151/286 1068/151/288
f 1054/151/274 1053/151/273 1067/151/287 1069/151/289
f 920/151/49 1070/151/290 1049/151/269
f 1049/151/269 1070/151/290 1051/151/271
f 1058/151/278 1057/151/277 1005/151/230
f 1061/151/281 1058/151/278 1003/151/231
f 920/151/49 921/151/49 1070/151/290
f 1070/151/290 921/151/49 1072/151/290
f 1060/151/280 1072/151/290 1073/151/280
f 1059/151/279 1073/151/280 1074/151/279
f 1007/151/53 1074/151/279 1008/151/53
f 1007/151/53 1059/151/279 1074/151/279
f 1059/151/279 1060/151/280 1073/151/280
f 1060/151/280 1070/151/290 1072/151/290
f 1009/151/53 1008/151/53 1075/151/222
f 1075/151/222 1008/151/53 1076/151/222
f 1077/151/221 1076/151/222 1078/151/221
f 1079/151/220 1078/151/221 1080/151/220
f 1081/151/1 1080/151/220 979/151/1
f 1081/151/1 1079/151/220 1080/151/220
f 1079/151/220 1077/151/221 1078/151/221
f 1077/151/221 1075/151/222 1076/151/222
f 979/151/1 978/151/1 1010/151/1 1081/151/1
f 902/151/49 904/151/49 1082/151/292
f 1083/151/293 1082/151/292 1084/151/294 1085/151/295
f 1085/151/295 1086/151/296 1087/151/297 1083/151/293
f 1088/151/298 1085/151/295 1084/151/294 1089/151/299
f 1089/151/299 1090/151/300 1091/151/301 1088/151/298
f 1021/151/246 1089/151/299 1020/151/245
f 1021/151/246 1090/151/300 1089/151/299
f 1021/151/246 986/151/55 1090/151/300
f 1090/151/300 986/151/55 1016/151/223
f 1091/151/301 1016/151/223 1014/151/224
f 1092/151/302 1014/151/224 1093/151/303
f 1094/151/304 1093/151/303 1095/151/305 1096/151/306
f 1096/151/306 1097/151/307 1098/151/308 1094/151/304
f 982/151/199 1096/151/306 980/151/241
f 982/151/199 1097/151/307 1096/151/306
f 982/151/199 985/151/243 1097/151/307
f 1097/151/307 985/151/243 1099/151/309
f 1100/151/310 1099/151/309 909/151/49
f 906/151/49 1100/151/310 909/151/49
f 906/151/49 1087/151/297 1100/151/310
f 906/151/49 1083/151/293 1087/151/297
f 906/151/49 902/151/49 1083/151/293
f 1083/151/293 902/151/49 1082/151/292
f 1020/151/245 1084/151/294 1017/151/244
f 1020/151/245 1089/151/299 1084/151/294
f 1014/151/224 1012/151/225 1093/151/303
f 1093/151/303 1012/151/225 1095/151/305
f 1095/151/305 1012/151/225 978/151/1
f 980/151/241 1095/151/305 978/151/1
f 980/151/241 1096/151/306 1095/151/305
f 985/151/243 911/151/49 1099/151/309
f 1099/151/309 911/151/49 909/151/49
f 1088/151/298 1091/151/301 1092/151/302 1101/151/311
f 1101/151/311 1086/151/296 1085/151/295 1088/151/298
f 1094/151/304 1101/151/311 1092/151/302 1093/151/303
f 1098/151/308 1086/151/296 1101/151/311 1094/151/304
f 1100/151/310 1098/151/308 1097/151/307 1099/151/309
f 1087/151/297 1086/151/296 1098/151/308 1100/151/310
f 904/151/49 1017/151/244 1082/151/292
f 1082/151/292 1017/151/244 1084/151/294
f 1091/151/301 1090/151/300 1016/151/223
f 1092/151/302 1091/151/301 1014/151/224
f 914/151/49 912/151/49 1102/151/312
f 1103/151/313 1102/151/312 1104/151/314 1105/151/315
f 1105/151/315 1106/151/316 1107/151/317 1103/151/313
f 1108/151/318 1105/151/315 1104/151/314 1109/151/319
f 1109/151/319 1110/151/320 1111/151/321 1108/151/318
f 981/151/242 1109/151/319 983/151/199
f 981/151/242 1110/151/320 1109/151/319
f 981/151/242 979/151/1 1110/151/320
f 1110/151/320 979/151/1 1080/151/220
f 1111/151/321 1080/151/220 1078/151/221
f 1112/151/322 1078/151/221 1113/151/323
f 1114/151/324 1113/151/323 1115/151/325 1116/151/326
f 1116/151/326 1117/151/327 1118/151/328 1114/151/324
f 1073/151/280 1116/151/326 1074/151/279
f 1073/151/280 1117/151/327 1116/151/326
f 1073/151/280 1072/151/290 1117/151/327
f 1117/151/327 1072/151/290 1119/151/329
f 1120/151/330 1119/151/329 919/151/49
f 917/151/49 1120/151/330 919/151/49
f 917/151/49 1107/151/317 1120/151/330
f 917/151/49 1103/151/313 1107/151/317
f 917/151/49 914/151/49 1103/151/313
f 1103/151/313 914/151/49 1102/151/312
f 983/151/199 1104/151/314 984/151/243
f 983/151/199 1109/151/319 1104/151/314
f 1078/151/221 1076/151/222 1113/151/323
f 1113/151/323 1076/151/222 1115/151/325
f 1115/151/325 1076/151/222 1008/151/53
f 1074/151/279 1115/151/325 1008/151/53
f 1074/151/279 1116/151/326 1115/151/325
f 1072/151/290 921/151/49 1119/151/329
f 1119/151/329 921/151/49 919/151/49
f 1108/151/318 1111/151/321 1112/151/322 1121/151/331
f 1121/151/331 1106/151/316 1105/151/315 1108/151/318
f 1114/151/324 1121/151/331 1112/151/322 1113/151/323
f 1118/151/328 1106/151/316 1121/151/331 1114/151/324
f 1120/151/330 1118/151/328 1117/151/327 1119/151/329
f 1107/151/317 1106/151/316 1118/151/328 1120/151/330
f 912/151/49 984/151/243 1102/151/312
f 1102/151/312 984/151/243 1104/151/314
f 1111/151/321 1110/151/320 1080/151/220
f 1112/151/322 1111/151/321 1078/151/221
f 949/151/51 891/151/51 890/151/51
f 939/151/51 891/151/51 949/151/51
f 1122/151/51 939/151/51 949/151/51
f 1123/151/51 939/151/51 1122/151/51
f 947/151/51 1122/151/51 949/151/51
f 941/151/51 939/151/51 1123/151/51
f 1124/151/51 1122/151/51 947/151/51
f 1125/151/51 941/151/51 1123/151/51
f 1126/151/51 941/151/51 1125/151/51
f 1127/151/51 1124/151/51 947/151/51
f 945/151/51 1127/151/51 947/151/51
f 943/151/51 941/151/51 1126/151/51
f 1128/151/51 943/151/51 1126/151/51
f 1129/151/51 1127/151/51 945/151/51
f 1130/151/51 943/151/51 1128/151/51
f 1131/151/51 1129/151/51 945/151/51
f 936/151/51 943/151/51 1130/151/51
f 895/151/51 1131/151/51 945/151/51
f 894/151/51 1131/151/51 895/151/51
f 929/151/51 936/151/51 1130/151/51
f 1132/151/51 929/151/51 1130/151/51
f 1133/151/51 1131/151/51 894/151/51
f 1134/151/51 1133/151/51 894/151/51
f 1135/151/51 929/151/51 1132/151/51
f 927/151/51 1134/151/51 894/151/51
f 931/151/51 929/151/51 1135/151/51
f 1136/151/51 931/151/51 1135/151/51
f 1137/151/51 1134/151/51 927/151/51
f 1138/151/51 931/151/51 1136/151/51
f 1139/151/51 1137/151/51 927/151/51
f 933/151/51 931/151/51 1138/151/51
f 925/151/51 1139/151/51 927/151/51
f 1140/151/51 933/151/51 1138/151/51
f 1141/151/51 1139/151/51 925/151/51
f 935/151/51 1141/151/51 925/151/51
f 935/151/51 1140/151/51 1141/151/51
f 935/151/51 933/151/51 1140/151/51
f 923/151/51 935/151/51 925/151/51
f 899/151/51 935/151/51 923/151/51
f 898/151/51 935/151/51 899/151/51
f 1132/151/53 1130/151/53 1142/151/53 1143/151/53
f 1144/151/332 1140/151/11 1145/151/232
f 1145/151/232 1140/151/11 1138/151/232
f 1146/151/231 1138/151/232 1136/151/231
f 1147/151/230 1136/151/231 1135/151/230
f 1143/151/53 1135/151/230 1132/151/53
f 1143/151/53 1147/151/230 1135/151/230
f 1147/151/230 1146/151/231 1136/151/231
f 1146/151/231 1145/151/232 1138/151/232
f 1141/151/11 1140/151/11 1144/151/332 1148/151/11
f 1149/151/55 1133/151/55 1150/151/229
f 1150/151/229 1133/151/55 1134/151/229
f 1151/151/228 1134/151/229 1137/151/228
f 1152/151/227 1137/151/228 1139/151/227
f 1148/151/11 1139/151/227 1141/151/11
f 1148/151/11 1152/151/227 1139/151/227
f 1152/151/227 1151/151/228 1137/151/228
f 1151/151/228 1150/151/229 1134/151/229
f 1131/151/55 1133/151/55 1149/151/55 1153/151/55
f 1122/151/1 1124/151/225 1154/151/1
f 1154/151/1 1124/151/225 1155/151/225
f 1155/151/225 1124/151/225 1156/151/224
f 1156/151/224 1124/151/225 1127/151/224
f 1157/151/223 1127/151/224 1129/151/223
f 1153/151/55 1129/151/223 1131/151/55
f 1153/151/55 1157/151/223 1129/151/223
f 1157/151/223 1156/151/224 1127/151/224
f 1123/151/1 1122/151/1 1154/151/1 1158/151/1
f 1142/151/53 1130/151/53 1159/151/222
f 1159/151/222 1130/151/53 1128/151/222
f 1160/151/221 1128/151/222 1126/151/221
f 1161/151/220 1126/151/221 1125/151/220
f 1158/151/1 1125/151/220 1123/151/1
f 1158/151/1 1161/151/220 1125/151/220
f 1161/151/220 1160/151/221 1126/151/221
f 1160/151/221 1159/151/222 1128/151/222
f 1162/151/183 1163/151/183 1164/151/1
f 1162/151/183 1165/151/184 1163/151/183
f 1162/151/183 1166/151/184 1165/151/184
f 1165/151/184 1166/151/184 1167/151/187
f 1167/151/187 1166/151/184 1168/151/187
f 1169/151/186 1168/151/187 1170/151/186
f 1171/151/188 1170/151/186 1172/151/188
f 1173/151/189 1172/151/188 1174/151/189
f 1175/151/11 1174/151/189 1176/151/11
f 1177/151/190 1176/151/11 1178/151/190
f 1179/151/191 1178/151/190 1180/151/191
f 1181/151/194 1180/151/191 1182/151/194
f 1183/151/193 1182/151/194 1184/151/193
f 1185/151/195 1184/151/193 1186/151/195
f 1187/151/196 1186/151/195 1188/151/196
f 1189/151/1 1188/151/196 1164/151/1
f 1163/151/183 1189/151/1 1164/151/1
f 1189/151/1 1187/151/196 1188/151/196
f 1187/151/196 1185/151/195 1186/151/195
f 1185/151/195 1183/151/193 1184/151/193
f 1183/151/193 1181/151/194 1182/151/194
f 1181/151/194 1179/151/191 1180/151/191
f 1179/151/191 1177/151/190 1178/151/190
f 1177/151/190 1175/151/11 1176/151/11
f 1175/151/11 1173/151/189 1174/151/189
f 1173/151/189 1171/151/188 1172/151/188
f 1171/151/188 1169/151/186 1170/151/186
f 1169/151/186 1167/151/187 1168/151/187
f 1190/151/197 1162/151/198 1191/151/199
f 1190/151/197 1166/151/200 1162/151/198
f 1190/151/197 1192/151/201 1166/151/200
f 1166/151/200 1192/151/201 1168/151/202
f 1168/151/202 1192/151/201 1193/151/203
f 1170/151/204 1193/151/203 1194/151/205
f 1172/151/206 1194/151/205 1195/151/206
f 1174/151/207 1195/151/206 1196/151/208
f 1176/151/209 1196/151/208 1197/151/209
f 1178/151/210 1197/151/209 1198/151/211
f 1180/151/212 1198/151/211 1199/151/213
f 1182/151/214 1199/151/213 1200/151/215
f 1184/151/216 1200/151/215 1201/151/333
f 1186/151/217 1201/151/333 1202/151/217
f 1188/151/218 1202/151/217 1203/151/219
f 1164/151/199 1203/151/219 1191/151/199
f 1162/151/198 1164/151/199 1191/151/199
f 1164/151/199 1188/151/218 1203/151/219
f 1188/151/218 1186/151/217 1202/151/217
f 1186/151/217 1184/151/216 1201/151/333
f 1184/151/216 1182/151/214 1200/151/215
f 1182/151/214 1180/151/212 1199/151/213
f 1180/151/212 1178/151/210 1198/151/211
f 1178/151/210 1176/151/209 1197/151/209
f 1176/151/209 1174/151/207 1196/151/208
f 1174/151/207 1172/151/206 1195/151/206
f 1172/151/206 1170/151/204 1194/151/205
f 1170/151/204 1168/151/202 1193/151/203
f 1204/151/1 1205/151/1 1206/151/334
f 1206/151/334 1205/151/1 1207/151/334
f 1208/151/224 1207/151/334 1209/151/224
f 1210/151/335 1209/151/224 1211/151/335
f 1212/151/55 1211/151/335 1213/151/55
f 1212/151/55 1210/151/335 1211/151/335
f 1210/151/335 1208/151/224 1209/151/224
f 1208/151/224 1206/151/334 1207/151/334
f 1214/151/1 1205/151/1 1204/151/1 1215/151/1
f 1216/151/53 1217/151/53 1218/151/336
f 1218/151/336 1217/151/53 1219/151/336
f 1220/151/221 1219/151/336 1221/151/221
f 1222/151/337 1221/151/221 1223/151/337
f 1215/151/1 1223/151/337 1214/151/1
f 1215/151/1 1222/151/337 1223/151/337
f 1222/151/337 1220/151/221 1221/151/221
f 1220/151/221 1218/151/336 1219/151/336
f 1224/151/11 1225/151/11 1226/151/338
f 1226/151/338 1225/151/11 1227/151/338
f 1228/151/231 1227/151/338 1229/151/231
f 1230/151/339 1229/151/231 1231/151/339
f 1232/151/53 1231/151/339 1233/151/53
f 1232/151/53 1230/151/339 1231/151/339
f 1230/151/339 1228/151/231 1229/151/231
f 1228/151/231 1226/151/338 1227/151/338
f 1234/151/11 1225/151/11 1224/151/11 1235/151/11
f 1236/151/55 1237/151/55 1238/151/340
f 1238/151/340 1237/151/55 1239/151/340
f 1240/151/228 1239/151/340 1241/151/228
f 1242/151/341 1241/151/228 1243/151/341
f 1235/151/11 1243/151/341 1234/151/11
f 1235/151/11 1242/151/341 1243/151/341
f 1242/151/341 1240/151/228 1241/151/228
f 1240/151/228 1238/151/340 1239/151/340
f 1213/151/55 1237/151/55 1236/151/55 1212/151/55
f 1244/151/49 1245/151/49 1246/151/49 1221/151/49 1219/151/49 1217/151/49
f 1239/151/49 1237/151/49 1213/151/49
f 1211/151/49 1239/151/49 1213/151/49
f 1209/151/49 1239/151/49 1211/151/49
f 1241/151/49 1239/151/49 1209/151/49
f 1247/151/49 1241/151/49 1209/151/49
f 1248/151/49 1241/151/49 1247/151/49
f 1207/151/49 1247/151/49 1209/151/49
f 1243/151/49 1241/151/49 1248/151/49
f 1205/151/49 1247/151/49 1207/151/49
f 1234/151/49 1243/151/49 1248/151/49
f 1249/151/49 1247/151/49 1205/151/49
f 1250/151/49 1234/151/49 1248/151/49
f 1251/151/49 1234/151/49 1250/151/49
f 1252/151/49 1249/151/49 1205/151/49
f 1253/151/49 1250/151/49 1248/151/49
f 1254/151/49 1234/151/49 1251/151/49
f 1255/151/49 1252/151/49 1205/151/49
f 1256/151/49 1247/151/49 1249/151/49
f 1257/151/49 1234/151/49 1254/151/49
f 1258/151/49 1253/151/49 1248/151/49
f 1259/151/49 1255/151/49 1205/151/49
f 1260/151/49 1247/151/49 1256/151/49
f 1261/151/49 1247/151/49 1260/151/49
f 1262/151/49 1258/151/49 1248/151/49
f 1263/151/49 1259/151/49 1205/151/49
f 1264/151/49 1234/151/49 1257/151/49
f 1265/151/49 1261/151/49 1260/151/49
f 1266/151/49 1258/151/49 1262/151/49
f 1267/151/49 1261/151/49 1265/151/49
f 1268/151/49 1263/151/49 1205/151/49
f 1269/151/49 1234/151/49 1264/151/49
f 1270/151/49 1266/151/49 1262/151/49
f 1271/151/49 1270/151/49 1262/151/49
f 1272/151/49 1261/151/49 1267/151/49
f 1273/151/49 1270/151/49 1271/151/49
f 1274/151/49 1272/151/49 1267/151/49
f 1275/151/49 1234/151/49 1269/151/49
f 1276/151/49 1268/151/49 1205/151/49
f 1277/151/49 1273/151/49 1271/151/49
f 1278/151/49 1272/151/49 1274/151/49
f 1279/151/49 1280/151/49 1277/151/49
f 1279/151/49 1277/151/49 1271/151/49
f 1281/151/49 1278/151/49 1282/151/49
f 1281/151/49 1272/151/49 1278/151/49
f 1283/151/49 1281/151/49 1282/151/49
f 1283/151/49 1282/151/49 1276/151/49
f 1283/151/49 1276/151/49 1205/151/49
f 1284/151/49 1280/151/49 1279/151/49
f 1284/151/49 1275/151/49 1280/151/49
f 1284/151/49 1234/151/49 1275/151/49
f 1285/151/49 1234/151/49 1284/151/49
f 1286/151/49 1283/151/49 1205/151/49
f 1287/151/49 1283/151/49 1286/151/49
f 1288/151/49 1234/151/49 1285/151/49
f 1289/151/49 1286/151/49 1205/151/49
f 1290/151/49 1234/151/49 1288/151/49
f 1291/151/49 1290/151/49 1292/151/49
f 1293/151/49 1294/151/49 1289/151/49
f 1295/151/49 1290/151/49 1291/151/49
f 1296/151/49 1293/151/49 1289/151/49
f 1297/151/49 1290/151/49 1295/151/49
f 1298/151/49 1297/151/49 1295/151/49
f 1299/151/49 1293/151/49 1296/151/49
f 1300/151/49 1293/151/49 1299/151/49
f 1301/151/49 1298/151/49 1295/151/49
f 1302/151/49 1290/151/49 1297/151/49
f 1303/151/49 1296/151/49 1289/151/49
f 1304/151/49 1301/151/49 1295/151/49
f 1305/151/49 1303/151/49 1289/151/49
f 1306/151/49 1290/151/49 1302/151/49
f 1307/151/49 1293/151/49 1300/151/49
f 1308/151/49 1293/151/49 1307/151/49
f 1309/151/49 1304/151/49 1295/151/49
f 1310/151/49 1304/151/49 1309/151/49
f 1311/151/49 1308/151/49 1307/151/49
f 1312/151/49 1305/151/49 1289/151/49
f 1313/151/49 1290/151/49 1306/151/49
f 1314/151/49 1290/151/49 1313/151/49
f 1315/151/49 1310/151/49 1309/151/49
f 1316/151/49 1308/151/49 1311/151/49
f 1317/151/49 1312/151/49 1289/151/49
f 1318/151/49 1315/151/49 1309/151/49
f 1319/151/49 1308/151/49 1316/151/49
f 1320/151/49 1315/151/49 1318/151/49
f 1321/151/49 1319/151/49 1316/151/49
f 1322/151/49 1320/151/49 1318/151/49
f 1323/151/49 1319/151/49 1321/151/49
f 1225/151/49 1324/151/49 1322/151/49
f 1225/151/49 1325/151/49 1324/151/49
f 1225/151/49 1314/151/49 1325/151/49
f 1225/151/49 1290/151/49 1314/151/49
f 1225/151/49 1234/151/49 1290/151/49
f 1214/151/49 1323/151/49 1326/151/49
f 1214/151/49 1326/151/49 1327/151/49
f 1214/151/49 1327/151/49 1317/151/49
f 1214/151/49 1317/151/49 1289/151/49
f 1214/151/49 1289/151/49 1205/151/49
f 1227/151/49 1225/151/49 1322/151/49
f 1227/151/49 1322/151/49 1318/151/49
f 1223/151/49 1323/151/49 1214/151/49
f 1223/151/49 1319/151/49 1323/151/49
f 1246/151/49 1319/151/49 1223/151/49
f 1328/151/49 1227/151/49 1318/151/49
f 1221/151/49 1246/151/49 1223/151/49
f 1229/151/49 1328/151/49 1329/151/49
f 1229/151/49 1227/151/49 1328/151/49
f 1231/151/49 1229/151/49 1329/151/49
f 1233/151/49 1231/151/49 1329/151/49
f 1330/151/49 1233/151/49 1329/151/49
f 1294/151/49 1331/151/49 1289/151/49
f 1332/151/53 1244/151/53 1217/151/53
f 1333/151/53 1233/151/53 1330/151/53
f 1334/151/53 1233/151/53 1333/151/53
f 1335/151/53 1332/151/53 1217/151/53
f 1336/151/53 1335/151/53 1217/151/53
f 1337/151/53 1233/151/53 1334/151/53
f 1232/151/53 1337/151/53 1336/151/53
f 1232/151/53 1336/151/53 1217/151/53
f 1232/151/53 1233/151/53 1337/151/53
f 1216/151/53 1232/151/53 1217/151/53
f 1290/151/11 1288/151/11 1338/151/11 1339/151/11
f 1286/151/1 1289/151/1 1340/151/342 1341/151/1
f 1342/151/53 1343/151/53 1344/151/53
f 1345/151/53 1343/151/53 1342/151/53
f 1346/151/53 1345/151/53 1342/151/53
f 1347/151/53 1346/151/53 1342/151/53
f 1348/151/53 1346/151/53 1347/151/53
f 1349/151/53 1346/151/53 1348/151/53
f 1350/151/53 1349/151/53 1348/151/53
f 1351/151/53 1349/151/53 1350/151/53
f 1352/151/53 1350/151/53 1348/151/53
f 1353/151/53 1349/151/53 1351/151/53
f 1354/151/53 1352/151/53 1348/151/53
f 1355/151/53 1349/151/53 1353/151/53
f 1356/151/53 1354/151/53 1348/151/53
f 1357/151/53 1349/151/53 1355/151/53
f 1358/151/53 1349/151/53 1357/151/53
f 1359/151/53 1356/151/53 1348/151/53
f 1360/151/53 1359/151/53 1348/151/53
f 1361/151/53 1349/151/53 1358/151/53
f 1362/151/53 1349/151/53 1361/151/53
f 1363/151/53 1360/151/53 1348/151/53
f 1364/151/53 1349/151/53 1362/151/53
f 1365/151/53 1363/151/53 1348/151/53
f 1328/151/53 1364/151/53 1329/151/53
f 1328/151/53 1349/151/53 1364/151/53
f 1246/151/53 1245/151/53 1365/151/53
f 1246/151/53 1365/151/53 1348/151/53
f 1366/151/49 1367/151/49 1368/151/49
f 1369/151/49 1367/151/49 1366/151/49
f 1370/151/49 1369/151/49 1366/151/49
f 1371/151/49 1369/151/49 1370/151/49
f 1212/151/49 1371/151/49 1370/151/49
f 1236/151/49 1371/151/49 1212/151/49
f 1372/151/49 1371/151/49 1236/151/49
f 1373/151/49 1212/151/49 1370/151/49
f 1238/151/49 1372/151/49 1236/151/49
f 1210/151/49 1212/151/49 1373/151/49
f 1240/151/49 1372/151/49 1238/151/49
f 1208/151/49 1210/151/49 1373/151/49
f 1374/151/49 1208/151/49 1373/151/49
f 1375/151/49 1372/151/49 1240/151/49
f 1206/151/49 1208/151/49 1374/151/49
f 1242/151/49 1375/151/49 1240/151/49
f 1204/151/49 1206/151/49 1374/151/49
f 1235/151/49 1375/151/49 1242/151/49
f 1224/151/49 1375/151/49 1235/151/49
f 1215/151/49 1204/151/49 1374/151/49
f 1376/151/49 1224/151/49 1226/151/49
f 1376/151/49 1375/151/49 1224/151/49
f 1377/151/49 1222/151/49 1215/151/49
f 1377/151/49 1215/151/49 1374/151/49
f 1220/151/49 1222/151/49 1377/151/49
f 1228/151/49 1376/151/49 1226/151/49
f 1230/151/49 1376/151/49 1228/151/49
f 1218/151/49 1220/151/49 1377/151/49
f 1378/151/49 1218/151/49 1377/151/49
f 1379/151/49 1376/151/49 1230/151/49
f 1216/151/49 1218/151/49 1378/151/49
f 1232/151/49 1379/151/49 1230/151/49
f 1380/151/49 1232/151/49 1216/151/49
f 1380/151/49 1379/151/49 1232/151/49
f 1381/151/49 1380/151/49 1216/151/49
f 1381/151/49 1216/151/49 1378/151/49
f 1382/151/49 1380/151/49 1381/151/49
f 1383/151/49 1380/151/49 1382/151/49
f 1384/151/49 1383/151/49 1382/151/49
f 1385/151/49 1384/151/49 1382/151/49
f 1386/151/49 1387/151/49 1388/151/49
f 1389/151/49 1387/151/49 1386/151/49
f 1390/151/49 1386/151/49 1388/151/49
f 1391/151/49 1387/151/49 1389/151/49
f 1392/151/49 1390/151/49 1388/151/49
f 1393/151/49 1387/151/49 1391/151/49
f 1394/151/49 1392/151/49 1388/151/49
f 1395/151/49 1387/151/49 1393/151/49
f 1396/151/49 1394/151/49 1388/151/49
f 1397/151/49 1387/151/49 1395/151/49
f 1398/151/49 1396/151/49 1388/151/49
f 1399/151/49 1398/151/49 1388/151/49
f 1400/151/49 1387/151/49 1397/151/49
f 1401/151/49 1399/151/49 1388/151/49
f 1402/151/49 1401/151/49 1388/151/49
f 1403/151/49 1387/151/49 1400/151/49
f 1404/151/49 1403/151/49 1400/151/49
f 1405/151/49 1387/151/49 1403/151/49
f 1406/151/49 1402/151/49 1388/151/49
f 1407/151/49 1387/151/49 1405/151/49
f 1408/151/49 1406/151/49 1388/151/49
f 1409/151/49 1387/151/49 1407/151/49
f 1410/151/49 1408/151/49 1388/151/49
f 1411/151/343 1412/151/343 1413/151/344
f 1413/151/344 1412/151/343 1414/151/345
f 1415/151/346 1414/151/345 1416/151/346
f 1417/151/347 1416/151/346 1418/151/347
f 1419/151/348 1418/151/347 1420/151/349
f 1419/151/348 1417/151/347 1418/151/347
f 1417/151/347 1415/151/346 1416/151/346
f 1415/151/346 1413/151/344 1414/151/345
f 1419/151/348 1420/151/349 1421/151/350
f 1421/151/350 1420/151/349 1422/151/350
f 1423/151/351 1422/151/350 1424/151/351
f 1425/151/352 1424/151/351 1426/151/352
f 1427/151/353 1426/151/352 1428/151/353
f 1429/151/354 1428/151/353 1430/151/354
f 1429/151/354 1427/151/353 1428/151/353
f 1427/151/353 1425/151/352 1426/151/352
f 1425/151/352 1423/151/351 1424/151/351
f 1423/151/351 1421/151/350 1422/151/350
f 1430/151/354 1431/151/355 1429/151/354
f 1429/151/354 1431/151/355 1432/151/355
f 1432/151/355 1431/151/355 1433/151/356
f 1434/151/356 1433/151/356 1435/151/357
f 1434/151/356 1432/151/355 1433/151/356
f 1433/151/356 1436/151/357 1435/151/357
f 1435/151/357 1436/151/357 1437/151/358
f 1438/151/358 1435/151/357 1437/151/358
f 1439/151/343 1412/151/343 1411/151/343 1440/151/343
f 1441/151/359 1442/151/359 1443/151/360
f 1443/151/360 1442/151/359 1444/151/361
f 1445/151/7 1444/151/361 1446/151/7
f 1447/151/362 1446/151/7 1448/151/362
f 1440/151/343 1448/151/362 1439/151/343
f 1440/151/343 1447/151/362 1448/151/362
f 1447/151/362 1445/151/7 1446/151/7
f 1445/151/7 1443/151/360 1444/151/361
f 1449/151/363 1450/151/364 1451/151/365
f 1451/151/365 1450/151/364 1452/151/365
f 1453/151/366 1452/151/365 1454/151/366
f 1455/151/367 1454/151/366 1456/151/367
f 1457/151/368 1456/151/367 1458/151/368
f 1441/151/359 1458/151/368 1442/151/359
f 1441/151/359 1457/151/368 1458/151/368
f 1457/151/368 1455/151/367 1456/151/367
f 1455/151/367 1453/151/366 1454/151/366
f 1453/151/366 1451/151/365 1452/151/365
f 1459/151/358 1460/151/358 1461/151/369
f 1461/151/369 1460/151/358 1462/151/370
f 1463/151/6 1462/151/370 1464/151/6
f 1465/151/371 1464/151/6 1466/151/372
f 1449/151/363 1466/151/372 1450/151/364
f 1449/151/363 1465/151/371 1466/151/372
f 1465/151/371 1463/151/6 1464/151/6
f 1463/151/6 1461/151/369 1462/151/370
f 1437/151/358 1460/151/358 1459/151/358 1438/151/358
f 1467/151/373 1468/151/373 1469/151/374 1470/151/373
f 1471/151/11 1472/151/11 1473/151/375
f 1473/151/375 1472/151/11 1474/151/375
f 1475/151/376 1474/151/375 1476/151/376
f 1477/151/377 1476/151/376 1478/151/377
f 1477/151/377 1475/151/376 1476/151/376
f 1475/151/376 1473/151/375 1474/151/375
f 1479/151/49 1480/151/49 1481/151/49
f 1482/151/49 1480/151/49 1479/151/49
f 1483/151/49 1482/151/49 1479/151/49
f 1484/151/49 1483/151/49 1479/151/49
f 1485/151/49 1483/151/49 1484/151/49
f 1486/151/49 1485/151/49 1484/151/49
f 1487/151/49 1485/151/49 1486/151/49
f 1488/151/49 1485/151/49 1487/151/49
f 1489/151/49 1488/151/49 1487/151/49
f 1490/151/49 1488/151/49 1489/151/49
f 1491/151/49 1490/151/49 1489/151/49
f 1492/151/49 1490/151/49 1491/151/49
f 1493/151/233 1198/151/233 1494/151/11
f 1493/151/233 1199/151/191 1198/151/233
f 1493/151/233 1495/151/191 1199/151/191
f 1199/151/191 1495/151/191 1200/151/378
f 1200/151/378 1495/151/191 1496/151/192
f 1201/151/234 1496/151/192 1497/151/234
f 1202/151/195 1497/151/234 1498/151/195
f 1203/151/235 1498/151/195 1499/151/235
f 1191/151/1 1499/151/235 1500/151/1
f 1190/151/236 1500/151/1 1501/151/236
f 1192/151/184 1501/151/236 1502/151/184
f 1193/151/237 1502/151/184 1503/151/185
f 1194/151/240 1503/151/185 1504/151/240
f 1195/151/188 1504/151/240 1505/151/188
f 1196/151/239 1505/151/188 1506/151/239
f 1197/151/11 1506/151/239 1494/151/11
f 1198/151/233 1197/151/11 1494/151/11
f 1191/151/1 1203/151/235 1499/151/235
f 1203/151/235 1202/151/195 1498/151/195
f 1202/151/195 1201/151/234 1497/151/234
f 1201/151/234 1200/151/378 1496/151/192
f 1197/151/11 1196/151/239 1506/151/239
f 1196/151/239 1195/151/188 1505/151/188
f 1195/151/188 1194/151/240 1504/151/240
f 1194/151/240 1193/151/237 1503/151/185
f 1193/151/237 1192/151/184 1502/151/184
f 1192/151/184 1190/151/236 1501/151/236
f 1190/151/236 1191/151/1 1500/151/1
f 1507/151/49 1508/151/49 1509/151/49
f 1510/151/49 1508/151/49 1507/151/49
f 1511/151/49 1510/151/49 1507/151/49
f 1512/151/49 1511/151/49 1507/151/49
f 1513/151/49 1511/151/49 1512/151/49
f 1514/151/49 1513/151/49 1512/151/49
f 1515/151/49 1513/151/49 1514/151/49
f 1516/151/49 1513/151/49 1515/151/49
f 1517/151/49 1516/151/49 1515/151/49
f 1518/151/49 1516/151/49 1517/151/49
f 1519/151/49 1518/151/49 1517/151/49
f 1520/151/49 1518/151/49 1519/151/49
f 1521/151/183 1522/151/183 1523/151/1
f 1521/151/183 1524/151/184 1522/151/183
f 1521/151/183 1525/151/184 1524/151/184
f 1524/151/184 1525/151/184 1526/151/185
f 1526/151/185 1525/151/184 1527/151/185
f 1528/151/186 1527/151/187 1529/151/186
f 1530/151/188 1529/151/186 1531/151/188
f 1532/151/189 1531/151/188 1533/151/189
f 1534/151/11 1533/151/189 1535/151/11
f 1536/151/190 1535/151/11 1537/151/190
f 1538/151/191 1537/151/190 1539/151/191
f 1540/151/192 1539/151/191 1541/151/192
f 1542/151/193 1541/151/194 1543/151/193
f 1544/151/195 1543/151/193 1545/151/195
f 1546/151/196 1545/151/195 1547/151/196
f 1548/151/1 1547/151/196 1523/151/1
f 1522/151/183 1548/151/1 1523/151/1
f 1548/151/1 1546/151/196 1547/151/196
f 1546/151/196 1544/151/195 1545/151/195
f 1544/151/195 1542/151/193 1543/151/193
f 1542/151/193 1540/151/194 1541/151/194
f 1540/151/192 1538/151/191 1539/151/191
f 1538/151/191 1536/151/190 1537/151/190
f 1536/151/190 1534/151/11 1535/151/11
f 1534/151/11 1532/151/189 1533/151/189
f 1532/151/189 1530/151/188 1531/151/188
f 1530/151/188 1528/151/186 1529/151/186
f 1528/151/186 1526/151/187 1527/151/187
f 1549/151/49 1550/151/49 1551/151/49
f 1549/151/49 1552/151/49 1550/151/49
f 1549/151/49 1551/151/49 1553/151/49
f 1554/151/49 1555/151/49 1556/151/49
f 1554/151/49 1556/151/49 1557/151/49
f 1554/151/49 1558/151/49 1555/151/49
f 1559/151/49 1554/151/49 1557/151/49
f 1559/151/49 1557/151/49 1560/151/49
f 1559/151/49 1549/151/49 1554/151/49
f 1559/151/49 1552/151/49 1549/151/49
f 1559/151/49 1561/151/49 1552/151/49
f 1562/151/49 1559/151/49 1560/151/49
f 1563/151/51 1564/151/51 1565/151/51
f 1563/151/51 1565/151/51 1566/151/51
f 1567/151/51 1563/151/51 1566/151/51
f 1567/151/51 1566/151/51 1568/151/51
f 1567/151/51 1568/151/51 1569/151/51
f 1570/151/51 1563/151/51 1567/151/51
f 1571/151/51 1570/151/51 1567/151/51
f 1572/151/51 1573/151/51 1574/151/51
f 1575/151/51 1573/151/51 1572/151/51
f 1576/151/51 1570/151/51 1571/151/51
f 1577/151/51 1575/151/51 1572/151/51
f 1578/151/51 1577/151/51 1572/151/51
f 1579/151/51 1578/151/51 1572/151/51
f 1580/151/51 1577/151/51 1578/151/51
f 1581/151/51 1579/151/51 1572/151/51
f 1582/151/51 1577/151/51 1580/151/51
f 1583/151/51 1581/151/51 1572/151/51
f 1584/151/51 1577/151/51 1582/151/51
f 1585/151/51 1577/151/51 1584/151/51
f 1586/151/51 1570/151/51 1576/151/51
f 1587/151/51 1570/151/51 1586/151/51
f 1588/151/51 1587/151/51 1586/151/51
f 1589/151/51 1587/151/51 1588/151/51
f 1590/151/51 1587/151/51 1589/151/51
f 1591/151/51 1585/151/51 1584/151/51
f 1592/151/51 1590/151/51 1589/151/51
f 1593/151/51 1590/151/51 1592/151/51
f 1594/151/51 1583/151/51 1572/151/51
f 1595/151/51 1590/151/51 1593/151/51
f 1596/151/51 1597/151/51 1591/151/51
f 1596/151/51 1591/151/51 1584/151/51
f 1598/151/51 1597/151/51 1596/151/51
f 1598/151/51 1595/151/51 1597/151/51
f 1598/151/51 1590/151/51 1595/151/51
f 1599/151/51 1598/151/51 1596/151/51
f 1600/151/51 1599/151/51 1596/151/51
f 1601/151/51 1600/151/51 1596/151/51
f 1602/151/51 1594/151/51 1572/151/51
f 1603/151/51 1601/151/51 1596/151/51
f 1604/151/51 1603/151/51 1596/151/51
f 1605/151/51 1604/151/51 1596/151/51
f 1606/151/51 1605/151/51 1596/151/51
f 1607/151/51 1608/151/51 1609/151/51
f 1610/151/51 1607/151/51 1609/151/51
f 1611/151/51 1610/151/51 1609/151/51
f 1612/151/51 1611/151/51 1609/151/51
f 1569/151/51 1612/151/51 1609/151/51
f 1613/151/51 1608/151/51 1607/151/51
f 1435/151/51 1569/151/51 1609/151/51
f 1434/151/51 1435/151/51 1609/151/51
f 1614/151/51 1569/151/51 1435/151/51
f 1438/151/51 1614/151/51 1435/151/51
f 1615/151/51 1569/151/51 1614/151/51
f 1432/151/51 1434/151/51 1609/151/51
f 1616/151/51 1614/151/51 1438/151/51
f 1617/151/51 1608/151/51 1613/151/51
f 1618/151/51 1569/151/51 1615/151/51
f 1429/151/51 1432/151/51 1609/151/51
f 1619/151/51 1569/151/51 1618/151/51
f 1459/151/51 1616/151/51 1438/151/51
f 1620/151/51 1569/151/51 1619/151/51
f 1461/151/51 1616/151/51 1459/151/51
f 1463/151/51 1616/151/51 1461/151/51
f 1465/151/51 1616/151/51 1463/151/51
f 1449/151/51 1616/151/51 1465/151/51
f 1621/151/51 1616/151/51 1449/151/51
f 1622/151/51 1608/151/51 1617/151/51
f 1623/151/51 1569/151/51 1620/151/51
f 1624/151/51 1569/151/51 1623/151/51
f 1427/151/51 1429/151/51 1609/151/51
f 1625/151/51 1621/151/51 1449/151/51
f 1567/151/51 1569/151/51 1624/151/51
f 1626/151/51 1608/151/51 1622/151/51
f 1451/151/51 1625/151/51 1449/151/51
f 1627/151/51 1625/151/51 1451/151/51
f 1628/151/51 1608/151/51 1626/151/51
f 1425/151/51 1427/151/51 1609/151/51
f 1453/151/51 1627/151/51 1451/151/51
f 1629/151/51 1627/151/51 1453/151/51
f 1630/151/51 1608/151/51 1628/151/51
f 1631/151/51 1608/151/51 1630/151/51
f 1632/151/51 1608/151/51 1631/151/51
f 1633/151/51 1634/151/51 1635/151/51
f 1636/151/51 1633/151/51 1635/151/51
f 1455/151/51 1629/151/51 1453/151/51
f 1423/151/51 1425/151/51 1609/151/51
f 1637/151/51 1633/151/51 1636/151/51
f 1637/151/51 1638/151/51 1633/151/51
f 1639/151/51 1640/151/51 1641/151/51
f 1642/151/51 1629/151/51 1455/151/51
f 1643/151/51 1638/151/51 1637/151/51
f 1606/151/51 1644/151/51 1645/151/51
f 1606/151/51 1596/151/51 1644/151/51
f 1646/151/51 1606/151/51 1645/151/51
f 1647/151/51 1646/151/51 1645/151/51
f 1648/151/51 1638/151/51 1643/151/51
f 1649/151/51 1646/151/51 1647/151/51
f 1650/151/51 1638/151/51 1648/151/51
f 1650/151/51 1632/151/51 1638/151/51
f 1650/151/51 1608/151/51 1632/151/51
f 1651/151/51 1608/151/51 1650/151/51
f 1652/151/51 1650/151/51 1648/151/51
f 1653/151/51 1608/151/51 1651/151/51
f 1654/151/51 1652/151/51 1648/151/51
f 1655/151/51 1649/151/51 1647/151/51
f 1656/151/51 1654/151/51 1648/151/51
f 1657/151/51 1608/151/51 1653/151/51
f 1658/151/51 1608/151/51 1657/151/51
f 1457/151/51 1642/151/51 1455/151/51
f 1659/151/51 1608/151/51 1658/151/51
f 1660/151/51 1654/151/51 1656/151/51
f 1660/151/51 1656/151/51 1655/151/51
f 1660/151/51 1655/151/51 1647/151/51
f 1661/151/51 1640/151/51 1639/151/51
f 1662/151/51 1640/151/51 1661/151/51
f 1663/151/51 1642/151/51 1457/151/51
f 1421/151/51 1423/151/51 1609/151/51
f 1664/151/51 1663/151/51 1457/151/51
f 1665/151/51 1664/151/51 1457/151/51
f 1666/151/51 1654/151/51 1660/151/51
f 1667/151/51 1654/151/51 1666/151/51
f 1668/151/51 1667/151/51 1666/151/51
f 1669/151/51 1608/151/51 1659/151/51
f 1670/151/51 1667/151/51 1668/151/51
f 1671/151/51 1670/151/51 1668/151/51
f 1441/151/51 1672/151/51 1673/151/51
f 1441/151/51 1673/151/51 1665/151/51
f 1441/151/51 1665/151/51 1457/151/51
f 1443/151/51 1672/151/51 1441/151/51
f 1674/151/51 1672/151/51 1443/151/51
f 1674/151/51 1675/151/51 1672/151/51
f 1674/151/51 1662/151/51 1675/151/51
f 1674/151/51 1640/151/51 1662/151/51
f 1445/151/51 1674/151/51 1443/151/51
f 1676/151/51 1674/151/51 1445/151/51
f 1447/151/51 1676/151/51 1445/151/51
f 1677/151/51 1676/151/51 1447/151/51
f 1440/151/51 1677/151/51 1447/151/51
f 1678/151/51 1677/151/51 1440/151/51
f 1411/151/51 1678/151/51 1440/151/51
f 1413/151/51 1678/151/51 1411/151/51
f 1679/151/51 1413/151/51 1415/151/51
f 1679/151/51 1678/151/51 1413/151/51
f 1680/151/51 1679/151/51 1415/151/51
f 1681/151/51 1680/151/51 1415/151/51
f 1681/151/51 1682/151/51 1680/151/51
f 1681/151/51 1683/151/51 1682/151/51
f 1681/151/51 1669/151/51 1683/151/51
f 1681/151/51 1608/151/51 1669/151/51
f 1684/151/51 1681/151/51 1415/151/51
f 1684/151/51 1415/151/51 1417/151/51
f 1684/151/51 1417/151/51 1419/151/51
f 1684/151/51 1419/151/51 1421/151/51
f 1684/151/51 1421/151/51 1609/151/51
f 1602/151/51 1572/151/51 1640/151/51
f 1685/151/51 1602/151/51 1640/151/51
f 1686/151/51 1685/151/51 1640/151/51
f 1687/151/51 1686/151/51 1640/151/51
f 1688/151/51 1687/151/51 1640/151/51
f 1689/151/51 1688/151/51 1640/151/51
f 1674/151/51 1689/151/51 1640/151/51
f 1681/151/51 1684/151/51 1690/151/379
f 1690/151/379 1684/151/51 1691/151/380
f 1692/151/381 1690/151/379 1691/151/380
f 1692/151/381 1693/151/381 1690/151/379
f 1692/151/381 1470/151/373 1693/151/381
f 1692/151/381 1467/151/373 1470/151/373
f 1694/151/1 1695/151/1 1696/151/1
f 1697/151/1 1695/151/1 1694/151/1
f 1698/151/1 1695/151/1 1697/151/1
f 1699/151/1 1695/151/1 1698/151/1
f 1261/151/1 1695/151/1 1699/151/1
f 1247/151/1 1261/151/1 1699/151/1
f 1478/151/377 1700/151/377 1701/151/377 1477/151/377
f 1702/151/11 1248/151/11 1703/151/11
f 1704/151/11 1248/151/11 1702/151/11
f 1705/151/11 1248/151/11 1704/151/11
f 1706/151/11 1248/151/11 1705/151/11
f 1707/151/11 1248/151/11 1706/151/11
f 1262/151/11 1248/151/11 1707/151/11
f 1708/151/49 1709/151/49 1710/151/49
f 1711/151/49 1709/151/49 1708/151/49
f 1712/151/49 1711/151/49 1708/151/49
f 1713/151/49 1712/151/49 1708/151/49
f 1714/151/49 1712/151/49 1713/151/49
f 1715/151/49 1714/151/49 1713/151/49
f 1716/151/49 1714/151/49 1715/151/49
f 1717/151/49 1714/151/49 1716/151/49
f 1718/151/49 1717/151/49 1716/151/49
f 1719/151/49 1717/151/49 1718/151/49
f 1720/151/49 1719/151/49 1718/151/49
f 1721/151/49 1719/151/49 1720/151/49
f 1701/151/377 1700/151/377 1722/151/382
f 1722/151/382 1700/151/377 1723/151/382
f 1724/151/383 1722/151/382 1723/151/382
f 1724/151/383 1725/151/383 1722/151/382
f 1724/151/383 1608/151/51 1725/151/383
f 1724/151/383 1609/151/51 1608/151/51
f 1374/151/11 1472/151/11 1471/151/11 1377/151/11
f 1469/151/374 1468/151/373 1726/151/384
f 1726/151/384 1468/151/373 1727/151/384
f 1728/151/385 1727/151/384 1729/151/386
f 1730/151/1 1729/151/386 1731/151/1
f 1730/151/1 1728/151/385 1729/151/386
f 1728/151/385 1726/151/384 1727/151/384
f 1562/151/49 1560/151/49 1732/151/387
f 1732/151/387 1560/151/49 1733/151/388
f 1734/151/389 1732/151/387 1733/151/388
f 1734/151/389 1735/151/390 1732/151/387
f 1732/151/387 1735/151/390 1736/151/391
f 1737/151/392 1732/151/387 1736/151/391
f 1737/151/392 1738/151/393 1732/151/387
f 1737/151/392 1739/151/394 1738/151/393
f 1738/151/393 1739/151/394 1740/151/395
f 1741/151/396 1738/151/393 1740/151/395
f 1741/151/396 1388/151/49 1738/151/393
f 1741/151/396 1410/151/49 1388/151/49
f 1732/151/387 1738/151/393 1742/151/397
f 1742/151/397 1738/151/393 1743/151/397
f 1744/151/398 1743/151/397 1745/151/398
f 1744/151/398 1742/151/397 1743/151/397
f 1696/151/398 1695/151/398 1743/151/397
f 1743/151/397 1695/151/398 1745/151/398
f 1745/151/398 1695/151/398 1746/151/399
f 1746/151/399 1695/151/398 1747/151/400
f 1748/151/401 1746/151/399 1747/151/400
f 1748/151/401 1749/151/401 1746/151/399
f 1748/151/401 1750/151/402 1749/151/401
f 1748/151/401 1751/151/402 1750/151/402
f 1750/151/402 1751/151/402 1752/151/403
f 1752/151/403 1751/151/402 1753/151/404
f 1754/151/405 1559/151/49 1755/151/406
f 1754/151/405 1756/151/407 1559/151/49
f 1559/151/49 1756/151/407 1757/151/408
f 1561/151/49 1559/151/49 1757/151/408
f 1559/151/49 1758/151/409 1755/151/406
f 1755/151/406 1758/151/409 1759/151/409
f 1760/151/410 1759/151/409 1387/151/49
f 1761/151/405 1387/151/49 1762/151/411
f 1761/151/405 1760/151/410 1387/151/49
f 1759/151/409 1758/151/409 1763/151/412
f 1763/151/412 1758/151/409 1764/151/412
f 1706/151/413 1764/151/412 1707/151/414
f 1706/151/413 1763/151/412 1764/151/412
f 1765/151/413 1766/151/413 1764/151/412
f 1764/151/412 1766/151/413 1707/151/414
f 1707/151/414 1766/151/413 1767/151/415
f 1767/151/415 1766/151/413 1768/151/415
f 1769/151/416 1767/151/415 1768/151/415
f 1769/151/416 1770/151/416 1767/151/415
f 1769/151/416 1771/151/417 1770/151/416
f 1769/151/416 1772/151/417 1771/151/417
f 1771/151/417 1772/151/417 1773/151/418
f 1773/151/418 1772/151/417 1774/151/418
f 1409/151/49 1775/151/408 1387/151/49
f 1387/151/49 1775/151/408 1762/151/411
f 1760/151/410 1755/151/406 1759/151/409
f 1745/151/1 1746/151/419 1308/151/220
f 1319/151/1 1745/151/1 1308/151/220
f 1308/151/220 1749/151/420 1293/151/221
f 1308/151/220 1746/151/419 1749/151/420
f 1749/151/420 1750/151/421 1293/151/221
f 1293/151/221 1750/151/421 1294/151/222
f 1294/151/222 1750/151/421 1752/151/422
f 1331/151/53 1752/151/422 1776/151/423
f 1777/151/53 1331/151/53 1776/151/423
f 1752/151/422 1331/151/53 1294/151/222
f 1766/151/11 1318/151/11 1768/151/424
f 1768/151/424 1318/151/11 1309/151/232
f 1769/151/425 1309/151/232 1295/151/231
f 1291/151/230 1769/151/425 1295/151/231
f 1291/151/230 1772/151/426 1769/151/425
f 1291/151/230 1774/151/427 1772/151/426
f 1291/151/230 1292/151/53 1774/151/427
f 1774/151/427 1292/151/53 1778/151/428
f 1778/151/428 1292/151/53 1779/151/53
f 1769/151/425 1768/151/424 1309/151/232
f 1780/151/53 1777/151/53 1781/151/53
f 1782/151/53 1777/151/53 1780/151/53
f 1340/151/53 1777/151/53 1782/151/53
f 1331/151/53 1777/151/53 1340/151/53
f 1289/151/53 1331/151/53 1340/151/53
f 1783/151/53 1784/151/53 1779/151/53
f 1785/151/53 1783/151/53 1779/151/53
f 1339/151/53 1785/151/53 1779/151/53
f 1290/151/53 1339/151/53 1779/151/53
f 1292/151/53 1290/151/53 1779/151/53
f 1786/151/429 1787/151/430 1565/151/429
f 1565/151/429 1787/151/430 1566/151/430
f 1566/151/430 1787/151/430 1788/151/431
f 1568/151/431 1788/151/431 1789/151/432
f 1569/151/432 1789/151/432 1790/151/433
f 1612/151/433 1790/151/433 1791/151/434
f 1611/151/434 1791/151/434 1792/151/435
f 1610/151/435 1792/151/435 1607/151/436
f 1610/151/435 1611/151/434 1792/151/435
f 1792/151/435 1793/151/436 1607/151/436
f 1611/151/434 1612/151/433 1791/151/434
f 1612/151/433 1569/151/432 1790/151/433
f 1569/151/432 1568/151/431 1789/151/432
f 1568/151/431 1566/151/430 1788/151/431
f 1341/151/1 1340/151/342 1794/151/437
f 1794/151/437 1340/151/342 1782/151/437
f 1795/151/438 1782/151/437 1780/151/438
f 1796/151/403 1780/151/438 1781/151/439
f 1796/151/403 1795/151/438 1780/151/438
f 1795/151/438 1794/151/437 1782/151/437
f 1572/151/440 1797/151/440 1640/151/441
f 1640/151/441 1797/151/440 1798/151/441
f 1641/151/442 1798/151/441 1799/151/442
f 1639/151/443 1799/151/442 1800/151/443
f 1661/151/444 1800/151/443 1801/151/445
f 1661/151/444 1639/151/443 1800/151/443
f 1639/151/443 1641/151/442 1799/151/442
f 1641/151/442 1640/151/441 1798/151/441
f 1577/151/446 1802/151/446 1575/151/447
f 1575/151/447 1802/151/446 1803/151/447
f 1804/151/448 1575/151/447 1803/151/447
f 1804/151/448 1573/151/448 1575/151/447
f 1804/151/448 1805/151/449 1573/151/448
f 1573/151/448 1805/151/449 1574/151/449
f 1574/151/449 1805/151/449 1572/151/450
f 1572/151/450 1805/151/449 1797/151/450
f 1597/151/451 1806/151/452 1591/151/453
f 1591/151/453 1806/151/452 1807/151/453
f 1585/151/454 1807/151/453 1808/151/454
f 1577/151/455 1808/151/454 1802/151/455
f 1577/151/455 1585/151/454 1808/151/454
f 1585/151/454 1591/151/453 1807/151/453
f 1586/151/456 1809/151/457 1588/151/458
f 1588/151/458 1809/151/457 1810/151/458
f 1811/151/459 1588/151/458 1810/151/458
f 1811/151/459 1589/151/459 1588/151/458
f 1811/151/459 1812/151/460 1589/151/459
f 1589/151/459 1812/151/460 1592/151/460
f 1592/151/460 1812/151/460 1813/151/461
f 1593/151/461 1813/151/461 1814/151/462
f 1595/151/462 1814/151/462 1597/151/451
f 1595/151/462 1593/151/461 1814/151/462
f 1814/151/462 1806/151/452 1597/151/451
f 1593/151/461 1592/151/460 1813/151/461
f 1567/151/463 1815/151/463 1571/151/464
f 1571/151/464 1815/151/463 1816/151/464
f 1576/151/465 1816/151/464 1817/151/465
f 1586/151/456 1817/151/465 1809/151/457
f 1586/151/456 1576/151/465 1817/151/465
f 1576/151/465 1571/151/464 1816/151/464
f 1620/151/466 1818/151/466 1623/151/467
f 1623/151/467 1818/151/466 1819/151/467
f 1624/151/468 1819/151/467 1820/151/468
f 1567/151/469 1820/151/468 1815/151/469
f 1567/151/469 1624/151/468 1820/151/468
f 1624/151/468 1623/151/467 1819/151/467
f 1821/151/470 1822/151/471 1616/151/470
f 1616/151/470 1822/151/471 1614/151/471
f 1614/151/471 1822/151/471 1615/151/472
f 1615/151/472 1822/151/471 1823/151/472
f 1824/151/473 1615/151/472 1823/151/472
f 1824/151/473 1618/151/473 1615/151/472
f 1824/151/473 1825/151/474 1618/151/473
f 1618/151/473 1825/151/474 1619/151/474
f 1619/151/474 1825/151/474 1818/151/466
f 1620/151/466 1619/151/474 1818/151/466
f 1663/151/475 1826/151/475 1642/151/476
f 1642/151/476 1826/151/475 1827/151/476
f 1828/151/477 1642/151/476 1827/151/476
f 1828/151/477 1629/151/477 1642/151/476
f 1828/151/477 1829/151/478 1629/151/477
f 1629/151/477 1829/151/478 1627/151/478
f 1627/151/478 1829/151/478 1830/151/479
f 1625/151/479 1830/151/479 1831/151/480
f 1621/151/480 1831/151/480 1616/151/470
f 1621/151/480 1625/151/479 1831/151/480
f 1831/151/480 1821/151/470 1616/151/470
f 1625/151/479 1627/151/478 1830/151/479
f 1661/151/444 1801/151/445 1662/151/481
f 1662/151/481 1801/151/445 1832/151/481
f 1675/151/482 1832/151/481 1833/151/482
f 1672/151/483 1833/151/482 1834/151/483
f 1673/151/484 1834/151/483 1835/151/485
f 1665/151/486 1835/151/485 1836/151/486
f 1664/151/487 1836/151/486 1837/151/487
f 1663/151/488 1837/151/487 1826/151/488
f 1663/151/488 1664/151/487 1837/151/487
f 1664/151/487 1665/151/486 1836/151/486
f 1665/151/486 1673/151/484 1835/151/485
f 1673/151/484 1672/151/483 1834/151/483
f 1672/151/483 1675/151/482 1833/151/482
f 1675/151/482 1662/151/481 1832/151/481
f 1838/151/489 1839/151/490 1668/151/489
f 1668/151/489 1839/151/490 1671/151/490
f 1671/151/490 1839/151/490 1670/151/491
f 1670/151/491 1839/151/490 1840/151/491
f 1841/151/492 1670/151/491 1840/151/491
f 1841/151/492 1667/151/492 1670/151/491
f 1841/151/492 1842/151/493 1667/151/492
f 1667/151/492 1842/151/493 1654/151/494
f 1645/151/495 1843/151/495 1647/151/496
f 1647/151/496 1843/151/495 1844/151/496
f 1845/151/497 1647/151/496 1844/151/496
f 1845/151/497 1660/151/497 1647/151/496
f 1845/151/497 1846/151/498 1660/151/497
f 1660/151/497 1846/151/498 1666/151/498
f 1666/151/498 1846/151/498 1668/151/499
f 1668/151/499 1846/151/498 1838/151/499
f 1584/151/500 1847/151/500 1596/151/501
f 1596/151/501 1847/151/500 1848/151/501
f 1644/151/502 1848/151/501 1849/151/502
f 1645/151/503 1849/151/502 1843/151/503
f 1645/151/503 1644/151/502 1849/151/502
f 1644/151/502 1596/151/501 1848/151/501
f 1850/151/504 1851/151/505 1583/151/504
f 1583/151/504 1851/151/505 1581/151/505
f 1581/151/505 1851/151/505 1852/151/506
f 1579/151/506 1852/151/506 1578/151/507
f 1579/151/506 1581/151/505 1852/151/506
f 1852/151/506 1853/151/507 1578/151/507
f 1578/151/507 1853/151/507 1580/151/508
f 1580/151/508 1853/151/507 1854/151/508
f 1855/151/509 1580/151/508 1854/151/508
f 1855/151/509 1582/151/509 1580/151/508
f 1855/151/509 1847/151/500 1582/151/509
f 1582/151/509 1847/151/500 1584/151/500
f 1685/151/510 1856/151/510 1602/151/511
f 1602/151/511 1856/151/510 1857/151/511
f 1594/151/512 1857/151/511 1858/151/512
f 1583/151/504 1858/151/512 1850/151/504
f 1583/151/504 1594/151/512 1858/151/512
f 1594/151/512 1602/151/511 1857/151/511
f 1688/151/513 1859/151/513 1687/151/514
f 1687/151/514 1859/151/513 1860/151/514
f 1686/151/515 1860/151/514 1861/151/515
f 1685/151/516 1861/151/515 1856/151/516
f 1685/151/516 1686/151/515 1861/151/515
f 1686/151/515 1687/151/514 1860/151/514
f 1678/151/517 1862/151/517 1677/151/518
f 1677/151/518 1862/151/517 1863/151/518
f 1676/151/519 1863/151/518 1864/151/519
f 1674/151/520 1864/151/519 1865/151/520
f 1689/151/521 1865/151/520 1866/151/521
f 1688/151/513 1866/151/521 1859/151/513
f 1688/151/513 1689/151/521 1866/151/521
f 1689/151/521 1674/151/520 1865/151/520
f 1674/151/520 1676/151/519 1864/151/519
f 1676/151/519 1677/151/518 1863/151/518
f 1659/151/522 1867/151/522 1669/151/523
f 1669/151/523 1867/151/522 1868/151/523
f 1869/151/524 1669/151/523 1868/151/523
f 1869/151/524 1683/151/524 1669/151/523
f 1869/151/524 1870/151/525 1683/151/524
f 1683/151/524 1870/151/525 1682/151/525
f 1682/151/525 1870/151/525 1871/151/526
f 1680/151/526 1871/151/526 1872/151/527
f 1679/151/527 1872/151/527 1678/151/517
f 1679/151/527 1680/151/526 1872/151/527
f 1872/151/527 1862/151/517 1678/151/517
f 1680/151/526 1682/151/525 1871/151/526
f 1842/151/493 1873/151/528 1654/151/494
f 1654/151/494 1873/151/528 1652/151/528
f 1652/151/528 1873/151/528 1650/151/529
f 1650/151/529 1873/151/528 1874/151/529
f 1651/151/530 1874/151/529 1875/151/530
f 1876/151/531 1651/151/530 1875/151/530
f 1876/151/531 1653/151/532 1651/151/530
f 1876/151/531 1877/151/533 1653/151/532
f 1653/151/532 1877/151/533 1657/151/533
f 1657/151/533 1877/151/533 1878/151/534
f 1658/151/534 1878/151/534 1867/151/535
f 1659/151/535 1658/151/536 1867/151/535
f 1658/151/534 1657/151/533 1878/151/534
f 1651/151/530 1650/151/529 1874/151/529
f 1587/151/537 1879/151/537 1570/151/538
f 1570/151/538 1879/151/537 1880/151/538
f 1563/151/539 1880/151/538 1881/151/539
f 1564/151/540 1881/151/539 1882/151/540
f 1565/151/429 1882/151/540 1786/151/429
f 1565/151/429 1564/151/540 1882/151/540
f 1564/151/540 1563/151/539 1881/151/539
f 1563/151/539 1570/151/538 1880/151/538
f 1600/151/541 1883/151/541 1599/151/542
f 1599/151/542 1883/151/541 1884/151/542
f 1885/151/543 1599/151/542 1884/151/542
f 1885/151/543 1598/151/543 1599/151/542
f 1885/151/543 1886/151/544 1598/151/543
f 1598/151/543 1886/151/544 1590/151/544
f 1590/151/544 1886/151/544 1587/151/545
f 1587/151/545 1886/151/544 1879/151/545
f 1604/151/546 1887/151/547 1603/151/548
f 1603/151/548 1887/151/547 1888/151/548
f 1601/151/549 1888/151/548 1889/151/549
f 1600/151/550 1889/151/549 1883/151/550
f 1600/151/550 1601/151/549 1889/151/549
f 1601/151/549 1603/151/548 1888/151/548
f 1656/151/551 1890/151/552 1655/151/553
f 1655/151/553 1890/151/552 1891/151/553
f 1892/151/554 1655/151/553 1891/151/553
f 1892/151/554 1649/151/554 1655/151/553
f 1892/151/554 1893/151/555 1649/151/554
f 1649/151/554 1893/151/555 1646/151/555
f 1646/151/555 1893/151/555 1894/151/556
f 1606/151/556 1894/151/556 1895/151/557
f 1605/151/557 1895/151/557 1604/151/546
f 1605/151/557 1606/151/556 1895/151/557
f 1895/151/557 1887/151/547 1604/151/546
f 1606/151/556 1646/151/555 1894/151/556
f 1637/151/558 1896/151/558 1643/151/559
f 1643/151/559 1896/151/558 1897/151/559
f 1648/151/560 1897/151/559 1898/151/560
f 1656/151/551 1898/151/560 1890/151/552
f 1656/151/551 1648/151/560 1898/151/560
f 1648/151/560 1643/151/559 1897/151/559
f 1634/151/561 1899/151/562 1635/151/563
f 1635/151/563 1899/151/562 1900/151/563
f 1636/151/564 1900/151/563 1901/151/564
f 1637/151/565 1901/151/564 1896/151/565
f 1637/151/565 1636/151/564 1901/151/564
f 1636/151/564 1635/151/563 1900/151/563
f 1630/151/566 1902/151/566 1631/151/567
f 1631/151/567 1902/151/566 1903/151/567
f 1632/151/568 1903/151/567 1904/151/568
f 1638/151/569 1904/151/568 1905/151/569
f 1633/151/570 1905/151/569 1906/151/570
f 1634/151/561 1906/151/570 1899/151/562
f 1634/151/561 1633/151/570 1906/151/570
f 1633/151/570 1638/151/569 1905/151/569
f 1638/151/569 1632/151/568 1904/151/568
f 1632/151/568 1631/151/567 1903/151/567
f 1607/151/571 1793/151/571 1613/151/572
f 1613/151/572 1793/151/571 1907/151/572
f 1908/151/573 1613/151/572 1907/151/572
f 1908/151/573 1617/151/574 1613/151/572
f 1908/151/573 1909/151/575 1617/151/574
f 1617/151/574 1909/151/575 1622/151/575
f 1622/151/575 1909/151/575 1910/151/576
f 1626/151/576 1910/151/576 1911/151/577
f 1628/151/577 1911/151/577 1630/151/566
f 1628/151/577 1626/151/576 1911/151/577
f 1911/151/577 1902/151/566 1630/151/566
f 1626/151/576 1622/151/575 1910/151/576
f 1912/151/197 1521/151/198 1913/151/199
f 1912/151/197 1525/151/200 1521/151/198
f 1912/151/197 1914/151/201 1525/151/200
f 1525/151/200 1914/151/201 1527/151/202
f 1527/151/202 1914/151/201 1915/151/203
f 1529/151/204 1915/151/203 1916/151/205
f 1531/151/206 1916/151/205 1917/151/206
f 1533/151/207 1917/151/206 1918/151/208
f 1535/151/209 1918/151/208 1919/151/209
f 1537/151/210 1919/151/209 1920/151/211
f 1539/151/212 1920/151/211 1921/151/213
f 1541/151/214 1921/151/213 1922/151/215
f 1543/151/216 1922/151/215 1923/151/333
f 1545/151/217 1923/151/333 1924/151/217
f 1547/151/218 1924/151/217 1925/151/219
f 1523/151/199 1925/151/219 1913/151/199
f 1521/151/198 1523/151/199 1913/151/199
f 1523/151/199 1547/151/218 1925/151/219
f 1547/151/218 1545/151/217 1924/151/217
f 1545/151/217 1543/151/216 1923/151/333
f 1543/151/216 1541/151/214 1922/151/215
f 1541/151/214 1539/151/212 1921/151/213
f 1539/151/212 1537/151/210 1920/151/211
f 1537/151/210 1535/151/209 1919/151/209
f 1535/151/209 1533/151/207 1918/151/208
f 1533/151/207 1531/151/206 1917/151/206
f 1531/151/206 1529/151/204 1916/151/205
f 1529/151/204 1527/151/202 1915/151/203
f 1926/151/233 1920/151/233 1927/151/11
f 1926/151/233 1921/151/191 1920/151/233
f 1926/151/233 1928/151/191 1921/151/191
f 1921/151/191 1928/151/191 1922/151/378
f 1922/151/378 1928/151/191 1929/151/378
f 1923/151/578 1929/151/378 1930/151/578
f 1924/151/195 1930/151/578 1931/151/195
f 1925/151/235 1931/151/195 1932/151/235
f 1913/151/1 1932/151/235 1933/151/1
f 1912/151/236 1933/151/1 1934/151/236
f 1914/151/184 1934/151/236 1935/151/184
f 1915/151/237 1935/151/184 1936/151/237
f 1916/151/238 1936/151/237 1937/151/238
f 1917/151/188 1937/151/238 1938/151/188
f 1918/151/239 1938/151/188 1939/151/239
f 1919/151/11 1939/151/239 1927/151/11
f 1920/151/233 1919/151/11 1927/151/11
f 1913/151/1 1925/151/235 1932/151/235
f 1925/151/235 1924/151/195 1931/151/195
f 1924/151/195 1923/151/578 1930/151/578
f 1923/151/578 1922/151/378 1929/151/378
f 1919/151/11 1918/151/239 1939/151/239
f 1918/151/239 1917/151/188 1938/151/188
f 1917/151/188 1916/151/238 1937/151/238
f 1916/151/238 1915/151/237 1936/151/237
f 1915/151/237 1914/151/184 1935/151/184
f 1914/151/184 1912/151/236 1934/151/236
f 1912/151/236 1913/151/1 1933/151/1
f 1161/151/51 1158/151/51 1154/151/51
f 1155/151/51 1161/151/51 1154/151/51
f 1160/151/51 1161/151/51 1155/151/51
f 1156/151/51 1160/151/51 1155/151/51
f 1157/151/51 1160/151/51 1156/151/51
f 1159/151/51 1160/151/51 1157/151/51
f 1142/151/51 1159/151/51 1157/151/51
f 1153/151/51 1142/151/51 1157/151/51
f 1500/151/51 1142/151/51 1153/151/51
f 971/151/51 1142/151/51 1500/151/51
f 1499/151/51 971/151/51 1500/151/51
f 970/151/51 1142/151/51 971/151/51
f 1501/151/51 1500/151/51 1153/151/51
f 972/151/51 971/151/51 1499/151/51
f 1502/151/51 1501/151/51 1153/151/51
f 973/151/51 972/151/51 1499/151/51
f 1498/151/51 973/151/51 1499/151/51
f 969/151/51 1142/151/51 970/151/51
f 1497/151/51 973/151/51 1498/151/51
f 968/151/51 1142/151/51 969/151/51
f 974/151/51 973/151/51 1497/151/51
f 1503/151/51 1502/151/51 1153/151/51
f 975/151/51 974/151/51 1497/151/51
f 1496/151/51 975/151/51 1497/151/51
f 1504/151/51 1503/151/51 1153/151/51
f 967/151/51 1142/151/51 968/151/51
f 976/151/51 975/151/51 1496/151/51
f 1505/151/51 1504/151/51 1153/151/51
f 1495/151/51 976/151/51 1496/151/51
f 966/151/51 1142/151/51 967/151/51
f 1493/151/51 976/151/51 1495/151/51
f 977/151/51 976/151/51 1493/151/51
f 1494/151/51 977/151/51 1493/151/51
f 965/151/51 977/151/51 1494/151/51
f 1933/151/51 964/151/51 965/151/51
f 1933/151/51 965/151/51 1494/151/51
f 1933/151/51 1494/151/51 1506/151/51
f 1933/151/51 1506/151/51 1505/151/51
f 1933/151/51 1505/151/51 1153/151/51
f 957/151/51 964/151/51 1933/151/51
f 957/151/51 966/151/51 964/151/51
f 957/151/51 1142/151/51 966/151/51
f 1934/151/51 1933/151/51 1153/151/51
f 1932/151/51 957/151/51 1933/151/51
f 958/151/51 957/151/51 1932/151/51
f 956/151/51 1142/151/51 957/151/51
f 959/151/51 958/151/51 1932/151/51
f 1931/151/51 959/151/51 1932/151/51
f 955/151/51 1142/151/51 956/151/51
f 1935/151/51 1934/151/51 1153/151/51
f 1930/151/51 959/151/51 1931/151/51
f 954/151/51 1142/151/51 955/151/51
f 960/151/51 959/151/51 1930/151/51
f 1936/151/51 1935/151/51 1153/151/51
f 953/151/51 1142/151/51 954/151/51
f 1937/151/51 1936/151/51 1153/151/51
f 1929/151/51 960/151/51 1930/151/51
f 961/151/51 960/151/51 1929/151/51
f 1928/151/51 961/151/51 1929/151/51
f 962/151/51 961/151/51 1928/151/51
f 963/151/51 962/151/51 1928/151/51
f 1926/151/51 963/151/51 1928/151/51
f 951/151/51 963/151/51 1926/151/51
f 1927/151/51 951/151/51 1926/151/51
f 1149/151/51 951/151/51 1927/151/51
f 1149/151/51 1927/151/51 1939/151/51
f 1149/151/51 1939/151/51 1938/151/51
f 1149/151/51 1938/151/51 1937/151/51
f 1149/151/51 1937/151/51 1153/151/51
f 1143/151/51 951/151/51 1149/151/51
f 1143/151/51 950/151/51 951/151/51
f 1143/151/51 952/151/51 950/151/51
f 1143/151/51 953/151/51 952/151/51
f 1143/151/51 1142/151/51 953/151/51
f 1150/151/51 1143/151/51 1149/151/51
f 1147/151/51 1143/151/51 1150/151/51
f 1151/151/51 1147/151/51 1150/151/51
f 1146/151/51 1147/151/51 1151/151/51
f 1152/151/51 1146/151/51 1151/151/51
f 1145/151/51 1146/151/51 1152/151/51
f 1144/151/51 1145/151/51 1152/151/51
f 1148/151/51 1144/151/51 1152/151/51
f 1940/151/418 1784/151/418 1941/151/579
f 1941/151/579 1784/151/418 1783/151/579
f 1942/151/580 1783/151/579 1785/151/580
f 1338/151/11 1785/151/580 1339/151/11
f 1338/151/11 1942/151/580 1785/151/580
f 1942/151/580 1941/151/579 1783/151/579
f 1943/151/51 1944/151/51 1336/151/51 1337/151/51
f 1945/151/49 1946/151/49 1947/151/49
f 1426/151/49 1946/151/49 1945/151/49
f 1424/151/49 1946/151/49 1426/151/49
f 1948/151/49 1946/151/49 1424/151/49
f 1949/151/49 1426/151/49 1945/151/49
f 1422/151/49 1948/151/49 1424/151/49
f 1428/151/49 1426/151/49 1949/151/49
f 1950/151/49 1948/151/49 1422/151/49
f 1951/151/49 1428/151/49 1949/151/49
f 1952/151/49 1950/151/49 1422/151/49
f 1953/151/49 1428/151/49 1951/151/49
f 1954/151/49 1428/151/49 1953/151/49
f 1955/151/49 1952/151/49 1422/151/49
f 1956/151/49 1955/151/49 1422/151/49
f 1957/151/49 1428/151/49 1954/151/49
f 1420/151/49 1956/151/49 1422/151/49
f 1430/151/49 1428/151/49 1957/151/49
f 1958/151/49 1956/151/49 1420/151/49
f 1959/151/49 1430/151/49 1957/151/49
f 1431/151/49 1959/151/49 1960/151/49
f 1431/151/49 1430/151/49 1959/151/49
f 1418/151/49 1958/151/49 1420/151/49
f 1961/151/49 1431/151/49 1960/151/49
f 1433/151/49 1431/151/49 1961/151/49
f 1962/151/49 1433/151/49 1961/151/49
f 1436/151/49 1433/151/49 1962/151/49
f 1437/151/49 1436/151/49 1962/151/49
f 1963/151/49 1437/151/49 1962/151/49
f 1964/151/49 1437/151/49 1963/151/49
f 1460/151/49 1437/151/49 1964/151/49
f 1462/151/49 1460/151/49 1964/151/49
f 1464/151/49 1462/151/49 1964/151/49
f 1965/151/49 1466/151/49 1464/151/49
f 1965/151/49 1464/151/49 1964/151/49
f 1966/151/49 1965/151/49 1964/151/49
f 1967/151/49 1965/151/49 1966/151/49
f 1968/151/49 1967/151/49 1966/151/49
f 1969/151/49 1967/151/49 1968/151/49
f 1970/151/49 1969/151/49 1968/151/49
f 1971/151/49 1969/151/49 1970/151/49
f 1972/151/49 1971/151/49 1970/151/49
f 1973/151/49 1971/151/49 1972/151/49
f 1974/151/49 1971/151/49 1973/151/49
f 1975/151/49 1976/151/49 1977/151/49
f 1978/151/49 1976/151/49 1975/151/49
f 1418/151/49 1979/151/49 1958/151/49
f 1980/151/49 1979/151/49 1418/151/49
f 1416/151/49 1980/151/49 1418/151/49
f 1981/151/49 1980/151/49 1416/151/49
f 1414/151/49 1981/151/49 1416/151/49
f 1412/151/49 1981/151/49 1414/151/49
f 1982/151/49 1981/151/49 1412/151/49
f 1983/151/49 1982/151/49 1412/151/49
f 1439/151/49 1983/151/49 1412/151/49
f 1448/151/49 1983/151/49 1439/151/49
f 1446/151/49 1983/151/49 1448/151/49
f 1965/151/49 1446/151/49 1444/151/49
f 1965/151/49 1983/151/49 1446/151/49
f 1965/151/49 1444/151/49 1466/151/49
f 1458/151/49 1456/151/49 1454/151/49
f 1452/151/49 1458/151/49 1454/151/49
f 1442/151/49 1458/151/49 1452/151/49
f 1450/151/49 1442/151/49 1452/151/49
f 1444/151/49 1442/151/49 1450/151/49
f 1466/151/49 1444/151/49 1450/151/49
f 1760/151/581 1761/151/582 1983/151/11
f 1983/151/11 1761/151/582 1982/151/227
f 1982/151/227 1761/151/582 1762/151/583
f 1775/151/584 1982/151/227 1762/151/583
f 1775/151/584 1981/151/228 1982/151/227
f 1775/151/584 1409/151/585 1981/151/228
f 1981/151/228 1409/151/585 1407/151/586
f 1980/151/229 1407/151/586 1405/151/587
f 1979/151/55 1405/151/587 1403/151/55
f 1979/151/55 1980/151/229 1405/151/587
f 1980/151/229 1981/151/228 1407/151/586
f 1403/151/55 1404/151/55 1958/151/55 1979/151/55
f 1404/151/11 1400/151/11 1956/151/11 1958/151/11
f 1956/151/11 1400/151/11 1955/151/588
f 1955/151/588 1400/151/11 1397/151/588
f 1952/151/589 1397/151/588 1395/151/589
f 1950/151/590 1395/151/589 1393/151/590
f 1950/151/590 1952/151/589 1395/151/589
f 1952/151/589 1955/151/588 1397/151/588
f 1950/151/590 1393/151/590 1948/151/591
f 1948/151/591 1393/151/590 1391/151/591
f 1389/151/592 1948/151/591 1391/151/591
f 1389/151/592 1946/151/592 1948/151/591
f 1389/151/592 1386/151/55 1946/151/592
f 1946/151/592 1386/151/55 1947/151/55
f 1947/151/55 1386/151/55 1390/151/593
f 1945/151/593 1390/151/593 1392/151/594
f 1949/151/594 1392/151/594 1951/151/595
f 1949/151/594 1945/151/593 1392/151/594
f 1392/151/594 1394/151/596 1951/151/595
f 1945/151/593 1947/151/55 1390/151/593
f 1951/151/595 1394/151/596 1953/151/597
f 1953/151/597 1394/151/596 1396/151/597
f 1954/151/598 1396/151/597 1398/151/599
f 1957/151/1 1398/151/599 1399/151/1
f 1957/151/1 1954/151/598 1398/151/599
f 1954/151/598 1953/151/597 1396/151/597
f 1399/151/1 1401/151/1 1959/151/1 1957/151/1
f 1401/151/55 1402/151/55 1960/151/55 1959/151/55
f 1408/151/600 1410/151/601 1961/151/594
f 1960/151/55 1408/151/600 1961/151/594
f 1960/151/55 1406/151/602 1408/151/600
f 1960/151/55 1402/151/55 1406/151/602
f 1740/151/603 1962/151/604 1741/151/605
f 1740/151/603 1739/151/606 1962/151/604
f 1962/151/604 1739/151/606 1963/151/607
f 1963/151/607 1739/151/606 1964/151/608
f 1964/151/608 1739/151/606 1737/151/608
f 1962/151/604 1961/151/594 1741/151/605
f 1741/151/605 1961/151/594 1410/151/601
f 1737/151/608 1736/151/609 1966/151/610 1964/151/608
f 1733/151/611 1560/151/612 1970/151/613
f 1968/151/614 1733/151/611 1970/151/613
f 1968/151/614 1734/151/615 1733/151/611
f 1968/151/614 1735/151/616 1734/151/615
f 1968/151/614 1966/151/610 1735/151/616
f 1735/151/616 1966/151/610 1736/151/609
f 1555/151/617 1973/151/53 1556/151/618
f 1556/151/618 1973/151/53 1972/151/619
f 1557/151/620 1972/151/619 1970/151/613
f 1560/151/612 1557/151/620 1970/151/613
f 1972/151/619 1557/151/620 1556/151/618
f 1555/151/53 1558/151/53 1977/151/53 1973/151/53
f 1558/151/621 1554/151/621 1975/151/621 1977/151/621
f 1554/151/53 1549/151/53 1978/151/53 1975/151/53
f 1549/151/622 1553/151/622 1976/151/622 1978/151/622
f 1553/151/53 1551/151/53 1974/151/53 1976/151/53
f 1757/151/623 1969/151/231 1561/151/624
f 1757/151/623 1756/151/625 1969/151/231
f 1969/151/231 1756/151/625 1967/151/232
f 1967/151/232 1756/151/625 1754/151/626
f 1965/151/11 1754/151/626 1755/151/11
f 1965/151/11 1967/151/232 1754/151/626
f 1969/151/231 1971/151/230 1561/151/624
f 1561/151/624 1971/151/230 1552/151/627
f 1552/151/627 1971/151/230 1550/151/628
f 1550/151/628 1971/151/230 1974/151/53
f 1551/151/53 1550/151/628 1974/151/53
f 1755/151/11 1760/151/581 1983/151/11 1965/151/11
f 1781/151/439 1984/151/403 1796/151/403
f 1781/151/439 1985/151/404 1984/151/403
f 1781/151/439 1753/151/404 1985/151/404
f 1777/151/403 1753/151/404 1781/151/439
f 1776/151/404 1753/151/404 1777/151/403
f 1752/151/403 1753/151/404 1776/151/404
f 1695/151/1 1261/151/1 1747/151/629
f 1747/151/629 1261/151/1 1272/151/225
f 1748/151/630 1272/151/225 1281/151/224
f 1751/151/631 1281/151/224 1283/151/223
f 1753/151/632 1283/151/223 1287/151/55
f 1985/151/633 1287/151/55 1984/151/55
f 1985/151/633 1753/151/632 1287/151/55
f 1753/151/632 1751/151/631 1283/151/223
f 1751/151/631 1748/151/630 1281/151/224
f 1748/151/630 1747/151/629 1272/151/225
f 1707/151/11 1767/151/634 1271/151/227
f 1262/151/11 1707/151/11 1271/151/227
f 1271/151/227 1770/151/635 1279/151/228
f 1271/151/227 1767/151/634 1770/151/635
f 1770/151/635 1771/151/636 1279/151/228
f 1279/151/228 1771/151/636 1284/151/229
f 1284/151/229 1771/151/636 1773/151/637
f 1285/151/55 1773/151/637 1986/151/638
f 1987/151/55 1285/151/55 1986/151/638
f 1773/151/637 1285/151/55 1284/151/229
f 1794/151/55 1286/151/55 1341/151/55
f 1795/151/55 1286/151/55 1794/151/55
f 1796/151/55 1286/151/55 1795/151/55
f 1984/151/55 1286/151/55 1796/151/55
f 1287/151/55 1286/151/55 1984/151/55
f 1940/151/55 1285/151/55 1987/151/55
f 1941/151/55 1285/151/55 1940/151/55
f 1942/151/55 1285/151/55 1941/151/55
f 1338/151/55 1285/151/55 1942/151/55
f 1288/151/55 1285/151/55 1338/151/55
f 1765/151/11 1318/151/11 1766/151/11
f 1988/151/11 1318/151/11 1765/151/11
f 1989/151/11 1318/151/11 1988/151/11
f 1990/151/11 1318/151/11 1989/151/11
f 1349/151/11 1318/151/11 1990/151/11
f 1328/151/11 1318/151/11 1349/151/11
f 1991/151/49 1992/151/49 1993/151/49
f 1994/151/49 1992/151/49 1991/151/49
f 1995/151/49 1994/151/49 1991/151/49
f 1996/151/49 1995/151/49 1991/151/49
f 1997/151/49 1995/151/49 1996/151/49
f 1998/151/49 1997/151/49 1996/151/49
f 1999/151/49 1997/151/49 1998/151/49
f 2000/151/49 1997/151/49 1999/151/49
f 2001/151/49 2000/151/49 1999/151/49
f 2002/151/49 2000/151/49 2001/151/49
f 2003/151/49 2002/151/49 2001/151/49
f 2004/151/49 2002/151/49 2003/151/49
f 863/151/183 2005/151/183 889/151/1
f 863/151/183 2006/151/184 2005/151/183
f 863/151/183 865/151/184 2006/151/184
f 2006/151/184 865/151/184 2007/151/187
f 2007/151/187 865/151/184 867/151/187
f 2008/151/186 867/151/187 869/151/186
f 2009/151/188 869/151/186 871/151/188
f 2010/151/189 871/151/188 873/151/189
f 2011/151/11 873/151/189 875/151/11
f 2012/151/190 875/151/11 877/151/190
f 2013/151/191 877/151/190 879/151/191
f 2014/151/192 879/151/191 881/151/192
f 2015/151/193 881/151/194 883/151/193
f 2016/151/195 883/151/193 885/151/195
f 2017/151/196 885/151/195 887/151/196
f 2018/151/1 887/151/196 889/151/1
f 2005/151/183 2018/151/1 889/151/1
f 2018/151/1 2017/151/196 887/151/196
f 2017/151/196 2016/151/195 885/151/195
f 2016/151/195 2015/151/193 883/151/193
f 2015/151/193 2014/151/194 881/151/194
f 2014/151/192 2013/151/191 879/151/191
f 2013/151/191 2012/151/190 877/151/190
f 2012/151/190 2011/151/11 875/151/11
f 2011/151/11 2010/151/189 873/151/189
f 2010/151/189 2009/151/188 871/151/188
f 2009/151/188 2008/151/186 869/151/186
f 2008/151/186 2007/151/187 867/151/187
f 2019/151/190 2020/151/190 2021/151/11
f 2019/151/190 2022/151/9 2020/151/190
f 2019/151/190 2023/151/9 2022/151/9
f 2022/151/9 2023/151/9 2024/151/194
f 2024/151/194 2023/151/9 2025/151/194
f 2026/151/193 2025/151/194 2027/151/193
f 2028/151/4 2027/151/193 2029/151/4
f 2030/151/196 2029/151/4 2031/151/196
f 2032/151/1 2031/151/196 2033/151/1
f 2034/151/183 2033/151/1 2035/151/183
f 2036/151/18 2035/151/183 2037/151/18
f 2038/151/187 2037/151/18 2039/151/187
f 2040/151/186 2039/151/187 2041/151/186
f 2042/151/13 2041/151/186 2043/151/13
f 2044/151/189 2043/151/13 2045/151/189
f 2046/151/11 2045/151/189 2021/151/11
f 2020/151/190 2046/151/11 2021/151/11
f 2046/151/11 2044/151/189 2045/151/189
f 2044/151/189 2042/151/13 2043/151/13
f 2042/151/13 2040/151/186 2041/151/186
f 2040/151/186 2038/151/187 2039/151/187
f 2038/151/187 2036/151/18 2037/151/18
f 2036/151/18 2034/151/183 2035/151/183
f 2034/151/183 2032/151/1 2033/151/1
f 2032/151/1 2030/151/196 2031/151/196
f 2030/151/196 2028/151/4 2029/151/4
f 2028/151/4 2026/151/193 2027/151/193
f 2026/151/193 2024/151/194 2025/151/194
f 2047/151/1 1744/151/1 1745/151/1
f 2048/151/1 2047/151/1 1745/151/1
f 2049/151/1 2048/151/1 1745/151/1
f 1348/151/1 2049/151/1 1745/151/1
f 1246/151/1 1348/151/1 1745/151/1
f 1319/151/1 1246/151/1 1745/151/1
f 1559/151/49 1562/151/49 2050/151/290
f 2050/151/290 1562/151/49 2051/151/290
f 2052/151/280 2051/151/290 2053/151/280
f 2054/151/279 2053/151/280 2055/151/279
f 1343/151/53 2055/151/279 1344/151/53
f 1343/151/53 2054/151/279 2055/151/279
f 2054/151/279 2052/151/280 2053/151/280
f 2052/151/280 2050/151/290 2051/151/290
f 2056/151/1 2057/151/1 2058/151/639
f 2058/151/639 2057/151/1 2059/151/640
f 2060/151/641 2058/151/639 2059/151/640
f 2060/151/641 2061/151/642 2058/151/639
f 2060/151/641 2062/151/643 2061/151/642
f 2061/151/642 2062/151/643 2063/151/644
f 2063/151/644 2062/151/643 2064/151/645
f 2065/151/49 2064/151/645 2066/151/646
f 2067/151/49 2065/151/49 2066/151/646
f 2065/151/49 2063/151/644 2064/151/645
f 2068/151/51 2069/151/51 2070/151/647
f 2070/151/647 2069/151/51 2071/151/647
f 2072/151/648 2071/151/647 2073/151/648
f 2074/151/649 2073/151/648 2075/151/649
f 2076/151/1 2075/151/649 2077/151/1
f 2076/151/1 2074/151/649 2075/151/649
f 2074/151/649 2072/151/648 2073/151/648
f 2072/151/648 2070/151/647 2071/151/647
f 2078/151/49 2079/151/650 2080/151/49
f 2080/151/49 2079/151/650 2081/151/651
f 2082/151/652 2080/151/49 2081/151/651
f 2082/151/652 2083/151/653 2080/151/49
f 2082/151/652 2084/151/654 2083/151/653
f 2083/151/653 2084/151/654 2085/151/655
f 2085/151/655 2084/151/654 2086/151/656
f 2087/151/657 2086/151/656 2088/151/11
f 2087/151/657 2085/151/655 2086/151/656
f 2086/151/656 2089/151/11 2088/151/11
f 2090/151/658 2091/151/11 2092/151/659
f 2092/151/659 2091/151/11 2093/151/659
f 2094/151/660 2093/151/659 2095/151/660
f 2096/151/661 2095/151/660 2097/151/662
f 2098/151/51 2097/151/662 2099/151/51
f 2098/151/51 2096/151/661 2097/151/662
f 2096/151/661 2094/151/660 2095/151/660
f 2094/151/660 2092/151/659 2093/151/659
f 2100/151/1 2057/151/1 2056/151/1
f 2101/151/1 2057/151/1 2100/151/1
f 2102/151/1 2101/151/1 2100/151/1
f 2103/151/1 2101/151/1 2102/151/1
f 2104/151/1 2101/151/1 2103/151/1
f 2105/151/1 2104/151/1 2103/151/1
f 2077/151/1 2105/151/1 2103/151/1
f 2076/151/1 2077/151/1 2103/151/1
f 2099/151/51 2069/151/51 2068/151/51 2098/151/51
f 2106/151/11 2090/151/658 2107/151/11
f 2108/151/11 2090/151/658 2106/151/11
f 2088/151/11 2090/151/658 2108/151/11
f 2109/151/11 2090/151/658 2088/151/11
f 2091/151/11 2090/151/658 2109/151/11
f 2110/151/11 2109/151/11 2088/151/11
f 2111/151/11 2110/151/11 2088/151/11
f 2089/151/11 2111/151/11 2088/151/11
f 2067/151/49 2078/151/49 2080/151/49 2065/151/49
f 1699/151/55 1698/151/663 2112/151/55
f 2112/151/55 1698/151/663 2113/151/55
f 2113/151/55 1698/151/663 2114/151/246
f 2115/151/55 2113/151/55 2114/151/246
f 1698/151/663 1697/151/664 2114/151/246
f 2114/151/246 1697/151/664 2116/151/245
f 2116/151/245 1697/151/664 1694/151/665
f 2117/151/244 1694/151/665 1743/151/397
f 1738/151/393 2117/151/244 1743/151/397
f 1738/151/393 1388/151/49 2117/151/244
f 1694/151/665 1696/151/398 1743/151/397
f 2117/151/244 2116/151/245 1694/151/665
f 2118/151/55 2109/151/55 2119/151/246
f 2119/151/246 2109/151/55 2110/151/666
f 2111/151/667 2119/151/246 2110/151/666
f 2111/151/667 2120/151/245 2119/151/246
f 2111/151/667 2089/151/668 2120/151/245
f 2120/151/245 2089/151/668 2086/151/669
f 2121/151/244 2086/151/669 2084/151/670
f 2082/151/671 2121/151/244 2084/151/670
f 2082/151/671 2081/151/672 2121/151/244
f 2121/151/244 2081/151/672 1387/151/49
f 1387/151/49 2081/151/672 2079/151/673
f 2078/151/674 1387/151/49 2079/151/673
f 2078/151/674 2067/151/674 1387/151/49
f 1387/151/49 2067/151/674 1388/151/49
f 1388/151/49 2067/151/674 2066/151/675
f 2064/151/676 1388/151/49 2066/151/675
f 2064/151/676 2117/151/244 1388/151/49
f 2064/151/676 2062/151/677 2117/151/244
f 2117/151/244 2062/151/677 2060/151/678
f 2059/151/679 2117/151/244 2060/151/678
f 2059/151/679 2116/151/245 2117/151/244
f 2059/151/679 2057/151/668 2116/151/245
f 2116/151/245 2057/151/668 2101/151/667
f 2114/151/246 2101/151/667 2104/151/666
f 2115/151/55 2104/151/666 2105/151/55
f 2115/151/55 2114/151/246 2104/151/666
f 2114/151/246 2116/151/245 2101/151/667
f 2121/151/244 2120/151/245 2086/151/669
f 1706/151/413 1705/151/680 1763/151/412
f 1763/151/412 1705/151/680 2121/151/244
f 1759/151/409 2121/151/244 1387/151/49
f 1759/151/409 1763/151/412 2121/151/244
f 1705/151/680 1704/151/681 2121/151/244
f 2121/151/244 1704/151/681 2120/151/245
f 2120/151/245 1704/151/681 1702/151/682
f 2119/151/246 1702/151/682 2122/151/55
f 2123/151/55 2119/151/246 2122/151/55
f 2123/151/55 2118/151/55 2119/151/246
f 1702/151/682 1703/151/55 2122/151/55
f 2119/151/246 2120/151/245 1702/151/682
f 2124/151/53 1367/151/53 2125/151/222
f 2125/151/222 1367/151/53 1369/151/222
f 2126/151/221 1369/151/222 1371/151/221
f 1372/151/220 2126/151/221 1371/151/221
f 1372/151/220 2127/151/220 2126/151/221
f 1372/151/220 1731/151/1 2127/151/220
f 1372/151/220 1375/151/1 1731/151/1
f 2126/151/221 2125/151/222 1369/151/222
f 2128/151/53 2124/151/53 2129/151/683
f 2130/151/684 2129/151/683 2131/151/685 2132/151/686
f 2132/151/686 2133/151/687 2134/151/688 2130/151/684
f 2135/151/689 2132/151/686 2131/151/685 2136/151/690
f 2136/151/690 2137/151/691 2138/151/692 2135/151/689
f 2126/151/221 2136/151/690 2131/151/685
f 2125/151/222 2131/151/685 2129/151/683
f 2124/151/53 2125/151/222 2129/151/683
f 2125/151/222 2126/151/221 2131/151/685
f 2136/151/690 2126/151/221 2137/151/691
f 2137/151/691 2126/151/221 2127/151/220
f 2139/151/693 2127/151/220 1731/151/1
f 1729/151/386 2139/151/693 1731/151/1
f 1729/151/386 2140/151/694 2139/151/693
f 1729/151/386 1727/151/384 2140/151/694
f 2140/151/694 1727/151/384 2141/151/695
f 2142/151/696 2141/151/695 2143/151/697
f 2144/151/698 2142/151/696 2143/151/697
f 2144/151/698 2145/151/699 2142/151/696
f 2144/151/698 2133/151/687 2145/151/699
f 2144/151/698 2146/151/700 2133/151/687
f 2133/151/687 2146/151/700 2134/151/688
f 2134/151/688 2146/151/700 2147/151/53
f 2148/151/53 2134/151/688 2147/151/53
f 2148/151/53 2130/151/684 2134/151/688
f 2148/151/53 2128/151/53 2130/151/684
f 2130/151/684 2128/151/53 2129/151/683
f 1727/151/384 1468/151/373 2141/151/695
f 2141/151/695 1468/151/373 2143/151/697
f 2138/151/692 2137/151/691 2139/151/693 2140/151/694
f 2142/151/696 2138/151/692 2140/151/694 2141/151/695
f 2145/151/699 2135/151/689 2138/151/692 2142/151/696
f 2133/151/687 2132/151/686 2135/151/689 2145/151/699
f 2127/151/220 2139/151/693 2137/151/691
f 2149/151/53 2147/151/53 2150/151/700
f 2150/151/700 2147/151/53 2146/151/700
f 2151/151/701 2146/151/700 2144/151/698
f 2143/151/697 2151/151/701 2144/151/698
f 2143/151/697 2152/151/697 2151/151/701
f 2143/151/697 1467/151/373 2152/151/697
f 2143/151/697 1468/151/373 1467/151/373
f 2151/151/701 2150/151/700 2146/151/700
f 2149/151/53 2150/151/700 2153/151/53
f 2153/151/53 2150/151/700 2154/151/702
f 2155/151/53 2154/151/702 2156/151/53
f 2155/151/53 2153/151/53 2154/151/702
f 2154/151/702 2150/151/700 2157/151/703
f 2158/151/704 2157/151/703 2159/151/705
f 2158/151/704 2154/151/702 2157/151/703
f 2158/151/704 2156/151/53 2154/151/702
f 1467/151/373 2160/151/706 2152/151/697
f 1467/151/373 1692/151/381 2160/151/706
f 2160/151/706 1692/151/381 1691/151/380
f 2161/151/707 1691/151/380 1684/151/51
f 2161/151/707 2160/151/706 1691/151/380
f 2161/151/707 2162/151/708 2160/151/706
f 2161/151/707 2159/151/705 2162/151/708
f 2162/151/708 2159/151/705 2157/151/703
f 2151/151/701 2157/151/703 2150/151/700
f 2151/151/701 2162/151/708 2157/151/703
f 2151/151/701 2152/151/697 2162/151/708
f 2162/151/708 2152/151/697 2160/151/706
f 2087/151/709 2088/151/710 2158/151/704
f 2085/151/711 2158/151/704 2083/151/712
f 2085/151/711 2087/151/709 2158/151/704
f 2088/151/710 2108/151/713 2158/151/704
f 2158/151/704 2108/151/713 2106/151/714
f 2156/151/53 2106/151/714 2107/151/53
f 2156/151/53 2158/151/704 2106/151/714
f 2159/151/705 2163/151/705 2158/151/704
f 2159/151/705 2161/151/707 2163/151/705
f 2163/151/705 2161/151/707 2164/151/707
f 2164/151/707 2161/151/707 1609/151/51
f 1609/151/51 2161/151/707 1684/151/51
f 2163/151/705 2165/151/704 2158/151/704
f 2158/151/704 2165/151/704 2080/151/715
f 2083/151/712 2158/151/704 2080/151/715
f 2166/151/53 2103/151/53 2165/151/704
f 2165/151/704 2103/151/53 2102/151/714
f 2100/151/713 2165/151/704 2102/151/714
f 2100/151/713 2056/151/716 2165/151/704
f 2165/151/704 2056/151/716 2058/151/709
f 2061/151/711 2165/151/704 2058/151/709
f 2061/151/711 2063/151/717 2165/151/704
f 2165/151/704 2063/151/717 2065/151/715
f 2080/151/715 2165/151/704 2065/151/715
f 2166/151/53 2165/151/704 2167/151/53
f 2167/151/53 2165/151/704 2168/151/718
f 2169/151/53 2168/151/718 2170/151/53
f 2169/151/53 2167/151/53 2168/151/718
f 2168/151/718 2165/151/704 2171/151/719
f 2172/151/720 2171/151/719 2173/151/721
f 2172/151/720 2168/151/718 2171/151/719
f 2172/151/720 2170/151/53 2168/151/718
f 1609/151/51 2174/151/722 2164/151/707
f 1609/151/51 1724/151/383 2174/151/722
f 2174/151/722 1724/151/383 1723/151/382
f 2175/151/723 1723/151/382 1700/151/377
f 2175/151/723 2174/151/722 1723/151/382
f 2175/151/723 2176/151/724 2174/151/722
f 2175/151/723 2173/151/721 2176/151/724
f 2176/151/724 2173/151/721 2171/151/719
f 2163/151/705 2171/151/719 2165/151/704
f 2163/151/705 2176/151/724 2171/151/719
f 2163/151/705 2164/151/707 2176/151/724
f 2176/151/724 2164/151/707 2174/151/722
f 1700/151/377 1478/151/377 2175/151/723
f 2175/151/723 1478/151/377 2177/151/723
f 2173/151/721 2177/151/723 2178/151/721
f 2172/151/720 2178/151/721 2179/151/725
f 2170/151/53 2179/151/725 2180/151/53
f 2170/151/53 2172/151/720 2179/151/725
f 2172/151/720 2173/151/721 2178/151/721
f 2173/151/721 2175/151/723 2177/151/723
f 2181/151/53 2180/151/53 2182/151/726
f 2183/151/727 2182/151/726 2184/151/728 2185/151/729
f 2185/151/729 2186/151/730 2187/151/731 2183/151/727
f 2188/151/732 2185/151/729 2184/151/728 2189/151/733
f 2189/151/733 2190/151/734 2191/151/735 2188/151/732
f 2178/151/721 2189/151/733 2184/151/728
f 2179/151/725 2184/151/728 2182/151/726
f 2180/151/53 2179/151/725 2182/151/726
f 2179/151/725 2178/151/721 2184/151/728
f 2189/151/733 2178/151/721 2190/151/734
f 2190/151/734 2178/151/721 2177/151/723
f 2192/151/736 2177/151/723 1478/151/377
f 1476/151/376 2192/151/736 1478/151/377
f 1476/151/376 2193/151/737 2192/151/736
f 1476/151/376 1474/151/375 2193/151/737
f 2193/151/737 1474/151/375 2194/151/738
f 2195/151/739 2194/151/738 2196/151/232
f 2197/151/231 2195/151/739 2196/151/232
f 2197/151/231 2198/151/740 2195/151/739
f 2197/151/231 2186/151/730 2198/151/740
f 2197/151/231 2199/151/230 2186/151/730
f 2186/151/730 2199/151/230 2187/151/731
f 2187/151/731 2199/151/230 2200/151/53
f 2201/151/53 2187/151/731 2200/151/53
f 2201/151/53 2183/151/727 2187/151/731
f 2201/151/53 2181/151/53 2183/151/727
f 2183/151/727 2181/151/53 2182/151/726
f 1474/151/375 1472/151/11 2194/151/738
f 2194/151/738 1472/151/11 2196/151/232
f 2191/151/735 2190/151/734 2192/151/736 2193/151/737
f 2195/151/739 2191/151/735 2193/151/737 2194/151/738
f 2198/151/740 2188/151/732 2191/151/735 2195/151/739
f 2186/151/730 2185/151/729 2188/151/732 2198/151/740
f 2177/151/723 2192/151/736 2190/151/734
f 1472/151/11 1374/151/11 2196/151/232
f 2196/151/232 1374/151/11 1373/151/232
f 1370/151/231 2196/151/232 1373/151/232
f 1370/151/231 2197/151/231 2196/151/232
f 1370/151/231 2199/151/230 2197/151/231
f 1370/151/231 1366/151/230 2199/151/230
f 2199/151/230 1366/151/230 2200/151/53
f 2200/151/53 1366/151/230 1368/151/53
f 2155/151/53 2156/151/53 2107/151/53
f 2167/151/53 2103/151/53 2166/151/53
f 2169/151/53 2103/151/53 2167/151/53
f 2153/151/53 2155/151/53 2107/151/53
f 2149/151/53 2153/151/53 2107/151/53
f 2170/151/53 2103/151/53 2169/151/53
f 2180/151/53 2103/151/53 2170/151/53
f 2147/151/53 2149/151/53 2107/151/53
f 2148/151/53 2147/151/53 2107/151/53
f 2181/151/53 2103/151/53 2180/151/53
f 2128/151/53 2148/151/53 2107/151/53
f 2201/151/53 2103/151/53 2181/151/53
f 2200/151/53 2103/151/53 2201/151/53
f 2124/151/53 2128/151/53 2107/151/53
f 2076/151/53 2103/151/53 2200/151/53
f 2090/151/53 2124/151/53 2107/151/53
f 2074/151/53 2076/151/53 2200/151/53
f 2092/151/53 2124/151/53 2090/151/53
f 2094/151/741 2124/151/53 2092/151/53
f 2072/151/742 2074/151/53 2200/151/53
f 2070/151/53 2072/151/742 2200/151/53
f 2096/151/53 2124/151/53 2094/151/741
f 1368/151/53 2098/151/53 2068/151/53
f 1368/151/53 2068/151/53 2070/151/53
f 1368/151/53 2070/151/53 2200/151/53
f 1367/151/53 2098/151/53 1368/151/53
f 1367/151/53 2096/151/53 2098/151/53
f 1367/151/53 2124/151/53 2096/151/53
f 2112/151/55 1247/151/55 1699/151/55
f 2113/151/55 1247/151/55 2112/151/55
f 2115/151/55 1247/151/55 2113/151/55
f 2105/151/55 1247/151/55 2115/151/55
f 2077/151/55 1247/151/55 2105/151/55
f 2075/151/55 1247/151/55 2077/151/55
f 2073/151/55 1247/151/55 2075/151/55
f 2071/151/55 1247/151/55 2073/151/55
f 2069/151/55 1247/151/55 2071/151/55
f 2099/151/55 1247/151/55 2069/151/55
f 2118/151/55 2091/151/743 2109/151/55
f 2118/151/55 2093/151/55 2091/151/743
f 2123/151/55 2093/151/55 2118/151/55
f 2122/151/55 2093/151/55 2123/151/55
f 1248/151/55 2093/151/55 2122/151/55
f 1248/151/55 2095/151/55 2093/151/55
f 1248/151/55 2097/151/55 2095/151/55
f 1248/151/55 2099/151/55 2097/151/55
f 1248/151/55 1247/151/55 2099/151/55
f 1703/151/55 1248/151/55 2122/151/55
f 1351/151/49 2202/151/49 1353/151/267
f 1353/151/267 2202/151/49 2203/151/267
f 1355/151/744 2203/151/267 2204/151/744
f 1357/151/257 2204/151/744 2205/151/257
f 1358/151/11 2205/151/257 2206/151/332
f 1358/151/11 1357/151/257 2205/151/257
f 1357/151/257 1355/151/744 2204/151/744
f 1355/151/744 1353/151/267 2203/151/267
f 2206/151/332 2207/151/11 1361/151/11 1358/151/11
f 1361/151/11 2207/151/11 1362/151/745
f 1362/151/745 2207/151/11 2208/151/746
f 1364/151/747 2208/151/746 2209/151/748
f 1329/151/749 2209/151/748 1330/151/749
f 1329/151/749 1364/151/747 2209/151/748
f 2209/151/748 2210/151/750 1330/151/749
f 1330/151/749 2210/151/750 1333/151/751
f 1333/151/751 2210/151/750 1334/151/752
f 1334/151/752 2210/151/750 1337/151/51
f 1337/151/51 2210/151/750 1943/151/51
f 1364/151/747 1362/151/745 2208/151/746
f 1360/151/1 1363/151/753 2211/151/754
f 2212/151/1 1360/151/1 2211/151/754
f 2211/151/754 1365/151/755 2213/151/756
f 2211/151/754 1363/151/753 1365/151/755
f 1245/151/757 1244/151/757 1365/151/755
f 1365/151/755 1244/151/757 2213/151/756
f 2213/151/756 1244/151/757 2214/151/758
f 2214/151/758 1244/151/757 1332/151/759
f 1944/151/51 1332/151/759 1335/151/760
f 1336/151/51 1944/151/51 1335/151/760
f 1332/151/759 1944/151/51 2214/151/758
f 2212/151/1 2215/151/1 1359/151/1 1360/151/1
f 1359/151/1 2215/151/1 1356/151/241
f 1356/151/241 2215/151/1 2216/151/241
f 1354/151/199 2216/151/241 2217/151/199
f 1352/151/243 2217/151/199 2218/151/243
f 1350/151/49 2218/151/243 2219/151/49
f 1350/151/49 1352/151/243 2218/151/243
f 1352/151/243 1354/151/199 2217/151/199
f 1354/151/199 1356/151/241 2216/151/241
f 2219/151/49 2202/151/49 1351/151/49 1350/151/49
f 1744/151/398 2047/151/761 1742/151/397
f 1742/151/397 2047/151/761 2051/151/290
f 1732/151/387 2051/151/290 1562/151/49
f 1732/151/387 1742/151/397 2051/151/290
f 2047/151/761 2048/151/762 2051/151/290
f 2051/151/290 2048/151/762 2053/151/280
f 2053/151/280 2048/151/762 2049/151/763
f 2055/151/279 2049/151/763 1347/151/53
f 1342/151/53 2055/151/279 1347/151/53
f 1342/151/53 1344/151/53 2055/151/279
f 2049/151/763 1348/151/53 1347/151/53
f 2055/151/279 2053/151/280 2049/151/763
f 1349/151/53 1990/151/764 1346/151/53
f 1346/151/53 1990/151/764 1345/151/53
f 1345/151/53 1990/151/764 2054/151/279
f 1343/151/53 1345/151/53 2054/151/279
f 1990/151/764 1989/151/765 2054/151/279
f 2054/151/279 1989/151/765 2052/151/280
f 2052/151/280 1989/151/765 1988/151/766
f 2050/151/290 1988/151/766 1764/151/412
f 1758/151/409 2050/151/290 1764/151/412
f 1758/151/409 1559/151/49 2050/151/290
f 1988/151/766 1765/151/413 1764/151/412
f 2050/151/290 2052/151/280 1988/151/766
f 2220/151/767 1385/151/55 2221/151/229
f 2221/151/229 1385/151/55 1382/151/229
f 2222/151/228 1382/151/229 1381/151/228
f 2223/151/227 1381/151/228 1378/151/227
f 1471/151/11 1378/151/227 1377/151/11
f 1471/151/11 2223/151/227 1378/151/227
f 2223/151/227 2222/151/228 1381/151/228
f 2222/151/228 2221/151/229 1382/151/229
f 1730/151/1 1376/151/1 2224/151/225
f 2224/151/225 1376/151/1 1379/151/225
f 2225/151/224 1379/151/225 1380/151/224
f 2226/151/223 1380/151/224 1383/151/223
f 2227/151/768 1383/151/223 1384/151/769
f 2227/151/768 2226/151/223 1383/151/223
f 2226/151/223 2225/151/224 1380/151/224
f 2225/151/224 2224/151/225 1379/151/225
f 2228/151/55 2220/151/767 2229/151/770
f 2230/151/771 2229/151/770 2231/151/772 2232/151/773
f 2232/151/773 2233/151/774 2234/151/775 2230/151/771
f 2235/151/776 2232/151/773 2231/151/772 2236/151/777
f 2236/151/777 2237/151/778 2238/151/779 2235/151/776
f 2222/151/228 2236/151/777 2231/151/772
f 2221/151/229 2231/151/772 2229/151/770
f 2220/151/767 2221/151/229 2229/151/770
f 2221/151/229 2222/151/228 2231/151/772
f 2236/151/777 2222/151/228 2237/151/778
f 2237/151/778 2222/151/228 2223/151/227
f 2239/151/780 2223/151/227 1471/151/11
f 1473/151/375 2239/151/780 1471/151/11
f 1473/151/375 2240/151/781 2239/151/780
f 1473/151/375 1475/151/376 2240/151/781
f 2240/151/781 1475/151/376 2241/151/782
f 2242/151/783 2241/151/782 2243/151/784
f 2244/151/785 2242/151/783 2243/151/784
f 2244/151/785 2245/151/786 2242/151/783
f 2244/151/785 2233/151/774 2245/151/786
f 2244/151/785 2246/151/787 2233/151/774
f 2233/151/774 2246/151/787 2234/151/775
f 2234/151/775 2246/151/787 2247/151/55
f 2248/151/226 2234/151/775 2247/151/55
f 2248/151/226 2230/151/771 2234/151/775
f 2248/151/226 2228/151/55 2230/151/771
f 2230/151/771 2228/151/55 2229/151/770
f 1475/151/376 1477/151/377 2241/151/782
f 2241/151/782 1477/151/377 2243/151/784
f 2238/151/779 2237/151/778 2239/151/780 2240/151/781
f 2242/151/783 2238/151/779 2240/151/781 2241/151/782
f 2245/151/786 2235/151/776 2238/151/779 2242/151/783
f 2233/151/774 2232/151/773 2235/151/776 2245/151/786
f 2223/151/227 2239/151/780 2237/151/778
f 1728/151/385 1730/151/1 2249/151/788
f 2250/151/789 2249/151/788 2251/151/790 2252/151/791
f 2252/151/791 2253/151/792 2254/151/793 2250/151/789
f 2255/151/794 2252/151/791 2251/151/790 2256/151/795
f 2256/151/795 2257/151/796 2258/151/797 2255/151/794
f 2225/151/224 2256/151/795 2251/151/790
f 2224/151/225 2251/151/790 2249/151/788
f 1730/151/1 2224/151/225 2249/151/788
f 2224/151/225 2225/151/224 2251/151/790
f 2256/151/795 2225/151/224 2257/151/796
f 2257/151/796 2225/151/224 2226/151/223
f 2259/151/798 2226/151/223 2227/151/768
f 2260/151/769 2259/151/798 2227/151/768
f 2260/151/769 2261/151/799 2259/151/798
f 2260/151/769 2262/151/55 2261/151/799
f 2261/151/799 2262/151/55 2263/151/800
f 2264/151/801 2263/151/800 2265/151/802
f 2266/151/803 2264/151/801 2265/151/802
f 2266/151/803 2267/151/804 2264/151/801
f 2266/151/803 2253/151/792 2267/151/804
f 2266/151/803 2268/151/805 2253/151/792
f 2253/151/792 2268/151/805 2254/151/793
f 2254/151/793 2268/151/805 1469/151/374
f 1726/151/384 2254/151/793 1469/151/374
f 1726/151/384 2250/151/789 2254/151/793
f 1726/151/384 1728/151/385 2250/151/789
f 2250/151/789 1728/151/385 2249/151/788
f 2262/151/55 2269/151/55 2263/151/800
f 2263/151/800 2269/151/55 2265/151/802
f 2258/151/797 2257/151/796 2259/151/798 2261/151/799
f 2264/151/801 2258/151/797 2261/151/799 2263/151/800
f 2267/151/804 2255/151/794 2258/151/797 2264/151/801
f 2253/151/792 2252/151/791 2255/151/794 2267/151/804
f 2226/151/223 2259/151/798 2257/151/796
f 2270/151/55 2247/151/55 2271/151/806
f 2271/151/806 2247/151/55 2246/151/787
f 2272/151/807 2246/151/787 2244/151/785
f 2273/151/784 2244/151/785 2243/151/784
f 1701/151/377 2243/151/784 1477/151/377
f 1701/151/377 2273/151/784 2243/151/784
f 2273/151/784 2272/151/807 2244/151/785
f 2272/151/807 2271/151/806 2246/151/787
f 1470/151/373 1469/151/374 2274/151/805
f 2274/151/805 1469/151/374 2268/151/805
f 2275/151/808 2268/151/805 2266/151/803
f 2276/151/802 2266/151/803 2265/151/802
f 2277/151/55 2265/151/802 2269/151/55
f 2277/151/55 2276/151/802 2265/151/802
f 2276/151/802 2275/151/808 2266/151/803
f 2275/151/808 2274/151/805 2268/151/805
f 2278/151/55 2270/151/55 2279/151/809
f 2280/151/55 2279/151/809 2281/151/810
f 2282/151/55 2280/151/55 2281/151/810
f 1701/151/377 2283/151/811 2273/151/784
f 1701/151/377 1722/151/382 2283/151/811
f 2283/151/811 1722/151/382 1725/151/383
f 2284/151/812 1725/151/383 1608/151/51
f 2284/151/812 2283/151/811 1725/151/383
f 2284/151/812 2285/151/813 2283/151/811
f 2284/151/812 2286/151/814 2285/151/813
f 2285/151/813 2286/151/814 2287/151/815
f 2272/151/807 2287/151/815 2271/151/806
f 2272/151/807 2285/151/813 2287/151/815
f 2272/151/807 2273/151/784 2285/151/813
f 2285/151/813 2273/151/784 2283/151/811
f 2286/151/814 2281/151/810 2287/151/815
f 2287/151/815 2281/151/810 2279/151/809
f 2271/151/806 2279/151/809 2270/151/55
f 2271/151/806 2287/151/815 2279/151/809
f 2280/151/55 2278/151/55 2279/151/809
f 1693/151/381 1470/151/373 2288/151/816
f 1690/151/379 2288/151/816 2289/151/812
f 1681/151/51 1690/151/379 2289/151/812
f 2277/151/55 2290/151/817 2276/151/802
f 2277/151/55 2291/151/55 2290/151/817
f 2290/151/817 2291/151/55 2292/151/55
f 2293/151/810 2292/151/55 2294/151/55
f 2293/151/810 2290/151/817 2292/151/55
f 2293/151/810 2295/151/818 2290/151/817
f 2293/151/810 2296/151/814 2295/151/818
f 2295/151/818 2296/151/814 2297/151/819
f 2275/151/808 2297/151/819 2274/151/805
f 2275/151/808 2295/151/818 2297/151/819
f 2275/151/808 2276/151/802 2295/151/818
f 2295/151/818 2276/151/802 2290/151/817
f 2296/151/814 2289/151/812 2297/151/819
f 2297/151/819 2289/151/812 2288/151/816
f 2274/151/805 2288/151/816 1470/151/373
f 2274/151/805 2297/151/819 2288/151/816
f 1690/151/379 1693/151/381 2288/151/816
f 1608/151/51 1681/151/51 2284/151/812
f 2284/151/812 1681/151/51 2289/151/812
f 2286/151/814 2289/151/812 2296/151/814
f 2281/151/810 2296/151/814 2293/151/810
f 2282/151/55 2293/151/810 2294/151/55
f 2282/151/55 2281/151/810 2293/151/810
f 2281/151/810 2286/151/814 2296/151/814
f 2286/151/814 2284/151/812 2289/151/812
f 2228/151/55 1385/151/55 2220/151/767
f 2248/151/226 1385/151/55 2228/151/55
f 2247/151/55 1385/151/55 2248/151/226
f 2270/151/55 1385/151/55 2247/151/55
f 2278/151/55 1385/151/55 2270/151/55
f 2280/151/55 1385/151/55 2278/151/55
f 2282/151/55 1385/151/55 2280/151/55
f 2212/151/55 1385/151/55 2282/151/55
f 2215/151/55 2212/151/55 2282/151/55
f 2211/151/55 1385/151/55 2212/151/55
f 2216/151/55 2215/151/55 2282/151/55
f 2217/151/55 2216/151/55 2282/151/55
f 2213/151/55 1385/151/55 2211/151/55
f 2218/151/55 2217/151/55 2282/151/55
f 2214/151/55 1385/151/55 2213/151/55
f 1944/151/55 1385/151/55 2214/151/55
f 2219/151/55 2218/151/55 2282/151/55
f 1943/151/55 1385/151/55 1944/151/55
f 2202/151/55 2219/151/55 2282/151/55
f 2294/151/55 2207/151/55 2206/151/55
f 2294/151/55 2208/151/55 2207/151/55
f 2294/151/55 2209/151/55 2208/151/55
f 2294/151/55 2206/151/55 2205/151/55
f 2294/151/55 2205/151/55 2204/151/55
f 2294/151/55 2204/151/55 2203/151/55
f 2294/151/55 2203/151/55 2202/151/55
f 2294/151/55 2202/151/55 2282/151/55
f 2292/151/55 2209/151/55 2294/151/55
f 2291/151/55 2209/151/55 2292/151/55
f 2277/151/55 2209/151/55 2291/151/55
f 2269/151/55 2209/151/55 2277/151/55
f 2269/151/55 2210/151/55 2209/151/55
f 2262/151/55 2210/151/55 2269/151/55
f 2260/151/769 2210/151/55 2262/151/55
f 1384/151/769 2210/151/55 2260/151/769
f 1384/151/769 1943/151/55 2210/151/55
f 1384/151/769 1385/151/55 1943/151/55
f 2227/151/768 1384/151/769 2260/151/769
f 1731/151/1 1375/151/1 1376/151/1 1730/151/1
f 1784/151/418 1940/151/418 1987/151/418
f 1784/151/418 1987/151/418 1986/151/820
f 1784/151/418 1986/151/820 1773/151/418
f 1779/151/418 1784/151/418 1773/151/418
f 1778/151/820 1779/151/418 1773/151/418
f 1774/151/418 1778/151/820 1773/151/418
f 2298/151/51 2299/151/51 2300/151/821
f 2301/151/822 2300/151/821 2302/151/823 2303/151/824
f 2303/151/824 2304/151/825 2305/151/826 2301/151/822
f 2306/151/827 2303/151/824 2302/151/823 2307/151/828
f 2307/151/828 2308/151/829 2309/151/830 2306/151/827
f 2310/151/746 2307/151/828 2311/151/748
f 2310/151/746 2308/151/829 2307/151/828
f 2310/151/746 2312/151/11 2308/151/829
f 2308/151/829 2312/151/11 2313/151/189
f 2309/151/830 2313/151/189 2314/151/188
f 2315/151/831 2314/151/188 2316/151/832
f 2317/151/833 2316/151/832 2318/151/834 2319/151/835
f 2319/151/835 2320/151/836 2321/151/837 2317/151/833
f 2322/151/838 2319/151/835 2318/151/834 2323/151/839
f 2323/151/839 2324/151/840 2325/151/841 2322/151/838
f 2326/151/184 2323/151/839 2327/151/187
f 2326/151/184 2324/151/840 2323/151/839
f 2326/151/184 2328/151/842 2324/151/840
f 2326/151/184 2329/151/183 2328/151/842
f 2328/151/842 2329/151/183 2330/151/843
f 2331/151/844 2330/151/843 2332/151/754
f 2333/151/756 2331/151/844 2332/151/754
f 2333/151/756 2334/151/845 2331/151/844
f 2333/151/756 2335/151/758 2334/151/845
f 2334/151/845 2335/151/758 2336/151/846
f 2337/151/847 2336/151/846 2338/151/51
f 2339/151/51 2337/151/847 2338/151/51
f 2339/151/51 2340/151/848 2337/151/847
f 2339/151/51 2341/151/849 2340/151/848
f 2339/151/51 2342/151/51 2341/151/849
f 2341/151/849 2342/151/51 2343/151/850
f 2320/151/836 2343/151/850 2344/151/851 2321/151/837
f 2345/151/852 2320/151/836 2319/151/835 2322/151/838
f 2346/151/853 2325/151/841 2347/151/854 2348/151/855
f 2348/151/855 2337/151/847 2340/151/848 2346/151/853
f 2334/151/845 2348/151/855 2347/151/854 2331/151/844
f 2336/151/846 2337/151/847 2348/151/855 2334/151/845
f 2311/151/748 2302/151/823 2349/151/750
f 2311/151/748 2307/151/828 2302/151/823
f 2314/151/188 2350/151/186 2316/151/832
f 2316/151/832 2350/151/186 2318/151/834
f 2318/151/834 2350/151/186 2327/151/187
f 2323/151/839 2318/151/834 2327/151/187
f 2329/151/183 2351/151/1 2330/151/843
f 2330/151/843 2351/151/1 2332/151/754
f 2335/151/758 2352/151/51 2336/151/846
f 2336/151/846 2352/151/51 2338/151/51
f 2342/151/51 2353/151/51 2343/151/850
f 2343/151/850 2353/151/51 2344/151/851
f 2344/151/851 2353/151/51 2354/151/51
f 2305/151/826 2354/151/51 2301/151/822
f 2305/151/826 2344/151/851 2354/151/51
f 2305/151/826 2304/151/825 2321/151/837 2344/151/851
f 2304/151/825 2355/151/856 2317/151/833 2321/151/837
f 2303/151/824 2306/151/827 2355/151/856 2304/151/825
f 2306/151/827 2309/151/830 2315/151/831 2355/151/856
f 2309/151/830 2314/151/188 2315/151/831
f 2354/151/51 2298/151/51 2301/151/822
f 2301/151/822 2298/151/51 2300/151/821
f 2299/151/51 2349/151/750 2300/151/821
f 2300/151/821 2349/151/750 2302/151/823
f 2309/151/830 2308/151/829 2313/151/189
f 2355/151/856 2315/151/831 2316/151/832 2317/151/833
f 2343/151/850 2320/151/836 2345/151/852 2341/151/849
f 2341/151/849 2345/151/852 2346/151/853 2340/151/848
f 2345/151/852 2322/151/838 2325/151/841 2346/151/853
f 2328/151/842 2347/151/854 2325/151/841 2324/151/840
f 2330/151/843 2331/151/844 2347/151/854 2328/151/842
f 2356/151/51 2352/151/51 2357/151/758
f 2357/151/758 2352/151/51 2335/151/758
f 2358/151/756 2335/151/758 2333/151/756
f 2359/151/754 2333/151/756 2332/151/754
f 2360/151/1 2332/151/754 2351/151/1
f 2360/151/1 2359/151/754 2332/151/754
f 2359/151/754 2358/151/756 2333/151/756
f 2358/151/756 2357/151/758 2335/151/758
f 2361/151/51 2356/151/51 2362/151/857
f 2363/151/858 2362/151/857 2364/151/859 2365/151/860
f 2365/151/860 2366/151/861 2367/151/862 2363/151/858
f 2368/151/863 2365/151/860 2364/151/859 2369/151/864
f 2369/151/864 2370/151/865 2371/151/866 2368/151/863
f 2359/151/754 2369/151/864 2358/151/756
f 2359/151/754 2370/151/865 2369/151/864
f 2359/151/754 2360/151/1 2370/151/865
f 2370/151/865 2360/151/1 2372/151/196
f 2371/151/866 2372/151/196 2373/151/195
f 2374/151/867 2373/151/195 2375/151/868
f 2376/151/869 2375/151/868 2377/151/870 2378/151/871
f 2378/151/871 2379/151/872 2380/151/873 2376/151/869
f 2381/151/874 2378/151/871 2377/151/870 2382/151/875
f 2382/151/875 2383/151/876 2384/151/877 2381/151/874
f 2385/151/191 2382/151/875 2386/151/194
f 2385/151/191 2383/151/876 2382/151/875
f 2385/151/191 2387/151/878 2383/151/876
f 2385/151/191 2388/151/190 2387/151/878
f 2387/151/878 2388/151/190 2389/151/879
f 2390/151/880 2389/151/879 2391/151/746
f 2392/151/748 2390/151/880 2391/151/746
f 2392/151/748 2393/151/881 2390/151/880
f 2392/151/748 2394/151/750 2393/151/881
f 2393/151/881 2394/151/750 2395/151/882
f 2396/151/883 2395/151/882 2397/151/51
f 2398/151/51 2396/151/883 2397/151/51
f 2398/151/51 2399/151/884 2396/151/883
f 2398/151/51 2400/151/885 2399/151/884
f 2398/151/51 2401/151/51 2400/151/885
f 2400/151/885 2401/151/51 2402/151/886
f 2379/151/872 2402/151/886 2403/151/887 2380/151/873
f 2404/151/888 2379/151/872 2378/151/871 2381/151/874
f 2405/151/889 2384/151/877 2406/151/890 2407/151/891
f 2407/151/891 2396/151/883 2399/151/884 2405/151/889
f 2393/151/881 2407/151/891 2406/151/890 2390/151/880
f 2395/151/882 2396/151/883 2407/151/891 2393/151/881
f 2358/151/756 2364/151/859 2357/151/758
f 2358/151/756 2369/151/864 2364/151/859
f 2373/151/195 2408/151/193 2375/151/868
f 2375/151/868 2408/151/193 2377/151/870
f 2377/151/870 2408/151/193 2386/151/194
f 2382/151/875 2377/151/870 2386/151/194
f 2388/151/190 2409/151/11 2389/151/879
f 2389/151/879 2409/151/11 2391/151/746
f 2394/151/750 2410/151/51 2395/151/882
f 2395/151/882 2410/151/51 2397/151/51
f 2401/151/51 2411/151/51 2402/151/886
f 2402/151/886 2411/151/51 2403/151/887
f 2403/151/887 2411/151/51 2412/151/51
f 2367/151/862 2412/151/51 2363/151/858
f 2367/151/862 2403/151/887 2412/151/51
f 2367/151/862 2366/151/861 2380/151/873 2403/151/887
f 2366/151/861 2413/151/892 2376/151/869 2380/151/873
f 2365/151/860 2368/151/863 2413/151/892 2366/151/861
f 2368/151/863 2371/151/866 2374/151/867 2413/151/892
f 2371/151/866 2373/151/195 2374/151/867
f 2412/151/51 2361/151/51 2363/151/858
f 2363/151/858 2361/151/51 2362/151/857
f 2356/151/51 2357/151/758 2362/151/857
f 2362/151/857 2357/151/758 2364/151/859
f 2371/151/866 2370/151/865 2372/151/196
f 2413/151/892 2374/151/867 2375/151/868 2376/151/869
f 2402/151/886 2379/151/872 2404/151/888 2400/151/885
f 2400/151/885 2404/151/888 2405/151/889 2399/151/884
f 2404/151/888 2381/151/874 2384/151/877 2405/151/889
f 2387/151/878 2406/151/890 2384/151/877 2383/151/876
f 2389/151/879 2390/151/880 2406/151/890 2387/151/878
f 2409/151/11 2312/151/11 2391/151/746
f 2391/151/746 2312/151/11 2310/151/746
f 2392/151/748 2310/151/746 2311/151/748
f 2394/151/750 2311/151/748 2349/151/750
f 2410/151/51 2349/151/750 2299/151/51
f 2410/151/51 2394/151/750 2349/151/750
f 2394/151/750 2392/151/748 2311/151/748
f 2392/151/748 2391/151/746 2310/151/746
f 2414/151/51 2415/151/51 2416/151/857
f 2417/151/858 2416/151/857 2418/151/859 2419/151/860
f 2419/151/860 2420/151/861 2421/151/862 2417/151/858
f 2422/151/863 2419/151/860 2418/151/859 2423/151/864
f 2423/151/864 2424/151/865 2425/151/866 2422/151/863
f 2426/151/754 2423/151/864 2427/151/756
f 2426/151/754 2424/151/865 2423/151/864
f 2426/151/754 2428/151/1 2424/151/865
f 2424/151/865 2428/151/1 2429/151/196
f 2425/151/866 2429/151/196 2430/151/195
f 2431/151/867 2430/151/195 2432/151/868
f 2433/151/869 2432/151/868 2434/151/870 2435/151/871
f 2435/151/871 2436/151/872 2437/151/873 2433/151/869
f 2438/151/874 2435/151/871 2434/151/870 2439/151/875
f 2439/151/875 2440/151/876 2441/151/877 2438/151/874
f 2442/151/893 2439/151/875 2443/151/194
f 2442/151/893 2440/151/876 2439/151/875
f 2442/151/893 2444/151/878 2440/151/876
f 2442/151/893 2445/151/190 2444/151/878
f 2444/151/878 2445/151/190 2446/151/879
f 2447/151/880 2446/151/879 2448/151/746
f 2449/151/748 2447/151/880 2448/151/746
f 2449/151/748 2450/151/881 2447/151/880
f 2449/151/748 2451/151/750 2450/151/881
f 2450/151/881 2451/151/750 2452/151/882
f 2453/151/883 2452/151/882 2454/151/51
f 2455/151/51 2453/151/883 2454/151/51
f 2455/151/51 2456/151/884 2453/151/883
f 2455/151/51 2457/151/885 2456/151/884
f 2455/151/51 2458/151/51 2457/151/885
f 2457/151/885 2458/151/51 2459/151/886
f 2436/151/872 2459/151/886 2460/151/887 2437/151/873
f 2461/151/888 2436/151/872 2435/151/871 2438/151/874
f 2462/151/889 2441/151/877 2463/151/890 2464/151/891
f 2464/151/891 2453/151/883 2456/151/884 2462/151/889
f 2450/151/881 2464/151/891 2463/151/890 2447/151/880
f 2452/151/882 2453/151/883 2464/151/891 2450/151/881
f 2427/151/756 2418/151/859 2465/151/758
f 2427/151/756 2423/151/864 2418/151/859
f 2430/151/195 2466/151/193 2432/151/868
f 2432/151/868 2466/151/193 2434/151/870
f 2434/151/870 2466/151/193 2443/151/194
f 2439/151/875 2434/151/870 2443/151/194
f 2445/151/190 2467/151/11 2446/151/879
f 2446/151/879 2467/151/11 2448/151/746
f 2451/151/750 2468/151/51 2452/151/882
f 2452/151/882 2468/151/51 2454/151/51
f 2458/151/51 2469/151/51 2459/151/886
f 2459/151/886 2469/151/51 2460/151/887
f 2460/151/887 2469/151/51 2470/151/51
f 2421/151/862 2470/151/51 2417/151/858
f 2421/151/862 2460/151/887 2470/151/51
f 2421/151/862 2420/151/861 2437/151/873 2460/151/887
f 2420/151/861 2471/151/892 2433/151/869 2437/151/873
f 2419/151/860 2422/151/863 2471/151/892 2420/151/861
f 2422/151/863 2425/151/866 2431/151/867 2471/151/892
f 2425/151/866 2430/151/195 2431/151/867
f 2470/151/51 2414/151/51 2417/151/858
f 2417/151/858 2414/151/51 2416/151/857
f 2415/151/51 2465/151/758 2416/151/857
f 2416/151/857 2465/151/758 2418/151/859
f 2425/151/866 2424/151/865 2429/151/196
f 2471/151/892 2431/151/867 2432/151/868 2433/151/869
f 2459/151/886 2436/151/872 2461/151/888 2457/151/885
f 2457/151/885 2461/151/888 2462/151/889 2456/151/884
f 2461/151/888 2438/151/874 2441/151/877 2462/151/889
f 2444/151/878 2463/151/890 2441/151/877 2440/151/876
f 2446/151/879 2447/151/880 2463/151/890 2444/151/878
f 2472/151/51 2468/151/51 2473/151/750
f 2473/151/750 2468/151/51 2451/151/750
f 2474/151/748 2451/151/750 2449/151/748
f 2475/151/746 2449/151/748 2448/151/746
f 2476/151/11 2448/151/746 2467/151/11
f 2476/151/11 2475/151/746 2448/151/746
f 2475/151/746 2474/151/748 2449/151/748
f 2474/151/748 2473/151/750 2451/151/750
f 2477/151/51 2472/151/51 2478/151/821
f 2479/151/894 2478/151/821 2480/151/823 2481/151/824
f 2481/151/824 2482/151/825 2483/151/826 2479/151/894
f 2484/151/827 2481/151/824 2480/151/823 2485/151/828
f 2485/151/828 2486/151/829 2487/151/830 2484/151/827
f 2475/151/746 2485/151/828 2474/151/748
f 2475/151/746 2486/151/829 2485/151/828
f 2475/151/746 2476/151/11 2486/151/829
f 2486/151/829 2476/151/11 2488/151/189
f 2487/151/830 2488/151/189 2489/151/188
f 2490/151/831 2489/151/188 2491/151/832
f 2492/151/833 2491/151/832 2493/151/834 2494/151/835
f 2494/151/835 2495/151/836 2496/151/837 2492/151/833
f 2497/151/838 2494/151/835 2493/151/834 2498/151/839
f 2498/151/839 2499/151/840 2500/151/841 2497/151/838
f 2501/151/895 2498/151/839 2502/151/187
f 2501/151/895 2499/151/840 2498/151/839
f 2501/151/895 2503/151/842 2499/151/840
f 2501/151/895 2504/151/183 2503/151/842
f 2503/151/842 2504/151/183 2505/151/843
f 2506/151/844 2505/151/843 2507/151/754
f 2508/151/756 2506/151/844 2507/151/754
f 2508/151/756 2509/151/845 2506/151/844
f 2508/151/756 2510/151/758 2509/151/845
f 2509/151/845 2510/151/758 2511/151/846
f 2512/151/847 2511/151/846 2513/151/51
f 2514/151/51 2512/151/847 2513/151/51
f 2514/151/51 2515/151/848 2512/151/847
f 2514/151/51 2516/151/849 2515/151/848
f 2514/151/51 2517/151/51 2516/151/849
f 2516/151/849 2517/151/51 2518/151/850
f 2495/151/836 2518/151/850 2519/151/851 2496/151/837
f 2520/151/852 2495/151/836 2494/151/835 2497/151/838
f 2521/151/853 2500/151/841 2522/151/854 2523/151/855
f 2523/151/855 2512/151/847 2515/151/848 2521/151/853
f 2509/151/845 2523/151/855 2522/151/854 2506/151/844
f 2511/151/846 2512/151/847 2523/151/855 2509/151/845
f 2474/151/748 2480/151/823 2473/151/750
f 2474/151/748 2485/151/828 2480/151/823
f 2489/151/188 2524/151/186 2491/151/832
f 2491/151/832 2524/151/186 2493/151/834
f 2493/151/834 2524/151/186 2502/151/187
f 2498/151/839 2493/151/834 2502/151/187
f 2504/151/183 2525/151/1 2505/151/843
f 2505/151/843 2525/151/1 2507/151/754
f 2510/151/758 2526/151/51 2511/151/846
f 2511/151/846 2526/151/51 2513/151/51
f 2517/151/51 2527/151/51 2518/151/850
f 2518/151/850 2527/151/51 2519/151/851
f 2519/151/851 2527/151/51 2528/151/51
f 2483/151/826 2528/151/51 2479/151/894
f 2483/151/826 2519/151/851 2528/151/51
f 2483/151/826 2482/151/825 2496/151/837 2519/151/851
f 2482/151/825 2529/151/856 2492/151/833 2496/151/837
f 2481/151/824 2484/151/827 2529/151/856 2482/151/825
f 2484/151/827 2487/151/830 2490/151/831 2529/151/856
f 2487/151/830 2489/151/188 2490/151/831
f 2528/151/51 2477/151/51 2479/151/894
f 2479/151/894 2477/151/51 2478/151/821
f 2472/151/51 2473/151/750 2478/151/821
f 2478/151/821 2473/151/750 2480/151/823
f 2487/151/830 2486/151/829 2488/151/189
f 2529/151/856 2490/151/831 2491/151/832 2492/151/833
f 2518/151/850 2495/151/836 2520/151/852 2516/151/849
f 2516/151/849 2520/151/852 2521/151/853 2515/151/848
f 2520/151/852 2497/151/838 2500/151/841 2521/151/853
f 2503/151/842 2522/151/854 2500/151/841 2499/151/840
f 2505/151/843 2506/151/844 2522/151/854 2503/151/842
f 2525/151/1 2428/151/1 2507/151/754
f 2507/151/754 2428/151/1 2426/151/754
f 2508/151/756 2426/151/754 2427/151/756
f 2510/151/758 2427/151/756 2465/151/758
f 2526/151/51 2465/151/758 2415/151/51
f 2526/151/51 2510/151/758 2465/151/758
f 2510/151/758 2508/151/756 2427/151/756
f 2508/151/756 2507/151/754 2426/151/754
f 2530/151/55 2531/151/55 2532/151/810
f 2532/151/810 2531/151/55 2533/151/810
f 2534/151/814 2533/151/810 2535/151/814
f 2536/151/812 2535/151/814 2537/151/812
f 2538/151/51 2537/151/812 2539/151/51
f 2538/151/51 2536/151/812 2537/151/812
f 2536/151/812 2534/151/814 2535/151/814
f 2534/151/814 2532/151/810 2533/151/810
f 2540/151/223 2530/151/55 2541/151/896
f 2542/151/897 2541/151/896 2543/151/898 2544/151/899
f 2544/151/899 2545/151/900 2546/151/901 2542/151/897
f 2547/151/902 2544/151/899 2543/151/898 2548/151/903
f 2548/151/903 2549/151/904 2550/151/905 2547/151/902
f 2536/151/812 2548/151/903 2534/151/814
f 2536/151/812 2549/151/904 2548/151/903
f 2536/151/812 2538/151/51 2549/151/904
f 2549/151/904 2538/151/51 2551/151/51
f 2550/151/905 2551/151/51 2552/151/51
f 2553/151/906 2552/151/51 2554/151/907
f 2555/151/908 2554/151/907 2556/151/909 2557/151/910
f 2557/151/910 2558/151/911 2559/151/912 2555/151/908
f 2560/151/756 2557/151/910 2561/151/758
f 2560/151/756 2558/151/911 2557/151/910
f 2560/151/756 2562/151/754 2558/151/911
f 2558/151/911 2562/151/754 2563/151/913
f 2564/151/914 2563/151/913 2565/151/225
f 2566/151/224 2564/151/914 2565/151/225
f 2566/151/224 2546/151/901 2564/151/914
f 2566/151/224 2542/151/897 2546/151/901
f 2566/151/224 2540/151/223 2542/151/897
f 2542/151/897 2540/151/223 2541/151/896
f 2534/151/814 2543/151/898 2532/151/810
f 2534/151/814 2548/151/903 2543/151/898
f 2552/151/51 2567/151/51 2554/151/907
f 2554/151/907 2567/151/51 2556/151/909
f 2556/151/909 2567/151/51 2568/151/51
f 2561/151/758 2556/151/909 2568/151/51
f 2561/151/758 2557/151/910 2556/151/909
f 2562/151/754 2569/151/1 2563/151/913
f 2563/151/913 2569/151/1 2565/151/225
f 2547/151/902 2550/151/905 2553/151/906 2570/151/915
f 2570/151/915 2545/151/900 2544/151/899 2547/151/902
f 2555/151/908 2570/151/915 2553/151/906 2554/151/907
f 2559/151/912 2545/151/900 2570/151/915 2555/151/908
f 2564/151/914 2559/151/912 2558/151/911 2563/151/913
f 2546/151/901 2545/151/900 2559/151/912 2564/151/914
f 2530/151/55 2532/151/810 2541/151/896
f 2541/151/896 2532/151/810 2543/151/898
f 2550/151/905 2549/151/904 2551/151/51
f 2553/151/906 2550/151/905 2552/151/51
f 2571/151/1 2569/151/1 2572/151/754
f 2572/151/754 2569/151/1 2562/151/754
f 2573/151/756 2562/151/754 2560/151/756
f 2574/151/758 2560/151/756 2561/151/758
f 2575/151/51 2561/151/758 2568/151/51
f 2575/151/51 2574/151/758 2561/151/758
f 2574/151/758 2573/151/756 2560/151/756
f 2573/151/756 2572/151/754 2562/151/754
f 2576/151/220 2571/151/1 2577/151/916
f 2578/151/917 2577/151/916 2579/151/918 2580/151/919
f 2580/151/919 2581/151/920 2582/151/921 2578/151/917
f 2583/151/922 2580/151/919 2579/151/918 2584/151/923
f 2584/151/923 2585/151/924 2586/151/925 2583/151/922
f 2574/151/758 2584/151/923 2573/151/756
f 2574/151/758 2585/151/924 2584/151/923
f 2574/151/758 2575/151/51 2585/151/924
f 2585/151/924 2575/151/51 2587/151/51
f 2586/151/925 2587/151/51 2588/151/51
f 2589/151/926 2588/151/51 2590/151/927
f 2591/151/928 2590/151/927 2592/151/929 2593/151/930
f 2593/151/930 2594/151/931 2595/151/932 2591/151/928
f 2596/151/705 2593/151/930 2597/151/707
f 2596/151/705 2594/151/931 2593/151/930
f 2596/151/705 2598/151/704 2594/151/931
f 2594/151/931 2598/151/704 2599/151/933
f 2600/151/934 2599/151/933 2601/151/222
f 2602/151/221 2600/151/934 2601/151/222
f 2602/151/221 2582/151/921 2600/151/934
f 2602/151/221 2578/151/917 2582/151/921
f 2602/151/221 2576/151/220 2578/151/917
f 2578/151/917 2576/151/220 2577/151/916
f 2573/151/756 2579/151/918 2572/151/754
f 2573/151/756 2584/151/923 2579/151/918
f 2588/151/51 2603/151/51 2590/151/927
f 2590/151/927 2603/151/51 2592/151/929
f 2592/151/929 2603/151/51 2604/151/51
f 2597/151/707 2592/151/929 2604/151/51
f 2597/151/707 2593/151/930 2592/151/929
f 2598/151/704 2605/151/53 2599/151/933
f 2599/151/933 2605/151/53 2601/151/222
f 2583/151/922 2586/151/925 2589/151/926 2606/151/935
f 2606/151/935 2581/151/920 2580/151/919 2583/151/922
f 2591/151/928 2606/151/935 2589/151/926 2590/151/927
f 2595/151/932 2581/151/920 2606/151/935 2591/151/928
f 2600/151/934 2595/151/932 2594/151/931 2599/151/933
f 2582/151/921 2581/151/920 2595/151/932 2600/151/934
f 2571/151/1 2572/151/754 2577/151/916
f 2577/151/916 2572/151/754 2579/151/918
f 2586/151/925 2585/151/924 2587/151/51
f 2589/151/926 2586/151/925 2588/151/51
f 2607/151/53 2605/151/53 2608/151/704
f 2608/151/704 2605/151/53 2598/151/704
f 2609/151/705 2598/151/704 2596/151/705
f 2610/151/707 2596/151/705 2597/151/707
f 2611/151/51 2597/151/707 2604/151/51
f 2611/151/51 2610/151/707 2597/151/707
f 2610/151/707 2609/151/705 2596/151/705
f 2609/151/705 2608/151/704 2598/151/704
f 2612/151/53 2613/151/53 2614/151/704
f 2614/151/704 2613/151/53 2615/151/704
f 2616/151/705 2615/151/704 2617/151/705
f 2618/151/707 2617/151/705 2619/151/707
f 2620/151/51 2619/151/707 2621/151/51
f 2620/151/51 2618/151/707 2619/151/707
f 2618/151/707 2616/151/705 2617/151/705
f 2616/151/705 2614/151/704 2615/151/704
f 2622/151/230 2612/151/53 2623/151/936
f 2624/151/937 2623/151/936 2625/151/938 2626/151/939
f 2626/151/939 2627/151/940 2628/151/941 2624/151/937
f 2629/151/942 2626/151/939 2625/151/938 2630/151/943
f 2630/151/943 2631/151/944 2632/151/945 2629/151/942
f 2618/151/707 2630/151/943 2616/151/705
f 2618/151/707 2631/151/944 2630/151/943
f 2618/151/707 2620/151/51 2631/151/944
f 2631/151/944 2620/151/51 2633/151/51
f 2632/151/945 2633/151/51 2634/151/51
f 2635/151/946 2634/151/51 2636/151/947
f 2637/151/948 2636/151/947 2638/151/949 2639/151/950
f 2639/151/950 2640/151/951 2641/151/952 2637/151/948
f 2642/151/748 2639/151/950 2643/151/750
f 2642/151/748 2640/151/951 2639/151/950
f 2642/151/748 2644/151/746 2640/151/951
f 2640/151/951 2644/151/746 2645/151/953
f 2646/151/954 2645/151/953 2647/151/232
f 2648/151/231 2646/151/954 2647/151/232
f 2648/151/231 2628/151/941 2646/151/954
f 2648/151/231 2624/151/937 2628/151/941
f 2648/151/231 2622/151/230 2624/151/937
f 2624/151/937 2622/151/230 2623/151/936
f 2616/151/705 2625/151/938 2614/151/704
f 2616/151/705 2630/151/943 2625/151/938
f 2634/151/51 2649/151/51 2636/151/947
f 2636/151/947 2649/151/51 2638/151/949
f 2638/151/949 2649/151/51 2650/151/51
f 2643/151/750 2638/151/949 2650/151/51
f 2643/151/750 2639/151/950 2638/151/949
f 2644/151/746 2651/151/11 2645/151/953
f 2645/151/953 2651/151/11 2647/151/232
f 2629/151/942 2632/151/945 2635/151/946 2652/151/955
f 2652/151/955 2627/151/940 2626/151/939 2629/151/942
f 2637/151/948 2652/151/955 2635/151/946 2636/151/947
f 2641/151/952 2627/151/940 2652/151/955 2637/151/948
f 2646/151/954 2641/151/952 2640/151/951 2645/151/953
f 2628/151/941 2627/151/940 2641/151/952 2646/151/954
f 2612/151/53 2614/151/704 2623/151/936
f 2623/151/936 2614/151/704 2625/151/938
f 2632/151/945 2631/151/944 2633/151/51
f 2635/151/946 2632/151/945 2634/151/51
f 2653/151/51 2654/151/51 2655/151/812
f 2655/151/812 2654/151/51 2656/151/812
f 2657/151/814 2656/151/812 2658/151/814
f 2659/151/810 2658/151/814 2660/151/810
f 2661/151/55 2660/151/810 2662/151/55
f 2661/151/55 2659/151/810 2660/151/810
f 2659/151/810 2657/151/814 2658/151/814
f 2657/151/814 2655/151/812 2656/151/812
f 2663/151/11 2651/151/11 2664/151/746
f 2664/151/746 2651/151/11 2644/151/746
f 2665/151/748 2644/151/746 2642/151/748
f 2666/151/750 2642/151/748 2643/151/750
f 2667/151/51 2643/151/750 2650/151/51
f 2667/151/51 2666/151/750 2643/151/750
f 2666/151/750 2665/151/748 2642/151/748
f 2665/151/748 2664/151/746 2644/151/746
f 2668/151/227 2663/151/11 2669/151/956
f 2670/151/957 2669/151/956 2671/151/958 2672/151/959
f 2672/151/959 2673/151/960 2674/151/961 2670/151/957
f 2675/151/962 2672/151/959 2671/151/958 2676/151/963
f 2676/151/963 2677/151/964 2678/151/965 2675/151/962
f 2666/151/750 2676/151/963 2665/151/748
f 2666/151/750 2677/151/964 2676/151/963
f 2666/151/750 2667/151/51 2677/151/964
f 2677/151/964 2667/151/51 2679/151/51
f 2678/151/965 2679/151/51 2680/151/51
f 2681/151/966 2680/151/51 2682/151/967
f 2683/151/968 2682/151/967 2684/151/969 2685/151/970
f 2685/151/970 2686/151/971 2687/151/972 2683/151/968
f 2657/151/814 2685/151/970 2655/151/812
f 2657/151/814 2686/151/971 2685/151/970
f 2657/151/814 2659/151/810 2686/151/971
f 2686/151/971 2659/151/810 2688/151/973
f 2689/151/974 2688/151/973 2690/151/229
f 2691/151/228 2689/151/974 2690/151/229
f 2691/151/228 2674/151/961 2689/151/974
f 2691/151/228 2670/151/957 2674/151/961
f 2691/151/228 2668/151/227 2670/151/957
f 2670/151/957 2668/151/227 2669/151/956
f 2665/151/748 2671/151/958 2664/151/746
f 2665/151/748 2676/151/963 2671/151/958
f 2680/151/51 2692/151/51 2682/151/967
f 2682/151/967 2692/151/51 2684/151/969
f 2684/151/969 2692/151/51 2653/151/51
f 2655/151/812 2684/151/969 2653/151/51
f 2655/151/812 2685/151/970 2684/151/969
f 2659/151/810 2661/151/55 2688/151/973
f 2688/151/973 2661/151/55 2690/151/229
f 2675/151/962 2678/151/965 2681/151/966 2693/151/975
f 2693/151/975 2673/151/960 2672/151/959 2675/151/962
f 2683/151/968 2693/151/975 2681/151/966 2682/151/967
f 2687/151/972 2673/151/960 2693/151/975 2683/151/968
f 2689/151/974 2687/151/972 2686/151/971 2688/151/973
f 2674/151/961 2673/151/960 2687/151/972 2689/151/974
f 2663/151/11 2664/151/746 2669/151/956
f 2669/151/956 2664/151/746 2671/151/958
f 2678/151/965 2677/151/964 2679/151/51
f 2681/151/966 2678/151/965 2680/151/51
f 2649/151/51 2667/151/51 2650/151/51
f 2679/151/51 2667/151/51 2649/151/51
f 2526/151/51 2679/151/51 2649/151/51
f 2415/151/51 2679/151/51 2526/151/51
f 2634/151/51 2526/151/51 2649/151/51
f 2680/151/51 2679/151/51 2415/151/51
f 2414/151/51 2680/151/51 2415/151/51
f 2513/151/51 2526/151/51 2634/151/51
f 2694/151/51 2513/151/51 2634/151/51
f 2033/151/51 2680/151/51 2414/151/51
f 2470/151/51 2033/151/51 2414/151/51
f 2514/151/51 2513/151/51 2694/151/51
f 2031/151/51 2680/151/51 2033/151/51
f 2695/151/51 2514/151/51 2694/151/51
f 2696/151/51 2694/151/51 2634/151/51
f 2035/151/51 2033/151/51 2470/151/51
f 2692/151/51 2680/151/51 2031/151/51
f 2633/151/51 2696/151/51 2634/151/51
f 2029/151/51 2692/151/51 2031/151/51
f 2697/151/51 2514/151/51 2695/151/51
f 2037/151/51 2035/151/51 2470/151/51
f 2698/151/51 2696/151/51 2633/151/51
f 2469/151/51 2037/151/51 2470/151/51
f 2517/151/51 2514/151/51 2697/151/51
f 2699/151/51 2698/151/51 2633/151/51
f 2039/151/51 2037/151/51 2469/151/51
f 2027/151/51 2692/151/51 2029/151/51
f 2700/151/51 2517/151/51 2697/151/51
f 2653/151/51 2692/151/51 2027/151/51
f 2620/151/51 2699/151/51 2633/151/51
f 2025/151/51 2653/151/51 2027/151/51
f 2701/151/51 2699/151/51 2620/151/51
f 2041/151/51 2039/151/51 2469/151/51
f 2702/151/51 2517/151/51 2700/151/51
f 2527/151/51 2517/151/51 2702/151/51
f 2458/151/51 2041/151/51 2469/151/51
f 2023/151/51 2653/151/51 2025/151/51
f 2703/151/51 2527/151/51 2702/151/51
f 2704/151/51 2701/151/51 2620/151/51
f 2043/151/51 2041/151/51 2458/151/51
f 2045/151/51 2043/151/51 2458/151/51
f 2705/151/51 2527/151/51 2703/151/51
f 2706/151/51 2704/151/51 2620/151/51
f 2019/151/51 2653/151/51 2023/151/51
f 2455/151/51 2045/151/51 2458/151/51
f 2528/151/51 2527/151/51 2705/151/51
f 2707/151/51 2528/151/51 2705/151/51
f 2021/151/51 2045/151/51 2455/151/51
f 2477/151/51 2528/151/51 2707/151/51
f 2454/151/51 2021/151/51 2455/151/51
f 2468/151/51 2021/151/51 2454/151/51
f 2472/151/51 2477/151/51 2707/151/51
f 2654/151/51 2468/151/51 2472/151/51
f 2654/151/51 2021/151/51 2468/151/51
f 2654/151/51 2019/151/51 2021/151/51
f 2654/151/51 2653/151/51 2019/151/51
f 2621/151/51 2654/151/51 2472/151/51
f 2621/151/51 2472/151/51 2707/151/51
f 2621/151/51 2707/151/51 2706/151/51
f 2621/151/51 2706/151/51 2620/151/51
f 2708/151/51 2654/151/51 2621/151/51
f 2708/151/51 2709/151/51 2654/151/51
f 2708/151/51 2621/151/51 2710/151/51
f 2711/151/51 2709/151/51 2708/151/51
f 2712/151/51 2711/151/51 2708/151/51
f 2713/151/51 2711/151/51 2712/151/51
f 893/151/51 2713/151/51 2712/151/51
f 892/151/51 2713/151/51 893/151/51
f 2714/151/51 2713/151/51 892/151/51
f 2715/151/51 893/151/51 2712/151/51
f 948/151/51 893/151/51 2715/151/51
f 938/151/51 2714/151/51 892/151/51
f 940/151/51 2714/151/51 938/151/51
f 946/151/51 948/151/51 2715/151/51
f 2716/151/51 2714/151/51 940/151/51
f 2717/151/51 946/151/51 2715/151/51
f 942/151/51 2716/151/51 940/151/51
f 944/151/51 946/151/51 2717/151/51
f 896/151/51 944/151/51 2717/151/51
f 937/151/51 2716/151/51 942/151/51
f 928/151/51 2716/151/51 937/151/51
f 897/151/51 896/151/51 2717/151/51
f 2718/151/51 928/151/51 930/151/51
f 2718/151/51 2716/151/51 928/151/51
f 2719/151/51 926/151/51 897/151/51
f 2719/151/51 897/151/51 2717/151/51
f 932/151/51 2718/151/51 930/151/51
f 924/151/51 926/151/51 2719/151/51
f 922/151/51 924/151/51 2719/151/51
f 934/151/51 2718/151/51 932/151/51
f 2720/151/51 922/151/51 2719/151/51
f 2721/151/51 2718/151/51 934/151/51
f 900/151/51 922/151/51 2720/151/51
f 901/151/51 2721/151/51 934/151/51
f 2722/151/51 2721/151/51 901/151/51
f 2722/151/51 901/151/51 900/151/51
f 2722/151/51 900/151/51 2720/151/51
f 2723/151/51 2721/151/51 2722/151/51
f 2724/151/51 2723/151/51 2722/151/51
f 2725/151/51 2723/151/51 2724/151/51
f 2726/151/51 2725/151/51 2724/151/51
f 2727/151/51 2726/151/51 2724/151/51
f 2356/151/51 2539/151/51 2611/151/51
f 2352/151/51 2356/151/51 2611/151/51
f 2361/151/51 2539/151/51 2356/151/51
f 2338/151/51 2352/151/51 2611/151/51
f 2728/151/51 2539/151/51 2361/151/51
f 2729/151/51 2338/151/51 2611/151/51
f 2412/151/51 2728/151/51 2361/151/51
f 2339/151/51 2338/151/51 2729/151/51
f 2730/151/51 2729/151/51 2611/151/51
f 2731/151/51 2728/151/51 2412/151/51
f 2732/151/51 2539/151/51 2728/151/51
f 2733/151/51 2339/151/51 2729/151/51
f 2734/151/51 2339/151/51 2733/151/51
f 2735/151/51 2539/151/51 2732/151/51
f 2736/151/51 2730/151/51 2611/151/51
f 2737/151/51 2731/151/51 2412/151/51
f 2411/151/51 2737/151/51 2412/151/51
f 2342/151/51 2339/151/51 2734/151/51
f 2738/151/51 2736/151/51 2611/151/51
f 2739/151/51 2342/151/51 2734/151/51
f 2740/151/51 2539/151/51 2735/151/51
f 2741/151/51 2737/151/51 2411/151/51
f 2604/151/51 2738/151/51 2611/151/51
f 2742/151/51 2342/151/51 2739/151/51
f 2743/151/51 2741/151/51 2411/151/51
f 2744/151/51 2539/151/51 2740/151/51
f 2745/151/51 2738/151/51 2604/151/51
f 2401/151/51 2743/151/51 2411/151/51
f 2353/151/51 2342/151/51 2742/151/51
f 2746/151/51 2743/151/51 2401/151/51
f 2747/151/51 2353/151/51 2742/151/51
f 2748/151/51 2745/151/51 2604/151/51
f 2603/151/51 2748/151/51 2604/151/51
f 2551/151/51 2744/151/51 2749/151/51
f 2551/151/51 2539/151/51 2744/151/51
f 2750/151/51 2748/151/51 2603/151/51
f 2751/151/51 2746/151/51 2401/151/51
f 2752/151/51 2551/151/51 2749/151/51
f 2753/151/51 2353/151/51 2747/151/51
f 2398/151/51 2751/151/51 2401/151/51
f 2354/151/51 2353/151/51 2753/151/51
f 2754/151/51 2750/151/51 2603/151/51
f 2754/151/51 2354/151/51 2753/151/51
f 2755/151/51 2751/151/51 2398/151/51
f 2755/151/51 2551/151/51 2752/151/51
f 2397/151/51 2755/151/51 2398/151/51
f 2298/151/51 2354/151/51 2754/151/51
f 2588/151/51 2298/151/51 2754/151/51
f 2588/151/51 2754/151/51 2603/151/51
f 2552/151/51 2755/151/51 2397/151/51
f 2552/151/51 2551/151/51 2755/151/51
f 2410/151/51 2552/151/51 2397/151/51
f 2299/151/51 2298/151/51 2588/151/51
f 2587/151/51 2410/151/51 2299/151/51
f 2587/151/51 2552/151/51 2410/151/51
f 2587/151/51 2299/151/51 2588/151/51
f 2567/151/51 2552/151/51 2587/151/51
f 2575/151/51 2567/151/51 2587/151/51
f 2568/151/51 2567/151/51 2575/151/51
f 2538/151/51 2539/151/51 2551/151/51
f 2651/151/11 2663/151/11 2756/151/11 2757/151/11
f 2758/151/53 2612/151/53 2759/151/230
f 2759/151/230 2612/151/53 2622/151/230
f 2760/151/231 2622/151/230 2648/151/231
f 2761/151/232 2648/151/231 2647/151/232
f 2757/151/11 2647/151/232 2651/151/11
f 2757/151/11 2761/151/232 2647/151/232
f 2761/151/232 2760/151/231 2648/151/231
f 2760/151/231 2759/151/230 2622/151/230
f 2569/151/1 2571/151/1 2762/151/1 2763/151/1
f 2764/151/55 2530/151/55 2765/151/223
f 2765/151/223 2530/151/55 2540/151/223
f 2766/151/224 2540/151/223 2566/151/224
f 2767/151/225 2566/151/224 2565/151/225
f 2763/151/1 2565/151/225 2569/151/1
f 2763/151/1 2767/151/225 2565/151/225
f 2767/151/225 2766/151/224 2566/151/224
f 2766/151/224 2765/151/223 2540/151/223
f 2768/151/11 2409/151/11 2769/151/190
f 2769/151/190 2409/151/11 2388/151/190
f 2770/151/9 2388/151/190 2385/151/191
f 2771/151/194 2385/151/191 2386/151/194
f 2772/151/193 2386/151/194 2408/151/193
f 2773/151/4 2408/151/193 2373/151/195
f 2774/151/196 2373/151/195 2372/151/196
f 2775/151/976 2372/151/196 2360/151/1
f 2775/151/976 2774/151/196 2372/151/196
f 2774/151/196 2773/151/4 2373/151/195
f 2773/151/4 2772/151/193 2408/151/193
f 2772/151/193 2771/151/194 2386/151/194
f 2771/151/194 2770/151/9 2385/151/191
f 2770/151/9 2769/151/190 2388/151/190
f 2312/151/11 2409/151/11 2768/151/11 2776/151/11
f 2777/151/1 2351/151/1 2778/151/183
f 2778/151/183 2351/151/1 2329/151/183
f 2779/151/18 2329/151/183 2326/151/184
f 2780/151/187 2326/151/184 2327/151/187
f 2781/151/186 2327/151/187 2350/151/186
f 2782/151/13 2350/151/186 2314/151/188
f 2783/151/189 2314/151/188 2313/151/189
f 2776/151/11 2313/151/189 2312/151/11
f 2776/151/11 2783/151/189 2313/151/189
f 2783/151/189 2782/151/13 2314/151/188
f 2782/151/13 2781/151/186 2350/151/186
f 2781/151/186 2780/151/187 2327/151/187
f 2780/151/187 2779/151/18 2326/151/184
f 2779/151/18 2778/151/183 2329/151/183
f 2360/151/1 2351/151/1 2777/151/1 2775/151/976
f 2476/151/11 2467/151/11 2784/151/11 2785/151/11
f 2786/151/1 2525/151/1 2787/151/183
f 2787/151/183 2525/151/1 2504/151/183
f 2788/151/18 2504/151/183 2501/151/895
f 2789/151/187 2501/151/895 2502/151/187
f 2790/151/186 2502/151/187 2524/151/186
f 2791/151/13 2524/151/186 2489/151/188
f 2792/151/189 2489/151/188 2488/151/189
f 2785/151/11 2488/151/189 2476/151/11
f 2785/151/11 2792/151/189 2488/151/189
f 2792/151/189 2791/151/13 2489/151/188
f 2791/151/13 2790/151/186 2524/151/186
f 2790/151/186 2789/151/187 2502/151/187
f 2789/151/187 2788/151/18 2501/151/895
f 2788/151/18 2787/151/183 2504/151/183
f 2428/151/1 2525/151/1 2786/151/1 2793/151/1
f 2784/151/11 2467/151/11 2794/151/190
f 2794/151/190 2467/151/11 2445/151/190
f 2795/151/9 2445/151/190 2442/151/893
f 2796/151/194 2442/151/893 2443/151/194
f 2797/151/193 2443/151/194 2466/151/193
f 2798/151/4 2466/151/193 2430/151/195
f 2799/151/196 2430/151/195 2429/151/196
f 2793/151/1 2429/151/196 2428/151/1
f 2793/151/1 2799/151/196 2429/151/196
f 2799/151/196 2798/151/4 2430/151/195
f 2798/151/4 2797/151/193 2466/151/193
f 2797/151/193 2796/151/194 2443/151/194
f 2796/151/194 2795/151/9 2442/151/893
f 2795/151/9 2794/151/190 2445/151/190
f 2531/151/55 2530/151/55 2764/151/55 2800/151/55
f 2661/151/55 2662/151/55 2801/151/55 2802/151/55
f 2756/151/11 2663/151/11 2803/151/227
f 2803/151/227 2663/151/11 2668/151/227
f 2804/151/228 2668/151/227 2691/151/228
f 2805/151/229 2691/151/228 2690/151/229
f 2802/151/55 2690/151/229 2661/151/55
f 2802/151/55 2805/151/229 2690/151/229
f 2805/151/229 2804/151/228 2691/151/228
f 2804/151/228 2803/151/227 2668/151/227
f 2613/151/53 2612/151/53 2758/151/53 2806/151/53
f 2605/151/53 2607/151/53 2807/151/53 2808/151/53
f 2762/151/1 2571/151/1 2809/151/220
f 2809/151/220 2571/151/1 2576/151/220
f 2810/151/221 2576/151/220 2602/151/221
f 2811/151/222 2602/151/221 2601/151/222
f 2808/151/53 2601/151/222 2605/151/53
f 2808/151/53 2811/151/222 2601/151/222
f 2811/151/222 2810/151/221 2602/151/221
f 2810/151/221 2809/151/220 2576/151/220
f 2812/151/49 2813/151/49 2814/151/49
f 2815/151/49 2812/151/49 2814/151/49
f 2816/151/49 2812/151/49 2815/151/49
f 2817/151/49 2812/151/49 2816/151/49
f 2818/151/49 2817/151/49 2816/151/49
f 2819/151/49 2817/151/49 2818/151/49
f 1169/151/49 2819/151/49 2818/151/49
f 1167/151/49 1169/151/49 2818/151/49
f 1528/151/49 2819/151/49 1169/151/49
f 2820/151/49 1167/151/49 2818/151/49
f 2821/151/49 2819/151/49 1528/151/49
f 1530/151/49 2821/151/49 1528/151/49
f 1165/151/49 1167/151/49 2820/151/49
f 1524/151/49 1526/151/49 1169/151/49
f 1171/151/49 1524/151/49 1169/151/49
f 1163/151/49 1165/151/49 2820/151/49
f 1532/151/49 2821/151/49 1530/151/49
f 1173/151/49 1524/151/49 1171/151/49
f 1522/151/49 1524/151/49 1173/151/49
f 1534/151/49 2821/151/49 1532/151/49
f 1548/151/49 1522/151/49 1173/151/49
f 1189/151/49 1163/151/49 2820/151/49
f 1175/151/49 1548/151/49 1173/151/49
f 2807/151/49 2821/151/49 1534/151/49
f 2806/151/49 1189/151/49 2820/151/49
f 2811/151/49 2808/151/49 2807/151/49
f 2811/151/49 2807/151/49 1534/151/49
f 2759/151/49 1189/151/49 2806/151/49
f 2759/151/49 2806/151/49 2758/151/49
f 1546/151/49 1548/151/49 1175/151/49
f 1187/151/49 1189/151/49 2759/151/49
f 1177/151/49 1546/151/49 1175/151/49
f 1536/151/49 2811/151/49 1534/151/49
f 2760/151/49 1187/151/49 2759/151/49
f 2810/151/49 2811/151/49 1536/151/49
f 1544/151/49 1546/151/49 1177/151/49
f 1538/151/49 2810/151/49 1536/151/49
f 1179/151/49 1544/151/49 1177/151/49
f 1185/151/49 1187/151/49 2760/151/49
f 2809/151/49 2810/151/49 1538/151/49
f 2761/151/49 1185/151/49 2760/151/49
f 2822/151/49 1185/151/49 2761/151/49
f 2823/151/49 2809/151/49 1538/151/49
f 2824/151/49 2809/151/49 2823/151/49
f 1183/151/49 1185/151/49 2822/151/49
f 1542/151/49 1544/151/49 1179/151/49
f 1540/151/49 2823/151/49 1538/151/49
f 1181/151/49 1542/151/49 1179/151/49
f 2825/151/49 1540/151/49 1181/151/49
f 2825/151/49 2823/151/49 1540/151/49
f 2825/151/49 1181/151/49 1183/151/49
f 2825/151/49 1183/151/49 2822/151/49
f 2826/151/49 2823/151/49 2825/151/49
f 2827/151/49 2809/151/49 2824/151/49
f 2828/151/49 2809/151/49 2827/151/49
f 2829/151/49 2826/151/49 2825/151/49
f 2830/151/49 2826/151/49 2829/151/49
f 2762/151/49 2809/151/49 2828/151/49
f 2831/151/49 2762/151/49 2828/151/49
f 2832/151/49 2830/151/49 2829/151/49
f 2833/151/49 2830/151/49 2832/151/49
f 988/151/49 2833/151/49 2832/151/49
f 990/151/49 2833/151/49 988/151/49
f 992/151/49 2833/151/49 990/151/49
f 2834/151/49 2833/151/49 992/151/49
f 2835/151/49 2762/151/49 2831/151/49
f 994/151/49 2834/151/49 992/151/49
f 2836/151/49 2834/151/49 994/151/49
f 2837/151/49 2762/151/49 2835/151/49
f 2838/151/49 2762/151/49 2837/151/49
f 2839/151/49 2836/151/49 994/151/49
f 996/151/49 2838/151/49 2839/151/49
f 996/151/49 2839/151/49 994/151/49
f 2781/151/49 2838/151/49 996/151/49
f 2781/151/49 2762/151/49 2838/151/49
f 2780/151/49 2781/151/49 996/151/49
f 2782/151/49 2762/151/49 2781/151/49
f 2779/151/49 2780/151/49 996/151/49
f 2783/151/49 2762/151/49 2782/151/49
f 2778/151/49 2779/151/49 996/151/49
f 2776/151/49 2762/151/49 2783/151/49
f 2777/151/49 2778/151/49 996/151/49
f 2768/151/49 2762/151/49 2776/151/49
f 2775/151/49 2777/151/49 996/151/49
f 2774/151/49 2775/151/49 996/151/49
f 999/151/49 2771/151/49 2772/151/49
f 999/151/49 2772/151/49 2773/151/49
f 999/151/49 2773/151/49 2774/151/49
f 999/151/49 2774/151/49 996/151/49
f 1000/151/49 2771/151/49 999/151/49
f 1002/151/49 2771/151/49 1000/151/49
f 1004/151/49 2771/151/49 1002/151/49
f 1006/151/49 2771/151/49 1004/151/49
f 2840/151/49 1006/151/49 1009/151/49
f 2840/151/49 2771/151/49 1006/151/49
f 2840/151/49 2770/151/49 2771/151/49
f 2840/151/49 2769/151/49 2770/151/49
f 2840/151/49 2768/151/49 2769/151/49
f 2841/151/49 2768/151/49 2840/151/49
f 2841/151/49 2762/151/49 2768/151/49
f 2042/151/49 2842/151/49 2040/151/49
f 2843/151/49 2842/151/49 2042/151/49
f 2844/151/49 2843/151/49 2042/151/49
f 2845/151/49 2762/151/49 2841/151/49
f 2044/151/49 2844/151/49 2042/151/49
f 2846/151/49 2844/151/49 2044/151/49
f 2847/151/49 2762/151/49 2845/151/49
f 2046/151/49 2846/151/49 2044/151/49
f 2763/151/49 2762/151/49 2847/151/49
f 2020/151/49 2846/151/49 2046/151/49
f 2848/151/49 2846/151/49 2020/151/49
f 2849/151/49 2763/151/49 2847/151/49
f 2022/151/49 2848/151/49 2020/151/49
f 2850/151/49 2848/151/49 2022/151/49
f 2851/151/49 2763/151/49 2849/151/49
f 2008/151/49 2850/151/49 2022/151/49
f 2852/151/49 2850/151/49 2008/151/49
f 2853/151/49 2763/151/49 2851/151/49
f 2767/151/49 2853/151/49 2852/151/49
f 2767/151/49 2852/151/49 2008/151/49
f 2767/151/49 2763/151/49 2853/151/49
f 2009/151/49 2767/151/49 2008/151/49
f 829/151/49 2007/151/49 827/151/49
f 2006/151/49 2007/151/49 829/151/49
f 831/151/49 2006/151/49 829/151/49
f 2005/151/49 2006/151/49 831/151/49
f 2010/151/49 2767/151/49 2009/151/49
f 2766/151/49 2767/151/49 2010/151/49
f 2765/151/49 2766/151/49 2010/151/49
f 833/151/49 2005/151/49 831/151/49
f 2011/151/49 2765/151/49 2010/151/49
f 2018/151/49 2005/151/49 833/151/49
f 2800/151/49 2765/151/49 2011/151/49
f 2764/151/49 2765/151/49 2800/151/49
f 2017/151/49 2018/151/49 833/151/49
f 835/151/49 2017/151/49 833/151/49
f 845/151/49 847/151/49 2801/151/49
f 2012/151/49 2800/151/49 2011/151/49
f 2013/151/49 2800/151/49 2012/151/49
f 837/151/49 2017/151/49 835/151/49
f 2016/151/49 2017/151/49 837/151/49
f 843/151/49 845/151/49 2801/151/49
f 2015/151/49 2016/151/49 837/151/49
f 839/151/49 2015/151/49 837/151/49
f 2854/151/49 2014/151/49 841/151/49
f 2854/151/49 841/151/49 843/151/49
f 2854/151/49 843/151/49 2801/151/49
f 2855/151/49 2014/151/49 2854/151/49
f 2855/151/49 2013/151/49 2014/151/49
f 2855/151/49 2800/151/49 2013/151/49
f 2856/151/49 2855/151/49 2854/151/49
f 2857/151/49 2856/151/49 2854/151/49
f 2858/151/49 2856/151/49 2857/151/49
f 2859/151/49 2858/151/49 2857/151/49
f 2860/151/49 2858/151/49 2859/151/49
f 2861/151/49 2860/151/49 2859/151/49
f 2862/151/49 2860/151/49 2861/151/49
f 2863/151/49 2862/151/49 2861/151/49
f 2822/151/49 2761/151/49 2864/151/49
f 2865/151/49 2864/151/49 2761/151/49
f 2866/151/49 2865/151/49 2761/151/49
f 2867/151/49 2866/151/49 2761/151/49
f 2757/151/49 2867/151/49 2761/151/49
f 988/151/49 2832/151/49 989/151/49
f 1015/151/49 989/151/49 2832/151/49
f 1013/151/49 1015/151/49 2832/151/49
f 2868/151/49 1013/151/49 2832/151/49
f 2869/151/49 2867/151/49 2757/151/49
f 1011/151/49 1013/151/49 2868/151/49
f 2870/151/49 1011/151/49 2868/151/49
f 2871/151/49 2869/151/49 2757/151/49
f 2872/151/49 1011/151/49 2870/151/49
f 2873/151/49 2871/151/49 2757/151/49
f 1010/151/49 2872/151/49 2873/151/49
f 1010/151/49 1011/151/49 2872/151/49
f 2789/151/49 1010/151/49 2873/151/49
f 2789/151/49 2873/151/49 2757/151/49
f 2790/151/49 1010/151/49 2789/151/49
f 2791/151/49 1010/151/49 2790/151/49
f 2788/151/49 2789/151/49 2757/151/49
f 2787/151/49 2788/151/49 2757/151/49
f 2792/151/49 1010/151/49 2791/151/49
f 2786/151/49 2787/151/49 2757/151/49
f 2785/151/49 1010/151/49 2792/151/49
f 2793/151/49 2786/151/49 2757/151/49
f 2784/151/49 1010/151/49 2785/151/49
f 2794/151/49 1010/151/49 2784/151/49
f 1081/151/49 2796/151/49 2797/151/49
f 1081/151/49 2795/151/49 2796/151/49
f 1081/151/49 2794/151/49 2795/151/49
f 1081/151/49 1010/151/49 2794/151/49
f 1079/151/49 1081/151/49 2797/151/49
f 1077/151/49 1079/151/49 2797/151/49
f 1075/151/49 1077/151/49 2797/151/49
f 1009/151/49 1075/151/49 2797/151/49
f 2040/151/49 1009/151/49 2797/151/49
f 2040/151/49 2797/151/49 2798/151/49
f 2040/151/49 2798/151/49 2799/151/49
f 2842/151/49 1009/151/49 2040/151/49
f 2038/151/49 2040/151/49 2799/151/49
f 2038/151/49 2799/151/49 2793/151/49
f 2840/151/49 1009/151/49 2842/151/49
f 2036/151/49 2038/151/49 2793/151/49
f 2036/151/49 2793/151/49 2757/151/49
f 2034/151/49 2036/151/49 2757/151/49
f 2032/151/49 2034/151/49 2757/151/49
f 2756/151/49 2032/151/49 2757/151/49
f 2030/151/49 2032/151/49 2756/151/49
f 2028/151/49 2030/151/49 2756/151/49
f 825/151/49 2007/151/977 2022/151/49
f 2008/151/49 2022/151/49 2007/151/977
f 2024/151/49 825/151/49 2022/151/49
f 2026/151/49 2028/151/49 2756/151/49
f 2803/151/49 2024/151/49 2026/151/49
f 2803/151/49 825/151/49 2024/151/49
f 2803/151/49 2026/151/49 2756/151/49
f 823/151/49 825/151/49 2803/151/49
f 821/151/49 823/151/49 2803/151/49
f 2804/151/49 821/151/49 2803/151/49
f 2805/151/49 821/151/49 2804/151/49
f 847/151/49 821/151/49 2805/151/49
f 2802/151/49 847/151/49 2805/151/49
f 2801/151/49 847/151/49 2802/151/49
f 2613/151/11 2820/151/11 2710/151/11
f 2806/151/11 2820/151/11 2613/151/11
f 2615/151/11 2613/151/11 2710/151/11
f 2617/151/11 2615/151/11 2710/151/11
f 2619/151/11 2617/151/11 2710/151/11
f 2621/151/11 2619/151/11 2710/151/11
f 2814/151/53 2717/151/53 2815/151/230
f 2815/151/230 2717/151/53 2715/151/230
f 2816/151/231 2715/151/230 2712/151/231
f 2818/151/232 2712/151/231 2708/151/232
f 2820/151/11 2708/151/232 2710/151/11
f 2820/151/11 2818/151/232 2708/151/232
f 2818/151/232 2816/151/231 2712/151/231
f 2816/151/231 2815/151/230 2715/151/230
f 2719/151/53 2717/151/53 2814/151/53 2813/151/53
f 2821/151/1 2727/151/1 2819/151/220
f 2819/151/220 2727/151/1 2724/151/220
f 2817/151/221 2724/151/220 2722/151/221
f 2812/151/222 2722/151/221 2720/151/222
f 2813/151/53 2720/151/222 2719/151/53
f 2813/151/53 2812/151/222 2720/151/222
f 2812/151/222 2817/151/221 2722/151/221
f 2817/151/221 2819/151/220 2724/151/220
f 2610/151/1 2611/151/1 2727/151/1
f 2609/151/1 2610/151/1 2727/151/1
f 2608/151/1 2609/151/1 2727/151/1
f 2607/151/1 2608/151/1 2727/151/1
f 2807/151/1 2607/151/1 2727/151/1
f 2821/151/1 2807/151/1 2727/151/1
f 2537/151/1 2726/151/1 2539/151/1
f 2535/151/1 2726/151/1 2537/151/1
f 2533/151/1 2726/151/1 2535/151/1
f 2531/151/1 2726/151/1 2533/151/1
f 2855/151/1 2726/151/1 2531/151/1
f 2800/151/1 2855/151/1 2531/151/1
f 2862/151/55 2718/151/55 2860/151/223
f 2860/151/223 2718/151/55 2721/151/223
f 2858/151/224 2721/151/223 2723/151/224
f 2856/151/225 2723/151/224 2725/151/225
f 2855/151/1 2725/151/225 2726/151/1
f 2855/151/1 2856/151/225 2725/151/225
f 2856/151/225 2858/151/224 2723/151/224
f 2858/151/224 2860/151/223 2721/151/223
f 2716/151/55 2718/151/55 2862/151/55 2863/151/55
f 2854/151/11 2709/151/11 2857/151/227
f 2857/151/227 2709/151/11 2711/151/227
f 2859/151/228 2711/151/227 2713/151/228
f 2861/151/229 2713/151/228 2714/151/229
f 2863/151/55 2714/151/229 2716/151/55
f 2863/151/55 2861/151/229 2714/151/229
f 2861/151/229 2859/151/228 2713/151/228
f 2859/151/228 2857/151/227 2711/151/227
f 2854/151/11 2801/151/11 2662/151/11
f 2854/151/11 2662/151/11 2660/151/11
f 2854/151/11 2660/151/11 2658/151/11
f 2709/151/11 2854/151/11 2658/151/11
f 2709/151/11 2658/151/11 2656/151/11
f 2709/151/11 2656/151/11 2654/151/11
f 2753/151/190 2835/151/190 2754/151/11
f 2753/151/190 2837/151/9 2835/151/190
f 2753/151/190 2747/151/9 2837/151/9
f 2837/151/9 2747/151/9 2838/151/194
f 2838/151/194 2747/151/9 2742/151/194
f 2839/151/193 2742/151/194 2739/151/193
f 2836/151/4 2739/151/193 2734/151/4
f 2834/151/196 2734/151/4 2733/151/196
f 2833/151/1 2733/151/196 2729/151/1
f 2830/151/183 2729/151/1 2730/151/183
f 2826/151/18 2730/151/183 2736/151/18
f 2823/151/187 2736/151/18 2738/151/187
f 2824/151/186 2738/151/187 2745/151/186
f 2827/151/13 2745/151/186 2748/151/13
f 2828/151/189 2748/151/13 2750/151/189
f 2831/151/11 2750/151/189 2754/151/11
f 2835/151/190 2831/151/11 2754/151/11
f 2831/151/11 2828/151/189 2750/151/189
f 2828/151/189 2827/151/13 2748/151/13
f 2827/151/13 2824/151/186 2745/151/186
f 2824/151/186 2823/151/187 2738/151/187
f 2823/151/187 2826/151/18 2736/151/18
f 2826/151/18 2830/151/183 2730/151/183
f 2830/151/183 2833/151/1 2729/151/1
f 2833/151/1 2834/151/196 2733/151/196
f 2834/151/196 2836/151/4 2734/151/4
f 2836/151/4 2839/151/193 2739/151/193
f 2839/151/193 2838/151/194 2742/151/194
f 2752/151/190 2849/151/190 2755/151/11
f 2752/151/190 2851/151/9 2849/151/190
f 2752/151/190 2749/151/9 2851/151/9
f 2851/151/9 2749/151/9 2853/151/194
f 2853/151/194 2749/151/9 2744/151/194
f 2852/151/193 2744/151/194 2740/151/193
f 2850/151/4 2740/151/193 2735/151/4
f 2848/151/196 2735/151/4 2732/151/196
f 2846/151/1 2732/151/196 2728/151/1
f 2844/151/183 2728/151/1 2731/151/183
f 2843/151/18 2731/151/183 2737/151/18
f 2842/151/187 2737/151/18 2741/151/187
f 2840/151/186 2741/151/187 2743/151/186
f 2841/151/13 2743/151/186 2746/151/13
f 2845/151/189 2746/151/13 2751/151/189
f 2847/151/11 2751/151/189 2755/151/11
f 2849/151/190 2847/151/11 2755/151/11
f 2847/151/11 2845/151/189 2751/151/189
f 2845/151/189 2841/151/13 2746/151/13
f 2841/151/13 2840/151/186 2743/151/186
f 2840/151/186 2842/151/187 2741/151/187
f 2842/151/187 2843/151/18 2737/151/18
f 2843/151/18 2844/151/183 2731/151/183
f 2844/151/183 2846/151/1 2728/151/1
f 2846/151/1 2848/151/196 2732/151/196
f 2848/151/196 2850/151/4 2735/151/4
f 2850/151/4 2852/151/193 2740/151/193
f 2852/151/193 2853/151/194 2744/151/194
f 2705/151/190 2868/151/190 2707/151/11
f 2705/151/190 2870/151/9 2868/151/190
f 2705/151/190 2703/151/9 2870/151/9
f 2870/151/9 2703/151/9 2872/151/194
f 2872/151/194 2703/151/9 2702/151/194
f 2873/151/193 2702/151/194 2700/151/193
f 2871/151/4 2700/151/193 2697/151/4
f 2869/151/196 2697/151/4 2695/151/196
f 2867/151/1 2695/151/196 2694/151/1
f 2866/151/183 2694/151/1 2696/151/183
f 2865/151/18 2696/151/183 2698/151/18
f 2864/151/187 2698/151/18 2699/151/187
f 2822/151/186 2699/151/187 2701/151/186
f 2825/151/13 2701/151/186 2704/151/13
f 2829/151/189 2704/151/13 2706/151/189
f 2832/151/11 2706/151/189 2707/151/11
f 2868/151/190 2832/151/11 2707/151/11
f 2832/151/11 2829/151/189 2706/151/189
f 2829/151/189 2825/151/13 2704/151/13
f 2825/151/13 2822/151/186 2701/151/186
f 2822/151/186 2864/151/187 2699/151/187
f 2864/151/187 2865/151/18 2698/151/18
f 2865/151/18 2866/151/183 2696/151/183
f 2866/151/183 2867/151/1 2694/151/1
f 2867/151/1 2869/151/196 2695/151/196
f 2869/151/196 2871/151/4 2697/151/4
f 2871/151/4 2873/151/193 2700/151/193
f 2873/151/193 2872/151/194 2702/151/194
usemtl TSS_USBC_SuiteModelMtl05
f 2874/151/978 2875/151/978 2876/151/979
f 2876/151/979 2875/151/978 2877/151/979
f 2878/151/980 2877/151/979 2879/151/980
f 2880/151/981 2879/151/980 2881/151/982
f 2882/151/983 2881/151/982 2883/151/984
f 2884/151/985 2883/151/984 2885/151/985
f 2886/151/986 2885/151/985 2887/151/987
f 2888/151/988 2887/151/987 2889/151/989
f 2890/151/990 2889/151/989 2891/151/991
f 2892/151/992 2891/151/991 2893/151/993
f 2892/151/992 2890/151/990 2891/151/991
f 2890/151/990 2888/151/988 2889/151/989
f 2888/151/988 2886/151/986 2887/151/987
f 2886/151/986 2884/151/985 2885/151/985
f 2884/151/985 2882/151/983 2883/151/984
f 2882/151/983 2880/151/981 2881/151/982
f 2880/151/981 2878/151/980 2879/151/980
f 2878/151/980 2876/151/979 2877/151/979
f 2894/151/994 2895/151/995 2896/151/996
f 2896/151/996 2895/151/995 2897/151/997
f 2898/151/998 2897/151/997 2899/151/999
f 2900/151/1000 2899/151/999 2901/151/1001
f 2902/151/1002 2901/151/1001 2903/151/1003
f 2904/151/1004 2903/151/1003 2905/151/1005
f 2906/151/1006 2905/151/1005 2907/151/1007
f 2908/151/1008 2907/151/1007 2909/151/1008
f 2910/151/1009 2909/151/1008 2911/151/1009
f 2912/151/1010 2911/151/1009 2913/151/1010
f 2912/151/1010 2910/151/1009 2911/151/1009
f 2910/151/1009 2908/151/1008 2909/151/1008
f 2908/151/1008 2906/151/1006 2907/151/1007
f 2906/151/1006 2904/151/1004 2905/151/1005
f 2904/151/1004 2902/151/1002 2903/151/1003
f 2902/151/1002 2900/151/1000 2901/151/1001
f 2900/151/1000 2898/151/998 2899/151/999
f 2898/151/998 2896/151/996 2897/151/997
f 2914/151/994 2895/151/995 2894/151/994 2915/151/994
f 2916/151/1011 2917/151/1012 2918/151/1013
f 2918/151/1013 2917/151/1012 2919/151/1014
f 2919/151/1014 2917/151/1012 2920/151/1015
f 2920/151/1015 2917/151/1012 2921/151/1015
f 2922/151/1016 2920/151/1015 2921/151/1015
f 2922/151/1016 2923/151/1016 2920/151/1015
f 2922/151/1016 2924/151/1017 2923/151/1016
f 2923/151/1016 2924/151/1017 2925/151/1018
f 2925/151/1018 2924/151/1017 2926/151/1019
f 2927/151/1019 2926/151/1019 2928/151/1020
f 2929/151/1021 2928/151/1020 2930/151/1022
f 2929/151/1021 2927/151/1019 2928/151/1020
f 2928/151/1020 2931/151/1022 2930/151/1022
f 2930/151/1022 2931/151/1022 2932/151/1023
f 2933/151/1023 2932/151/1023 2934/151/1024
f 2935/151/1024 2934/151/1024 2914/151/994
f 2915/151/994 2935/151/1024 2914/151/994
f 2935/151/1024 2933/151/1023 2934/151/1024
f 2933/151/1023 2930/151/1022 2932/151/1023
f 2927/151/1019 2925/151/1018 2926/151/1019
f 2936/151/1025 2937/151/1025 2938/151/1026
f 2938/151/1026 2937/151/1025 2939/151/1026
f 2940/151/1027 2939/151/1026 2941/151/1027
f 2942/151/1028 2941/151/1027 2943/151/1028
f 2944/151/1029 2943/151/1028 2945/151/1029
f 2946/151/1030 2945/151/1029 2947/151/1030
f 2948/151/1031 2947/151/1030 2949/151/1031
f 2950/151/1032 2949/151/1031 2951/151/1032
f 2952/151/1033 2951/151/1032 2953/151/1033
f 2954/151/1034 2953/151/1033 2955/151/1034
f 2956/151/53 2955/151/1034 2957/151/53
f 2958/151/1035 2957/151/53 2959/151/1035
f 2960/151/1036 2959/151/1035 2961/151/1036
f 2962/151/1037 2961/151/1036 2963/151/1037
f 2964/151/1038 2963/151/1037 2965/151/1038
f 2966/151/1039 2965/151/1038 2967/151/1039
f 2968/151/1040 2967/151/1039 2969/151/1040
f 2970/151/1041 2969/151/1040 2971/151/1041
f 2972/151/1042 2971/151/1041 2973/151/1042
f 2974/151/1043 2973/151/1042 2975/151/1043
f 2918/151/1013 2975/151/1043 2916/151/1011
f 2918/151/1013 2974/151/1043 2975/151/1043
f 2974/151/1043 2972/151/1042 2973/151/1042
f 2972/151/1042 2970/151/1041 2971/151/1041
f 2970/151/1041 2968/151/1040 2969/151/1040
f 2968/151/1040 2966/151/1039 2967/151/1039
f 2966/151/1039 2964/151/1038 2965/151/1038
f 2964/151/1038 2962/151/1037 2963/151/1037
f 2962/151/1037 2960/151/1036 2961/151/1036
f 2960/151/1036 2958/151/1035 2959/151/1035
f 2958/151/1035 2956/151/53 2957/151/53
f 2956/151/53 2954/151/1034 2955/151/1034
f 2954/151/1034 2952/151/1033 2953/151/1033
f 2952/151/1033 2950/151/1032 2951/151/1032
f 2950/151/1032 2948/151/1031 2949/151/1031
f 2948/151/1031 2946/151/1030 2947/151/1030
f 2946/151/1030 2944/151/1029 2945/151/1029
f 2944/151/1029 2942/151/1028 2943/151/1028
f 2942/151/1028 2940/151/1027 2941/151/1027
f 2940/151/1027 2938/151/1026 2939/151/1026
f 2976/151/993 2977/151/993 2978/151/1044
f 2978/151/1044 2977/151/993 2979/151/1045
f 2980/151/1046 2979/151/1045 2981/151/1046
f 2982/151/1047 2981/151/1046 2983/151/1047
f 2984/151/1048 2983/151/1047 2985/151/1049
f 2986/151/1050 2985/151/1049 2987/151/1050
f 2988/151/1051 2987/151/1050 2989/151/1052
f 2990/151/1053 2989/151/1052 2991/151/1053
f 2992/151/1054 2991/151/1053 2993/151/1054
f 2994/151/1055 2993/151/1054 2995/151/1055
f 2936/151/1025 2995/151/1055 2937/151/1025
f 2936/151/1025 2994/151/1055 2995/151/1055
f 2994/151/1055 2992/151/1054 2993/151/1054
f 2992/151/1054 2990/151/1053 2991/151/1053
f 2990/151/1053 2988/151/1051 2989/151/1052
f 2988/151/1051 2986/151/1050 2987/151/1050
f 2986/151/1050 2984/151/1048 2985/151/1049
f 2984/151/1048 2982/151/1047 2983/151/1047
f 2982/151/1047 2980/151/1046 2981/151/1046
f 2980/151/1046 2978/151/1044 2979/151/1045
f 2996/151/1056 2997/151/1056 2998/151/1056 2999/151/1056
f 2986/151/51 2982/151/51 2984/151/51
f 2980/151/51 2982/151/51 2986/151/51
f 2988/151/51 2980/151/51 2986/151/51
f 2978/151/51 2980/151/51 2988/151/51
f 2990/151/51 2978/151/51 2988/151/51
f 2976/151/51 2978/151/51 2990/151/51
f 2992/151/51 2976/151/51 2990/151/51
f 2994/151/51 2976/151/51 2992/151/51
f 2936/151/51 2976/151/51 2994/151/51
f 2892/151/51 2976/151/51 2936/151/51
f 2890/151/51 2892/151/51 2936/151/51
f 2888/151/51 2890/151/51 2936/151/51
f 2886/151/51 2888/151/51 2936/151/51
f 2884/151/51 2886/151/51 2936/151/51
f 2882/151/51 2884/151/51 2936/151/51
f 2880/151/51 2882/151/51 2936/151/51
f 2878/151/51 2880/151/51 2936/151/51
f 2876/151/51 2878/151/51 2936/151/51
f 2938/151/51 2876/151/51 2936/151/51
f 2874/151/51 2876/151/51 2938/151/51
f 3000/151/51 2874/151/51 2938/151/51
f 2940/151/51 3000/151/51 2938/151/51
f 3001/151/51 3000/151/51 2940/151/51
f 2942/151/51 3001/151/51 2940/151/51
f 3002/151/51 3001/151/51 2942/151/51
f 2944/151/51 3002/151/51 2942/151/51
f 3003/151/51 3002/151/51 2944/151/51
f 2946/151/51 3003/151/51 2944/151/51
f 3004/151/51 3003/151/51 2946/151/51
f 2948/151/51 3004/151/51 2946/151/51
f 3005/151/51 3004/151/51 2948/151/51
f 2950/151/51 3005/151/51 2948/151/51
f 3006/151/51 3005/151/51 2950/151/51
f 2952/151/51 3006/151/51 2950/151/51
f 3007/151/51 3006/151/51 2952/151/51
f 2954/151/51 3007/151/51 2952/151/51
f 3008/151/51 3007/151/51 2954/151/51
f 2956/151/51 3008/151/51 2954/151/51
f 3009/151/51 3008/151/51 2956/151/51
f 2958/151/51 3009/151/51 2956/151/51
f 3010/151/51 3009/151/51 2958/151/51
f 2960/151/51 3010/151/51 2958/151/51
f 3011/151/51 3010/151/51 2960/151/51
f 2962/151/51 3011/151/51 2960/151/51
f 3012/151/51 3011/151/51 2962/151/51
f 2964/151/51 3012/151/51 2962/151/51
f 3013/151/51 3012/151/51 2964/151/51
f 2966/151/51 3013/151/51 2964/151/51
f 3014/151/51 3013/151/51 2966/151/51
f 2968/151/51 3014/151/51 2966/151/51
f 3015/151/51 3014/151/51 2968/151/51
f 2970/151/51 3015/151/51 2968/151/51
f 3016/151/51 3015/151/51 2970/151/51
f 2972/151/51 3016/151/51 2970/151/51
f 3017/151/51 3016/151/51 2972/151/51
f 2912/151/51 3017/151/51 2972/151/51
f 2974/151/51 2912/151/51 2972/151/51
f 2910/151/51 2912/151/51 2974/151/51
f 2908/151/51 2910/151/51 2974/151/51
f 2906/151/51 2908/151/51 2974/151/51
f 2904/151/51 2906/151/51 2974/151/51
f 2902/151/51 2904/151/51 2974/151/51
f 2900/151/51 2902/151/51 2974/151/51
f 2898/151/51 2900/151/51 2974/151/51
f 2896/151/51 2898/151/51 2974/151/51
f 2894/151/51 2896/151/51 2974/151/51
f 2918/151/51 2894/151/51 2974/151/51
f 2919/151/51 2894/151/51 2918/151/51
f 2920/151/51 2894/151/51 2919/151/51
f 2915/151/51 2894/151/51 2920/151/51
f 2923/151/51 2915/151/51 2920/151/51
f 2935/151/51 2915/151/51 2923/151/51
f 2925/151/51 2935/151/51 2923/151/51
f 2933/151/51 2935/151/51 2925/151/51
f 2927/151/51 2933/151/51 2925/151/51
f 2930/151/51 2933/151/51 2927/151/51
f 2929/151/51 2930/151/51 2927/151/51
f 2997/151/55 3018/151/55 3019/151/55 2998/151/55
f 3018/151/1057 3020/151/1057 3021/151/1057 3019/151/1057
f 3022/151/1058 3023/151/1058 3024/151/1
f 3022/151/1058 3025/151/1059 3023/151/1058
f 3022/151/1058 3026/151/1059 3025/151/1059
f 3025/151/1059 3026/151/1059 3027/151/1060
f 3027/151/1060 3026/151/1059 3028/151/1060
f 3029/151/1061 3028/151/1060 3030/151/1061
f 3031/151/1062 3030/151/1061 3032/151/1062
f 3033/151/1063 3032/151/1062 3034/151/1063
f 3035/151/1064 3034/151/1063 3036/151/1064
f 3037/151/1065 3036/151/1064 3038/151/1065
f 3039/151/53 3038/151/1065 3040/151/53
f 3041/151/1066 3040/151/53 3042/151/1066
f 3043/151/1067 3042/151/1066 3044/151/1067
f 3045/151/1068 3044/151/1067 3046/151/1068
f 3047/151/1069 3046/151/1068 3048/151/1069
f 3049/151/1070 3048/151/1069 3050/151/1070
f 3051/151/1071 3050/151/1070 3052/151/1071
f 3053/151/1072 3052/151/1071 3054/151/1072
f 3055/151/1073 3054/151/1072 3056/151/1073
f 3057/151/11 3056/151/1073 3058/151/11
f 3059/151/1074 3058/151/11 3060/151/1074
f 3061/151/1075 3060/151/1074 3062/151/1075
f 3063/151/1076 3062/151/1075 3064/151/1076
f 3065/151/1077 3064/151/1076 3066/151/1077
f 3067/151/1078 3066/151/1077 3068/151/1078
f 3069/151/1079 3068/151/1078 3070/151/1079
f 3071/151/1080 3070/151/1079 3072/151/1080
f 3073/151/1081 3072/151/1080 3074/151/1081
f 3075/151/55 3074/151/1081 3076/151/55
f 3077/151/1082 3076/151/55 3078/151/1082
f 3079/151/1083 3078/151/1082 3080/151/1083
f 3081/151/1084 3080/151/1083 3082/151/1084
f 3083/151/1085 3082/151/1084 3084/151/1085
f 3085/151/1086 3084/151/1085 3086/151/1086
f 3087/151/1087 3086/151/1086 3088/151/1087
f 3089/151/1088 3088/151/1087 3090/151/1088
f 3091/151/1089 3090/151/1088 3092/151/1089
f 3093/151/1 3092/151/1089 3024/151/1
f 3023/151/1058 3093/151/1 3024/151/1
f 3093/151/1 3091/151/1089 3092/151/1089
f 3091/151/1089 3089/151/1088 3090/151/1088
f 3089/151/1088 3087/151/1087 3088/151/1087
f 3087/151/1087 3085/151/1086 3086/151/1086
f 3085/151/1086 3083/151/1085 3084/151/1085
f 3083/151/1085 3081/151/1084 3082/151/1084
f 3081/151/1084 3079/151/1083 3080/151/1083
f 3079/151/1083 3077/151/1082 3078/151/1082
f 3077/151/1082 3075/151/55 3076/151/55
f 3075/151/55 3073/151/1081 3074/151/1081
f 3073/151/1081 3071/151/1080 3072/151/1080
f 3071/151/1080 3069/151/1079 3070/151/1079
f 3069/151/1079 3067/151/1078 3068/151/1078
f 3067/151/1078 3065/151/1077 3066/151/1077
f 3065/151/1077 3063/151/1076 3064/151/1076
f 3063/151/1076 3061/151/1075 3062/151/1075
f 3061/151/1075 3059/151/1074 3060/151/1074
f 3059/151/1074 3057/151/11 3058/151/11
f 3057/151/11 3055/151/1073 3056/151/1073
f 3055/151/1073 3053/151/1072 3054/151/1072
f 3053/151/1072 3051/151/1071 3052/151/1071
f 3051/151/1071 3049/151/1070 3050/151/1070
f 3049/151/1070 3047/151/1069 3048/151/1069
f 3047/151/1069 3045/151/1068 3046/151/1068
f 3045/151/1068 3043/151/1067 3044/151/1067
f 3043/151/1067 3041/151/1066 3042/151/1066
f 3041/151/1066 3039/151/53 3040/151/53
f 3039/151/53 3037/151/1065 3038/151/1065
f 3037/151/1065 3035/151/1064 3036/151/1064
f 3035/151/1064 3033/151/1063 3034/151/1063
f 3033/151/1063 3031/151/1062 3032/151/1062
f 3031/151/1062 3029/151/1061 3030/151/1061
f 3029/151/1061 3027/151/1060 3028/151/1060
f 3094/151/1058 3095/151/1058 3096/151/1
f 3094/151/1058 3097/151/1059 3095/151/1058
f 3094/151/1058 3098/151/1059 3097/151/1059
f 3097/151/1059 3098/151/1059 3099/151/1060
f 3099/151/1060 3098/151/1059 3100/151/1060
f 3101/151/1061 3100/151/1060 3102/151/1061
f 3103/151/1062 3102/151/1061 3104/151/1062
f 3105/151/1063 3104/151/1062 3106/151/1063
f 3107/151/1064 3106/151/1063 3108/151/1064
f 3109/151/1065 3108/151/1064 3110/151/1065
f 3111/151/53 3110/151/1065 3112/151/53
f 3113/151/1066 3112/151/53 3114/151/1066
f 3115/151/1067 3114/151/1066 3116/151/1067
f 3117/151/1068 3116/151/1067 3118/151/1068
f 3119/151/1069 3118/151/1068 3120/151/1069
f 3121/151/1070 3120/151/1069 3122/151/1070
f 3123/151/1071 3122/151/1070 3124/151/1071
f 3125/151/1072 3124/151/1071 3126/151/1072
f 3127/151/1073 3126/151/1072 3128/151/1073
f 3129/151/11 3128/151/1073 3130/151/11
f 3131/151/1074 3130/151/11 3132/151/1074
f 3133/151/1075 3132/151/1074 3134/151/1075
f 3135/151/1076 3134/151/1075 3136/151/1076
f 3137/151/1077 3136/151/1076 3138/151/1077
f 3139/151/1078 3138/151/1077 3140/151/1078
f 3141/151/1079 3140/151/1078 3142/151/1079
f 3143/151/1080 3142/151/1079 3144/151/1080
f 3145/151/1081 3144/151/1080 3146/151/1081
f 3147/151/55 3146/151/1081 3148/151/55
f 3149/151/1082 3148/151/55 3150/151/1082
f 3151/151/1083 3150/151/1082 3152/151/1083
f 3153/151/1084 3152/151/1083 3154/151/1084
f 3155/151/1085 3154/151/1084 3156/151/1085
f 3157/151/1086 3156/151/1085 3158/151/1086
f 3159/151/1087 3158/151/1086 3160/151/1087
f 3161/151/1088 3160/151/1087 3162/151/1088
f 3163/151/1089 3162/151/1088 3164/151/1089
f 3165/151/1 3164/151/1089 3096/151/1
f 3095/151/1058 3165/151/1 3096/151/1
f 3165/151/1 3163/151/1089 3164/151/1089
f 3163/151/1089 3161/151/1088 3162/151/1088
f 3161/151/1088 3159/151/1087 3160/151/1087
f 3159/151/1087 3157/151/1086 3158/151/1086
f 3157/151/1086 3155/151/1085 3156/151/1085
f 3155/151/1085 3153/151/1084 3154/151/1084
f 3153/151/1084 3151/151/1083 3152/151/1083
f 3151/151/1083 3149/151/1082 3150/151/1082
f 3149/151/1082 3147/151/55 3148/151/55
f 3147/151/55 3145/151/1081 3146/151/1081
f 3145/151/1081 3143/151/1080 3144/151/1080
f 3143/151/1080 3141/151/1079 3142/151/1079
f 3141/151/1079 3139/151/1078 3140/151/1078
f 3139/151/1078 3137/151/1077 3138/151/1077
f 3137/151/1077 3135/151/1076 3136/151/1076
f 3135/151/1076 3133/151/1075 3134/151/1075
f 3133/151/1075 3131/151/1074 3132/151/1074
f 3131/151/1074 3129/151/11 3130/151/11
f 3129/151/11 3127/151/1073 3128/151/1073
f 3127/151/1073 3125/151/1072 3126/151/1072
f 3125/151/1072 3123/151/1071 3124/151/1071
f 3123/151/1071 3121/151/1070 3122/151/1070
f 3121/151/1070 3119/151/1069 3120/151/1069
f 3119/151/1069 3117/151/1068 3118/151/1068
f 3117/151/1068 3115/151/1067 3116/151/1067
f 3115/151/1067 3113/151/1066 3114/151/1066
f 3113/151/1066 3111/151/53 3112/151/53
f 3111/151/53 3109/151/1065 3110/151/1065
f 3109/151/1065 3107/151/1064 3108/151/1064
f 3107/151/1064 3105/151/1063 3106/151/1063
f 3105/151/1063 3103/151/1062 3104/151/1062
f 3103/151/1062 3101/151/1061 3102/151/1061
f 3101/151/1061 3099/151/1060 3100/151/1060
f 3166/151/11 3167/151/11 3168/151/11 3169/151/11
f 3170/151/55 3171/151/55 3172/151/1090
f 3172/151/1090 3171/151/55 3173/151/1090
f 3174/151/1080 3173/151/1090 3175/151/1080
f 3176/151/1091 3175/151/1080 3177/151/1091
f 3178/151/1078 3177/151/1091 3179/151/1078
f 3180/151/1077 3179/151/1078 3181/151/1077
f 3182/151/1092 3181/151/1077 3183/151/1093
f 3184/151/1075 3183/151/1093 3185/151/1075
f 3186/151/1094 3185/151/1075 3187/151/1094
f 3169/151/11 3187/151/1094 3166/151/11
f 3169/151/11 3186/151/1094 3187/151/1094
f 3186/151/1094 3184/151/1075 3185/151/1075
f 3184/151/1075 3182/151/1092 3183/151/1093
f 3182/151/1092 3180/151/1077 3181/151/1077
f 3180/151/1077 3178/151/1078 3179/151/1078
f 3178/151/1078 3176/151/1091 3177/151/1091
f 3176/151/1091 3174/151/1080 3175/151/1080
f 3174/151/1080 3172/151/1090 3173/151/1090
f 2996/151/55 3171/151/55 3170/151/55
f 2999/151/55 3171/151/55 2996/151/55
f 3188/151/55 2996/151/55 3170/151/55
f 3189/151/55 3021/151/55 3020/151/55
f 3189/151/55 3020/151/55 3190/151/55
f 3191/151/55 3021/151/55 3189/151/55
f 3192/151/1 3193/151/1 3194/151/1095
f 3194/151/1095 3193/151/1 3195/151/1095
f 3196/151/1088 3195/151/1095 3197/151/1088
f 3198/151/1096 3197/151/1088 3199/151/1096
f 3200/151/1086 3199/151/1096 3201/151/1086
f 3202/151/1085 3201/151/1086 3203/151/1085
f 3204/151/1097 3203/151/1085 3205/151/1098
f 3206/151/1083 3205/151/1098 3207/151/1083
f 3208/151/1099 3207/151/1083 3209/151/1099
f 3189/151/55 3209/151/1099 3191/151/55
f 3189/151/55 3208/151/1099 3209/151/1099
f 3208/151/1099 3206/151/1083 3207/151/1083
f 3206/151/1083 3204/151/1097 3205/151/1098
f 3204/151/1097 3202/151/1085 3203/151/1085
f 3202/151/1085 3200/151/1086 3201/151/1086
f 3200/151/1086 3198/151/1096 3199/151/1096
f 3198/151/1096 3196/151/1088 3197/151/1088
f 3196/151/1088 3194/151/1095 3195/151/1095
f 3210/151/1 3193/151/1 3192/151/1 3211/151/1
f 3212/151/51 3169/151/51 3168/151/51
f 3186/151/51 3169/151/51 3212/151/51
f 3184/151/51 3186/151/51 3212/151/51
f 3213/151/51 3184/151/51 3212/151/51
f 3182/151/51 3184/151/51 3213/151/51
f 3214/151/51 3182/151/51 3213/151/51
f 3180/151/51 3182/151/51 3214/151/51
f 3215/151/51 3180/151/51 3214/151/51
f 3216/151/51 3180/151/51 3215/151/51
f 3178/151/51 3180/151/51 3216/151/51
f 3176/151/51 3178/151/51 3216/151/51
f 3217/151/51 3176/151/51 3216/151/51
f 3174/151/51 3176/151/51 3217/151/51
f 3218/151/51 3174/151/51 3217/151/51
f 3172/151/51 3174/151/51 3218/151/51
f 3219/151/51 3172/151/51 3218/151/51
f 3165/151/51 3172/151/51 3219/151/51
f 3163/151/51 3165/151/51 3219/151/51
f 3095/151/51 3172/151/51 3165/151/51
f 3170/151/51 3172/151/51 3095/151/51
f 3161/151/51 3163/151/51 3219/151/51
f 3097/151/51 3170/151/51 3095/151/51
f 3159/151/51 3161/151/51 3219/151/51
f 3099/151/51 3170/151/51 3097/151/51
f 3157/151/51 3159/151/51 3219/151/51
f 3101/151/51 3170/151/51 3099/151/51
f 3103/151/51 3170/151/51 3101/151/51
f 3155/151/51 3157/151/51 3219/151/51
f 3153/151/51 3155/151/51 3219/151/51
f 3105/151/51 3170/151/51 3103/151/51
f 3151/151/51 3153/151/51 3219/151/51
f 3107/151/51 3170/151/51 3105/151/51
f 3109/151/51 3170/151/51 3107/151/51
f 3149/151/51 3151/151/51 3219/151/51
f 3111/151/51 3170/151/51 3109/151/51
f 3147/151/51 3149/151/51 3219/151/51
f 3145/151/51 3147/151/51 3219/151/51
f 3113/151/51 3170/151/51 3111/151/51
f 3220/151/51 3145/151/51 3219/151/51
f 3115/151/54 3170/151/51 3113/151/51
f 3143/151/51 3220/151/51 3221/151/51
f 3143/151/51 3145/151/51 3220/151/51
f 3141/151/51 3143/151/51 3221/151/51
f 3117/151/51 3170/151/51 3115/151/54
f 3139/151/51 3141/151/51 3221/151/51
f 3222/151/51 3139/151/51 3221/151/51
f 3137/151/51 3139/151/51 3222/151/51
f 3135/151/51 3137/151/51 3222/151/51
f 2985/151/51 3135/151/51 3222/151/51
f 2983/151/51 3135/151/51 2985/151/51
f 2987/151/51 2985/151/51 3222/151/51
f 2981/151/51 3135/151/51 2983/151/51
f 2989/151/51 2987/151/51 3222/151/51
f 2979/151/51 3135/151/51 2981/151/51
f 2991/151/51 2989/151/51 3222/151/51
f 2977/151/51 3135/151/51 2979/151/51
f 3133/151/51 3135/151/51 2977/151/51
f 2993/151/51 2991/151/51 3222/151/51
f 2995/151/51 2993/151/51 3222/151/51
f 3131/151/51 3133/151/51 2977/151/51
f 3129/151/51 3131/151/51 2977/151/51
f 2937/151/51 2995/151/51 3222/151/51
f 2893/151/51 3127/151/51 3129/151/51
f 2893/151/51 3129/151/51 2977/151/51
f 2891/151/51 3127/151/51 2893/151/51
f 3223/151/51 2937/151/51 3222/151/51
f 2889/151/51 3127/151/51 2891/151/51
f 2887/151/51 3127/151/51 2889/151/51
f 2885/151/51 3127/151/51 2887/151/51
f 2885/151/51 3125/151/51 3127/151/51
f 2883/151/51 3125/151/51 2885/151/51
f 2881/151/51 3125/151/51 2883/151/51
f 2939/151/51 2937/151/51 3223/151/51
f 3224/151/51 2939/151/51 3223/151/51
f 2941/151/51 2939/151/51 3224/151/51
f 3225/151/51 2941/151/51 3224/151/51
f 2943/151/51 2941/151/51 3225/151/51
f 3226/151/51 2943/151/51 3225/151/51
f 2945/151/51 2943/151/51 3226/151/51
f 3227/151/51 2945/151/51 3226/151/51
f 2947/151/51 2945/151/51 3227/151/51
f 3188/151/51 3125/151/51 2881/151/51
f 3188/151/51 3123/151/51 3125/151/51
f 3188/151/51 3121/151/51 3123/151/51
f 3188/151/51 3119/151/51 3121/151/51
f 3188/151/51 3117/151/51 3119/151/51
f 3188/151/51 3170/151/51 3117/151/51
f 3228/151/51 2947/151/51 3227/151/51
f 2949/151/51 2947/151/51 3228/151/51
f 3229/151/51 2949/151/51 3228/151/51
f 2951/151/51 2949/151/51 3229/151/51
f 3230/151/51 2951/151/51 3229/151/51
f 2953/151/51 2951/151/51 3230/151/51
f 3231/151/51 2953/151/51 3230/151/51
f 2955/151/51 2953/151/51 3231/151/51
f 2957/151/51 2955/151/51 3231/151/51
f 3232/151/51 2957/151/51 3231/151/51
f 2959/151/51 2957/151/51 3232/151/51
f 3233/151/51 2959/151/51 3232/151/51
f 3234/151/51 3235/151/51 3188/151/51
f 3234/151/51 3188/151/51 2881/151/51
f 2961/151/51 2959/151/51 3233/151/51
f 3236/151/51 2961/151/51 3233/151/51
f 2963/151/51 2961/151/51 3236/151/51
f 3237/151/51 2963/151/51 3236/151/51
f 2965/151/51 2963/151/51 3237/151/51
f 3238/151/51 2965/151/51 3237/151/51
f 3190/151/51 3234/151/51 2881/151/51
f 2967/151/51 2965/151/51 3238/151/51
f 3239/151/51 2967/151/51 3238/151/51
f 2969/151/51 2967/151/51 3239/151/51
f 3240/151/51 2969/151/51 3239/151/51
f 2971/151/51 2969/151/51 3240/151/51
f 3241/151/51 2971/151/51 3240/151/51
f 2973/151/51 2971/151/51 3241/151/51
f 3242/151/51 2973/151/51 3241/151/51
f 2975/151/51 2973/151/51 3242/151/51
f 2907/151/51 3190/151/51 2881/151/51
f 2905/151/51 3190/151/51 2907/151/51
f 2903/151/51 3190/151/51 2905/151/51
f 2901/151/51 3190/151/51 2903/151/51
f 2899/151/51 3190/151/51 2901/151/51
f 3243/151/51 2975/151/51 3242/151/51
f 2897/151/51 3190/151/51 2899/151/51
f 2916/151/51 2975/151/51 3243/151/51
f 3093/151/51 2897/151/51 2895/151/51
f 3093/151/51 3190/151/51 2897/151/51
f 3023/151/51 3190/151/51 3093/151/51
f 3091/151/51 3093/151/51 2895/151/51
f 2917/151/51 2916/151/51 3243/151/51
f 2921/151/51 2917/151/51 3243/151/51
f 3089/151/51 3091/151/51 2895/151/51
f 3025/151/51 3190/151/51 3023/151/51
f 2914/151/51 3089/151/51 2895/151/51
f 2922/151/51 2921/151/51 3243/151/51
f 2934/151/51 3089/151/51 2914/151/51
f 2924/151/51 2922/151/51 3243/151/51
f 2932/151/51 3089/151/51 2934/151/51
f 2931/151/51 3089/151/51 2932/151/51
f 3087/151/51 2931/151/51 2928/151/51
f 3087/151/51 3089/151/51 2931/151/51
f 3027/151/51 3190/151/51 3025/151/51
f 3085/151/51 3087/151/51 2928/151/51
f 3029/151/51 3190/151/51 3027/151/51
f 3244/151/51 3085/151/51 2928/151/51
f 3244/151/51 2928/151/51 2926/151/51
f 3244/151/51 2926/151/51 2924/151/51
f 3244/151/51 2924/151/51 3243/151/51
f 3083/151/51 3085/151/51 3244/151/51
f 3031/151/51 3190/151/51 3029/151/51
f 3081/151/51 3083/151/51 3244/151/51
f 3033/151/51 3190/151/51 3031/151/51
f 3079/151/51 3081/151/51 3244/151/51
f 3035/151/51 3190/151/51 3033/151/51
f 3245/151/51 3079/151/51 3244/151/51
f 3246/151/51 3079/151/51 3245/151/51
f 3037/151/51 3190/151/51 3035/151/51
f 3077/151/51 3079/151/51 3246/151/51
f 3075/151/51 3077/151/51 3246/151/51
f 3039/151/51 3190/151/51 3037/151/51
f 3041/151/51 3190/151/51 3039/151/51
f 3073/151/51 3075/151/51 3246/151/51
f 3071/151/51 3073/151/51 3246/151/51
f 3069/151/51 3071/151/51 3246/151/51
f 3067/151/51 3069/151/51 3246/151/51
f 3065/151/51 3067/151/51 3246/151/51
f 3247/151/51 3061/151/51 3063/151/51
f 3247/151/51 3063/151/51 3065/151/51
f 3247/151/51 3065/151/51 3246/151/51
f 3189/151/51 3051/151/51 3053/151/51
f 3189/151/51 3049/151/51 3051/151/51
f 3189/151/51 3047/151/51 3049/151/51
f 3189/151/51 3045/151/51 3047/151/51
f 3189/151/51 3043/151/51 3045/151/51
f 3189/151/51 3041/151/51 3043/151/51
f 3189/151/51 3190/151/51 3041/151/51
f 3059/151/51 3061/151/51 3247/151/51
f 3055/151/51 3189/151/51 3053/151/51
f 3057/151/51 3059/151/51 3247/151/51
f 3057/151/51 3189/151/51 3055/151/51
f 3248/151/51 3189/151/51 3057/151/51
f 3248/151/51 3057/151/51 3247/151/51
f 3208/151/51 3189/151/51 3248/151/51
f 3249/151/51 3208/151/51 3248/151/51
f 3206/151/51 3208/151/51 3249/151/51
f 3250/151/51 3206/151/51 3249/151/51
f 3204/151/51 3206/151/51 3250/151/51
f 3251/151/51 3204/151/51 3250/151/51
f 3202/151/51 3204/151/51 3251/151/51
f 3252/151/51 3202/151/51 3251/151/51
f 3200/151/51 3202/151/51 3252/151/51
f 3198/151/51 3200/151/51 3252/151/51
f 3253/151/51 3198/151/51 3252/151/51
f 3254/151/51 3198/151/51 3253/151/51
f 3196/151/51 3198/151/51 3254/151/51
f 3255/151/51 3196/151/51 3254/151/51
f 3194/151/51 3196/151/51 3255/151/51
f 3192/151/51 3194/151/51 3255/151/51
f 3211/151/51 3192/151/51 3255/151/51
f 3256/151/51 2875/151/1100 3257/151/51
f 3258/151/51 2875/151/1100 3256/151/51
f 3258/151/51 2877/151/1101 2875/151/1100
f 3259/151/51 2877/151/1101 3258/151/51
f 3260/151/51 2877/151/1101 3259/151/51
f 3261/151/51 2877/151/1101 3260/151/51
f 3262/151/51 2877/151/1101 3261/151/51
f 3263/151/51 2877/151/1101 3262/151/51
f 3264/151/51 2877/151/1101 3263/151/51
f 3265/151/51 2877/151/1101 3264/151/51
f 3265/151/51 2879/151/1102 2877/151/1101
f 3266/151/51 2879/151/1102 3265/151/51
f 3267/151/51 2879/151/1102 3266/151/51
f 3268/151/51 2879/151/1102 3267/151/51
f 3269/151/51 2879/151/1102 3268/151/51
f 3270/151/51 2879/151/1102 3269/151/51
f 3271/151/51 2879/151/1102 3270/151/51
f 3271/151/51 2881/151/51 2879/151/1102
f 3272/151/51 2881/151/51 3271/151/51
f 3273/151/51 2881/151/51 3272/151/51
f 2913/151/51 2881/151/51 3273/151/51
f 2911/151/51 2881/151/51 2913/151/51
f 2909/151/51 2881/151/51 2911/151/51
f 2907/151/51 2881/151/51 2909/151/51
f 3219/151/51 3274/151/1103 3220/151/51
f 3247/151/53 3275/151/53 3248/151/1104
f 3248/151/1104 3275/151/53 3276/151/1104
f 3249/151/1064 3276/151/1104 3277/151/1064
f 3250/151/45 3277/151/1064 3278/151/1063
f 3251/151/1105 3278/151/1063 3279/151/1105
f 3252/151/1106 3279/151/1105 3280/151/1106
f 3253/151/1107 3280/151/1106 3281/151/1107
f 3254/151/1108 3281/151/1107 3282/151/1108
f 3255/151/1109 3282/151/1108 3283/151/1109
f 3211/151/1 3283/151/1109 3210/151/1
f 3211/151/1 3255/151/1109 3283/151/1109
f 3255/151/1109 3254/151/1108 3282/151/1108
f 3254/151/1108 3253/151/1107 3281/151/1107
f 3253/151/1107 3252/151/1106 3280/151/1106
f 3252/151/1106 3251/151/1105 3279/151/1105
f 3251/151/1105 3250/151/45 3278/151/1063
f 3250/151/45 3249/151/1064 3277/151/1064
f 3249/151/1064 3248/151/1104 3276/151/1104
f 3284/151/53 3275/151/53 3247/151/53 3246/151/53
f 3285/151/1 3284/151/1 3246/151/1 3245/151/1
f 3221/151/1110 3286/151/1110 3222/151/1111
f 3222/151/1111 3286/151/1110 3287/151/1111
f 3223/151/1112 3287/151/1111 3288/151/1113
f 3224/151/1114 3288/151/1113 3289/151/1114
f 3225/151/1115 3289/151/1114 3290/151/1115
f 3226/151/1116 3290/151/1115 3291/151/1116
f 3227/151/1117 3291/151/1116 3292/151/1117
f 3228/151/1118 3292/151/1117 3293/151/1118
f 3229/151/1119 3293/151/1118 3294/151/1119
f 3230/151/1120 3294/151/1119 3295/151/1120
f 3231/151/1121 3295/151/1120 3296/151/1121
f 3232/151/53 3296/151/1121 3297/151/53
f 3233/151/1122 3297/151/53 3298/151/1122
f 3236/151/1123 3298/151/1122 3299/151/1123
f 3237/151/1124 3299/151/1123 3300/151/1124
f 3238/151/1125 3300/151/1124 3301/151/1125
f 3239/151/1126 3301/151/1125 3302/151/1126
f 3240/151/1127 3302/151/1126 3303/151/1127
f 3241/151/1128 3303/151/1127 3304/151/1128
f 3242/151/1129 3304/151/1128 3305/151/1129
f 3243/151/1130 3305/151/1129 3306/151/1130
f 3244/151/1131 3306/151/1130 3307/151/1131
f 3245/151/1132 3307/151/1131 3285/151/1132
f 3245/151/1132 3244/151/1131 3307/151/1131
f 3244/151/1131 3243/151/1130 3306/151/1130
f 3243/151/1130 3242/151/1129 3305/151/1129
f 3242/151/1129 3241/151/1128 3304/151/1128
f 3241/151/1128 3240/151/1127 3303/151/1127
f 3240/151/1127 3239/151/1126 3302/151/1126
f 3239/151/1126 3238/151/1125 3301/151/1125
f 3238/151/1125 3237/151/1124 3300/151/1124
f 3237/151/1124 3236/151/1123 3299/151/1123
f 3236/151/1123 3233/151/1122 3298/151/1122
f 3233/151/1122 3232/151/53 3297/151/53
f 3232/151/53 3231/151/1121 3296/151/1121
f 3231/151/1121 3230/151/1120 3295/151/1120
f 3230/151/1120 3229/151/1119 3294/151/1119
f 3229/151/1119 3228/151/1118 3293/151/1118
f 3228/151/1118 3227/151/1117 3292/151/1117
f 3227/151/1117 3226/151/1116 3291/151/1116
f 3226/151/1116 3225/151/1115 3290/151/1115
f 3225/151/1115 3224/151/1114 3289/151/1114
f 3224/151/1114 3223/151/1112 3288/151/1113
f 3223/151/1112 3222/151/1111 3287/151/1111
f 3308/151/11 3286/151/11 3221/151/11 3220/151/11
f 3309/151/53 3308/151/53 3220/151/53 3274/151/53
f 3168/151/11 3167/151/11 3212/151/1133
f 3212/151/1133 3167/151/11 3310/151/1133
f 3213/151/1134 3310/151/1133 3311/151/1134
f 3214/151/1135 3311/151/1134 3312/151/1135
f 3215/151/1136 3312/151/1135 3313/151/1136
f 3216/151/1137 3313/151/1136 3314/151/1137
f 3217/151/1138 3314/151/1137 3315/151/1138
f 3218/151/1067 3315/151/1138 3316/151/1067
f 3219/151/1139 3316/151/1067 3317/151/1139
f 3274/151/53 3317/151/1139 3309/151/53
f 3274/151/53 3219/151/1139 3317/151/1139
f 3219/151/1139 3218/151/1067 3316/151/1067
f 3218/151/1067 3217/151/1138 3315/151/1138
f 3217/151/1138 3216/151/1137 3314/151/1137
f 3216/151/1137 3215/151/1136 3313/151/1136
f 3215/151/1136 3214/151/1135 3312/151/1135
f 3214/151/1135 3213/151/1134 3311/151/1134
f 3213/151/1134 3212/151/1133 3310/151/1133
f 3298/151/49 3297/151/49 3296/151/49
f 3295/151/49 3298/151/49 3296/151/49
f 3299/151/49 3298/151/49 3295/151/49
f 3294/151/49 3299/151/49 3295/151/49
f 3300/151/49 3299/151/49 3294/151/49
f 3301/151/49 3300/151/49 3294/151/49
f 3293/151/49 3301/151/49 3294/151/49
f 3292/151/49 3301/151/49 3293/151/49
f 3302/151/49 3301/151/49 3292/151/49
f 3291/151/49 3302/151/49 3292/151/49
f 3303/151/49 3302/151/49 3291/151/49
f 3318/151/49 3303/151/49 3291/151/49
f 3319/151/49 3303/151/49 3318/151/49
f 3320/151/49 3318/151/49 3291/151/49
f 3321/151/49 3303/151/49 3319/151/49
f 3322/151/49 3320/151/49 3291/151/49
f 3323/151/49 3303/151/49 3321/151/49
f 3324/151/49 3322/151/49 3291/151/49
f 3304/151/49 3303/151/49 3323/151/49
f 3290/151/49 3324/151/49 3291/151/49
f 3325/151/49 3304/151/49 3323/151/49
f 3326/151/49 3324/151/49 3290/151/49
f 3327/151/49 3304/151/49 3325/151/49
f 3328/151/49 3326/151/49 3290/151/49
f 3305/151/49 3304/151/49 3327/151/49
f 3289/151/49 3328/151/49 3290/151/49
f 3329/151/49 3328/151/49 3289/151/49
f 3330/151/49 3305/151/49 3327/151/49
f 3306/151/49 3305/151/49 3330/151/49
f 3288/151/49 3329/151/49 3289/151/49
f 3331/151/49 3329/151/49 3288/151/49
f 3332/151/49 3306/151/49 3330/151/49
f 3307/151/49 3306/151/49 3332/151/49
f 3287/151/49 3331/151/49 3288/151/49
f 3333/151/49 3331/151/49 3287/151/49
f 3334/151/49 3307/151/49 3332/151/49
f 3335/151/49 3333/151/49 3287/151/49
f 3336/151/49 3307/151/49 3334/151/49
f 3285/151/49 3307/151/49 3336/151/49
f 3286/151/49 3335/151/49 3287/151/49
f 3337/151/49 3335/151/49 3286/151/49
f 3338/151/49 3285/151/49 3336/151/49
f 3339/151/49 3285/151/49 3338/151/49
f 3340/151/49 3337/151/49 3286/151/49
f 3341/151/49 3285/151/49 3339/151/49
f 3342/151/49 3340/151/49 3286/151/49
f 3343/151/49 3342/151/49 3286/151/49
f 3344/151/49 3285/151/49 3341/151/49
f 3345/151/49 3285/151/49 3344/151/49
f 3346/151/49 3343/151/49 3286/151/49
f 3308/151/49 3346/151/49 3286/151/49
f 3284/151/49 3285/151/49 3345/151/49
f 3317/151/49 3308/151/49 3309/151/1140
f 3347/151/49 3276/151/49 3284/151/49
f 3347/151/49 3284/151/49 3345/151/49
f 3348/151/49 3308/151/49 3317/151/49
f 3348/151/49 3346/151/49 3308/151/49
f 3277/151/49 3276/151/49 3347/151/49
f 3316/151/49 3348/151/49 3317/151/49
f 3349/151/49 3348/151/49 3316/151/49
f 3350/151/49 3277/151/49 3347/151/49
f 3278/151/49 3277/151/49 3350/151/49
f 3315/151/49 3349/151/49 3316/151/49
f 3351/151/49 3278/151/49 3350/151/49
f 3352/151/49 3349/151/49 3315/151/49
f 3279/151/49 3278/151/49 3351/151/49
f 3314/151/49 3352/151/49 3315/151/49
f 3353/151/49 3279/151/49 3351/151/49
f 3354/151/49 3352/151/49 3314/151/49
f 3280/151/49 3279/151/49 3353/151/49
f 3313/151/49 3354/151/49 3314/151/49
f 3355/151/49 3280/151/49 3353/151/49
f 3356/151/49 3354/151/49 3313/151/49
f 3357/151/49 3356/151/49 3313/151/49
f 3358/151/49 3280/151/49 3355/151/49
f 3281/151/49 3280/151/49 3358/151/49
f 3312/151/49 3357/151/49 3313/151/49
f 3282/151/49 3281/151/49 3358/151/49
f 3311/151/49 3357/151/49 3312/151/49
f 3283/151/49 3282/151/49 3358/151/49
f 3310/151/49 3357/151/49 3311/151/49
f 3167/151/49 3357/151/49 3310/151/49
f 3210/151/49 3283/151/49 3358/151/49
f 3359/151/49 3210/151/49 3358/151/49
f 3360/151/49 3357/151/49 3167/151/49
f 3361/151/49 3210/151/49 3359/151/49
f 3362/151/49 3360/151/49 3167/151/49
f 3148/151/49 3362/151/49 3167/151/49
f 3076/151/49 3210/151/49 3361/151/49
f 3150/151/49 3148/151/49 3167/151/49
f 3146/151/49 3362/151/49 3148/151/49
f 3078/151/49 3076/151/49 3361/151/49
f 3074/151/49 3210/151/49 3076/151/49
f 3363/151/49 3362/151/49 3146/151/49
f 3364/151/49 3078/151/49 3361/151/49
f 3365/151/49 3363/151/49 3146/151/49
f 3366/151/49 3078/151/49 3364/151/49
f 3080/151/49 3078/151/49 3366/151/49
f 3152/151/49 3150/151/49 3167/151/49
f 3072/151/49 3210/151/49 3074/151/49
f 3144/151/49 3365/151/49 3146/151/49
f 3367/151/49 3365/151/49 3144/151/49
f 3368/151/49 3080/151/49 3366/151/49
f 3369/151/49 3367/151/49 3144/151/49
f 3370/151/49 3080/151/49 3368/151/49
f 3371/151/49 3369/151/49 3144/151/49
f 3372/151/49 3080/151/49 3370/151/49
f 3154/151/49 3152/151/49 3167/151/49
f 3142/151/49 3372/151/49 3371/151/49
f 3142/151/49 3371/151/49 3144/151/49
f 3082/151/49 3372/151/49 3142/151/49
f 3082/151/49 3080/151/49 3372/151/49
f 3070/151/49 3210/151/49 3072/151/49
f 3084/151/49 3082/151/49 3142/151/49
f 3156/151/49 3154/151/49 3167/151/49
f 3068/151/49 3210/151/49 3070/151/49
f 3140/151/49 3084/151/49 3142/151/49
f 3138/151/49 3084/151/49 3140/151/49
f 3086/151/49 3084/151/49 3138/151/49
f 3066/151/49 3210/151/49 3068/151/49
f 3158/151/49 3156/151/49 3167/151/49
f 3136/151/49 3086/151/49 3138/151/49
f 3088/151/49 3086/151/49 3136/151/49
f 3160/151/49 3158/151/49 3167/151/49
f 3064/151/49 3210/151/49 3066/151/49
f 3090/151/49 3088/151/49 3136/151/49
f 3062/151/49 3210/151/49 3064/151/49
f 3162/151/49 3160/151/49 3167/151/49
f 3134/151/49 3090/151/49 3136/151/49
f 3164/151/49 3162/151/49 3167/151/49
f 3060/151/49 3210/151/49 3062/151/49
f 3132/151/49 3090/151/49 3134/151/49
f 3092/151/49 3090/151/49 3132/151/49
f 3096/151/49 3164/151/49 3167/151/49
f 3024/151/49 3092/151/49 3132/151/49
f 3130/151/49 3024/151/49 3132/151/49
f 3058/151/49 3210/151/49 3060/151/49
f 3128/151/49 3024/151/49 3130/151/49
f 3056/151/49 3210/151/49 3058/151/49
f 3094/151/49 3096/151/49 3167/151/49
f 3022/151/49 3024/151/49 3128/151/49
f 3054/151/49 3210/151/49 3056/151/49
f 3098/151/49 3094/151/49 3167/151/49
f 3026/151/49 3022/151/49 3128/151/49
f 3126/151/49 3026/151/49 3128/151/49
f 3028/151/49 3026/151/49 3126/151/49
f 3124/151/49 3028/151/49 3126/151/49
f 3122/151/49 3028/151/49 3124/151/49
f 3030/151/49 3028/151/49 3122/151/49
f 3032/151/49 3030/151/49 3122/151/49
f 3120/151/49 3032/151/49 3122/151/49
f 3034/151/49 3032/151/49 3120/151/49
f 3118/151/49 3034/151/49 3120/151/49
f 3036/151/49 3034/151/49 3118/151/49
f 3116/151/49 3036/151/49 3118/151/49
f 3038/151/49 3036/151/49 3116/151/49
f 3114/151/49 3038/151/49 3116/151/49
f 3040/151/49 3038/151/49 3114/151/49
f 3112/151/49 3040/151/49 3114/151/49
f 3166/151/49 3040/151/49 3112/151/49
f 3166/151/49 3112/151/49 3110/151/49
f 3166/151/49 3110/151/49 3108/151/49
f 3166/151/49 3108/151/49 3106/151/49
f 3166/151/49 3106/151/49 3104/151/49
f 3166/151/49 3104/151/49 3102/151/49
f 3166/151/49 3102/151/49 3100/151/49
f 3166/151/49 3100/151/49 3098/151/49
f 3166/151/49 3098/151/49 3167/151/49
f 3193/151/49 3040/151/49 3166/151/49
f 3193/151/49 3042/151/49 3040/151/49
f 3193/151/49 3044/151/49 3042/151/49
f 3193/151/49 3046/151/49 3044/151/49
f 3193/151/49 3048/151/49 3046/151/49
f 3193/151/49 3050/151/49 3048/151/49
f 3193/151/49 3052/151/49 3050/151/49
f 3193/151/49 3054/151/49 3052/151/49
f 3193/151/49 3210/151/49 3054/151/49
f 3195/151/49 3193/151/49 3166/151/49
f 3187/151/49 3195/151/49 3166/151/49
f 3185/151/49 3195/151/49 3187/151/49
f 3197/151/49 3195/151/49 3185/151/49
f 3183/151/49 3197/151/49 3185/151/49
f 3199/151/49 3197/151/49 3183/151/49
f 3181/151/49 3199/151/49 3183/151/49
f 3201/151/49 3199/151/49 3181/151/49
f 3179/151/49 3201/151/49 3181/151/49
f 3203/151/49 3201/151/49 3179/151/49
f 3205/151/49 3203/151/49 3179/151/49
f 3177/151/49 3205/151/49 3179/151/49
f 3175/151/49 3205/151/49 3177/151/49
f 3207/151/49 3205/151/49 3175/151/49
f 3173/151/49 3207/151/49 3175/151/49
f 3209/151/49 3207/151/49 3173/151/49
f 2999/151/49 3209/151/49 3173/151/49
f 3171/151/49 2999/151/49 3173/151/49
f 3191/151/49 3209/151/49 2999/151/49
f 3019/151/49 3021/151/49 2999/151/49
f 2998/151/49 3019/151/49 2999/151/49
f 3373/151/49 3374/151/1141 3375/151/49
f 3376/151/49 3373/151/49 3375/151/49
f 3377/151/49 3373/151/49 3376/151/49
f 3378/151/49 3377/151/49 3376/151/49
f 3379/151/49 3377/151/49 3378/151/49
f 3380/151/49 3377/151/49 3379/151/49
f 3381/151/49 3380/151/49 3379/151/49
f 3382/151/49 3380/151/49 3381/151/49
f 3383/151/49 3382/151/49 3381/151/49
f 3384/151/49 3383/151/49 3381/151/49
f 3385/151/49 3383/151/49 3384/151/49
f 3386/151/49 3385/151/49 3384/151/49
f 3387/151/49 3385/151/49 3386/151/49
f 3388/151/49 3387/151/49 3386/151/49
f 3389/151/49 3387/151/49 3388/151/49
f 3390/151/49 3389/151/49 3388/151/49
f 3391/151/49 3389/151/49 3390/151/49
f 3392/151/49 3389/151/49 3391/151/49
f 3393/151/49 3392/151/49 3391/151/49
f 3394/151/49 3392/151/49 3393/151/49
f 3395/151/1140 3394/151/49 3393/151/49
f 3396/151/49 3394/151/49 3395/151/1140
f 3371/151/49 3396/151/49 3395/151/1140
f 3372/151/49 3396/151/49 3371/151/49
f 3276/151/49 3275/151/1140 3284/151/49
f 3190/151/1142 3020/151/1142 3018/151/1142 3234/151/1142
f 3018/151/814 2997/151/814 3235/151/814 3234/151/814
f 2996/151/1143 3188/151/1143 3235/151/1143 2997/151/1143
f 3397/151/343 3398/151/343 3359/151/343 3358/151/1144
f 3359/151/343 3398/151/343 3361/151/1145
f 3361/151/1145 3398/151/343 3399/151/1145
f 3364/151/1146 3399/151/1145 3400/151/1146
f 3366/151/1147 3400/151/1146 3401/151/1147
f 3368/151/1148 3401/151/1147 3402/151/1149
f 3370/151/1150 3402/151/1149 3403/151/1150
f 3372/151/1151 3403/151/1150 3404/151/1152
f 3396/151/1153 3404/151/1152 3405/151/1154
f 3394/151/1155 3405/151/1154 3406/151/1155
f 3392/151/359 3406/151/1155 3407/151/1156
f 3392/151/359 3394/151/1155 3406/151/1155
f 3394/151/1155 3396/151/1153 3405/151/1154
f 3396/151/1153 3372/151/1151 3404/151/1152
f 3372/151/1151 3370/151/1150 3403/151/1150
f 3370/151/1150 3368/151/1148 3402/151/1149
f 3368/151/1148 3366/151/1147 3401/151/1147
f 3366/151/1147 3364/151/1146 3400/151/1146
f 3364/151/1146 3361/151/1145 3399/151/1145
f 3392/151/359 3407/151/1156 3389/151/1157
f 3389/151/1157 3407/151/1156 3408/151/1157
f 3387/151/1158 3408/151/1157 3409/151/1158
f 3385/151/1159 3409/151/1158 3410/151/1159
f 3383/151/1160 3410/151/1159 3411/151/1160
f 3382/151/1161 3411/151/1160 3412/151/1161
f 3380/151/1162 3412/151/1161 3413/151/1162
f 3377/151/1163 3413/151/1162 3414/151/1163
f 3373/151/1164 3414/151/1163 3415/151/1164
f 3374/151/1165 3415/151/1164 3416/151/1165
f 3375/151/1166 3416/151/1165 3417/151/1166
f 3376/151/1167 3417/151/1166 3418/151/1167
f 3378/151/1168 3418/151/1167 3419/151/1168
f 3379/151/1169 3419/151/1168 3420/151/1169
f 3381/151/1170 3420/151/1169 3421/151/1170
f 3384/151/1171 3421/151/1170 3422/151/1171
f 3386/151/1172 3422/151/1171 3423/151/1172
f 3388/151/1173 3423/151/1172 3424/151/1173
f 3390/151/1174 3424/151/1173 3425/151/1174
f 3391/151/363 3425/151/1174 3426/151/363
f 3391/151/363 3390/151/1174 3425/151/1174
f 3390/151/1174 3388/151/1173 3424/151/1173
f 3388/151/1173 3386/151/1172 3423/151/1172
f 3386/151/1172 3384/151/1171 3422/151/1171
f 3384/151/1171 3381/151/1170 3421/151/1170
f 3381/151/1170 3379/151/1169 3420/151/1169
f 3379/151/1169 3378/151/1168 3419/151/1168
f 3378/151/1168 3376/151/1167 3418/151/1167
f 3376/151/1167 3375/151/1166 3417/151/1166
f 3375/151/1166 3374/151/1165 3416/151/1165
f 3374/151/1165 3373/151/1164 3415/151/1164
f 3373/151/1164 3377/151/1163 3414/151/1163
f 3377/151/1163 3380/151/1162 3413/151/1162
f 3380/151/1162 3382/151/1161 3412/151/1161
f 3382/151/1161 3383/151/1160 3411/151/1160
f 3383/151/1160 3385/151/1159 3410/151/1159
f 3385/151/1159 3387/151/1158 3409/151/1158
f 3387/151/1158 3389/151/1157 3408/151/1157
f 3391/151/363 3426/151/363 3393/151/1175
f 3393/151/1175 3426/151/363 3427/151/1175
f 3395/151/1176 3427/151/1175 3428/151/1177
f 3371/151/1178 3428/151/1177 3429/151/1179
f 3369/151/1180 3429/151/1179 3430/151/1180
f 3367/151/1181 3430/151/1180 3431/151/1181
f 3365/151/1182 3431/151/1181 3432/151/1182
f 3363/151/1183 3432/151/1182 3433/151/1183
f 3362/151/1184 3433/151/1183 3434/151/1185
f 3360/151/358 3434/151/1185 3435/151/358
f 3360/151/358 3362/151/1184 3434/151/1185
f 3362/151/1184 3363/151/1183 3433/151/1183
f 3363/151/1183 3365/151/1182 3432/151/1182
f 3365/151/1182 3367/151/1181 3431/151/1181
f 3367/151/1181 3369/151/1180 3430/151/1180
f 3369/151/1180 3371/151/1178 3429/151/1179
f 3371/151/1178 3395/151/1176 3428/151/1177
f 3395/151/1176 3393/151/1175 3427/151/1175
f 3435/151/358 3436/151/1186 3357/151/358 3360/151/358
f 3437/151/1187 3349/151/1188 3438/151/1
f 3437/151/1187 3439/151/1189 3349/151/1188
f 3349/151/1188 3439/151/1189 3348/151/1190
f 3348/151/1190 3439/151/1189 3440/151/1191
f 3346/151/1192 3440/151/1191 3441/151/1193
f 3343/151/1194 3441/151/1193 3442/151/1195
f 3342/151/1196 3442/151/1195 3340/151/1197
f 3342/151/1196 3343/151/1194 3442/151/1195
f 3442/151/1195 3443/151/1198 3340/151/1197
f 3340/151/1197 3443/151/1198 3337/151/354
f 3343/151/1194 3346/151/1192 3441/151/1193
f 3346/151/1192 3348/151/1190 3440/151/1191
f 3349/151/1188 3352/151/1199 3438/151/1
f 3438/151/1 3352/151/1199 3444/151/1200
f 3444/151/1200 3352/151/1199 3354/151/1201
f 3445/151/1202 3354/151/1201 3356/151/1203
f 3446/151/1204 3356/151/1203 3357/151/358
f 3436/151/1186 3446/151/1204 3357/151/358
f 3446/151/1204 3445/151/1202 3356/151/1203
f 3445/151/1202 3444/151/1200 3354/151/1201
f 3337/151/354 3443/151/1198 3335/151/1205
f 3335/151/1205 3443/151/1198 3447/151/1205
f 3333/151/1206 3447/151/1205 3448/151/1206
f 3331/151/1207 3448/151/1206 3449/151/1207
f 3329/151/1208 3449/151/1207 3450/151/353
f 3328/151/1209 3450/151/353 3451/151/1209
f 3326/151/1210 3451/151/1209 3452/151/1210
f 3324/151/1211 3452/151/1210 3453/151/1211
f 3322/151/352 3453/151/1211 3454/151/352
f 3320/151/1212 3454/151/352 3455/151/1212
f 3318/151/55 3455/151/1212 3456/151/55
f 3319/151/1213 3456/151/55 3457/151/1213
f 3321/151/351 3457/151/1213 3458/151/351
f 3323/151/1214 3458/151/351 3459/151/1214
f 3325/151/1215 3459/151/1214 3460/151/1215
f 3327/151/1216 3460/151/1215 3461/151/1216
f 3330/151/350 3461/151/1216 3462/151/1217
f 3332/151/1218 3462/151/1217 3463/151/1218
f 3334/151/1219 3463/151/1218 3464/151/1219
f 3336/151/1220 3464/151/1219 3465/151/1220
f 3338/151/349 3465/151/1220 3466/151/349
f 3338/151/349 3336/151/1220 3465/151/1220
f 3336/151/1220 3334/151/1219 3464/151/1219
f 3334/151/1219 3332/151/1218 3463/151/1218
f 3332/151/1218 3330/151/350 3462/151/1217
f 3330/151/350 3327/151/1216 3461/151/1216
f 3327/151/1216 3325/151/1215 3460/151/1215
f 3325/151/1215 3323/151/1214 3459/151/1214
f 3323/151/1214 3321/151/351 3458/151/351
f 3321/151/351 3319/151/1213 3457/151/1213
f 3319/151/1213 3318/151/55 3456/151/55
f 3318/151/55 3320/151/1212 3455/151/1212
f 3320/151/1212 3322/151/352 3454/151/352
f 3322/151/352 3324/151/1211 3453/151/1211
f 3324/151/1211 3326/151/1210 3452/151/1210
f 3326/151/1210 3328/151/1209 3451/151/1209
f 3328/151/1209 3329/151/1208 3450/151/353
f 3329/151/1208 3331/151/1207 3449/151/1207
f 3331/151/1207 3333/151/1206 3448/151/1206
f 3333/151/1206 3335/151/1205 3447/151/1205
f 3338/151/349 3466/151/349 3339/151/1221
f 3339/151/1221 3466/151/349 3467/151/1221
f 3341/151/1222 3467/151/1221 3468/151/1223
f 3344/151/1224 3468/151/1223 3469/151/1224
f 3345/151/1225 3469/151/1224 3470/151/1226
f 3347/151/1227 3470/151/1226 3471/151/1228
f 3350/151/1229 3471/151/1228 3472/151/1230
f 3351/151/1231 3472/151/1230 3473/151/1231
f 3353/151/1232 3473/151/1231 3474/151/1232
f 3355/151/1233 3474/151/1232 3475/151/1233
f 3358/151/1144 3475/151/1233 3397/151/343
f 3358/151/1144 3355/151/1233 3475/151/1233
f 3355/151/1233 3353/151/1232 3474/151/1232
f 3353/151/1232 3351/151/1231 3473/151/1231
f 3351/151/1231 3350/151/1229 3472/151/1230
f 3350/151/1229 3347/151/1227 3471/151/1228
f 3347/151/1227 3345/151/1225 3470/151/1226
f 3345/151/1225 3344/151/1224 3469/151/1224
f 3344/151/1224 3341/151/1222 3468/151/1223
f 3341/151/1222 3339/151/1221 3467/151/1221
f 3476/151/49 3477/151/49 3478/151/49
f 3479/151/49 3477/151/49 3476/151/49
f 3480/151/49 3479/151/49 3476/151/49
f 3481/151/49 3479/151/49 3480/151/49
f 3482/151/49 3481/151/49 3480/151/49
f 3483/151/49 3481/151/49 3482/151/49
f 3484/151/49 3483/151/49 3482/151/49
f 3485/151/49 3483/151/49 3484/151/49
f 3486/151/49 3483/151/49 3485/151/49
f 3487/151/49 3486/151/49 3485/151/49
f 3488/151/49 3486/151/49 3487/151/49
f 3489/151/49 3487/151/49 3485/151/49
f 3490/151/49 3486/151/49 3488/151/49
f 3491/151/49 3489/151/49 3485/151/49
f 3492/151/49 3486/151/49 3490/151/49
f 3493/151/49 3489/151/49 3491/151/49
f 3494/151/49 3492/151/49 3490/151/49
f 3495/151/49 3493/151/49 3491/151/49
f 3496/151/49 3492/151/49 3494/151/49
f 3497/151/49 3492/151/49 3496/151/49
f 3498/151/49 3495/151/49 3491/151/49
f 3499/151/49 3495/151/49 3498/151/49
f 3500/151/49 3497/151/49 3496/151/49
f 3501/151/49 3497/151/49 3500/151/49
f 3502/151/49 3499/151/49 3498/151/49
f 3503/151/49 3501/151/49 3500/151/49
f 3504/151/49 3499/151/49 3502/151/49
f 3505/151/49 3501/151/49 3503/151/49
f 3506/151/49 3504/151/49 3502/151/49
f 3507/151/49 3501/151/49 3505/151/49
f 3508/151/49 3506/151/49 3502/151/49
f 3509/151/49 3507/151/49 3505/151/49
f 3510/151/49 3506/151/49 3508/151/49
f 3511/151/49 3507/151/49 3509/151/49
f 3512/151/49 3510/151/49 3508/151/49
f 3513/151/49 3511/151/49 3509/151/49
f 3514/151/49 3510/151/49 3512/151/49
f 3515/151/49 3511/151/49 3513/151/49
f 3516/151/49 3514/151/49 3512/151/49
f 3443/151/1234 3512/151/1235 3447/151/1236
f 3447/151/1236 3512/151/1235 3508/151/1236
f 3448/151/1237 3508/151/1236 3502/151/1238
f 3449/151/1239 3502/151/1238 3498/151/1240
f 3450/151/1241 3498/151/1240 3491/151/1241
f 3451/151/1242 3491/151/1241 3485/151/1242
f 3452/151/1243 3485/151/1242 3484/151/1243
f 3453/151/1244 3484/151/1243 3482/151/1245
f 3454/151/1246 3482/151/1245 3480/151/1247
f 3455/151/1248 3480/151/1247 3476/151/1248
f 3456/151/245 3476/151/1248 3478/151/245
f 3457/151/1249 3478/151/245 3477/151/1249
f 3458/151/1250 3477/151/1249 3479/151/1251
f 3459/151/1252 3479/151/1251 3481/151/1252
f 3460/151/1253 3481/151/1252 3483/151/1253
f 3461/151/1254 3483/151/1253 3486/151/1254
f 3462/151/1255 3486/151/1254 3492/151/1255
f 3463/151/1256 3492/151/1255 3497/151/1257
f 3464/151/1258 3497/151/1257 3501/151/1259
f 3465/151/1260 3501/151/1259 3507/151/1260
f 3466/151/1261 3507/151/1260 3511/151/1261
f 3466/151/1261 3465/151/1260 3507/151/1260
f 3465/151/1260 3464/151/1258 3501/151/1259
f 3464/151/1258 3463/151/1256 3497/151/1257
f 3463/151/1256 3462/151/1255 3492/151/1255
f 3462/151/1255 3461/151/1254 3486/151/1254
f 3461/151/1254 3460/151/1253 3483/151/1253
f 3460/151/1253 3459/151/1252 3481/151/1252
f 3459/151/1252 3458/151/1250 3479/151/1251
f 3458/151/1250 3457/151/1249 3477/151/1249
f 3457/151/1249 3456/151/245 3478/151/245
f 3456/151/245 3455/151/1248 3476/151/1248
f 3455/151/1248 3454/151/1246 3480/151/1247
f 3454/151/1246 3453/151/1244 3482/151/1245
f 3453/151/1244 3452/151/1243 3484/151/1243
f 3452/151/1243 3451/151/1242 3485/151/1242
f 3451/151/1242 3450/151/1241 3491/151/1241
f 3450/151/1241 3449/151/1239 3498/151/1240
f 3449/151/1239 3448/151/1237 3502/151/1238
f 3448/151/1237 3447/151/1236 3508/151/1236
f 3442/151/1262 3441/151/1263 3443/151/1235
f 3443/151/1235 3441/151/1263 3440/151/1264
f 3439/151/1265 3443/151/1235 3440/151/1264
f 3439/151/1265 3437/151/1266 3443/151/1235
f 3443/151/1235 3437/151/1266 3438/151/199
f 3512/151/1267 3443/151/1235 3438/151/199
f 3438/151/199 3444/151/1268 3512/151/1269
f 3512/151/1269 3444/151/1268 3445/151/1270
f 3512/151/1271 3445/151/1270 3446/151/1272
f 3512/151/1273 3446/151/1272 3436/151/1274
f 3397/151/1275 3475/151/1276 3511/151/1277
f 3475/151/1278 3474/151/1279 3511/151/1280
f 3474/151/1281 3473/151/1282 3511/151/1283
f 3473/151/1282 3472/151/1284 3511/151/1285
f 3472/151/1286 3471/151/1287 3511/151/1288
f 3471/151/1289 3470/151/1290 3511/151/1291
f 3470/151/1292 3469/151/1293 3511/151/1294
f 3469/151/1293 3468/151/1295 3511/151/1296
f 3468/151/1297 3467/151/1298 3511/151/1299
f 3511/151/1299 3467/151/1298 3466/151/1300
f 3435/151/1274 3516/151/1274 3512/151/1274 3436/151/1274
f 3515/151/1275 3398/151/1275 3397/151/1275 3511/151/1275
f 3427/151/1301 3426/151/1302 3516/151/1303
f 3435/151/1304 3434/151/1305 3516/151/1306
f 3434/151/1307 3433/151/1308 3516/151/1309
f 3433/151/1310 3432/151/1311 3516/151/1312
f 3432/151/1313 3431/151/1314 3516/151/1315
f 3431/151/1316 3430/151/1317 3516/151/216
f 3430/151/1318 3429/151/1319 3516/151/1320
f 3429/151/1321 3428/151/1322 3516/151/1323
f 3428/151/1324 3427/151/1325 3516/151/1326
f 3407/151/1327 3406/151/1328 3515/151/1329
f 3406/151/1328 3405/151/1330 3515/151/1331
f 3405/151/1332 3404/151/1333 3515/151/1334
f 3404/151/1333 3403/151/1335 3515/151/1336
f 3403/151/1337 3402/151/1338 3515/151/1339
f 3402/151/1338 3401/151/1340 3515/151/1341
f 3401/151/1340 3400/151/1342 3515/151/1343
f 3400/151/1344 3399/151/1345 3515/151/1346
f 3399/151/1347 3398/151/1348 3515/151/1349
f 2912/151/1010 2913/151/1010 3017/151/1350
f 3017/151/1350 2913/151/1010 3273/151/1350
f 3016/151/1351 3273/151/1350 3272/151/1351
f 3015/151/1352 3272/151/1351 3271/151/1352
f 3014/151/1353 3271/151/1352 3270/151/1353
f 3013/151/1354 3270/151/1353 3269/151/1354
f 3012/151/1355 3269/151/1354 3268/151/1355
f 3011/151/1356 3268/151/1355 3267/151/1356
f 3010/151/1357 3267/151/1356 3266/151/1357
f 3009/151/1358 3266/151/1357 3265/151/1358
f 3008/151/1359 3265/151/1358 3264/151/1359
f 3007/151/1360 3264/151/1359 3263/151/1360
f 3006/151/1361 3263/151/1360 3262/151/1361
f 3005/151/1362 3262/151/1361 3261/151/1362
f 3004/151/1363 3261/151/1362 3260/151/1363
f 3003/151/1364 3260/151/1363 3259/151/1364
f 3002/151/1365 3259/151/1364 3258/151/1365
f 3001/151/1366 3258/151/1365 3256/151/1366
f 3000/151/1367 3256/151/1366 3257/151/1367
f 2874/151/978 3257/151/1367 2875/151/978
f 2874/151/978 3000/151/1367 3257/151/1367
f 3000/151/1367 3001/151/1366 3256/151/1366
f 3001/151/1366 3002/151/1365 3258/151/1365
f 3002/151/1365 3003/151/1364 3259/151/1364
f 3003/151/1364 3004/151/1363 3260/151/1363
f 3004/151/1363 3005/151/1362 3261/151/1362
f 3005/151/1362 3006/151/1361 3262/151/1361
f 3006/151/1361 3007/151/1360 3263/151/1360
f 3007/151/1360 3008/151/1359 3264/151/1359
f 3008/151/1359 3009/151/1358 3265/151/1358
f 3009/151/1358 3010/151/1357 3266/151/1357
f 3010/151/1357 3011/151/1356 3267/151/1356
f 3011/151/1356 3012/151/1355 3268/151/1355
f 3012/151/1355 3013/151/1354 3269/151/1354
f 3013/151/1354 3014/151/1353 3270/151/1353
f 3014/151/1353 3015/151/1352 3271/151/1352
f 3015/151/1352 3016/151/1351 3272/151/1351
f 3016/151/1351 3017/151/1350 3273/151/1350
f 3516/151/1368 3426/151/1368 3514/151/1369
f 3514/151/1369 3426/151/1368 3425/151/1369
f 3510/151/1370 3425/151/1369 3424/151/1371
f 3506/151/1372 3424/151/1371 3423/151/1372
f 3504/151/1373 3423/151/1372 3422/151/1374
f 3499/151/1375 3422/151/1374 3421/151/1375
f 3495/151/1376 3421/151/1375 3420/151/1376
f 3493/151/1377 3420/151/1376 3419/151/1377
f 3489/151/1378 3419/151/1377 3418/151/1378
f 3487/151/1379 3418/151/1378 3417/151/1379
f 3488/151/1380 3417/151/1379 3416/151/1380
f 3490/151/1381 3416/151/1380 3415/151/1381
f 3494/151/1382 3415/151/1381 3414/151/1382
f 3496/151/1383 3414/151/1382 3413/151/1383
f 3500/151/1384 3413/151/1383 3412/151/1385
f 3503/151/1386 3412/151/1385 3411/151/1386
f 3505/151/1387 3411/151/1386 3410/151/1388
f 3509/151/1389 3410/151/1388 3409/151/1390
f 3513/151/1391 3409/151/1390 3408/151/1391
f 3515/151/1392 3408/151/1391 3407/151/1392
f 3515/151/1392 3513/151/1391 3408/151/1391
f 3513/151/1391 3509/151/1389 3409/151/1390
f 3509/151/1389 3505/151/1387 3410/151/1388
f 3505/151/1387 3503/151/1386 3411/151/1386
f 3503/151/1386 3500/151/1384 3412/151/1385
f 3500/151/1384 3496/151/1383 3413/151/1383
f 3496/151/1383 3494/151/1382 3414/151/1382
f 3494/151/1382 3490/151/1381 3415/151/1381
f 3490/151/1381 3488/151/1380 3416/151/1380
f 3488/151/1380 3487/151/1379 3417/151/1379
f 3487/151/1379 3489/151/1378 3418/151/1378
f 3489/151/1378 3493/151/1377 3419/151/1377
f 3493/151/1377 3495/151/1376 3420/151/1376
f 3495/151/1376 3499/151/1375 3421/151/1375
f 3499/151/1375 3504/151/1373 3422/151/1374
f 3504/151/1373 3506/151/1372 3423/151/1372
f 3506/151/1372 3510/151/1370 3424/151/1371
f 3510/151/1370 3514/151/1369 3425/151/1369
f 2893/151/993 2977/151/993 2976/151/993 2892/151/992
usemtl TSS_USBC_SuiteModelMtl06
f 3517/151/1393 3518/151/1393 3519/151/1
f 3517/151/1393 3520/151/1394 3518/151/1393
f 3517/151/1393 3521/151/1394 3520/151/1394
f 3520/151/1394 3521/151/1394 3522/151/1395
f 3522/151/1395 3521/151/1394 3523/151/1395
f 3524/151/1396 3523/151/1395 3525/151/1396
f 3526/151/1079 3525/151/1396 3527/151/47
f 3528/151/1397 3527/151/47 3529/151/1397
f 3530/151/1398 3529/151/1397 3531/151/1398
f 3532/151/1399 3531/151/1398 3533/151/1399
f 3534/151/1400 3533/151/1401 3535/151/1400
f 3536/151/48 3535/151/1400 3537/151/1402
f 3538/151/1403 3537/151/1402 3539/151/1403
f 3540/151/1404 3539/151/1403 3541/151/1405
f 3542/151/1406 3541/151/1405 3543/151/1406
f 3544/151/1407 3543/151/1406 3545/151/1407
f 3546/151/1 3545/151/1407 3519/151/1
f 3518/151/1393 3546/151/1 3519/151/1
f 3546/151/1 3544/151/1407 3545/151/1407
f 3544/151/1407 3542/151/1406 3543/151/1406
f 3542/151/1406 3540/151/1404 3541/151/1405
f 3540/151/1404 3538/151/1403 3539/151/1403
f 3538/151/1403 3536/151/48 3537/151/1402
f 3536/151/48 3534/151/1400 3535/151/1400
f 3534/151/1400 3532/151/1408 3533/151/1401
f 3532/151/1399 3530/151/1398 3531/151/1398
f 3530/151/1398 3528/151/1397 3529/151/1397
f 3528/151/1397 3526/151/1079 3527/151/47
f 3526/151/1079 3524/151/1396 3525/151/1396
f 3524/151/1396 3522/151/1395 3523/151/1395
f 3547/151/1393 3548/151/1393 3549/151/1
f 3547/151/1393 3550/151/1394 3548/151/1393
f 3547/151/1393 3551/151/1394 3550/151/1394
f 3550/151/1394 3551/151/1394 3552/151/1395
f 3552/151/1395 3551/151/1394 3553/151/1395
f 3554/151/1396 3553/151/1395 3555/151/1396
f 3556/151/1079 3555/151/1396 3557/151/47
f 3558/151/1397 3557/151/47 3559/151/1397
f 3560/151/1398 3559/151/1397 3561/151/1398
f 3562/151/1408 3561/151/1398 3563/151/1408
f 3564/151/1400 3563/151/1408 3565/151/1400
f 3566/151/48 3565/151/1400 3567/151/1402
f 3568/151/1403 3567/151/1402 3569/151/1403
f 3570/151/1404 3569/151/1403 3571/151/1405
f 3572/151/1406 3571/151/1405 3573/151/1406
f 3574/151/1407 3573/151/1406 3575/151/1407
f 3576/151/1 3575/151/1407 3549/151/1
f 3548/151/1393 3576/151/1 3549/151/1
f 3576/151/1 3574/151/1407 3575/151/1407
f 3574/151/1407 3572/151/1406 3573/151/1406
f 3572/151/1406 3570/151/1404 3571/151/1405
f 3570/151/1404 3568/151/1403 3569/151/1403
f 3568/151/1403 3566/151/48 3567/151/1402
f 3566/151/48 3564/151/1400 3565/151/1400
f 3564/151/1400 3562/151/1408 3563/151/1408
f 3562/151/1408 3560/151/1398 3561/151/1398
f 3560/151/1398 3558/151/1397 3559/151/1397
f 3558/151/1397 3556/151/1079 3557/151/47
f 3556/151/1079 3554/151/1396 3555/151/1396
f 3554/151/1396 3552/151/1395 3553/151/1395
f 3577/151/1393 3578/151/1393 3579/151/1
f 3577/151/1393 3580/151/1394 3578/151/1393
f 3577/151/1393 3581/151/1394 3580/151/1394
f 3580/151/1394 3581/151/1394 3582/151/1395
f 3582/151/1395 3581/151/1394 3583/151/1395
f 3584/151/1396 3583/151/1395 3585/151/1396
f 3586/151/1079 3585/151/1396 3587/151/47
f 3588/151/1397 3587/151/47 3589/151/1397
f 3590/151/1398 3589/151/1397 3591/151/1398
f 3592/151/1408 3591/151/1398 3593/151/1408
f 3594/151/1400 3593/151/1408 3595/151/1400
f 3596/151/48 3595/151/1400 3597/151/1402
f 3598/151/1403 3597/151/1402 3599/151/1403
f 3600/151/1404 3599/151/1403 3601/151/1405
f 3602/151/1406 3601/151/1405 3603/151/1406
f 3604/151/1407 3603/151/1406 3605/151/1407
f 3606/151/1 3605/151/1407 3579/151/1
f 3578/151/1393 3606/151/1 3579/151/1
f 3606/151/1 3604/151/1407 3605/151/1407
f 3604/151/1407 3602/151/1406 3603/151/1406
f 3602/151/1406 3600/151/1404 3601/151/1405
f 3600/151/1404 3598/151/1403 3599/151/1403
f 3598/151/1403 3596/151/48 3597/151/1402
f 3596/151/48 3594/151/1400 3595/151/1400
f 3594/151/1400 3592/151/1408 3593/151/1408
f 3592/151/1408 3590/151/1398 3591/151/1398
f 3590/151/1398 3588/151/1397 3589/151/1397
f 3588/151/1397 3586/151/1079 3587/151/47
f 3586/151/1079 3584/151/1396 3585/151/1396
f 3584/151/1396 3582/151/1395 3583/151/1395
f 3607/151/11 3608/151/11 3609/151/227
f 3609/151/227 3608/151/11 3610/151/227
f 3611/151/228 3610/151/227 3612/151/228
f 3613/151/229 3612/151/228 3614/151/229
f 3615/151/55 3614/151/229 3616/151/55
f 3615/151/55 3613/151/229 3614/151/229
f 3613/151/229 3611/151/228 3612/151/228
f 3611/151/228 3609/151/227 3610/151/227
f 3610/151/51 3608/151/51 3617/151/51
f 3618/151/51 3610/151/51 3617/151/51
f 3619/151/51 3610/151/51 3618/151/51
f 3612/151/51 3610/151/51 3619/151/51
f 3620/151/51 3612/151/51 3619/151/51
f 3614/151/51 3612/151/51 3620/151/51
f 3621/151/51 3614/151/51 3620/151/51
f 3616/151/51 3614/151/51 3621/151/51
f 3622/151/51 3616/151/51 3621/151/51
f 3579/151/51 3616/151/51 3622/151/51
f 3577/151/51 3579/151/51 3622/151/51
f 3623/151/51 3577/151/51 3622/151/51
f 3605/151/51 3616/151/51 3579/151/51
f 3624/151/51 3622/151/51 3621/151/51
f 3625/151/51 3577/151/51 3623/151/51
f 3581/151/51 3577/151/51 3625/151/51
f 3603/151/51 3616/151/51 3605/151/51
f 3626/151/51 3624/151/51 3621/151/51
f 3601/151/51 3616/151/51 3603/151/51
f 3583/151/51 3581/151/51 3625/151/51
f 3627/151/51 3583/151/51 3625/151/51
f 3628/151/51 3626/151/51 3621/151/51
f 3629/151/51 3628/151/51 3621/151/51
f 3585/151/51 3583/151/51 3627/151/51
f 3630/151/51 3585/151/51 3627/151/51
f 3599/151/51 3616/151/51 3601/151/51
f 3587/151/51 3585/151/51 3630/151/51
f 3631/151/51 3629/151/51 3621/151/51
f 3597/151/51 3616/151/51 3599/151/51
f 3632/151/51 3587/151/51 3630/151/51
f 3633/151/51 3587/151/51 3632/151/51
f 3589/151/51 3587/151/51 3633/151/51
f 3634/151/51 3589/151/51 3633/151/51
f 3591/151/51 3589/151/51 3634/151/51
f 3549/151/51 3595/151/51 3593/151/51
f 3549/151/51 3593/151/51 3591/151/51
f 3549/151/51 3591/151/51 3634/151/51
f 3549/151/51 3634/151/51 3635/151/51
f 3549/151/51 3635/151/51 3636/151/51
f 3549/151/51 3636/151/51 3631/151/51
f 3549/151/51 3631/151/51 3621/151/51
f 3519/151/51 3595/151/51 3549/151/51
f 3519/151/51 3597/151/51 3595/151/51
f 3519/151/51 3616/151/51 3597/151/51
f 3545/151/51 3616/151/51 3519/151/51
f 3517/151/51 3519/151/51 3549/151/51
f 3547/151/51 3549/151/51 3621/151/51
f 3575/151/51 3517/151/51 3549/151/51
f 3521/151/51 3517/151/51 3575/151/51
f 3543/151/51 3616/151/51 3545/151/51
f 3551/151/51 3547/151/51 3621/151/51
f 3573/151/51 3521/151/51 3575/151/51
f 3553/151/51 3551/151/51 3621/151/51
f 3541/151/51 3616/151/51 3543/151/51
f 3523/151/51 3521/151/51 3573/151/51
f 3571/151/51 3523/151/51 3573/151/51
f 3525/151/51 3523/151/51 3571/151/51
f 3555/151/51 3553/151/51 3621/151/51
f 3539/151/51 3616/151/51 3541/151/51
f 3569/151/51 3525/151/51 3571/151/51
f 3567/151/51 3525/151/51 3569/151/51
f 3527/151/51 3525/151/51 3567/151/51
f 3529/151/51 3527/151/51 3567/151/51
f 3565/151/51 3529/151/51 3567/151/51
f 3531/151/51 3529/151/51 3565/151/51
f 3563/151/51 3531/151/51 3565/151/51
f 3637/151/51 3563/151/51 3561/151/51
f 3637/151/51 3533/151/51 3563/151/51
f 3637/151/51 3561/151/51 3559/151/51
f 3637/151/51 3559/151/51 3557/151/51
f 3637/151/51 3557/151/51 3555/151/51
f 3637/151/51 3555/151/51 3621/151/51
f 3638/151/51 3533/151/51 3637/151/51
f 3638/151/51 3535/151/51 3533/151/51
f 3638/151/51 3537/151/51 3535/151/51
f 3638/151/51 3539/151/51 3537/151/51
f 3638/151/51 3616/151/51 3539/151/51
f 3639/151/51 3638/151/51 3637/151/51
f 3640/151/51 3639/151/51 3637/151/51
f 3641/151/51 3639/151/51 3640/151/51
f 3642/151/51 3639/151/51 3641/151/51
f 3643/151/51 3642/151/51 3641/151/51
f 3644/151/51 3642/151/51 3643/151/51
f 3645/151/51 3644/151/51 3643/151/51
f 3646/151/51 3644/151/51 3645/151/51
f 3617/151/11 3608/151/11 3607/151/11 3647/151/332
f 3648/151/53 3621/151/1409 3649/151/230
f 3649/151/230 3621/151/1409 3620/151/230
f 3650/151/231 3620/151/230 3619/151/231
f 3651/151/232 3619/151/231 3618/151/232
f 3647/151/332 3618/151/232 3617/151/11
f 3647/151/332 3651/151/232 3618/151/232
f 3651/151/232 3650/151/231 3619/151/231
f 3650/151/231 3649/151/230 3620/151/230
f 3637/151/53 3621/151/1409 3648/151/53 3652/151/53
f 3653/151/1 3645/151/21 3654/151/220
f 3654/151/220 3645/151/21 3643/151/220
f 3655/151/221 3643/151/220 3641/151/221
f 3656/151/222 3641/151/221 3640/151/222
f 3652/151/53 3640/151/222 3637/151/53
f 3652/151/53 3656/151/222 3640/151/222
f 3656/151/222 3655/151/221 3641/151/221
f 3655/151/221 3654/151/220 3643/151/220
f 3646/151/1 3645/151/21 3653/151/1 3657/151/1
f 3658/151/55 3638/151/55 3659/151/223
f 3659/151/223 3638/151/55 3639/151/223
f 3660/151/224 3639/151/223 3642/151/224
f 3661/151/225 3642/151/224 3644/151/225
f 3657/151/1 3644/151/225 3646/151/1
f 3657/151/1 3661/151/225 3644/151/225
f 3661/151/225 3660/151/224 3642/151/224
f 3660/151/224 3659/151/223 3639/151/223
f 3616/151/55 3638/151/55 3658/151/55 3615/151/55
f 3649/151/49 3652/151/49 3648/151/49
f 3656/151/49 3652/151/49 3649/151/49
f 3655/151/49 3656/151/49 3649/151/49
f 3650/151/49 3655/151/49 3649/151/49
f 3654/151/49 3655/151/49 3650/151/49
f 3651/151/49 3654/151/49 3650/151/49
f 3647/151/49 3654/151/49 3651/151/49
f 3653/151/49 3654/151/49 3647/151/49
f 3662/151/49 3653/151/49 3647/151/49
f 3554/151/49 3653/151/49 3662/151/49
f 3663/151/49 3662/151/49 3647/151/49
f 3552/151/49 3554/151/49 3662/151/49
f 3664/151/49 3552/151/49 3662/151/49
f 3556/151/49 3653/151/49 3554/151/49
f 3665/151/49 3663/151/49 3647/151/49
f 3550/151/49 3552/151/49 3664/151/49
f 3558/151/49 3653/151/49 3556/151/49
f 3666/151/49 3550/151/49 3664/151/49
f 3548/151/49 3550/151/49 3666/151/49
f 3667/151/49 3665/151/49 3647/151/49
f 3560/151/49 3653/151/49 3558/151/49
f 3668/151/49 3548/151/49 3666/151/49
f 3576/151/49 3548/151/49 3668/151/49
f 3669/151/49 3667/151/49 3647/151/49
f 3562/151/49 3653/151/49 3560/151/49
f 3670/151/49 3576/151/49 3668/151/49
f 3671/151/49 3669/151/49 3647/151/49
f 3574/151/49 3576/151/49 3670/151/49
f 3564/151/49 3653/151/49 3562/151/49
f 3672/151/49 3574/151/49 3670/151/49
f 3673/151/49 3671/151/49 3647/151/49
f 3572/151/49 3574/151/49 3672/151/49
f 3674/151/49 3572/151/49 3672/151/49
f 3570/151/49 3572/151/49 3674/151/49
f 3568/151/49 3570/151/49 3674/151/49
f 3675/151/49 3568/151/49 3674/151/49
f 3524/151/49 3568/151/49 3675/151/49
f 3524/151/49 3566/151/49 3568/151/49
f 3524/151/49 3564/151/49 3566/151/49
f 3524/151/49 3653/151/49 3564/151/49
f 3524/151/49 3675/151/49 3676/151/49
f 3524/151/49 3676/151/49 3673/151/49
f 3584/151/49 3524/151/49 3673/151/49
f 3584/151/49 3673/151/49 3647/151/49
f 3522/151/49 3524/151/49 3584/151/49
f 3582/151/49 3584/151/49 3647/151/49
f 3586/151/49 3522/151/49 3584/151/49
f 3526/151/49 3653/151/49 3524/151/49
f 3580/151/49 3582/151/49 3647/151/49
f 3520/151/49 3522/151/49 3586/151/49
f 3588/151/49 3520/151/49 3586/151/49
f 3528/151/49 3653/151/49 3526/151/49
f 3578/151/49 3580/151/49 3647/151/49
f 3518/151/49 3520/151/49 3588/151/49
f 3530/151/49 3653/151/49 3528/151/49
f 3590/151/49 3518/151/49 3588/151/49
f 3546/151/49 3518/151/49 3590/151/49
f 3606/151/49 3578/151/49 3647/151/49
f 3592/151/49 3546/151/49 3590/151/49
f 3532/151/49 3653/151/49 3530/151/49
f 3544/151/49 3546/151/49 3592/151/49
f 3594/151/49 3544/151/49 3592/151/49
f 3542/151/49 3544/151/49 3594/151/49
f 3596/151/49 3542/151/49 3594/151/49
f 3540/151/49 3542/151/49 3596/151/49
f 3538/151/49 3540/151/49 3596/151/49
f 3598/151/49 3538/151/49 3596/151/49
f 3657/151/49 3538/151/49 3598/151/49
f 3657/151/49 3536/151/49 3538/151/49
f 3657/151/49 3534/151/49 3536/151/49
f 3657/151/49 3532/151/49 3534/151/49
f 3657/151/49 3653/151/49 3532/151/49
f 3607/151/49 3657/151/49 3598/151/49
f 3607/151/49 3598/151/49 3600/151/49
f 3607/151/49 3600/151/49 3602/151/49
f 3607/151/49 3602/151/49 3604/151/49
f 3607/151/49 3604/151/49 3606/151/49
f 3607/151/49 3606/151/49 3647/151/49
f 3661/151/49 3657/151/49 3607/151/49
f 3609/151/49 3661/151/49 3607/151/49
f 3660/151/49 3661/151/49 3609/151/49
f 3611/151/49 3660/151/49 3609/151/49
f 3659/151/49 3660/151/49 3611/151/49
f 3613/151/49 3659/151/49 3611/151/49
f 3615/151/49 3659/151/49 3613/151/49
f 3658/151/49 3659/151/49 3615/151/49
f 3624/151/1393 3667/151/1393 3622/151/1
f 3624/151/1393 3665/151/1394 3667/151/1393
f 3624/151/1393 3626/151/1394 3665/151/1394
f 3665/151/1394 3626/151/1394 3663/151/1395
f 3663/151/1395 3626/151/1394 3628/151/1395
f 3662/151/1396 3628/151/1395 3629/151/1396
f 3664/151/1079 3629/151/1396 3631/151/47
f 3666/151/1397 3631/151/47 3636/151/1397
f 3668/151/1398 3636/151/1397 3635/151/1398
f 3670/151/1408 3635/151/1398 3634/151/1408
f 3672/151/1400 3634/151/1408 3633/151/1400
f 3674/151/48 3633/151/1400 3632/151/1402
f 3675/151/1403 3632/151/1402 3630/151/1403
f 3676/151/1404 3630/151/1403 3627/151/1405
f 3673/151/1406 3627/151/1405 3625/151/1406
f 3671/151/1407 3625/151/1406 3623/151/1407
f 3669/151/1 3623/151/1407 3622/151/1
f 3667/151/1393 3669/151/1 3622/151/1
f 3669/151/1 3671/151/1407 3623/151/1407
f 3671/151/1407 3673/151/1406 3625/151/1406
f 3673/151/1406 3676/151/1404 3627/151/1405
f 3676/151/1404 3675/151/1403 3630/151/1403
f 3675/151/1403 3674/151/48 3632/151/1402
f 3674/151/48 3672/151/1400 3633/151/1400
f 3672/151/1400 3670/151/1408 3634/151/1408
f 3670/151/1408 3668/151/1398 3635/151/1398
f 3668/151/1398 3666/151/1397 3636/151/1397
f 3666/151/1397 3664/151/1079 3631/151/47
f 3664/151/1079 3662/151/1396 3629/151/1396
f 3662/151/1396 3663/151/1395 3628/151/1395
usemtl TSS_USBC_SuiteModelMtl07
f 3677/151/11 3678/151/11 3679/151/11
f 3680/151/11 3677/151/11 3679/151/11
f 3681/151/11 3680/151/11 3679/151/11
f 3682/151/11 3680/151/11 3681/151/11
f 3683/151/11 3680/151/11 3682/151/11
f 3684/151/11 3683/151/11 3682/151/11
f 3685/151/11 3683/151/11 3684/151/11
f 3686/151/11 3683/151/11 3685/151/11
f 3687/151/11 3683/151/11 3686/151/11
f 3688/151/11 3683/151/11 3687/151/11
f 3689/151/11 3683/151/11 3688/151/11
f 3690/151/11 3683/151/11 3689/151/11
f 3691/151/11 3690/151/11 3689/151/11
f 3692/151/11 3690/151/11 3691/151/11
f 3693/151/11 3690/151/11 3692/151/11
f 3694/151/11 3695/151/11 3696/151/11
f 3697/151/11 3694/151/11 3696/151/11
f 3698/151/11 3697/151/11 3696/151/11
f 3699/151/11 3697/151/11 3698/151/11
f 3700/151/11 3697/151/11 3699/151/11
f 3701/151/11 3700/151/11 3699/151/11
f 3702/151/11 3700/151/11 3701/151/11
f 3703/151/11 3700/151/11 3702/151/11
f 3704/151/11 3700/151/11 3703/151/11
f 3705/151/11 3700/151/11 3704/151/11
f 3706/151/11 3700/151/11 3705/151/11
f 3707/151/11 3700/151/11 3706/151/11
f 3708/151/11 3707/151/11 3706/151/11
f 3709/151/11 3707/151/11 3708/151/11
f 3710/151/11 3707/151/11 3709/151/11
f 3711/151/1 3712/151/1 3713/151/1
f 3714/151/1 3711/151/1 3713/151/1
f 3715/151/1 3714/151/1 3713/151/1
f 3716/151/1 3715/151/1 3713/151/1
f 3717/151/1 3715/151/1 3716/151/1
f 3718/151/1 3717/151/1 3716/151/1
f 3719/151/1 3718/151/1 3716/151/1
f 3720/151/1 3719/151/1 3716/151/1
f 3721/151/1 3720/151/1 3716/151/1
f 3722/151/1 3723/151/1 3721/151/1
f 3722/151/1 3721/151/1 3716/151/1
f 3724/151/1 3723/151/1 3722/151/1
f 3725/151/1 3723/151/1 3724/151/1
f 3726/151/1 3723/151/1 3725/151/1
f 3727/151/1 3723/151/1 3726/151/1
f 3728/151/55 3729/151/55 3730/151/1410
f 3730/151/1410 3729/151/55 3731/151/1410
f 3732/151/1411 3731/151/1410 3733/151/1411
f 3734/151/1412 3733/151/1411 3735/151/1413
f 3736/151/1414 3735/151/1412 3737/151/1414
f 3736/151/1414 3734/151/1412 3735/151/1413
f 3734/151/1412 3732/151/1411 3733/151/1411
f 3732/151/1411 3730/151/1410 3731/151/1410
f 3738/151/11 3739/151/11 3740/151/11
f 3741/151/11 3738/151/11 3740/151/11
f 3742/151/11 3741/151/11 3740/151/11
f 3743/151/11 3741/151/11 3742/151/11
f 3744/151/11 3741/151/11 3743/151/11
f 3745/151/11 3744/151/11 3743/151/11
f 3746/151/11 3744/151/11 3745/151/11
f 3747/151/11 3744/151/11 3746/151/11
f 3748/151/11 3744/151/11 3747/151/11
f 3749/151/11 3744/151/11 3748/151/11
f 3750/151/11 3744/151/11 3749/151/11
f 3751/151/11 3744/151/11 3750/151/11
f 3752/151/11 3751/151/11 3750/151/11
f 3753/151/11 3751/151/11 3752/151/11
f 3754/151/11 3751/151/11 3753/151/11
f 3755/151/55 3756/151/55 3757/151/1410
f 3757/151/1410 3756/151/55 3758/151/1410
f 3759/151/1411 3758/151/1410 3760/151/1411
f 3761/151/1412 3760/151/1411 3762/151/1413
f 3763/151/1414 3762/151/1412 3764/151/1414
f 3763/151/1414 3761/151/1412 3762/151/1413
f 3761/151/1412 3759/151/1411 3760/151/1411
f 3759/151/1411 3757/151/1410 3758/151/1410
f 3765/151/55 3702/151/55 3766/151/1410
f 3766/151/1410 3702/151/55 3701/151/1410
f 3767/151/1411 3701/151/1410 3699/151/1411
f 3768/151/1412 3699/151/1411 3698/151/1413
f 3769/151/1414 3698/151/1412 3696/151/1414
f 3769/151/1414 3768/151/1412 3698/151/1413
f 3768/151/1412 3767/151/1411 3699/151/1411
f 3767/151/1411 3766/151/1410 3701/151/1410
f 3770/151/11 3771/151/11 3764/151/11
f 3772/151/11 3770/151/11 3764/151/11
f 3762/151/11 3772/151/11 3764/151/11
f 3760/151/11 3772/151/11 3762/151/11
f 3773/151/11 3772/151/11 3760/151/11
f 3758/151/11 3773/151/11 3760/151/11
f 3756/151/11 3773/151/11 3758/151/11
f 3774/151/11 3773/151/11 3756/151/11
f 3775/151/11 3773/151/11 3774/151/11
f 3776/151/11 3773/151/11 3775/151/11
f 3777/151/11 3773/151/11 3776/151/11
f 3778/151/11 3773/151/11 3777/151/11
f 3779/151/11 3778/151/11 3777/151/11
f 3780/151/11 3778/151/11 3779/151/11
f 3781/151/11 3778/151/11 3780/151/11
f 3782/151/1 3783/151/1 3784/151/1
f 3785/151/1 3782/151/1 3784/151/1
f 3786/151/1 3785/151/1 3784/151/1
f 3787/151/1 3786/151/1 3784/151/1
f 3788/151/1 3786/151/1 3787/151/1
f 3789/151/1 3788/151/1 3787/151/1
f 3790/151/1415 3789/151/1 3787/151/1
f 3791/151/1 3790/151/1415 3787/151/1
f 3792/151/1 3791/151/1 3787/151/1
f 3793/151/1 3794/151/1 3792/151/1
f 3793/151/1 3792/151/1 3787/151/1
f 3795/151/1 3794/151/1 3793/151/1
f 3796/151/1 3794/151/1 3795/151/1
f 3797/151/1 3794/151/1 3796/151/1
f 3798/151/1 3794/151/1 3797/151/1
f 3786/151/55 3685/151/55 3785/151/1410
f 3785/151/1410 3685/151/55 3684/151/1410
f 3782/151/1411 3684/151/1410 3682/151/1411
f 3783/151/1412 3682/151/1411 3681/151/1413
f 3784/151/1414 3681/151/1412 3679/151/1414
f 3784/151/1414 3783/151/1412 3681/151/1413
f 3783/151/1412 3782/151/1411 3682/151/1411
f 3782/151/1411 3785/151/1410 3684/151/1410
f 3715/151/55 3746/151/55 3714/151/1410
f 3714/151/1410 3746/151/55 3745/151/1410
f 3711/151/1411 3745/151/1410 3743/151/1411
f 3712/151/1412 3743/151/1411 3742/151/1413
f 3713/151/1414 3742/151/1412 3740/151/1414
f 3713/151/1414 3712/151/1412 3742/151/1413
f 3712/151/1412 3711/151/1411 3743/151/1411
f 3711/151/1411 3714/151/1410 3745/151/1410
f 3710/151/55 3709/151/55 3799/151/55 3800/151/55
f 3703/151/55 3801/151/55 3704/151/1416
f 3704/151/1416 3801/151/55 3802/151/1416
f 3705/151/1417 3802/151/1416 3803/151/1418
f 3706/151/1419 3803/151/1418 3804/151/1419
f 3708/151/51 3804/151/1419 3805/151/51
f 3708/151/51 3706/151/1419 3804/151/1419
f 3706/151/1419 3705/151/1417 3803/151/1418
f 3705/151/1417 3704/151/1416 3802/151/1416
f 3708/151/51 3805/151/51 3799/151/51 3709/151/51
f 3702/151/55 3765/151/55 3801/151/55 3703/151/55
f 3729/151/55 3728/151/55 3806/151/55 3807/151/55
f 3759/151/1 3761/151/1 3763/151/1
f 3757/151/1 3759/151/1 3763/151/1
f 3755/151/1 3757/151/1 3763/151/1
f 3808/151/1 3755/151/1 3763/151/1
f 3809/151/1 3755/151/1 3808/151/1
f 3810/151/1 3809/151/1 3808/151/1
f 3811/151/1415 3810/151/1 3808/151/1
f 3812/151/1 3811/151/1415 3808/151/1
f 3813/151/1 3812/151/1 3808/151/1
f 3814/151/1 3815/151/1 3813/151/1
f 3814/151/1 3813/151/1 3808/151/1
f 3816/151/1 3815/151/1 3814/151/1
f 3817/151/1 3815/151/1 3816/151/1
f 3818/151/1 3815/151/1 3817/151/1
f 3819/151/1 3815/151/1 3818/151/1
f 3820/151/11 3821/151/11 3737/151/11
f 3822/151/11 3820/151/11 3737/151/11
f 3735/151/11 3822/151/11 3737/151/11
f 3733/151/11 3822/151/11 3735/151/11
f 3823/151/11 3822/151/11 3733/151/11
f 3731/151/11 3823/151/11 3733/151/11
f 3729/151/11 3823/151/11 3731/151/11
f 3807/151/11 3823/151/11 3729/151/11
f 3824/151/11 3823/151/11 3807/151/11
f 3825/151/11 3823/151/11 3824/151/11
f 3826/151/11 3823/151/11 3825/151/11
f 3827/151/11 3823/151/11 3826/151/11
f 3828/151/11 3827/151/11 3826/151/11
f 3829/151/11 3827/151/11 3828/151/11
f 3830/151/11 3827/151/11 3829/151/11
f 3828/151/51 3831/151/51 3832/151/51 3829/151/51
f 3767/151/1 3768/151/1 3769/151/1
f 3766/151/1 3767/151/1 3769/151/1
f 3765/151/1 3766/151/1 3769/151/1
f 3833/151/1 3765/151/1 3769/151/1
f 3801/151/1 3765/151/1 3833/151/1
f 3802/151/1 3801/151/1 3833/151/1
f 3803/151/1415 3802/151/1 3833/151/1
f 3804/151/1 3803/151/1415 3833/151/1
f 3805/151/1 3804/151/1 3833/151/1
f 3834/151/1 3799/151/1 3805/151/1
f 3834/151/1 3805/151/1 3833/151/1
f 3835/151/1 3799/151/1 3834/151/1
f 3836/151/1 3799/151/1 3835/151/1
f 3837/151/1 3799/151/1 3836/151/1
f 3800/151/1 3799/151/1 3837/151/1
f 3838/151/51 3839/151/51 3840/151/51 3841/151/51
f 3807/151/55 3806/151/55 3824/151/1416
f 3824/151/1416 3806/151/55 3842/151/1416
f 3825/151/1417 3842/151/1416 3843/151/1418
f 3826/151/1419 3843/151/1418 3844/151/1419
f 3828/151/51 3844/151/1419 3831/151/51
f 3828/151/51 3826/151/1419 3844/151/1419
f 3826/151/1419 3825/151/1417 3843/151/1418
f 3825/151/1417 3824/151/1416 3842/151/1416
f 3830/151/55 3829/151/55 3832/151/55 3845/151/55
f 3756/151/55 3755/151/55 3809/151/55 3774/151/55
f 3774/151/55 3809/151/55 3775/151/1416
f 3775/151/1416 3809/151/55 3810/151/1416
f 3776/151/1417 3810/151/1416 3811/151/1418
f 3777/151/1419 3811/151/1418 3812/151/1419
f 3779/151/51 3812/151/1419 3813/151/51
f 3779/151/51 3777/151/1419 3812/151/1419
f 3777/151/1419 3776/151/1417 3811/151/1418
f 3776/151/1417 3775/151/1416 3810/151/1416
f 3779/151/51 3813/151/51 3815/151/51 3780/151/51
f 3781/151/55 3780/151/55 3815/151/55 3819/151/55
f 3685/151/55 3786/151/55 3788/151/55 3686/151/55
f 3846/151/55 3841/151/55 3840/151/55 3847/151/55
f 3848/151/11 3849/151/11 3850/151/11
f 3851/151/11 3848/151/11 3850/151/11
f 3852/151/11 3851/151/11 3850/151/11
f 3853/151/11 3851/151/11 3852/151/11
f 3854/151/11 3851/151/11 3853/151/11
f 3855/151/11 3854/151/11 3853/151/11
f 3856/151/11 3854/151/11 3855/151/11
f 3857/151/11 3854/151/11 3856/151/11
f 3858/151/11 3854/151/11 3857/151/11
f 3859/151/11 3854/151/11 3858/151/11
f 3860/151/11 3854/151/11 3859/151/11
f 3861/151/11 3854/151/11 3860/151/11
f 3838/151/11 3861/151/11 3860/151/11
f 3841/151/11 3861/151/11 3838/151/11
f 3846/151/11 3861/151/11 3841/151/11
f 3691/151/51 3792/151/51 3794/151/51 3692/151/51
f 3686/151/55 3788/151/55 3687/151/1416
f 3687/151/1416 3788/151/55 3789/151/1416
f 3688/151/1417 3789/151/1416 3790/151/1418
f 3689/151/1419 3790/151/1418 3791/151/1419
f 3691/151/51 3791/151/1419 3792/151/51
f 3691/151/51 3689/151/1419 3791/151/1419
f 3689/151/1419 3688/151/1417 3790/151/1418
f 3688/151/1417 3687/151/1416 3789/151/1416
f 3693/151/55 3692/151/55 3794/151/55 3798/151/55
f 3862/151/55 3856/151/55 3863/151/1410
f 3863/151/1410 3856/151/55 3855/151/1410
f 3864/151/1411 3855/151/1410 3853/151/1411
f 3865/151/1412 3853/151/1411 3852/151/1413
f 3866/151/1414 3852/151/1412 3850/151/1414
f 3866/151/1414 3865/151/1412 3852/151/1413
f 3865/151/1412 3864/151/1411 3853/151/1411
f 3864/151/1411 3863/151/1410 3855/151/1410
f 3746/151/55 3715/151/55 3717/151/55 3747/151/55
f 3747/151/55 3717/151/55 3748/151/1416
f 3748/151/1416 3717/151/55 3718/151/1416
f 3749/151/1417 3718/151/1416 3719/151/1418
f 3750/151/1419 3719/151/1418 3720/151/1419
f 3752/151/51 3720/151/1419 3721/151/51
f 3752/151/51 3750/151/1419 3720/151/1419
f 3750/151/1419 3749/151/1417 3719/151/1418
f 3749/151/1417 3748/151/1416 3718/151/1416
f 3752/151/51 3721/151/51 3723/151/51 3753/151/51
f 3754/151/55 3753/151/55 3723/151/55 3727/151/55
f 3867/151/11 3868/151/11 3869/151/11 3870/151/11
f 3871/151/51 3872/151/51 3873/151/51 3874/151/51
f 3857/151/55 3875/151/55 3858/151/1416
f 3858/151/1416 3875/151/55 3876/151/1416
f 3859/151/1417 3876/151/1416 3877/151/1418
f 3860/151/1419 3877/151/1418 3878/151/1419
f 3838/151/51 3878/151/1419 3839/151/51
f 3838/151/51 3860/151/1419 3878/151/1419
f 3860/151/1419 3859/151/1417 3877/151/1418
f 3859/151/1417 3858/151/1416 3876/151/1416
f 3868/151/49 3879/151/49 3880/151/49 3869/151/49
f 3881/151/11 3882/151/11 3883/151/11 3884/151/11
f 3885/151/51 3886/151/51 3887/151/51 3888/151/51
f 3889/151/51 3890/151/51 3891/151/51 3892/151/51
f 3893/151/11 3894/151/11 3895/151/11 3896/151/11
f 3886/151/11 3897/151/11 3898/151/11 3887/151/11
f 3896/151/53 3895/151/53 3899/151/53 3900/151/53
f 3891/151/53 3901/151/53 3902/151/53 3892/151/53
f 3887/151/53 3898/151/53 3903/151/53 3888/151/53
f 3879/151/1 3904/151/1 3905/151/1 3880/151/1
f 3890/151/11 3906/151/11 3901/151/11 3891/151/11
f 3884/151/53 3883/151/53 3907/151/53 3908/151/53
f 3732/151/1 3734/151/1 3736/151/1
f 3730/151/1 3732/151/1 3736/151/1
f 3728/151/1 3730/151/1 3736/151/1
f 3909/151/1 3728/151/1 3736/151/1
f 3806/151/1 3728/151/1 3909/151/1
f 3842/151/1 3806/151/1 3909/151/1
f 3843/151/1415 3842/151/1 3909/151/1
f 3844/151/1 3843/151/1415 3909/151/1
f 3831/151/1 3844/151/1 3909/151/1
f 3910/151/1 3832/151/1 3831/151/1
f 3910/151/1 3831/151/1 3909/151/1
f 3911/151/1 3832/151/1 3910/151/1
f 3912/151/1 3832/151/1 3911/151/1
f 3913/151/1 3832/151/1 3912/151/1
f 3845/151/1 3832/151/1 3913/151/1
f 3873/151/53 3914/151/53 3915/151/53 3874/151/53
f 3916/151/1 3917/151/1 3908/151/1 3907/151/1
f 3856/151/55 3862/151/55 3875/151/55 3857/151/55
f 3870/151/53 3869/151/53 3880/151/53 3905/151/53
f 3897/151/49 3918/151/49 3903/151/49 3898/151/49
f 3919/151/1 3871/151/1 3874/151/1 3915/151/1
f 3920/151/1 3921/151/1 3900/151/1 3899/151/1
f 3906/151/49 3922/151/49 3902/151/49 3901/151/49
f 3882/151/49 3916/151/49 3907/151/49 3883/151/49
f 3917/151/51 3881/151/51 3884/151/51 3908/151/51
f 3904/151/51 3867/151/51 3870/151/51 3905/151/51
f 3918/151/1 3885/151/1 3888/151/1 3903/151/1
f 3922/151/1 3889/151/1 3892/151/1 3902/151/1
f 3923/151/49 3919/151/49 3915/151/49 3914/151/49
f 3921/151/51 3893/151/51 3896/151/51 3900/151/51
f 3872/151/11 3923/151/11 3914/151/11 3873/151/11
f 3894/151/49 3920/151/49 3899/151/49 3895/151/49
f 3864/151/1 3865/151/1 3866/151/1
f 3863/151/1 3864/151/1 3866/151/1
f 3862/151/1 3863/151/1 3866/151/1
f 3924/151/1 3862/151/1 3866/151/1
f 3875/151/1 3862/151/1 3924/151/1
f 3876/151/1 3875/151/1 3924/151/1
f 3877/151/1415 3876/151/1 3924/151/1
f 3878/151/1 3877/151/1415 3924/151/1
f 3839/151/1 3878/151/1 3924/151/1
f 3925/151/1 3840/151/1 3839/151/1
f 3925/151/1 3839/151/1 3924/151/1
f 3926/151/1 3840/151/1 3925/151/1
f 3927/151/1 3840/151/1 3926/151/1
f 3928/151/1 3840/151/1 3927/151/1
f 3847/151/1 3840/151/1 3928/151/1
usemtl TSS_USBC_SuiteModelMtl08
f 3929/151/1 3930/151/1420 3931/151/1420
f 3929/151/1 3932/151/1 3933/151/1
f 3934/151/1 3932/151/1 3929/151/1
f 3934/151/1 3929/151/1 3931/151/1420
f 3935/151/1 3934/151/1 3936/151/1
f 3935/151/1 3932/151/1 3934/151/1
f 3937/151/1 3932/151/1 3935/151/1
f 3938/151/1 3935/151/1 3936/151/1
f 3939/151/1 3938/151/1 3936/151/1
f 3940/151/1 3939/151/1 3936/151/1
f 3941/151/1 3940/151/1 3936/151/1
f 3942/151/11 3943/151/11 3944/151/11 3945/151/11
f 3946/151/1 3947/151/1 3948/151/1 3949/151/1
f 3950/151/55 3951/151/55 3952/151/55
f 3950/151/55 3952/151/55 3953/151/55
f 3950/151/55 3953/151/55 3954/151/55
f 3955/151/1421 3956/151/1421 3957/151/1421 3958/151/1421 3959/151/1421 3960/151/1421
f 3961/151/51 3962/151/51 3963/151/51
f 3964/151/51 3961/151/51 3965/151/51
f 3964/151/51 3962/151/51 3961/151/51
f 3966/151/51 3964/151/51 3965/151/51
f 3967/151/51 3962/151/51 3964/151/51
f 3968/151/51 3967/151/51 3969/151/51
f 3968/151/51 3962/151/51 3967/151/51
f 3970/151/51 3962/151/51 3968/151/51
f 3971/151/51 3962/151/51 3970/151/51
f 3972/151/51 3971/151/51 3970/151/51
f 3973/151/51 3974/151/51 3975/151/51 3976/151/51
f 3977/151/1422 3978/151/1422 3979/151/1422 3980/151/1422
f 3981/151/49 3982/151/49 3983/151/49 3984/151/49
f 3985/151/11 3986/151/11 3987/151/11
f 3988/151/11 3985/151/11 3989/151/11
f 3990/151/11 3985/151/11 3988/151/11
f 3991/151/11 3985/151/11 3990/151/11
f 3991/151/11 3990/151/11 3992/151/11
f 3993/151/11 3985/151/11 3991/151/11
f 3993/151/11 3986/151/11 3985/151/11
f 3994/151/11 3993/151/11 3991/151/11
f 3995/151/11 3993/151/11 3994/151/11
f 3996/151/55 3997/151/55 3998/151/55 3999/151/55
f 4000/151/1423 4001/151/216 4002/151/280
f 4000/151/1423 4003/151/1424 4001/151/216
f 4001/151/216 4003/151/1424 4004/151/217
f 4004/151/217 4003/151/1424 4005/151/1425
f 4006/151/218 4005/151/1425 4007/151/1426
f 4008/151/199 4007/151/1426 4009/151/198
f 4008/151/199 4006/151/218 4007/151/1426
f 4002/151/280 4010/151/214 4011/151/1427
f 4002/151/280 4001/151/216 4010/151/214
f 4011/151/1427 4012/151/213 4013/151/1428
f 4011/151/1427 4010/151/214 4012/151/213
f 4013/151/1428 4014/151/210 4015/151/1429
f 4013/151/1428 4012/151/213 4014/151/210
f 4007/151/1426 4016/151/1430 4009/151/198
f 4009/151/198 4016/151/1430 4017/151/1431
f 4017/151/1431 4016/151/1430 4018/151/1432
f 4019/151/202 4018/151/1432 4020/151/245
f 4021/151/1433 4020/151/245 4022/151/1434
f 4023/151/206 4022/151/1434 4024/151/1435
f 4025/151/207 4024/151/1435 4026/151/1436
f 4027/151/744 4026/151/1436 4015/151/1429
f 4014/151/210 4027/151/744 4015/151/1429
f 4027/151/744 4025/151/207 4026/151/1436
f 4025/151/207 4023/151/206 4024/151/1435
f 4023/151/206 4021/151/1433 4022/151/1434
f 4021/151/1433 4019/151/202 4020/151/245
f 4019/151/202 4017/151/1431 4018/151/1432
f 4006/151/218 4004/151/217 4005/151/1425
f 4028/151/1 4029/151/1 4030/151/1 4031/151/1
f 4032/151/1437 4033/151/1437 4034/151/1437
f 4035/151/1437 4033/151/1437 4032/151/1437
f 4036/151/1438 4035/151/1438 4037/151/1439
f 4036/151/1438 4038/151/1440 4035/151/1438
f 4039/151/1441 4038/151/1440 4036/151/1438
f 4040/151/1439 4039/151/1441 4036/151/1438
f 4041/151/1440 4039/151/1441 4040/151/1439
f 4042/151/1442 4041/151/1440 4040/151/1439
f 4043/151/1443 4041/151/1440 4042/151/1442
f 4044/151/1 4045/151/1 4046/151/1 4047/151/1
f 4048/151/756 4049/151/756 4050/151/756 4051/151/756
f 4052/151/1 4053/151/1 4054/151/1 4055/151/1
f 4056/151/1 4057/151/1 4058/151/1 4059/151/1
f 3965/151/814 4060/151/814 4061/151/814 3966/151/814
f 4062/151/1 4063/151/1 4064/151/1
f 4065/151/1 4063/151/1 4062/151/1
f 4066/151/1 4062/151/1 4064/151/1
f 4067/151/1 4066/151/1 4064/151/1
f 4068/151/55 4069/151/55 4070/151/55
f 4071/151/55 4068/151/55 4070/151/55
f 4072/151/55 4071/151/55 4070/151/55
f 4073/151/55 4074/151/55 4075/151/55 4076/151/55
f 4077/151/11 4078/151/11 4079/151/11 4080/151/11 4081/151/11 4082/151/11
f 4083/151/55 4084/151/55 4085/151/55 4086/151/55
f 4087/151/1 4088/151/1 4089/151/1 4090/151/1
f 4091/151/209 4092/151/209 4093/151/209 4094/151/209
f 4050/151/1 4060/151/1 3965/151/1 3961/151/1 4051/151/1
f 4095/151/705 4096/151/705 4097/151/705
f 4098/151/705 4096/151/705 4095/151/705
f 4066/151/705 4095/151/705 4097/151/705
f 4099/151/705 4062/151/705 4066/151/705
f 4099/151/705 4066/151/705 4097/151/705
f 4100/151/705 4062/151/705 4099/151/705
f 4101/151/231 4102/151/231 4103/151/231 4104/151/231
f 4105/151/53 4106/151/53 4107/151/53
f 4108/151/53 4105/151/53 4107/151/53
f 4108/151/53 4109/151/53 4105/151/53
f 4110/151/53 4108/151/53 4107/151/53
f 4111/151/49 4112/151/49 4113/151/49 4114/151/49
f 3956/151/1 3955/151/1 4115/151/1 4116/151/1
f 3964/151/11 3966/151/11 4061/151/11 4117/151/11 4118/151/11
f 4119/151/55 4120/151/55 4121/151/55 4122/151/55 4123/151/55
f 4124/151/49 4125/151/49 4126/151/49 4127/151/49
f 4114/151/53 4128/151/53 4129/151/53 4130/151/53 4111/151/53
f 4131/151/1444 4132/151/758 4133/151/1445
f 4131/151/1444 4134/151/1446 4132/151/758
f 4132/151/758 4134/151/1446 3972/151/51
f 3972/151/51 4134/151/1446 3971/151/51
f 4132/151/758 4135/151/756 4133/151/1445
f 4133/151/1445 4135/151/756 4036/151/1447
f 4036/151/1447 4135/151/756 4136/151/754
f 4040/151/1448 4136/151/754 4042/151/1
f 4040/151/1448 4036/151/1447 4136/151/754
f 4136/151/754 4137/151/1 4042/151/1
f 4138/151/11 4139/151/11 4140/151/11 4141/151/11
f 4142/151/55 4143/151/55 4144/151/55 4145/151/55
f 4146/151/1449 4147/151/267 4148/151/1450
f 4146/151/1449 4149/151/1451 4147/151/267
f 4147/151/267 4149/151/1451 4150/151/49
f 4150/151/49 4149/151/1451 4151/151/49
f 4147/151/267 4152/151/209 4148/151/1450
f 4148/151/1450 4152/151/209 4153/151/1452
f 4153/151/1452 4152/151/209 4154/151/257
f 4155/151/1453 4154/151/257 4156/151/11
f 4155/151/1453 4153/151/1452 4154/151/257
f 4154/151/257 4157/151/332 4156/151/11
f 4158/151/53 4159/151/617 4116/151/53 4115/151/53
f 4160/151/11 4161/151/11 4162/151/11
f 4163/151/11 4161/151/11 4160/151/11
f 4164/151/11 4161/151/11 4163/151/11
f 4165/151/11 4161/151/11 4164/151/11
f 4166/151/11 4161/151/11 4165/151/11
f 4167/151/11 4161/151/11 4166/151/11
f 4168/151/11 4167/151/11 4166/151/11
f 4169/151/11 4168/151/11 4166/151/11
f 4170/151/11 4169/151/11 4166/151/11
f 4171/151/11 4169/151/11 4170/151/11
f 4172/151/55 4173/151/55 4174/151/55 4175/151/55
f 4176/151/1 4177/151/1 4178/151/1 4179/151/1
f 4180/151/55 4181/151/55 4182/151/55 4183/151/55
f 3934/151/245 3931/151/245 4184/151/245 4185/151/245
f 4186/151/51 4110/151/51 4187/151/51
f 4108/151/51 4110/151/51 4186/151/51
f 4188/151/51 4186/151/51 4187/151/51
f 4189/151/51 4190/151/51 4188/151/51
f 4189/151/51 4188/151/51 4187/151/51
f 4191/151/51 4189/151/51 4187/151/51
f 4192/151/1454 4193/151/1455 4194/151/1456
f 4194/151/1456 4193/151/1455 4195/151/748
f 4196/151/746 4194/151/1456 4195/151/748
f 4196/151/746 4197/151/1457 4194/151/1456
f 4196/151/746 4072/151/1458 4197/151/1457
f 4196/151/746 4071/151/1459 4072/151/1458
f 4196/151/746 4170/151/32 4071/151/1459
f 4071/151/1459 4170/151/32 4068/151/1460
f 4068/151/1460 4170/151/32 4069/151/1461
f 4069/151/1461 4170/151/32 4198/151/1462
f 4198/151/1462 4170/151/32 4199/151/1463
f 4199/151/1463 4170/151/32 4163/151/1464
f 4163/151/1464 4170/151/32 4164/151/1465
f 4164/151/1465 4170/151/32 4165/151/11
f 4166/151/1466 4170/151/11 4165/151/11
f 4193/151/1455 4200/151/1467 4195/151/748
f 4195/151/748 4200/151/1467 4201/151/750
f 4201/151/750 4200/151/1467 4202/151/1468
f 4202/151/1468 4200/151/1467 4203/151/51
f 4204/151/1 4205/151/1 4206/151/1 4207/151/1
f 4156/151/11 4157/151/332 4208/151/11 4209/151/11
f 4210/151/51 4211/151/51 4212/151/51
f 4213/151/51 4210/151/51 4212/151/51
f 4214/151/51 4213/151/51 4212/151/51
f 4215/151/51 4214/151/51 4212/151/51
f 4216/151/51 4215/151/51 4212/151/51
f 4217/151/51 4216/151/51 4212/151/51
f 4218/151/51 4217/151/51 4212/151/51
f 4219/151/51 4218/151/51 4212/151/51
f 4220/151/51 4219/151/51 4212/151/51
f 4221/151/1469 4222/151/1470 4223/151/1471
f 4224/151/1472 4222/151/1470 4221/151/1469
f 4225/151/1473 4222/151/1470 4224/151/1472
f 3962/151/1469 4222/151/1470 4225/151/1473
f 4226/151/1472 4222/151/1470 3962/151/1469
f 4227/151/1472 4226/151/1472 3962/151/1472
f 4228/151/1472 4227/151/1472 3962/151/1472
f 4086/151/1472 4228/151/1472 3962/151/1472
f 4083/151/1472 4086/151/1472 3962/151/1472
f 4229/151/1472 4083/151/1472 3962/151/1472
f 4230/151/1472 4229/151/1472 3962/151/1472
f 3999/151/1472 4230/151/1472 3962/151/1472
f 3996/151/1472 3999/151/1472 3962/151/1472
f 4076/151/1472 3996/151/1472 3962/151/1472
f 4073/151/1472 4076/151/1472 3962/151/1472
f 4231/151/1472 4073/151/1472 3962/151/1472
f 4232/151/1472 4231/151/1472 3962/151/1472
f 4233/151/1472 4232/151/1472 3962/151/1472
f 4234/151/1472 4233/151/1472 3962/151/1472
f 4235/151/1472 4234/151/1472 3962/151/1472
f 3971/151/1474 4235/151/1472 3962/151/1472
f 4134/151/1472 4235/151/1472 3971/151/1474
f 4131/151/1472 4235/151/1472 4134/151/1472
f 4133/151/1472 4235/151/1472 4131/151/1472
f 4037/151/1475 4235/151/1472 4133/151/1472
f 4036/151/1470 4037/151/1475 4133/151/1472
f 4190/151/11 3976/151/11 4188/151/11
f 3973/151/11 4190/151/11 4236/151/11
f 3973/151/11 3976/151/11 4190/151/11
f 4237/151/11 3973/151/11 4236/151/11
f 4238/151/11 4237/151/11 4236/151/11
f 4118/151/55 4239/151/55 3967/151/55 3964/151/55
f 4240/151/11 4241/151/11 4242/151/1075
f 4242/151/1075 4241/151/11 4243/151/1075
f 4244/151/1476 4243/151/1075 4245/151/1476
f 4246/151/47 4245/151/1476 4247/151/47
f 4246/151/47 4244/151/1476 4245/151/1476
f 4244/151/1476 4242/151/1075 4243/151/1075
f 4248/151/55 4249/151/55 4035/151/55 4038/151/55
f 4250/151/1477 4251/151/1477 4252/151/1477 4253/151/1477
f 4185/151/1 4184/151/1 4254/151/1 4255/151/1 4256/151/1 4257/151/1
f 4258/151/11 4189/151/11 4191/151/11 4259/151/11
f 3980/151/49 3979/151/49 4260/151/49 4261/151/49
f 4262/151/11 4263/151/11 4264/151/11
f 4265/151/11 4262/151/11 4264/151/11
f 4253/151/11 4265/151/11 4264/151/11
f 4250/151/11 4253/151/11 4264/151/11
f 4266/151/53 4267/151/53 4053/151/53 4052/151/53
f 4268/151/51 4052/151/51 4055/151/51
f 4266/151/51 4052/151/51 4268/151/51
f 3987/151/51 4268/151/51 4055/151/51
f 4269/151/51 3985/151/51 3987/151/51
f 4269/151/51 3987/151/51 4055/151/51
f 4270/151/51 4269/151/51 4055/151/51
f 4271/151/1 4272/151/1 4273/151/1
f 4274/151/1 4272/151/1 4271/151/1
f 4275/151/1 4272/151/1 4274/151/1
f 4109/151/1 4272/151/1 4275/151/1
f 4108/151/1 4272/151/1 4109/151/1
f 4276/151/1 4108/151/1 4186/151/1
f 4276/151/1 4272/151/1 4108/151/1
f 3975/151/1 4276/151/1 4186/151/1
f 3974/151/1 4276/151/1 3975/151/1
f 4277/151/228 4278/151/228 4171/151/228 4170/151/228
f 4182/151/49 4279/151/49 4280/151/49
f 4183/151/49 4281/151/49 4282/151/49
f 4283/151/49 4281/151/49 4183/151/49
f 4284/151/49 4182/151/49 4280/151/49
f 4285/151/49 4284/151/49 4150/151/49
f 4285/151/49 4283/151/49 4284/151/49
f 4285/151/49 4286/151/49 4283/151/49
f 4151/151/49 4285/151/49 4150/151/49
f 4067/151/49 4287/151/49 4095/151/49 4066/151/49
f 4155/151/1478 4156/151/1478 4209/151/1478
f 4288/151/1479 4155/151/1478 4209/151/1478
f 4223/151/1480 4155/151/1478 4288/151/1479
f 4153/151/1480 4155/151/1478 4223/151/1480
f 4222/151/1481 4153/151/1480 4223/151/1480
f 4289/151/1482 4153/151/1480 4222/151/1481
f 4290/151/1483 4153/151/1480 4289/151/1482
f 4291/151/1484 4153/151/1480 4290/151/1483
f 4246/151/1479 4290/151/1483 4289/151/1482
f 4247/151/1479 4290/151/1483 4246/151/1479
f 4292/151/245 4293/151/245 4294/151/245 4295/151/245
f 4254/151/55 4184/151/55 3931/151/55 4296/151/55 4297/151/55
f 4298/151/11 4299/151/11 4300/151/11 4301/151/11
f 4302/151/55 4303/151/55 4304/151/55 4305/151/55
f 4241/151/11 4240/151/11 4306/151/11 4307/151/11
f 4284/151/1 4280/151/1 4308/151/1 4309/151/1 4295/151/1
f 3950/151/1485 3954/151/1417 4310/151/1486
f 3950/151/1485 4310/151/1486 4311/151/1487
f 4297/151/1417 3950/151/1485 4311/151/1487
f 4255/151/814 4297/151/1417 4311/151/1487
f 4254/151/814 4297/151/1417 4255/151/814
f 4312/151/1488 4313/151/1488 4314/151/1488 4315/151/1488
f 4316/151/11 4317/151/11 4318/151/11
f 4319/151/11 4317/151/11 4316/151/11
f 4320/151/11 4317/151/11 4319/151/11
f 4321/151/11 4317/151/11 4320/151/11
f 4322/151/1 4323/151/1 4324/151/1
f 4252/151/1 4251/151/1 4322/151/1
f 4325/151/1 4252/151/1 4322/151/1
f 4325/151/1 4322/151/1 4324/151/1
f 4326/151/1 4325/151/1 4324/151/1
f 4327/151/1 4326/151/1 4324/151/1
f 4328/151/11 4329/151/11 4330/151/11 4331/151/11
f 4332/151/49 4333/151/49 4300/151/49 4299/151/49
f 4334/151/1 4335/151/1 4336/151/1 4337/151/1 4338/151/1 4339/151/1
f 4278/151/228 4340/151/1489 4171/151/228
f 4171/151/228 4340/151/1489 4341/151/1489
f 4341/151/1489 4340/151/1489 4342/151/1490
f 4343/151/1490 4342/151/1490 4344/151/1491
f 4345/151/1492 4344/151/1491 4294/151/245
f 4293/151/245 4345/151/1492 4294/151/245
f 4345/151/1492 4343/151/1490 4344/151/1491
f 4343/151/1490 4341/151/1489 4342/151/1490
f 3950/151/1 4297/151/1 4296/151/1 4346/151/1 3951/151/1
f 4347/151/756 4348/151/756 4349/151/756 4350/151/756
f 4351/151/55 4167/151/55 4352/151/55
f 4353/151/55 4167/151/55 4351/151/55
f 4354/151/55 4167/151/55 4353/151/55
f 4355/151/55 4356/151/55 4357/151/55
f 4355/151/55 4358/151/55 4356/151/55
f 4359/151/55 4355/151/55 4357/151/55
f 4360/151/55 4359/151/55 4357/151/55
f 4107/151/1 4361/151/1 4187/151/1 4110/151/1
f 4362/151/11 4363/151/11 4269/151/11 4270/151/11
f 3992/151/1493 4364/151/1493 3991/151/1493
f 4365/151/1493 4364/151/1493 3992/151/1493
f 4363/151/1493 4364/151/1493 4365/151/1493
f 4366/151/1494 4363/151/1493 4365/151/1493
f 3958/151/1495 3957/151/1495 4367/151/1495 4368/151/1495
f 3930/151/1496 4346/151/1496 4296/151/1496 3931/151/1496
f 4093/151/55 4369/151/55 4370/151/55
f 4093/151/55 4370/151/55 4371/151/55
f 4372/151/55 4093/151/55 4371/151/55
f 4092/151/55 4369/151/55 4093/151/55
f 4047/151/1 4046/151/1 4373/151/1497
f 4373/151/1497 4046/151/1 4374/151/1497
f 4375/151/1498 4374/151/1497 4376/151/221
f 4377/151/1499 4376/151/221 4378/151/1500
f 4158/151/53 4378/151/1500 4159/151/617
f 4158/151/53 4377/151/1499 4378/151/1500
f 4377/151/1499 4375/151/1498 4376/151/221
f 4375/151/1498 4373/151/1497 4374/151/1497
f 4324/151/199 4323/151/199 4333/151/199 4332/151/199
f 4323/151/53 4322/151/53 4301/151/53 4300/151/53 4333/151/53
f 3979/151/11 3978/151/11 4379/151/11 4380/151/11 4260/151/11
f 4381/151/53 4382/151/53 4383/151/53
f 4384/151/53 4381/151/53 4383/151/53
f 4385/151/53 4381/151/53 4384/151/53
f 4386/151/53 4385/151/53 4384/151/53
f 4387/151/53 4385/151/53 4386/151/53
f 4388/151/53 4387/151/53 4386/151/53
f 4389/151/53 4387/151/53 4388/151/53
f 4390/151/53 4387/151/53 4389/151/53
f 4391/151/53 4387/151/53 4390/151/53
f 4392/151/53 4389/151/53 4388/151/53
f 4393/151/53 4387/151/53 4391/151/53
f 4394/151/53 4392/151/53 4388/151/53
f 4395/151/53 4387/151/53 4393/151/53
f 4396/151/53 4394/151/53 4388/151/53
f 4397/151/53 4387/151/53 4395/151/53
f 4398/151/53 4396/151/53 4388/151/53
f 4399/151/53 4396/151/53 4398/151/53
f 4400/151/53 4397/151/53 4395/151/53
f 4401/151/53 4400/151/53 4395/151/53
f 4402/151/53 4396/151/53 4399/151/53
f 4403/151/53 4404/151/53 4401/151/53
f 4403/151/53 4401/151/53 4395/151/53
f 4405/151/53 4402/151/53 4406/151/53
f 4405/151/53 4396/151/53 4402/151/53
f 4279/151/245 4407/151/245 4308/151/245 4280/151/245
f 4408/151/1501 4409/151/1502 4410/151/1503
f 4410/151/1503 4409/151/1502 4411/151/1503
f 4412/151/1504 4411/151/1503 4413/151/1504
f 4414/151/1505 4413/151/1504 4415/151/1505
f 4416/151/221 4415/151/1505 4417/151/1506
f 4418/151/221 4416/151/221 4417/151/1506
f 4416/151/221 4414/151/1505 4415/151/1505
f 4414/151/1505 4412/151/1504 4413/151/1504
f 4412/151/1504 4410/151/1503 4411/151/1503
f 3995/151/1507 4419/151/1507 4420/151/1507 3993/151/1507
f 4421/151/49 4422/151/49 4423/151/49
f 4380/151/49 4421/151/49 4424/151/49
f 4425/151/49 4424/151/49 4421/151/49
f 4426/151/49 4425/151/49 4421/151/49
f 4427/151/49 4424/151/49 4425/151/49
f 4428/151/49 4424/151/49 4427/151/49
f 4429/151/49 4426/151/49 4421/151/49
f 4429/151/49 4421/151/49 4423/151/49
f 4430/151/49 4424/151/49 4428/151/49
f 4431/151/49 4429/151/49 4423/151/49
f 4432/151/49 4424/151/49 4430/151/49
f 4433/151/49 4431/151/49 4423/151/49
f 4434/151/49 4424/151/49 4432/151/49
f 4435/151/49 4434/151/49 4432/151/49
f 4436/151/49 4435/151/49 4432/151/49
f 4437/151/49 4435/151/49 4436/151/49
f 4438/151/49 4435/151/49 4437/151/49
f 4439/151/49 4438/151/49 4437/151/49
f 4440/151/49 4439/151/49 4437/151/49
f 4441/151/49 4442/151/49 4440/151/49
f 4443/151/49 4441/151/49 4440/151/49
f 4443/151/49 4440/151/49 4444/151/49
f 4443/151/49 4444/151/49 4445/151/49
f 4443/151/49 4445/151/49 4433/151/49
f 4443/151/49 4433/151/49 4423/151/49
f 4446/151/49 4443/151/49 4423/151/49
f 4447/151/49 4440/151/49 4442/151/49
f 4337/151/49 4440/151/49 4447/151/49
f 4448/151/49 4449/151/49 4450/151/49 4451/151/49
f 4452/151/49 4336/151/49 4453/151/49
f 4380/151/49 4452/151/49 4454/151/49
f 4380/151/49 4454/151/49 4455/151/49
f 4380/151/49 4455/151/49 4421/151/49
f 4456/151/49 4452/151/49 4380/151/49
f 4457/151/49 4456/151/49 4380/151/49
f 4458/151/49 4452/151/49 4456/151/49
f 4459/151/49 4452/151/49 4458/151/49
f 4459/151/49 4336/151/49 4452/151/49
f 4460/151/49 4457/151/49 4380/151/49
f 4461/151/49 4336/151/49 4459/151/49
f 4462/151/49 4460/151/49 4380/151/49
f 4463/151/49 4462/151/49 4380/151/49
f 4464/151/49 4336/151/49 4461/151/49
f 4379/151/49 4463/151/49 4380/151/49
f 4435/151/49 4463/151/49 4379/151/49
f 4435/151/49 4379/151/49 4434/151/49
f 4337/151/49 4439/151/49 4440/151/49
f 4337/151/49 4465/151/49 4439/151/49
f 4337/151/49 4466/151/49 4465/151/49
f 4337/151/49 4464/151/49 4466/151/49
f 4337/151/49 4336/151/49 4464/151/49
f 4467/151/49 4468/151/49 4469/151/49 4454/151/49
f 4470/151/49 4471/151/49 4472/151/49 4473/151/49
f 4474/151/49 4475/151/49 4476/151/49 4477/151/49
f 4478/151/49 4479/151/49 4480/151/49 4481/151/49
f 4482/151/49 4483/151/49 4484/151/49 4485/151/49
f 4486/151/49 4487/151/49 4488/151/49 4489/151/49
f 4455/151/49 4490/151/49 4491/151/49 4492/151/49
f 4493/151/49 4494/151/49 4495/151/49 4496/151/49
f 4497/151/49 4498/151/49 4499/151/49 4500/151/49
f 4501/151/49 4502/151/49 4503/151/49 4504/151/49
f 4505/151/1508 4010/151/194 4506/151/53
f 4505/151/1508 4012/151/191 4010/151/194
f 4505/151/1508 4507/151/1509 4012/151/191
f 4012/151/191 4507/151/1509 4014/151/190
f 4014/151/190 4507/151/1509 4508/151/1510
f 4027/151/11 4508/151/1510 4509/151/1511
f 4025/151/189 4509/151/1511 4510/151/1512
f 4023/151/188 4510/151/1512 4511/151/1513
f 4021/151/186 4511/151/1513 4512/151/55
f 4019/151/187 4512/151/55 4513/151/1514
f 4017/151/184 4513/151/1514 4514/151/1515
f 4009/151/183 4514/151/1515 4515/151/1516
f 4008/151/1 4515/151/1516 4516/151/1517
f 4006/151/196 4516/151/1517 4517/151/1518
f 4004/151/195 4517/151/1518 4518/151/1519
f 4001/151/193 4518/151/1519 4506/151/53
f 4010/151/194 4001/151/193 4506/151/53
f 4027/151/11 4014/151/190 4508/151/1510
f 4001/151/193 4004/151/195 4518/151/1519
f 4004/151/195 4006/151/196 4517/151/1518
f 4006/151/196 4008/151/1 4516/151/1517
f 4008/151/1 4009/151/183 4515/151/1516
f 4009/151/183 4017/151/184 4514/151/1515
f 4017/151/184 4019/151/187 4513/151/1514
f 4019/151/187 4021/151/186 4512/151/55
f 4021/151/186 4023/151/188 4511/151/1513
f 4023/151/188 4025/151/189 4510/151/1512
f 4025/151/189 4027/151/11 4509/151/1511
f 4519/151/1 4520/151/1 4521/151/1 4522/151/1
f 4523/151/55 4168/151/55 4169/151/55
f 4524/151/55 4168/151/55 4523/151/55
f 4525/151/55 4524/151/55 4523/151/55
f 4526/151/55 4525/151/55 4523/151/55
f 4527/151/55 4525/151/55 4526/151/55
f 4528/151/55 4527/151/55 4526/151/55
f 4529/151/55 4528/151/55 4526/151/55
f 4529/151/55 4530/151/55 4528/151/55
f 4531/151/55 4529/151/55 4526/151/55
f 4532/151/55 4529/151/55 4531/151/55
f 4097/151/55 4532/151/55 4531/151/55
f 4533/151/55 4097/151/55 4531/151/55
f 4534/151/55 4097/151/55 4533/151/55
f 4112/151/55 4534/151/55 4113/151/55
f 4287/151/55 4534/151/55 4112/151/55
f 4287/151/55 4097/151/55 4534/151/55
f 4535/151/55 4287/151/55 4112/151/55
f 4067/151/55 4097/151/55 4287/151/55
f 4099/151/55 4067/151/55 4064/151/55
f 4099/151/55 4097/151/55 4067/151/55
f 4536/151/55 4441/151/55 4099/151/55
f 4536/151/55 4099/151/55 4064/151/55
f 4442/151/55 4441/151/55 4536/151/55
f 4264/151/55 4536/151/55 4064/151/55
f 4263/151/55 4536/151/55 4264/151/55
f 4327/151/55 4536/151/55 4263/151/55
f 4332/151/55 4327/151/55 4324/151/55
f 4299/151/55 4327/151/55 4332/151/55
f 4298/151/55 4327/151/55 4299/151/55
f 4537/151/55 4327/151/55 4298/151/55
f 4537/151/55 4536/151/55 4327/151/55
f 4538/151/55 4536/151/55 4537/151/55
f 4539/151/55 4538/151/55 4537/151/55
f 4540/151/55 4539/151/55 4537/151/55
f 4541/151/55 4539/151/55 4540/151/55
f 4334/151/55 4541/151/55 4540/151/55
f 4339/151/55 4541/151/55 4334/151/55
f 4542/151/55 4334/151/55 4540/151/55
f 4543/151/55 4542/151/55 4540/151/55
f 4544/151/55 4542/151/55 4543/151/55
f 4545/151/55 4544/151/55 4543/151/55
f 4546/151/55 4545/151/55 4543/151/55
f 3935/151/55 4545/151/55 4546/151/55
f 3938/151/55 4545/151/55 3935/151/55
f 4547/151/55 4227/151/55 4228/151/55 4548/151/55
f 4549/151/11 4550/151/11 4551/151/11 4552/151/11
f 4553/151/49 4554/151/49 4555/151/49 4556/151/49
f 4557/151/53 4419/151/53 3995/151/53 3994/151/53
f 4558/151/55 4268/151/55 3987/151/55 3986/151/55
f 4559/151/756 4560/151/756 4361/151/756 4107/151/756
f 4561/151/53 4562/151/53 4088/151/53
f 4563/151/53 4564/151/53 4565/151/53
f 4566/151/53 4561/151/53 4088/151/53
f 4567/151/53 4564/151/53 4563/151/53
f 4087/151/53 4566/151/53 4088/151/53
f 4568/151/53 4564/151/53 4567/151/53
f 4569/151/53 4566/151/53 4087/151/53
f 4570/151/53 4568/151/53 4567/151/53
f 4571/151/53 4570/151/53 4567/151/53
f 4572/151/53 4566/151/53 4569/151/53
f 4573/151/53 4571/151/53 4567/151/53
f 4574/151/53 4566/151/53 4572/151/53
f 4575/151/53 4573/151/53 4567/151/53
f 4576/151/53 4566/151/53 4574/151/53
f 4577/151/741 4573/151/53 4575/151/53
f 4578/151/742 4576/151/53 4574/151/53
f 4579/151/53 4578/151/742 4574/151/53
f 4580/151/53 4573/151/53 4577/151/741
f 4581/151/53 4582/151/53 4583/151/53
f 4581/151/53 4583/151/53 4579/151/53
f 4581/151/53 4579/151/53 4574/151/53
f 4584/151/53 4582/151/53 4581/151/53
f 4584/151/53 4580/151/53 4582/151/53
f 4584/151/53 4573/151/53 4580/151/53
f 4585/151/53 4584/151/53 4581/151/53
f 4586/151/53 4584/151/53 4585/151/53
f 4587/151/53 4586/151/53 4585/151/53
f 4588/151/53 4586/151/53 4587/151/53
f 4589/151/53 4588/151/53 4587/151/53
f 4590/151/53 4588/151/53 4589/151/53
f 4591/151/1477 4063/151/1477 4065/151/1477 4592/151/1477
f 4163/151/1496 4593/151/1496 4594/151/1496
f 4595/151/1417 4077/151/814 4082/151/814
f 4072/151/1418 4070/151/1520 4595/151/1417
f 4072/151/1418 4595/151/1417 4082/151/814
f 4197/151/814 4072/151/1418 4082/151/814
f 4194/151/1521 4197/151/814 4082/151/814
f 4596/151/51 4597/151/1522 4598/151/51
f 4598/151/51 4597/151/1522 4599/151/1523
f 4600/151/758 4599/151/1523 4601/151/1524
f 4311/151/1524 4600/151/758 4601/151/1524
f 4311/151/1524 4602/151/756 4600/151/758
f 4311/151/1524 4310/151/1525 4602/151/756
f 4602/151/756 4310/151/1525 3954/151/1526
f 3953/151/1527 4602/151/756 3954/151/1526
f 3953/151/1527 3952/151/1528 4602/151/756
f 4602/151/756 3952/151/1528 3951/151/1529
f 4603/151/1530 4602/151/756 3951/151/1529
f 4603/151/1530 4604/151/754 4602/151/756
f 4603/151/1530 4605/151/1531 4604/151/754
f 4604/151/754 4605/151/1531 3933/151/1
f 3932/151/1 4604/151/754 3933/151/1
f 4605/151/1532 3929/151/1533 3930/151/1534
f 4605/151/1531 3929/151/1 3933/151/1
f 4600/151/758 4598/151/51 4599/151/1523
f 4416/151/221 4418/151/221 4606/151/221 4607/151/221
f 4598/151/814 4608/151/814 4609/151/814 4610/151/814
f 4611/151/55 4612/151/55 4291/151/55 4290/151/55
f 4148/151/1535 4153/151/1536 4291/151/1537
f 4146/151/1538 4148/151/1535 4291/151/1537
f 4149/151/1539 4146/151/1538 4291/151/1537
f 4151/151/1535 4149/151/1539 4291/151/1537
f 4612/151/1538 4151/151/1535 4291/151/1537
f 4613/151/1538 4151/151/1535 4612/151/1538
f 4614/151/1538 4151/151/1538 4613/151/1538
f 4172/151/1538 4151/151/1538 4614/151/1538
f 4175/151/1538 4151/151/1538 4172/151/1538
f 4302/151/1538 4151/151/1538 4175/151/1538
f 4305/151/1538 4151/151/1538 4302/151/1538
f 4142/151/1538 4151/151/1538 4305/151/1538
f 4145/151/1538 4151/151/1538 4142/151/1538
f 4615/151/1538 4151/151/1538 4145/151/1538
f 4616/151/1538 4151/151/1538 4615/151/1538
f 4617/151/1538 4151/151/1538 4616/151/1538
f 4618/151/1538 4151/151/1538 4617/151/1538
f 4619/151/1538 4151/151/1538 4618/151/1538
f 4620/151/1538 4151/151/1538 4619/151/1538
f 4248/151/1538 4151/151/1538 4620/151/1538
f 4285/151/1540 4151/151/1538 4248/151/1538
f 4621/151/1538 4285/151/1540 4248/151/1538
f 4622/151/1535 4621/151/1538 4248/151/1538
f 4623/151/1535 4622/151/1535 4248/151/1538
f 4038/151/1541 4623/151/1535 4248/151/1538
f 4039/151/1542 4623/151/1535 4038/151/1541
f 4624/151/11 4625/151/11 4626/151/11 4627/151/11
f 4061/151/55 4050/151/55 4049/151/55
f 4061/151/55 4060/151/55 4050/151/55
f 4117/151/55 4061/151/55 4049/151/55
f 4628/151/55 4117/151/55 4049/151/55
f 4629/151/1543 4630/151/1544 4631/151/1545
f 4632/151/1546 4629/151/1543 4631/151/1545
f 4630/151/1544 4633/151/1547 4631/151/1545
f 4631/151/1545 4633/151/1547 4634/151/1548
f 4635/151/1549 4634/151/1548 4606/151/221
f 4635/151/1549 4631/151/1545 4634/151/1548
f 4634/151/1548 4607/151/221 4606/151/221
f 4528/151/49 4636/151/49 4161/151/49 4167/151/49 4354/151/49 4527/151/49
f 4121/151/748 4637/151/748 4638/151/748 4122/151/748
f 4639/151/53 4638/151/53 4637/151/53 4640/151/53 4641/151/53
f 4045/151/1 4044/151/1 4642/151/1088
f 4642/151/1088 4044/151/1 4643/151/1088
f 4644/151/1550 4643/151/1088 4645/151/1550
f 4033/151/46 4645/151/1550 4034/151/46
f 4033/151/46 4644/151/1550 4645/151/1550
f 4644/151/1550 4642/151/1088 4643/151/1088
f 4646/151/1551 4647/151/1551 4368/151/1551 4367/151/1551 4550/151/1551 4549/151/1551
f 3934/151/49 4185/151/49 4257/151/49 3936/151/49
f 4094/151/245 4648/151/245 4649/151/245 4091/151/245
f 4350/151/51 4349/151/51 4331/151/51 4330/151/51
f 4650/151/1552 4651/151/1553 4652/151/1554
f 4652/151/1554 4651/151/1553 4653/151/1555
f 4653/151/1555 4651/151/1553 4654/151/1556
f 4655/151/1557 4654/151/1556 4656/151/1558
f 4657/151/1559 4656/151/1558 4658/151/1560
f 4659/151/1561 4657/151/1559 4658/151/1560
f 4659/151/1561 4660/151/1562 4657/151/1559
f 4657/151/1559 4660/151/1562 4661/151/1563
f 4662/151/1564 4660/151/1565 4661/151/1566
f 4657/151/1559 4655/151/1557 4656/151/1558
f 4655/151/1557 4653/151/1555 4654/151/1556
f 4663/151/1567 4664/151/1568 4211/151/1569
f 4665/151/1570 4663/151/1567 4211/151/1569
f 4666/151/1571 4665/151/1570 4211/151/1569
f 4210/151/1572 4666/151/1571 4211/151/1569
f 4667/151/1573 4666/151/1571 4210/151/1572
f 4668/151/1568 4664/151/1568 4663/151/1567
f 4669/151/1568 4668/151/1568 4663/151/1567
f 4670/151/49 4671/151/49 4672/151/49 4673/151/49
f 4674/151/11 4407/151/11 4279/151/11 4182/151/11 4181/151/11
f 4079/151/245 4078/151/245 4163/151/245 4160/151/245
f 3970/151/11 3968/151/11 4355/151/11 4359/151/11 4609/151/11
f 4675/151/1 4219/151/1 4220/151/1
f 4668/151/1 4669/151/1 4675/151/1
f 4676/151/1 4668/151/1 4675/151/1
f 4676/151/1 4675/151/1 4220/151/1
f 4615/151/55 4677/151/55 4678/151/55 4616/151/55
f 3958/151/55 4368/151/55 4647/151/55 3959/151/55
f 4679/151/224 4680/151/224 3932/151/224 3937/151/224
f 4681/151/209 4682/151/209 4674/151/209 4181/151/209
f 4683/151/53 4684/151/53 4685/151/53
f 4686/151/53 4684/151/53 4683/151/53
f 4687/151/53 4686/151/53 4683/151/53
f 4688/151/53 4687/151/53 4683/151/53
f 4689/151/53 4687/151/53 4688/151/53
f 4690/151/53 4689/151/53 4688/151/53
f 4691/151/53 4689/151/53 4690/151/53
f 4692/151/53 4689/151/53 4691/151/53
f 4693/151/53 4689/151/53 4692/151/53
f 4694/151/53 4691/151/53 4690/151/53
f 4695/151/53 4689/151/53 4693/151/53
f 4696/151/53 4694/151/53 4690/151/53
f 4697/151/53 4689/151/53 4695/151/53
f 4698/151/53 4696/151/53 4690/151/53
f 4699/151/53 4689/151/53 4697/151/53
f 4700/151/53 4698/151/53 4690/151/53
f 4701/151/53 4699/151/53 4697/151/53
f 4702/151/53 4698/151/53 4700/151/53
f 4703/151/53 4701/151/53 4697/151/53
f 4704/151/53 4698/151/53 4702/151/53
f 4705/151/53 4698/151/53 4704/151/53
f 4706/151/53 4705/151/53 4704/151/53
f 4707/151/53 4708/151/53 4703/151/53
f 4707/151/53 4703/151/53 4697/151/53
f 4595/151/11 4070/151/11 4069/151/11 4594/151/11 4593/151/11
f 4709/151/53 4710/151/53 4177/151/53
f 4711/151/53 3942/151/53 4712/151/53
f 4713/151/53 4709/151/53 4177/151/53
f 4714/151/53 3942/151/53 4711/151/53
f 3943/151/53 3942/151/53 4714/151/53
f 4176/151/53 4713/151/53 4177/151/53
f 4715/151/53 4713/151/53 4176/151/53
f 4716/151/53 3943/151/53 4714/151/53
f 4717/151/53 4713/151/53 4715/151/53
f 4718/151/53 4716/151/53 4714/151/53
f 4719/151/53 4718/151/53 4714/151/53
f 4720/151/53 4713/151/53 4717/151/53
f 4721/151/53 4719/151/53 4714/151/53
f 4722/151/53 4713/151/53 4720/151/53
f 4723/151/53 4719/151/53 4721/151/53
f 4724/151/53 4722/151/53 4720/151/53
f 4725/151/53 4724/151/53 4720/151/53
f 4726/151/53 4719/151/53 4723/151/53
f 4727/151/53 4728/151/53 4729/151/53
f 4727/151/53 4726/151/53 4728/151/53
f 4727/151/53 4719/151/53 4726/151/53
f 4730/151/53 4727/151/53 4729/151/53
f 4730/151/53 4729/151/53 4725/151/53
f 4730/151/53 4725/151/53 4720/151/53
f 4731/151/53 4727/151/53 4730/151/53
f 4732/151/53 4731/151/53 4730/151/53
f 4733/151/53 4731/151/53 4732/151/53
f 4734/151/53 4731/151/53 4733/151/53
f 4735/151/53 4734/151/53 4733/151/53
f 4736/151/53 4734/151/53 4735/151/53
f 4130/151/209 4535/151/209 4112/151/209 4111/151/209
f 4737/151/51 4738/151/1574 4739/151/51
f 4739/151/51 4738/151/1574 4740/151/1574
f 4740/151/1574 4738/151/1574 4741/151/1575
f 4741/151/1575 4738/151/1574 4742/151/1575
f 4743/151/1576 4742/151/1575 4744/151/1577
f 4103/151/231 4743/151/1576 4744/151/1577
f 4103/151/231 4745/151/1578 4743/151/1576
f 4103/151/231 4102/151/231 4745/151/1578
f 4743/151/1576 4741/151/1575 4742/151/1575
f 4356/151/756 4239/151/756 4746/151/756 4357/151/756
f 4113/151/1 4534/151/1 4128/151/1 4114/151/1
f 4564/151/11 4568/151/11 4747/151/11 4748/151/11
f 4446/151/11 4423/151/11 4636/151/11 4528/151/11 4530/151/11 4749/151/11
f 4380/151/55 4424/151/55 4261/151/55 4260/151/55
f 4266/151/1 4557/151/1 4267/151/1
f 4419/151/1 4266/151/1 4268/151/1
f 4419/151/1 4557/151/1 4266/151/1
f 4420/151/1 4419/151/1 4268/151/1
f 4558/151/1 4420/151/1 4268/151/1
f 4236/151/53 4190/151/53 4189/151/53 4258/151/53
f 4202/151/814 4750/151/814 4201/151/1579
f 4201/151/1579 4750/151/814 4751/151/1580
f 4195/151/1581 4751/151/1580 4752/151/1581
f 4196/151/1582 4752/151/1581 4753/151/1582
f 4170/151/228 4753/151/1582 4277/151/228
f 4170/151/228 4196/151/1582 4753/151/1582
f 4196/151/1582 4195/151/1581 4752/151/1581
f 4195/151/1581 4201/151/1579 4751/151/1580
f 4128/151/49 4534/151/49 4533/151/49
f 4301/151/49 4537/151/49 4298/151/49
f 4369/151/49 4301/151/49 4322/151/49
f 4369/151/49 4537/151/49 4301/151/49
f 4092/151/49 4537/151/49 4369/151/49
f 4754/151/49 4129/151/49 4128/151/49
f 4754/151/49 4128/151/49 4533/151/49
f 4682/151/49 4129/151/49 4754/151/49
f 4591/151/49 4129/151/49 4682/151/49
f 4063/151/49 4264/151/49 4064/151/49
f 4251/151/49 4369/151/49 4322/151/49
f 4250/151/49 4264/151/49 4063/151/49
f 4293/151/49 4754/151/49 4533/151/49
f 4681/151/49 4251/151/49 4250/151/49
f 4681/151/49 4250/151/49 4063/151/49
f 4681/151/49 4063/151/49 4591/151/49
f 4681/151/49 4591/151/49 4682/151/49
f 4755/151/49 4251/151/49 4681/151/49
f 4755/151/49 4369/151/49 4251/151/49
f 4649/151/49 4537/151/49 4092/151/49
f 4091/151/49 4649/151/49 4092/151/49
f 4292/151/49 4754/151/49 4293/151/49
f 4756/151/1583 4659/151/1561 4757/151/1584
f 4756/151/1583 4758/151/1585 4659/151/1561
f 4659/151/1561 4758/151/1585 4661/151/1586
f 4662/151/1587 4659/151/1561 4661/151/1586
f 4662/151/1587 4660/151/1562 4659/151/1561
f 4659/151/1561 4759/151/1588 4757/151/1584
f 4757/151/1584 4759/151/1588 4760/151/1589
f 4760/151/1589 4759/151/1588 4761/151/1590
f 4762/151/1591 4761/151/1590 4104/151/231
f 4762/151/1591 4760/151/1589 4761/151/1590
f 4761/151/1590 4101/151/231 4104/151/231
f 4180/151/199 4370/151/199 4369/151/199 4755/151/199
f 3932/151/224 4680/151/224 4604/151/1592
f 4604/151/1592 4680/151/224 4763/151/1592
f 4602/151/1593 4763/151/1592 4764/151/1593
f 4600/151/1594 4764/151/1593 4765/151/1594
f 4598/151/814 4765/151/1594 4608/151/814
f 4598/151/814 4600/151/1594 4765/151/1594
f 4600/151/1594 4602/151/1593 4764/151/1593
f 4602/151/1593 4604/151/1592 4763/151/1592
f 3975/151/55 4186/151/55 4188/151/55 3976/151/55
f 4766/151/1494 4273/151/1493 4559/151/1493
f 4271/151/1493 4273/151/1493 4766/151/1494
f 4106/151/1494 4766/151/1494 4559/151/1493
f 4107/151/1493 4106/151/1494 4559/151/1493
f 4767/151/1 4043/151/1 4042/151/1 4137/151/1
f 4079/151/49 4160/151/49 4162/151/49 4080/151/49
f 4753/151/55 4278/151/55 4277/151/226
f 4340/151/55 4278/151/55 4753/151/55
f 4342/151/55 4340/151/55 4753/151/55
f 4752/151/55 4342/151/55 4753/151/55
f 4344/151/55 4342/151/55 4752/151/55
f 4751/151/55 4344/151/55 4752/151/55
f 4157/151/55 4344/151/55 4751/151/55
f 4208/151/1595 4157/151/55 4751/151/55
f 4768/151/55 4208/151/1595 4751/151/55
f 4154/151/55 4344/151/55 4157/151/55
f 4769/151/55 4768/151/55 4751/151/55
f 4152/151/55 4344/151/55 4154/151/55
f 4147/151/55 4344/151/55 4152/151/55
f 4770/151/55 4769/151/55 4751/151/55
f 4294/151/55 4344/151/55 4147/151/55
f 4750/151/55 4770/151/55 4751/151/55
f 4150/151/55 4294/151/55 4147/151/55
f 3963/151/55 4770/151/55 4750/151/55
f 4051/151/55 3963/151/55 4750/151/55
f 4284/151/55 4294/151/55 4150/151/55
f 4295/151/55 4294/151/55 4284/151/55
f 3961/151/55 3963/151/55 4051/151/55
f 4771/151/51 4640/151/51 4120/151/51
f 4772/151/51 4640/151/51 4771/151/51
f 4357/151/51 4773/151/51 4628/151/51
f 4746/151/51 4773/151/51 4357/151/51
f 4329/151/51 4357/151/51 4628/151/51
f 4329/151/51 4628/151/51 4049/151/51
f 4360/151/51 4329/151/51 4328/151/51
f 4360/151/51 4357/151/51 4329/151/51
f 4668/151/51 4610/151/51 4360/151/51
f 4668/151/51 4360/151/51 4328/151/51
f 4668/151/51 4328/151/51 4771/151/51
f 4668/151/51 4771/151/51 4120/151/51
f 4668/151/51 4120/151/51 4119/151/51
f 4598/151/51 4668/151/51 4676/151/51
f 4598/151/51 4610/151/51 4668/151/51
f 4596/151/51 4598/151/51 4676/151/51
f 4774/151/51 4258/151/51 4259/151/51
f 4664/151/51 4258/151/51 4774/151/51
f 4664/151/51 4238/151/51 4258/151/51
f 4664/151/51 4059/151/51 4238/151/51
f 4317/151/51 4202/151/1468 4203/151/51
f 4321/151/51 4202/151/51 4317/151/51
f 4059/151/51 4202/151/51 4321/151/51
f 4048/151/51 4202/151/51 4059/151/51
f 4049/151/51 4048/151/51 4059/151/51
f 4641/151/51 4049/151/51 4059/151/51
f 4119/151/51 4641/151/51 4059/151/51
f 4640/151/51 4049/151/51 4641/151/51
f 4772/151/51 4049/151/51 4640/151/51
f 4329/151/51 4049/151/51 4772/151/51
f 4664/151/51 4119/151/51 4059/151/51
f 4668/151/51 4119/151/51 4664/151/51
f 4053/151/51 4059/151/51 4058/151/51
f 4054/151/51 4053/151/51 4058/151/51
f 4267/151/51 4059/151/51 4053/151/51
f 4557/151/51 4059/151/51 4267/151/51
f 3994/151/51 4059/151/51 4557/151/51
f 4272/151/54 4059/151/51 3994/151/51
f 4238/151/51 4059/151/51 4272/151/54
f 3994/151/51 3991/151/51 4364/151/51 4559/151/51 4273/151/51 4272/151/54
f 4775/151/51 4560/151/51 4559/151/51 4364/151/51
f 4238/151/51 4236/151/51 4258/151/51
f 3940/151/49 3941/151/49 4335/151/49 4334/151/49 4542/151/49 4776/151/49
f 4163/151/767 4078/151/769 4077/151/1596
f 4593/151/767 4163/151/767 4077/151/1596
f 4595/151/55 4593/151/767 4077/151/1596
f 4181/151/245 4180/151/245 4755/151/245 4681/151/245
f 4777/151/53 4363/151/53 4366/151/53
f 4269/151/53 4363/151/53 4777/151/53
f 3985/151/53 4269/151/53 4777/151/53
f 3985/151/53 4777/151/53 3989/151/53
f 4778/151/51 4316/151/51 4318/151/51
f 4779/151/51 4778/151/51 4318/151/51
f 4780/151/51 4779/151/51 4318/151/51
f 4056/151/51 4781/151/51 4782/151/51
f 4057/151/51 4056/151/51 4782/151/51
f 4057/151/51 4782/151/51 4783/151/51
f 4057/151/51 4783/151/51 4784/151/51
f 4057/151/51 4784/151/51 4780/151/51
f 4057/151/51 4780/151/51 4318/151/51
f 4194/151/51 4082/151/51 4081/151/51 4192/151/51
f 4785/151/1597 4786/151/53 4787/151/1598
f 4787/151/1598 4786/151/53 4788/151/1599
f 4789/151/231 4788/151/1599 4790/151/231
f 4791/151/1600 4790/151/231 4792/151/1600
f 4306/151/11 4792/151/1600 4307/151/11
f 4306/151/11 4791/151/1600 4792/151/1600
f 4791/151/1600 4789/151/231 4790/151/231
f 4789/151/231 4787/151/1598 4788/151/1599
f 4234/151/55 4793/151/55 4794/151/55 4233/151/55
f 4649/151/245 4648/151/245 4795/151/1601
f 4795/151/1601 4648/151/245 4796/151/1601
f 4797/151/1602 4796/151/1601 4798/151/1603
f 4799/151/1604 4798/151/1603 4800/151/1604
f 3937/151/224 4800/151/1604 4679/151/224
f 3937/151/224 4799/151/1604 4800/151/1604
f 4799/151/1604 4797/151/1602 4798/151/1603
f 4797/151/1602 4795/151/1601 4796/151/1601
f 4637/151/11 4121/151/11 4120/151/11 4640/151/11
f 4163/151/617 4594/151/617 4069/151/617 4198/151/617 4199/151/617
f 4043/151/1 4767/151/1 4041/151/1605
f 4041/151/1605 4767/151/1 4801/151/241
f 4039/151/1606 4801/151/241 4802/151/199
f 4623/151/1607 4802/151/199 4803/151/243
f 4622/151/1608 4803/151/243 4621/151/1609
f 4622/151/1608 4623/151/1607 4803/151/243
f 4803/151/243 4286/151/49 4621/151/1609
f 4621/151/1609 4286/151/49 4285/151/49
f 4623/151/1607 4039/151/1606 4802/151/199
f 4039/151/1606 4041/151/1605 4801/151/241
f 4613/151/55 4804/151/55 4805/151/55 4614/151/55
f 4237/151/1507 4276/151/1507 3974/151/1507 3973/151/1507
f 4051/151/814 4750/151/814 4202/151/814 4048/151/814
f 4806/151/55 4231/151/55 4232/151/55 4807/151/55
f 4379/151/53 3978/151/53 3977/151/53 4434/151/53
f 4209/151/11 4208/151/11 4288/151/1610
f 4288/151/1610 4208/151/11 4768/151/746
f 4223/151/1611 4768/151/746 4769/151/748
f 4221/151/1612 4769/151/748 4770/151/750
f 4224/151/1613 4770/151/750 4225/151/1614
f 4224/151/1613 4221/151/1612 4770/151/750
f 4770/151/750 3963/151/51 4225/151/1614
f 4225/151/1614 3963/151/51 3962/151/51
f 4221/151/1612 4223/151/1611 4769/151/748
f 4223/151/1611 4288/151/1610 4768/151/746
f 4295/151/199 4309/151/199 4754/151/199 4292/151/199
f 4000/151/49 4002/151/49 4011/151/49
f 4003/151/49 4000/151/49 4011/151/49
f 4013/151/49 4003/151/49 4011/151/49
f 4015/151/49 4003/151/49 4013/151/49
f 4005/151/49 4003/151/49 4015/151/49
f 4026/151/49 4005/151/49 4015/151/49
f 4007/151/49 4005/151/49 4026/151/49
f 4024/151/49 4007/151/49 4026/151/49
f 4016/151/49 4007/151/49 4024/151/49
f 4018/151/49 4016/151/49 4024/151/49
f 4022/151/49 4018/151/49 4024/151/49
f 4020/151/49 4018/151/49 4022/151/49
f 4262/151/705 4265/151/705 4808/151/705
f 4326/151/705 4809/151/705 4325/151/705
f 4538/151/705 4326/151/705 4262/151/705
f 4538/151/705 4809/151/705 4326/151/705
f 4536/151/705 4538/151/705 4262/151/705
f 4536/151/705 4262/151/705 4808/151/705
f 4649/151/49 4795/151/243 4537/151/49
f 4537/151/49 4795/151/243 4540/151/243
f 4540/151/243 4795/151/243 4797/151/1615
f 4543/151/1615 4797/151/1615 4799/151/241
f 4546/151/241 4799/151/241 3937/151/1
f 3935/151/1 4546/151/241 3937/151/1
f 4546/151/241 4543/151/1615 4799/151/241
f 4543/151/1615 4540/151/243 4797/151/1615
f 3940/151/55 4810/151/55 3939/151/55
f 3940/151/55 4811/151/55 4810/151/55
f 3940/151/55 4776/151/55 4811/151/55
f 4327/151/49 4263/151/49 4262/151/49 4326/151/49
f 4033/151/49 4035/151/49 4249/151/49
f 4247/151/49 4611/151/49 4290/151/49
f 4644/151/49 4033/151/49 4249/151/49
f 4245/151/49 4611/151/49 4247/151/49
f 4642/151/49 4644/151/49 4249/151/49
f 4243/151/49 4611/151/49 4245/151/49
f 4241/151/49 4611/151/49 4243/151/49
f 4045/151/49 4642/151/49 4249/151/49
f 4046/151/49 4045/151/49 4249/151/49
f 4307/151/49 4611/151/49 4241/151/49
f 4812/151/49 4813/151/49 4814/151/49
f 4815/151/49 4304/151/49 4303/151/49
f 4816/151/49 4304/151/49 4815/151/49
f 4817/151/49 4144/151/49 4143/151/49
f 4818/151/49 4144/151/49 4817/151/49
f 4819/151/49 4678/151/49 4677/151/49
f 4820/151/49 4819/151/49 4677/151/49
f 4821/151/49 4174/151/49 4173/151/49
f 3956/151/49 4159/151/49 4378/151/49
f 3956/151/49 4378/151/49 4376/151/49
f 3956/151/49 4376/151/49 4374/151/49
f 3956/151/49 4116/151/49 4159/151/49
f 4550/151/49 4788/151/49 4786/151/49
f 4550/151/49 4790/151/49 4788/151/49
f 4550/151/49 4792/151/49 4790/151/49
f 4550/151/49 4786/151/49 4551/151/49
f 4822/151/49 4805/151/49 4804/151/49
f 4823/151/49 4820/151/49 4821/151/49
f 4823/151/49 4819/151/49 4820/151/49
f 4823/151/49 4812/151/49 4819/151/49
f 4823/151/49 4821/151/49 4173/151/49
f 4824/151/49 4792/151/49 4550/151/49
f 4824/151/49 4307/151/49 4792/151/49
f 4824/151/49 4611/151/49 4307/151/49
f 4825/151/49 4826/151/49 4827/151/49
f 4828/151/49 4822/151/49 4804/151/49
f 4829/151/49 4812/151/49 4823/151/49
f 4829/151/49 4813/151/49 4812/151/49
f 4830/151/49 4825/151/49 4827/151/49
f 4831/151/49 3956/151/49 4374/151/49
f 4831/151/49 4374/151/49 4046/151/49
f 4831/151/49 4046/151/49 4249/151/49
f 4367/151/49 4831/151/49 4830/151/49
f 4367/151/49 4830/151/49 4829/151/49
f 4367/151/49 4829/151/49 4828/151/49
f 4367/151/49 4828/151/49 4824/151/49
f 4367/151/49 4824/151/49 4550/151/49
f 3957/151/49 4831/151/49 4367/151/49
f 3957/151/49 3956/151/49 4831/151/49
f 4674/151/55 4754/151/55 4309/151/55
f 4674/151/55 4309/151/55 4308/151/55
f 4407/151/55 4674/151/55 4308/151/55
f 4682/151/55 4754/151/55 4674/151/55
f 4832/151/1616 4458/151/1617 4833/151/1618
f 4832/151/1616 4834/151/1619 4458/151/1617
f 4458/151/1617 4834/151/1619 4459/151/1620
f 4459/151/1620 4834/151/1619 4835/151/1621
f 4461/151/1622 4835/151/1621 4464/151/1623
f 4461/151/1622 4459/151/1620 4835/151/1621
f 4835/151/1621 4836/151/1624 4464/151/1623
f 4464/151/1623 4836/151/1624 4466/151/1625
f 4466/151/1625 4836/151/1624 4837/151/1626
f 4465/151/1627 4837/151/1626 4838/151/1628
f 4439/151/1629 4838/151/1628 4839/151/1629
f 4438/151/1630 4839/151/1629 4840/151/1631
f 4435/151/1632 4840/151/1631 4841/151/1633
f 4463/151/1634 4841/151/1633 4842/151/1635
f 4462/151/1636 4842/151/1635 4843/151/1637
f 4460/151/1638 4843/151/1637 4844/151/1639
f 4457/151/1640 4844/151/1639 4845/151/1641
f 4456/151/1618 4845/151/1641 4833/151/1618
f 4458/151/1617 4456/151/1618 4833/151/1618
f 4439/151/1629 4465/151/1627 4838/151/1628
f 4465/151/1627 4466/151/1625 4837/151/1626
f 4456/151/1618 4457/151/1640 4845/151/1641
f 4457/151/1640 4460/151/1638 4844/151/1639
f 4460/151/1638 4462/151/1636 4843/151/1637
f 4462/151/1636 4463/151/1634 4842/151/1635
f 4463/151/1634 4435/151/1632 4841/151/1633
f 4435/151/1632 4438/151/1630 4840/151/1631
f 4438/151/1630 4439/151/1629 4839/151/1629
f 4363/151/748 4362/151/748 4775/151/748 4364/151/748
f 4846/151/49 4847/151/49 4848/151/49
f 4849/151/49 4846/151/49 4848/151/49
f 4850/151/49 4849/151/49 4848/151/49
f 4851/151/49 4849/151/49 4850/151/49
f 4852/151/49 4849/151/49 4851/151/49
f 4853/151/49 4852/151/49 4851/151/49
f 4854/151/49 4852/151/49 4853/151/49
f 4855/151/49 4854/151/49 4853/151/49
f 4856/151/49 4854/151/49 4855/151/49
f 4857/151/49 4856/151/49 4855/151/49
f 4858/151/49 4857/151/49 4855/151/49
f 4859/151/49 4857/151/49 4858/151/49
f 4609/151/748 4359/151/748 4360/151/748 4610/151/748
f 4286/151/55 4094/151/55 4283/151/55
f 3972/151/55 3970/151/55 4609/151/55
f 4608/151/55 3972/151/55 4609/151/55
f 4648/151/55 4094/151/55 4286/151/55
f 4803/151/55 4648/151/55 4286/151/55
f 4132/151/55 3972/151/55 4608/151/55
f 4135/151/55 4132/151/55 4608/151/55
f 4802/151/767 4648/151/55 4803/151/55
f 4136/151/55 4135/151/55 4608/151/55
f 4801/151/55 4648/151/55 4802/151/767
f 4796/151/55 4767/151/767 4137/151/55
f 4796/151/55 4801/151/55 4767/151/767
f 4796/151/55 4648/151/55 4801/151/55
f 4765/151/55 4796/151/55 4137/151/55
f 4765/151/55 4137/151/55 4136/151/55
f 4765/151/55 4136/151/55 4608/151/55
f 4798/151/55 4796/151/55 4765/151/55
f 4764/151/55 4798/151/55 4765/151/55
f 4763/151/55 4798/151/55 4764/151/55
f 4800/151/55 4798/151/55 4763/151/55
f 4679/151/55 4800/151/55 4763/151/55
f 4680/151/769 4679/151/55 4763/151/55
f 4860/151/1642 4861/151/1642 4781/151/1642
f 4862/151/1643 4860/151/1644 4781/151/1645
f 4863/151/1646 4862/151/1643 4781/151/1645
f 4863/151/1646 4321/151/1568 4320/151/1568
f 4056/151/1568 4863/151/1646 4781/151/1645
f 4059/151/1568 4863/151/1646 4056/151/1568
f 4059/151/1568 4321/151/1568 4863/151/1646
f 4255/151/51 4311/151/51 4601/151/51 4256/151/51
f 4226/151/55 4864/151/55 4289/151/55 4222/151/55
f 4118/151/748 4117/151/748 4628/151/748 4773/151/748
f 4617/151/55 4814/151/55 4813/151/55 4618/151/55
f 4647/151/1647 4646/151/1647 3960/151/1647 3959/151/1647
f 4093/151/11 4372/151/11 4281/151/11 4283/151/11 4094/151/11
f 4424/151/1 4434/151/1 3977/151/1 3980/151/1 4261/151/1
f 4772/151/53 4347/151/53 4350/151/53 4330/151/53 4329/151/53
f 4826/151/55 4620/151/55 4619/151/55 4827/151/55
f 4676/151/53 4220/151/53 4212/151/53
f 4317/151/53 4057/151/53 4318/151/53
f 4774/151/53 4676/151/53 4212/151/53
f 4058/151/53 4057/151/53 4317/151/53
f 4597/151/53 4774/151/53 4259/151/53
f 4597/151/53 4676/151/53 4774/151/53
f 4597/151/53 4596/151/53 4676/151/53
f 4200/151/53 4054/151/53 4058/151/53
f 4200/151/53 4058/151/53 4203/151/53
f 4193/151/53 4054/151/53 4200/151/53
f 4599/151/53 4597/151/53 4259/151/53
f 4362/151/53 4560/151/53 4775/151/53
f 4361/151/53 4560/151/53 4362/151/53
f 4192/151/53 4054/151/53 4193/151/53
f 4601/151/53 4599/151/53 4259/151/53
f 4191/151/53 4256/151/53 4601/151/53
f 4191/151/53 4601/151/53 4259/151/53
f 4187/151/53 4361/151/53 4362/151/53
f 4270/151/53 4187/151/53 4362/151/53
f 4055/151/53 4192/151/53 4081/151/53
f 4055/151/53 4054/151/53 4192/151/53
f 4162/151/53 4270/151/53 4055/151/53
f 4162/151/53 4187/151/53 4270/151/53
f 4162/151/53 4191/151/53 4187/151/53
f 4162/151/53 4055/151/53 4081/151/53
f 4257/151/53 4191/151/53 4162/151/53
f 4257/151/53 4256/151/53 4191/151/53
f 4080/151/53 4162/151/53 4081/151/53
f 4335/151/53 3936/151/53 4162/151/53
f 3941/151/53 3936/151/53 4335/151/53
f 4636/151/53 4335/151/53 4162/151/53
f 4161/151/53 4636/151/53 4162/151/53
f 4468/151/53 4335/151/53 4636/151/53
f 4467/151/53 4335/151/53 4468/151/53
f 4487/151/53 4468/151/53 4636/151/53
f 4488/151/53 4487/151/53 4636/151/53
f 4490/151/53 4488/151/53 4636/151/53
f 4491/151/53 4490/151/53 4636/151/53
f 4450/151/53 4335/151/53 4467/151/53
f 4494/151/53 4491/151/53 4636/151/53
f 4503/151/53 4494/151/53 4636/151/53
f 4453/151/53 4335/151/53 4450/151/53
f 4336/151/53 4335/151/53 4453/151/53
f 4423/151/53 4503/151/53 4636/151/53
f 4865/151/53 4453/151/53 4450/151/53
f 4553/151/53 4865/151/53 4450/151/53
f 4866/151/53 4553/151/53 4450/151/53
f 4867/151/53 4451/151/53 4467/151/53
f 4127/151/53 4867/151/53 4467/151/53
f 4124/151/53 4127/151/53 4467/151/53
f 4868/151/53 4124/151/53 4467/151/53
f 4869/151/53 4468/151/53 4471/151/53
f 4870/151/53 4869/151/53 4471/151/53
f 4871/151/53 4472/151/53 4475/151/53
f 4872/151/53 4871/151/53 4475/151/53
f 4873/151/53 4476/151/53 4479/151/53
f 4874/151/53 4873/151/53 4479/151/53
f 4875/151/53 4480/151/53 4483/151/53
f 4876/151/53 4875/151/53 4483/151/53
f 4877/151/53 4484/151/53 4487/151/53
f 4878/151/53 4877/151/53 4487/151/53
f 4879/151/53 4488/151/53 4490/151/53
f 4880/151/53 4879/151/53 4490/151/53
f 4881/151/53 4491/151/53 4494/151/53
f 4882/151/53 4881/151/53 4494/151/53
f 4883/151/53 4495/151/53 4498/151/53
f 4884/151/53 4883/151/53 4498/151/53
f 4885/151/53 4499/151/53 4502/151/53
f 4671/151/53 4885/151/53 4502/151/53
f 4672/151/53 4671/151/53 4502/151/53
f 4886/151/53 4503/151/53 4422/151/53
f 3983/151/53 4503/151/53 4886/151/53
f 3982/151/53 4503/151/53 3983/151/53
f 4887/151/53 4503/151/53 3982/151/53
f 4888/151/53 4672/151/53 4502/151/53
f 4095/151/11 4287/151/11 4535/151/11
f 4098/151/11 4095/151/11 4535/151/11
f 4129/151/11 4098/151/11 4535/151/11
f 4130/151/11 4129/151/11 4535/151/11
f 4592/151/11 4098/151/11 4129/151/11
f 4591/151/11 4592/151/11 4129/151/11
f 4349/151/55 4348/151/55 4771/151/55 4328/151/55 4331/151/55
f 4169/151/11 4171/151/11 4523/151/257
f 4523/151/257 4171/151/11 4341/151/257
f 4526/151/209 4341/151/257 4343/151/209
f 4531/151/267 4343/151/209 4345/151/267
f 4533/151/49 4345/151/267 4293/151/49
f 4533/151/49 4531/151/267 4345/151/267
f 4531/151/267 4526/151/209 4343/151/209
f 4526/151/209 4523/151/257 4341/151/257
f 4272/151/53 4276/151/53 4237/151/53 4238/151/53
f 4212/151/11 4211/151/11 4664/151/11 4774/151/11
f 4356/151/1 4358/151/1 3969/151/1 3967/151/1 4239/151/1
f 4239/151/814 4118/151/814 4773/151/814 4746/151/814
f 4518/151/1616 4427/151/1617 4506/151/1618
f 4518/151/1616 4517/151/1619 4427/151/1617
f 4427/151/1617 4517/151/1619 4428/151/1620
f 4428/151/1620 4517/151/1619 4516/151/1621
f 4430/151/1622 4516/151/1621 4432/151/1623
f 4430/151/1622 4428/151/1620 4516/151/1621
f 4516/151/1621 4515/151/1624 4432/151/1623
f 4432/151/1623 4515/151/1624 4436/151/1625
f 4436/151/1625 4515/151/1624 4514/151/1626
f 4437/151/1648 4514/151/1626 4513/151/1628
f 4440/151/1629 4513/151/1628 4512/151/1629
f 4444/151/1649 4512/151/1629 4511/151/1631
f 4445/151/1650 4511/151/1631 4510/151/1633
f 4433/151/1634 4510/151/1633 4509/151/1635
f 4431/151/1636 4509/151/1635 4508/151/1637
f 4429/151/1638 4508/151/1637 4507/151/1651
f 4426/151/1640 4507/151/1651 4505/151/1652
f 4425/151/1618 4505/151/1652 4506/151/1618
f 4427/151/1617 4425/151/1618 4506/151/1618
f 4440/151/1629 4437/151/1648 4513/151/1628
f 4437/151/1648 4436/151/1625 4514/151/1626
f 4425/151/1618 4426/151/1640 4505/151/1652
f 4426/151/1640 4429/151/1638 4507/151/1651
f 4429/151/1638 4431/151/1636 4508/151/1637
f 4431/151/1636 4433/151/1634 4509/151/1635
f 4433/151/1634 4445/151/1650 4510/151/1633
f 4445/151/1650 4444/151/1649 4511/151/1631
f 4444/151/1649 4440/151/1629 4512/151/1629
f 4889/151/53 4890/151/53 4891/151/53 4892/151/53
f 3993/151/51 4420/151/51 4558/151/51 3986/151/51
f 4122/151/51 4638/151/51 4639/151/51 4123/151/51
f 4183/151/1 4282/151/1 4371/151/1 4370/151/1 4180/151/1
f 4785/151/51 4549/151/51 4552/151/51
f 4787/151/51 4549/151/51 4785/151/51
f 4646/151/51 4549/151/51 4787/151/51
f 4789/151/51 4646/151/51 4787/151/51
f 4791/151/51 4646/151/51 4789/151/51
f 4306/151/51 4646/151/51 4791/151/51
f 4893/151/51 4646/151/51 4306/151/51
f 4893/151/51 4306/151/51 4240/151/51
f 4864/151/51 4893/151/51 4240/151/51
f 4864/151/51 4240/151/51 4242/151/51
f 4864/151/51 4242/151/51 4244/151/51
f 4864/151/51 4244/151/51 4246/151/51
f 4864/151/51 4246/151/51 4289/151/51
f 4894/151/51 4646/151/51 4893/151/51
f 4548/151/51 4894/151/51 4547/151/51
f 4895/151/51 4894/151/51 4548/151/51
f 4895/151/51 4646/151/51 4894/151/51
f 4896/151/51 4646/151/51 4895/151/51
f 4084/151/51 4896/151/51 4085/151/51
f 4897/151/51 4896/151/51 4084/151/51
f 4898/151/51 4896/151/51 4897/151/51
f 4899/151/51 4898/151/51 4900/151/51
f 4901/151/51 4898/151/51 4899/151/51
f 4901/151/51 4896/151/51 4898/151/51
f 4902/151/51 4896/151/51 4901/151/51
f 4903/151/51 4896/151/51 4902/151/51
f 4903/151/51 4902/151/51 3998/151/51
f 3997/151/51 4903/151/51 3998/151/51
f 4904/151/51 4896/151/51 4903/151/51
f 4905/151/51 4904/151/51 4075/151/51
f 4905/151/51 4896/151/51 4904/151/51
f 4074/151/51 4905/151/51 4075/151/51
f 4906/151/51 4896/151/51 4905/151/51
f 4807/151/51 4906/151/51 4806/151/51
f 4907/151/51 4906/151/51 4807/151/51
f 4907/151/51 4896/151/51 4906/151/51
f 4907/151/51 4646/151/51 4896/151/51
f 4908/151/51 4646/151/51 4907/151/51
f 4909/151/51 4908/151/51 4794/151/51
f 4909/151/51 4646/151/51 4908/151/51
f 4793/151/51 4909/151/51 4794/151/51
f 4910/151/51 4646/151/51 4909/151/51
f 4047/151/51 4910/151/51 4911/151/51
f 4044/151/51 4047/151/51 4911/151/51
f 4643/151/51 4044/151/51 4911/151/51
f 4373/151/51 4910/151/51 4047/151/51
f 4645/151/51 4643/151/51 4911/151/51
f 4375/151/51 4910/151/51 4373/151/51
f 4034/151/51 4645/151/51 4911/151/51
f 3960/151/51 4910/151/51 4375/151/51
f 3960/151/51 4646/151/51 4910/151/51
f 4377/151/51 3960/151/51 4375/151/51
f 4158/151/51 3960/151/51 4377/151/51
f 4032/151/51 4034/151/51 4911/151/51
f 3955/151/51 3960/151/51 4158/151/51
f 4115/151/51 3955/151/51 4158/151/51
f 4641/151/1 4119/151/1 4123/151/1 4639/151/1
f 4912/151/55 4446/151/55 4749/151/55
f 4913/151/55 4446/151/55 4912/151/55
f 4443/151/55 4446/151/55 4913/151/55
f 4230/151/55 4899/151/55 4900/151/55 4229/151/55
f 4911/151/55 4235/151/55 4037/151/55 4032/151/55
f 4281/151/245 4372/151/245 4371/151/245 4282/151/245
f 4771/151/1 4348/151/1 4347/151/1 4772/151/1
f 4845/151/1508 4914/151/194 4833/151/53
f 4845/151/1508 4915/151/191 4914/151/194
f 4845/151/1508 4844/151/1509 4915/151/191
f 4915/151/191 4844/151/1509 4916/151/190
f 4916/151/190 4844/151/1509 4843/151/1510
f 4917/151/11 4843/151/1510 4842/151/1511
f 4918/151/189 4842/151/1511 4841/151/1512
f 4919/151/188 4841/151/1512 4840/151/1513
f 4920/151/186 4840/151/1513 4839/151/55
f 4921/151/187 4839/151/55 4838/151/1514
f 4922/151/184 4838/151/1514 4837/151/1515
f 4923/151/183 4837/151/1515 4836/151/1516
f 4924/151/1 4836/151/1516 4835/151/1517
f 4925/151/196 4835/151/1517 4834/151/1518
f 4926/151/195 4834/151/1518 4832/151/1519
f 4927/151/193 4832/151/1519 4833/151/53
f 4914/151/194 4927/151/193 4833/151/53
f 4917/151/11 4916/151/190 4843/151/1510
f 4927/151/193 4926/151/195 4832/151/1519
f 4926/151/195 4925/151/196 4834/151/1518
f 4925/151/196 4924/151/1 4835/151/1517
f 4924/151/1 4923/151/183 4836/151/1516
f 4923/151/183 4922/151/184 4837/151/1515
f 4922/151/184 4921/151/187 4838/151/1514
f 4921/151/187 4920/151/186 4839/151/55
f 4920/151/186 4919/151/188 4840/151/1513
f 4919/151/188 4918/151/189 4841/151/1512
f 4918/151/189 4917/151/11 4842/151/1511
f 4857/151/1432 4859/151/1653 4921/151/202
f 4922/151/1431 4857/151/1432 4921/151/202
f 4922/151/1431 4856/151/1430 4857/151/1432
f 4922/151/1431 4923/151/198 4856/151/1430
f 4856/151/1430 4923/151/198 4854/151/1426
f 4854/151/1426 4923/151/198 4924/151/199
f 4852/151/1425 4924/151/199 4925/151/218
f 4849/151/1654 4925/151/218 4926/151/1655
f 4846/151/1656 4926/151/1655 4927/151/1657
f 4847/151/280 4927/151/1657 4914/151/214
f 4848/151/1427 4914/151/214 4915/151/1658
f 4850/151/1659 4915/151/1658 4916/151/210
f 4851/151/1429 4916/151/210 4917/151/209
f 4853/151/1436 4917/151/209 4918/151/207
f 4855/151/1435 4918/151/207 4919/151/206
f 4858/151/1434 4919/151/206 4920/151/1433
f 4921/151/202 4858/151/1434 4920/151/1433
f 4921/151/202 4859/151/1653 4858/151/1434
f 4858/151/1434 4855/151/1435 4919/151/206
f 4855/151/1435 4853/151/1436 4918/151/207
f 4853/151/1436 4851/151/1429 4917/151/209
f 4851/151/1429 4850/151/1659 4916/151/210
f 4850/151/1659 4848/151/1427 4915/151/1658
f 4848/151/1427 4847/151/280 4914/151/214
f 4847/151/280 4846/151/1656 4927/151/1657
f 4846/151/1656 4849/151/1654 4926/151/1655
f 4849/151/1654 4852/151/1425 4925/151/218
f 4852/151/1425 4854/151/1426 4924/151/199
f 3969/151/814 4358/151/814 4355/151/814 3968/151/814
f 3951/151/53 4346/151/53 3930/151/53 4605/151/53 4603/151/53
f 4786/151/53 4785/151/1597 4552/151/53 4551/151/53
f 4337/151/55 4928/151/55 4338/151/55
f 4337/151/55 4929/151/55 4928/151/55
f 4337/151/55 4447/151/55 4929/151/55
usemtl TSS_USBC_SuiteModelMtl09
f 4930/151/53 4931/151/53 4932/151/1660
f 4932/151/1660 4931/151/53 4933/151/1660
f 4934/151/1661 4933/151/1660 4935/151/1661
f 4936/151/1662 4935/151/1661 4937/151/1662
f 4938/151/49 4937/151/1662 4939/151/49
f 4938/151/49 4936/151/1662 4937/151/1662
f 4936/151/1662 4934/151/1661 4935/151/1661
f 4934/151/1661 4932/151/1660 4933/151/1660
f 4940/151/1663 4941/151/1664 4942/151/1665
f 4942/151/1665 4941/151/1664 4943/151/1666
f 4943/151/1666 4941/151/1664 4944/151/1667
f 4945/151/1668 4943/151/1666 4944/151/1667
f 4945/151/1668 4946/151/1669 4943/151/1666
f 4945/151/1668 4947/151/1670 4946/151/1669
f 4946/151/1669 4947/151/1670 4948/151/1671
f 4948/151/1671 4947/151/1670 4949/151/1672
f 4950/151/1673 4948/151/1671 4949/151/1672
f 4950/151/1673 4951/151/1409 4948/151/1671
f 4950/151/1673 4952/151/617 4951/151/1409
f 4953/151/53 4954/151/53 4955/151/53
f 4956/151/53 4953/151/53 4955/151/53
f 4957/151/53 4953/151/53 4956/151/53
f 4958/151/53 4953/151/53 4957/151/53
f 4959/151/53 4953/151/53 4958/151/53
f 4960/151/53 4961/151/53 4962/151/53
f 4960/151/53 4959/151/53 4961/151/53
f 4960/151/53 4953/151/53 4959/151/53
f 4963/151/53 4960/151/53 4962/151/53
f 4964/151/53 4963/151/53 4962/151/53
f 4965/151/1597 4964/151/53 4962/151/53
f 4966/151/53 4964/151/53 4965/151/1597
f 4967/151/1 4968/151/1 4969/151/1 4970/151/1 4971/151/1 4972/151/1
f 4973/151/1674 4974/151/1675 4975/151/1676
f 4975/151/1676 4974/151/1675 4976/151/1677
f 4977/151/1678 4976/151/1677 4978/151/1679
f 4979/151/1680 4978/151/1679 4980/151/1680
f 4981/151/11 4980/151/1680 4982/151/11
f 4981/151/11 4979/151/1680 4980/151/1680
f 4979/151/1680 4977/151/1678 4978/151/1679
f 4977/151/1678 4975/151/1676 4976/151/1677
f 4983/151/53 4967/151/53 4972/151/53 4984/151/53 4985/151/53 4986/151/53
f 4987/151/1 4988/151/1 4989/151/1
f 4990/151/1 4988/151/1 4987/151/1
f 4991/151/1 4988/151/1 4990/151/1
f 4992/151/1 4988/151/1 4991/151/1
f 4993/151/55 4994/151/55 4995/151/55
f 4996/151/55 4994/151/55 4993/151/55
f 4996/151/55 4997/151/55 4994/151/55
f 4996/151/55 4998/151/55 4997/151/55
f 4996/151/55 4999/151/55 4998/151/55
f 5000/151/55 4996/151/55 4993/151/55
f 5001/151/55 4996/151/55 5000/151/55
f 5002/151/55 5001/151/55 5000/151/55
f 5003/151/55 5002/151/55 5000/151/55
f 5004/151/55 5003/151/55 5000/151/55
f 5005/151/55 5004/151/55 5000/151/55
f 5006/151/55 5004/151/55 5005/151/55
f 5007/151/55 5004/151/55 5006/151/55
f 5008/151/55 5007/151/55 5006/151/55
f 5009/151/55 5008/151/55 5006/151/55
f 5010/151/55 5009/151/55 5006/151/55
f 5011/151/55 5010/151/55 5006/151/55
f 5012/151/55 5010/151/55 5011/151/55
f 5013/151/55 5012/151/55 5011/151/55
f 5014/151/55 5012/151/55 5013/151/55
f 5015/151/55 5012/151/55 5014/151/55
f 5016/151/55 5012/151/55 5015/151/55
f 5017/151/55 5012/151/55 5016/151/55
f 5018/151/55 5012/151/55 5017/151/55
f 5019/151/11 5020/151/11 5021/151/11 5022/151/11
f 5023/151/1681 5024/151/1681 5025/151/1681 5026/151/1681
f 5027/151/1682 5028/151/1682 5029/151/1682 5030/151/1682
f 5031/151/11 5032/151/11 5033/151/11
f 5031/151/11 5034/151/11 5032/151/11
f 5035/151/11 5031/151/11 5033/151/11
f 5036/151/11 5037/151/11 5038/151/1683
f 5038/151/1683 5037/151/11 5039/151/227
f 5040/151/1684 5039/151/227 5041/151/1684
f 5042/151/1685 5041/151/1684 5043/151/1685
f 5044/151/55 5043/151/1685 5045/151/226
f 5044/151/55 5042/151/1685 5043/151/1685
f 5042/151/1685 5040/151/1684 5041/151/1684
f 5040/151/1684 5038/151/1683 5039/151/227
f 5046/151/1682 5047/151/1682 5048/151/1682 5049/151/1682
f 5050/151/53 5051/151/1686 5052/151/53
f 5052/151/53 5051/151/1686 5053/151/1687
f 5053/151/1687 5051/151/1686 5054/151/1688
f 5055/151/1689 5054/151/1688 5056/151/1690
f 5057/151/1691 5056/151/1690 5058/151/1692
f 5057/151/1691 5055/151/1689 5056/151/1690
f 5056/151/1690 5059/151/1693 5058/151/1692
f 5055/151/1689 5053/151/1687 5054/151/1688
f 5060/151/51 5061/151/51 5006/151/51 5005/151/1103
f 5062/151/228 5063/151/228 5064/151/1694
f 5064/151/1694 5063/151/228 5065/151/1582
f 5066/151/1581 5065/151/1582 5067/151/1581
f 5068/151/1695 5067/151/1581 5069/151/1695
f 5070/151/814 5069/151/1695 5071/151/814
f 5070/151/814 5068/151/1695 5069/151/1695
f 5068/151/1695 5066/151/1581 5067/151/1581
f 5066/151/1581 5064/151/1694 5065/151/1582
f 5072/151/51 5073/151/51 5074/151/51
f 5075/151/51 5072/151/51 5074/151/51
f 5076/151/51 5077/151/51 5078/151/51
f 5079/151/51 5077/151/51 5076/151/51
f 5080/151/51 5075/151/51 5074/151/51
f 5081/151/51 5080/151/51 5074/151/51
f 5082/151/51 5079/151/51 5076/151/51
f 5028/151/51 5075/151/51 5080/151/51
f 5083/151/51 5075/151/51 5028/151/51
f 5084/151/51 5082/151/51 5076/151/51
f 5027/151/51 5083/151/51 5028/151/51
f 5085/151/51 5082/151/51 5084/151/51
f 5086/151/51 5083/151/51 5027/151/51
f 5087/151/51 5085/151/51 5084/151/51
f 5088/151/51 5087/151/51 5084/151/51
f 5089/151/51 5086/151/51 5027/151/51
f 5090/151/51 5081/151/51 5074/151/51
f 5091/151/51 5090/151/51 5074/151/51
f 5092/151/51 5087/151/51 5088/151/51
f 5093/151/51 5092/151/51 5088/151/51
f 5094/151/51 5086/151/51 5089/151/51
f 5095/151/51 5094/151/51 5089/151/51
f 5096/151/51 5094/151/51 5095/151/51
f 5097/151/51 5092/151/51 5093/151/51
f 5098/151/51 5097/151/51 5093/151/51
f 5099/151/51 5094/151/51 5096/151/51
f 5100/151/51 5099/151/51 5096/151/51
f 5101/151/51 5097/151/51 5098/151/51
f 5102/151/51 5101/151/51 5098/151/51
f 5103/151/51 5099/151/51 5100/151/51
f 5104/151/51 5101/151/51 5102/151/51
f 5105/151/51 5099/151/51 5103/151/51
f 5106/151/51 5105/151/51 5103/151/51
f 5107/151/51 5104/151/51 5102/151/51
f 5108/151/51 5106/151/51 5107/151/51
f 5108/151/51 5105/151/51 5106/151/51
f 5108/151/51 5107/151/51 5102/151/51
f 5109/151/51 5105/151/51 5108/151/51
f 5110/151/51 5109/151/51 5108/151/51
f 5111/151/51 5109/151/51 5110/151/51
f 5112/151/51 5111/151/51 5110/151/51
f 5113/151/51 5111/151/51 5112/151/51
f 5114/151/1063 5115/151/1696 5116/151/45
f 5116/151/45 5115/151/1696 5117/151/1696
f 5117/151/1696 5115/151/1696 5118/151/1697
f 5118/151/1697 5115/151/1696 5119/151/1697
f 5120/151/1698 5118/151/1697 5119/151/1697
f 5120/151/1698 5121/151/1698 5118/151/1697
f 5120/151/1698 5122/151/1699 5121/151/1698
f 5121/151/1698 5122/151/1699 5123/151/1700
f 5123/151/1700 5122/151/1699 5124/151/11
f 5125/151/11 5123/151/1700 5124/151/11
f 5126/151/1701 5127/151/1701 5128/151/1702 5129/151/1702
f 5130/151/11 5131/151/11 5132/151/11 5133/151/11
f 5082/151/1703 5085/151/1703 5134/151/1703 5135/151/1703
f 5136/151/1704 5137/151/1705 5138/151/47
f 5139/151/47 5137/151/1705 5136/151/1704
f 5140/151/47 5136/151/1704 5138/151/47
f 5141/151/47 5142/151/47 5140/151/47
f 5141/151/47 5140/151/47 5138/151/47
f 5143/151/47 5141/151/47 5138/151/47
f 5144/151/1706 5145/151/1706 5146/151/1706 5147/151/1706
f 5018/151/51 5017/151/1707 5148/151/51
f 5148/151/51 5017/151/1707 5149/151/1708
f 5149/151/1708 5017/151/1707 5016/151/1709
f 5150/151/1710 5016/151/1709 5015/151/1701
f 5151/151/1702 5150/151/1710 5015/151/1701
f 5150/151/1710 5149/151/1708 5016/151/1709
f 5099/151/1711 5105/151/1711 5152/151/1711 5153/151/1711
f 4982/151/11 5037/151/11 5036/151/11 4981/151/11
f 5154/151/49 5155/151/49 5156/151/49
f 5157/151/49 5155/151/49 5154/151/49
f 5158/151/49 5155/151/49 5157/151/49
f 5159/151/49 5155/151/49 5158/151/49
f 5160/151/49 5155/151/49 5159/151/49
f 5161/151/49 5155/151/49 5160/151/49
f 5162/151/49 5155/151/49 5161/151/49
f 5163/151/49 5155/151/49 5162/151/49
f 5164/151/49 5155/151/49 5163/151/49
f 5165/151/49 5155/151/49 5164/151/49
f 5166/151/49 5155/151/49 5165/151/49
f 5167/151/49 5155/151/49 5166/151/49
f 5168/151/49 5155/151/49 5167/151/49
f 5169/151/49 5155/151/49 5168/151/49
f 4977/151/49 4973/151/49 4975/151/49
f 4977/151/49 5170/151/49 4973/151/49
f 4979/151/49 5170/151/49 4977/151/49
f 4981/151/49 5170/151/49 4979/151/49
f 5036/151/49 5170/151/49 4981/151/49
f 5038/151/49 5170/151/49 5036/151/49
f 5038/151/49 5169/151/49 5170/151/49
f 5038/151/49 5155/151/49 5169/151/49
f 5040/151/49 5155/151/49 5038/151/49
f 5042/151/49 5155/151/49 5040/151/49
f 5171/151/49 5155/151/49 5042/151/49
f 5044/151/49 5171/151/49 5042/151/49
f 5172/151/49 5173/151/49 5174/151/1712
f 5174/151/1712 5173/151/49 5175/151/1712
f 5176/151/1713 5175/151/1712 5177/151/1713
f 5178/151/1714 5177/151/1713 5179/151/1714
f 5178/151/1714 5176/151/1713 5177/151/1713
f 5176/151/1713 5174/151/1712 5175/151/1712
f 5180/151/1715 5181/151/1716 5182/151/1717
f 5182/151/1717 5181/151/1716 5183/151/1718
f 5184/151/1719 5183/151/1718 5185/151/1720
f 5186/151/1721 5185/151/1720 5187/151/1722
f 5188/151/1723 5187/151/1722 5189/151/1724
f 5188/151/1723 5186/151/1721 5187/151/1722
f 5186/151/1721 5184/151/1719 5185/151/1720
f 5184/151/1719 5182/151/1717 5183/151/1718
f 5190/151/1725 5191/151/1725 5192/151/1725 5193/151/1725
f 5089/151/1726 5027/151/1726 5030/151/1726 5194/151/1726
f 5195/151/1727 5046/151/1727 5049/151/1727 5196/151/1727
f 5197/151/1728 5198/151/1728 5199/151/1729
f 5199/151/1729 5198/151/1728 5200/151/1729
f 5201/151/1730 5200/151/1729 5202/151/1730
f 5203/151/51 5202/151/1730 5204/151/51
f 5203/151/51 5201/151/1730 5202/151/1730
f 5201/151/1730 5199/151/1729 5200/151/1729
f 5205/151/51 4961/151/51 5206/151/1731
f 5206/151/1731 4961/151/51 4959/151/1732
f 5207/151/1733 4959/151/1732 4958/151/1733
f 5208/151/1734 4958/151/1733 4957/151/1734
f 5209/151/32 4957/151/1734 4956/151/11
f 5209/151/32 5208/151/1734 4957/151/1734
f 5208/151/1734 5207/151/1733 4958/151/1733
f 5207/151/1733 5206/151/1731 4959/151/1732
f 5210/151/1 5211/151/1 5212/151/1 5213/151/1
f 5214/151/53 5215/151/230 5216/151/53
f 5216/151/53 5215/151/230 5217/151/230
f 5217/151/230 5215/151/230 5218/151/231
f 5219/151/231 5218/151/231 5220/151/1735
f 5221/151/232 5220/151/1735 5222/151/11
f 5223/151/11 5221/151/232 5222/151/11
f 5221/151/232 5219/151/231 5220/151/1735
f 5219/151/231 5217/151/230 5218/151/231
f 5224/151/1736 5225/151/53 5226/151/53
f 5227/151/53 5224/151/1736 5226/151/53
f 5228/151/53 5227/151/53 5226/151/53
f 5229/151/53 5227/151/53 5228/151/53
f 5230/151/53 5229/151/53 5228/151/53
f 5231/151/53 5230/151/53 5228/151/53
f 5232/151/53 5233/151/53 5231/151/53
f 5232/151/53 5231/151/53 5228/151/53
f 5234/151/53 5233/151/53 5232/151/53
f 5235/151/53 5233/151/53 5234/151/53
f 5236/151/617 5233/151/53 5235/151/53
f 5237/151/53 5236/151/617 5235/151/53
f 5238/151/1737 5239/151/1 5240/151/1 5241/151/21
f 5242/151/53 5243/151/53 5244/151/53
f 5245/151/53 5243/151/53 5242/151/53
f 5246/151/53 5245/151/53 5242/151/53
f 5247/151/53 5246/151/53 5242/151/53
f 5248/151/53 5247/151/53 5242/151/53
f 5249/151/53 5250/151/617 5251/151/53
f 5249/151/53 5251/151/53 5248/151/53
f 5249/151/53 5248/151/53 5242/151/53
f 5252/151/53 5250/151/617 5249/151/53
f 5253/151/53 5250/151/617 5252/151/53
f 5254/151/53 5250/151/617 5253/151/53
f 5255/151/53 5254/151/53 5253/151/53
f 5256/151/51 5257/151/51 5258/151/758
f 5258/151/758 5257/151/51 5259/151/1738
f 5260/151/756 5259/151/1738 5261/151/756
f 5262/151/1739 5261/151/756 5263/151/754
f 5264/151/1 5263/151/754 5265/151/1
f 5264/151/1 5262/151/1739 5263/151/754
f 5262/151/1739 5260/151/756 5261/151/756
f 5260/151/756 5258/151/758 5259/151/1738
f 5266/151/55 5267/151/55 5268/151/55
f 5269/151/55 5266/151/55 5268/151/55
f 5270/151/55 5269/151/55 5268/151/55
f 5271/151/55 5270/151/55 5268/151/55
f 5272/151/55 5270/151/55 5271/151/55
f 5273/151/55 5270/151/55 5272/151/55
f 5274/151/55 5270/151/55 5273/151/55
f 5275/151/55 5270/151/55 5274/151/55
f 5276/151/55 5270/151/55 5275/151/55
f 5277/151/55 5270/151/55 5276/151/55
f 5278/151/55 5277/151/55 5276/151/55
f 5279/151/55 5278/151/55 5276/151/55
f 5280/151/1740 5281/151/1741 5282/151/1742
f 5283/151/1743 5282/151/1742 5284/151/1744
f 5283/151/1743 5280/151/1740 5282/151/1742
f 5285/151/1745 5286/151/705 5287/151/1746
f 5285/151/1745 5288/151/705 5286/151/705
f 5286/151/705 5289/151/1747 5287/151/1746
f 5287/151/1746 5289/151/1747 5282/151/1742
f 5281/151/1741 5287/151/1746 5282/151/1742
f 5284/151/1748 5282/151/1749 5290/151/1750
f 5290/151/1750 5282/151/1749 5291/151/1751
f 5292/151/1752 5291/151/1751 5293/151/1753
f 5294/151/1754 5293/151/1753 5295/151/1755
f 5294/151/1754 5292/151/1752 5293/151/1753
f 5295/151/1755 5293/151/1753 5296/151/1756
f 5296/151/1756 5293/151/1753 5297/151/1757
f 5298/151/1758 5296/151/1756 5297/151/1757
f 5298/151/1758 5299/151/1759 5296/151/1756
f 5292/151/1752 5290/151/1750 5291/151/1751
f 5300/151/55 5301/151/55 5302/151/55
f 5300/151/55 5303/151/55 5301/151/55
f 5300/151/55 5304/151/55 5303/151/55
f 5305/151/55 5304/151/55 5300/151/55
f 5306/151/55 5304/151/55 5305/151/55
f 5306/151/55 5307/151/55 5304/151/55
f 5308/151/55 5307/151/55 5306/151/55
f 5309/151/55 5307/151/55 5308/151/55
f 5310/151/51 5311/151/51 5286/151/51
f 5312/151/51 5310/151/51 5286/151/51
f 5313/151/51 5311/151/51 5310/151/51
f 5314/151/51 5312/151/51 5286/151/51
f 5033/151/51 5311/151/51 5313/151/51
f 5315/151/51 5314/151/51 5286/151/51
f 5316/151/51 5035/151/51 5033/151/51
f 5316/151/51 5033/151/51 5313/151/51
f 5317/151/51 5315/151/51 5286/151/51
f 5318/151/51 5035/151/51 5316/151/51
f 5318/151/51 5319/151/51 5035/151/51
f 5320/151/51 5319/151/51 5318/151/51
f 5320/151/51 5318/151/51 5317/151/51
f 5321/151/51 5319/151/51 5320/151/51
f 5321/151/51 5322/151/51 5319/151/51
f 5323/151/51 5322/151/51 5321/151/51
f 5323/151/51 5324/151/51 5322/151/51
f 5325/151/51 5324/151/51 5323/151/51
f 5325/151/51 5326/151/51 5324/151/51
f 5327/151/51 5320/151/51 5317/151/51
f 5328/151/51 5327/151/51 5317/151/51
f 5328/151/51 5317/151/51 5286/151/51
f 5329/151/51 5323/151/51 5321/151/51
f 5330/151/51 5329/151/51 5321/151/51
f 5331/151/51 5320/151/51 5327/151/51
f 5332/151/51 5331/151/51 5327/151/51
f 5333/151/51 5329/151/51 5330/151/51
f 5334/151/51 5333/151/51 5330/151/51
f 5335/151/51 5333/151/51 5334/151/51
f 5336/151/51 5335/151/51 5334/151/51
f 5337/151/51 5332/151/51 5327/151/51
f 5338/151/51 5335/151/51 5336/151/51
f 5339/151/51 5337/151/51 5327/151/51
f 5340/151/51 5335/151/51 5338/151/51
f 5341/151/51 5339/151/51 5327/151/51
f 5138/151/51 5340/151/51 5338/151/51
f 5342/151/51 5138/151/51 5338/151/51
f 5143/151/51 5138/151/51 5342/151/51
f 5343/151/51 5143/151/51 5342/151/51
f 5344/151/51 5143/151/51 5343/151/51
f 5345/151/51 5143/151/51 5344/151/51
f 5346/151/51 5345/151/51 5344/151/51
f 5347/151/51 5346/151/51 5344/151/51
f 5348/151/51 5346/151/51 5347/151/51
f 5349/151/51 5346/151/51 5348/151/51
f 5350/151/51 5349/151/51 5348/151/51
f 5351/151/51 5349/151/51 5350/151/51
f 5352/151/51 5351/151/51 5350/151/51
f 5353/151/51 5352/151/51 5350/151/51
f 5341/151/51 5354/151/51 5339/151/51
f 5355/151/51 5341/151/51 5356/151/51
f 5355/151/51 5354/151/51 5341/151/51
f 5357/151/51 5355/151/51 5356/151/51
f 5358/151/51 5357/151/51 5356/151/51
f 5359/151/51 5358/151/51 5356/151/51
f 5360/151/51 5359/151/51 5356/151/51
f 4970/151/51 5360/151/51 5356/151/51
f 4969/151/51 5360/151/51 4970/151/51
f 5326/151/51 5257/151/51 5256/151/51
f 5325/151/51 5257/151/51 5326/151/51
f 5361/151/51 5257/151/51 5325/151/51
f 5362/151/51 5257/151/51 5361/151/51
f 5363/151/51 5257/151/51 5362/151/51
f 5364/151/51 5257/151/51 5363/151/51
f 5365/151/51 5366/151/1760 5367/151/51
f 5368/151/51 5366/151/1760 5365/151/51
f 5369/151/51 5366/151/1760 5368/151/51
f 5370/151/51 5366/151/1760 5369/151/51
f 5370/151/51 5364/151/51 5366/151/1760
f 5371/151/51 5364/151/51 5370/151/51
f 5371/151/51 5257/151/51 5364/151/51
f 5372/151/51 5371/151/51 5370/151/51
f 5373/151/49 5374/151/49 5375/151/1761
f 5375/151/1761 5374/151/49 5376/151/1761
f 5377/151/1762 5376/151/1761 5378/151/1762
f 5379/151/1714 5378/151/1762 5380/151/1714
f 5379/151/1714 5377/151/1762 5378/151/1762
f 5377/151/1762 5375/151/1761 5376/151/1761
f 5381/151/53 5382/151/53 5383/151/1660
f 5383/151/1660 5382/151/53 5384/151/1660
f 5385/151/1661 5384/151/1660 5386/151/1661
f 5387/151/1662 5386/151/1661 5388/151/1662
f 5389/151/49 5388/151/1662 5390/151/49
f 5389/151/49 5387/151/1662 5388/151/1662
f 5387/151/1662 5385/151/1661 5386/151/1661
f 5385/151/1661 5383/151/1660 5384/151/1660
f 5391/151/1763 5392/151/49 5393/151/49
f 5394/151/1764 5392/151/49 5391/151/1763
f 5395/151/1765 5392/151/49 5394/151/1764
f 5396/151/11 5223/151/11 5222/151/11
f 5397/151/1766 5396/151/11 5222/151/11
f 5398/151/32 5397/151/1766 5222/151/11
f 5399/151/11 5398/151/32 5222/151/11
f 5090/151/11 5091/151/11 5400/151/11 5401/151/11
f 5402/151/1728 5403/151/1767 5404/151/1768
f 5404/151/1768 5403/151/1767 5405/151/1767
f 5405/151/1767 5403/151/1767 5406/151/1769
f 5407/151/1769 5406/151/1769 5408/151/51
f 5407/151/1769 5405/151/1767 5406/151/1769
f 5406/151/1769 5409/151/51 5408/151/51
f 5410/151/1770 4931/151/53 4930/151/53
f 5411/151/53 4931/151/53 5410/151/1770
f 5412/151/53 4931/151/53 5411/151/53
f 5413/151/53 5412/151/53 5411/151/53
f 5414/151/53 5412/151/53 5413/151/53
f 5415/151/53 5412/151/53 5414/151/53
f 5416/151/53 5415/151/53 5417/151/53
f 5416/151/53 5412/151/53 5415/151/53
f 5418/151/53 5416/151/53 5417/151/53
f 5419/151/53 5418/151/53 5417/151/53
f 5155/151/53 5419/151/53 5417/151/53
f 5156/151/53 5155/151/53 5417/151/53
f 5420/151/53 5421/151/617 5422/151/617 5423/151/1597
f 5424/151/1728 5198/151/1728 5197/151/1728 5425/151/1728
f 5426/151/53 5427/151/53 5428/151/53 5429/151/53
f 5047/151/1771 5430/151/1771 5431/151/1771 5048/151/1771
f 5265/151/1772 5263/151/1773 5432/151/1772
f 5432/151/1772 5263/151/1773 5433/151/1774
f 5433/151/1774 5263/151/1773 5261/151/1775
f 5434/151/1775 5261/151/1775 5259/151/1776
f 5435/151/1776 5259/151/1776 5257/151/1777
f 5436/151/1777 5435/151/1776 5257/151/1777
f 5435/151/1776 5434/151/1775 5259/151/1776
f 5434/151/1775 5433/151/1774 5261/151/1775
f 5343/151/1778 5437/151/48 5344/151/1403
f 5344/151/1403 5437/151/48 5438/151/1403
f 5347/151/1779 5438/151/1403 5439/151/1779
f 5348/151/1780 5439/151/1779 5440/151/1780
f 5350/151/1781 5440/151/1780 5441/151/530
f 5353/151/1 5441/151/530 5442/151/1
f 5353/151/1 5350/151/1781 5441/151/530
f 5350/151/1781 5348/151/1780 5440/151/1780
f 5348/151/1780 5347/151/1779 5439/151/1779
f 5347/151/1779 5344/151/1403 5438/151/1403
f 5443/151/1782 5444/151/1783 5445/151/1784
f 5445/151/1784 5444/151/1783 5446/151/1785
f 5447/151/1786 5446/151/1785 5448/151/1787
f 5447/151/1786 5445/151/1784 5446/151/1785
f 5446/151/1785 5449/151/1788 5448/151/1787
f 5448/151/1787 5449/151/1788 5450/151/1789
f 5450/151/1789 5449/151/1788 5451/151/1790
f 5452/151/1791 5451/151/1790 5453/151/1791
f 5452/151/1791 5450/151/1789 5451/151/1790
f 5102/151/1792 5098/151/1792 5454/151/1792 5455/151/1792
f 4954/151/53 5456/151/1793 4955/151/53
f 4955/151/53 5456/151/1793 5457/151/1793
f 5457/151/1793 5456/151/1793 5458/151/1496
f 5459/151/1794 5458/151/1496 5460/151/1795
f 5461/151/1796 5460/151/1795 5462/151/51
f 5463/151/51 5461/151/1796 5462/151/51
f 5461/151/1796 5459/151/1794 5460/151/1795
f 5459/151/1794 5457/151/1793 5458/151/1496
f 5464/151/1 5465/151/1 5466/151/1 5467/151/1
f 5468/151/1797 5367/151/48 5366/151/1068
f 5469/151/48 5367/151/48 5468/151/1797
f 5470/151/1798 5468/151/1797 5366/151/1068
f 5471/151/48 5367/151/48 5469/151/48
f 5472/151/1778 5367/151/48 5471/151/48
f 5473/151/48 5470/151/1798 5366/151/1068
f 5474/151/1 5475/151/1 5476/151/1799
f 5476/151/1799 5475/151/1 5477/151/1799
f 5478/151/1800 5477/151/1799 5479/151/1801
f 5480/151/1802 5479/151/1801 5481/151/1802
f 5482/151/1803 5481/151/1802 5483/151/1803
f 5482/151/1803 5480/151/1802 5481/151/1802
f 5480/151/1802 5478/151/1800 5479/151/1801
f 5478/151/1800 5476/151/1799 5477/151/1799
f 5484/151/1728 5485/151/1768 5486/151/1767
f 5486/151/1767 5485/151/1768 5487/151/1767
f 5488/151/1769 5487/151/1767 5489/151/1769
f 5490/151/51 5489/151/1769 5491/151/51
f 5490/151/51 5488/151/1769 5489/151/1769
f 5488/151/1769 5486/151/1767 5487/151/1767
f 5104/151/1804 5107/151/1804 5492/151/1804 5493/151/1804
f 5494/151/49 5495/151/1805 5496/151/49
f 5496/151/49 5495/151/1805 5497/151/1806
f 5497/151/1806 5495/151/1805 5498/151/1807
f 5499/151/1808 5497/151/1806 5498/151/1807
f 5499/151/1808 5500/151/1807 5497/151/1806
f 5499/151/1808 5501/151/1808 5500/151/1807
f 5469/151/49 5468/151/49 5502/151/49 5503/151/49
f 5504/151/55 5505/151/55 5506/151/1809
f 5506/151/1809 5505/151/55 5507/151/1809
f 5508/151/1810 5507/151/1809 5509/151/1810
f 5510/151/1811 5509/151/1810 5511/151/1811
f 5512/151/49 5511/151/1811 5513/151/49
f 5512/151/49 5510/151/1811 5511/151/1811
f 5510/151/1811 5508/151/1810 5509/151/1810
f 5508/151/1810 5506/151/1809 5507/151/1809
f 5514/151/1701 5515/151/1710 5516/151/1702
f 5516/151/1702 5515/151/1710 5517/151/1710
f 5517/151/1710 5515/151/1710 5518/151/1812
f 5519/151/1812 5518/151/1812 5520/151/51
f 5519/151/1812 5517/151/1710 5518/151/1812
f 5518/151/1812 5521/151/51 5520/151/51
f 5522/151/1813 5523/151/1813 5524/151/1813 5525/151/1813
f 5526/151/1814 5527/151/1814 5528/151/1814 5529/151/1814
f 5530/151/49 5531/151/49 5532/151/49 5533/151/49
f 5534/151/280 5535/151/280 5536/151/1815
f 5536/151/1815 5535/151/280 5537/151/1816
f 5538/151/1817 5536/151/1815 5537/151/1816
f 5538/151/1817 5539/151/1818 5536/151/1815
f 5538/151/1817 5540/151/1819 5539/151/1818
f 5538/151/1817 5541/151/1820 5540/151/1819
f 5540/151/1819 5541/151/1820 5542/151/1821
f 5543/151/1822 5540/151/1819 5542/151/1821
f 5543/151/1822 5544/151/1823 5540/151/1819
f 5543/151/1822 5545/151/1824 5544/151/1823
f 5156/151/53 5417/151/53 5154/151/1825
f 5154/151/1825 5417/151/53 5546/151/339
f 5157/151/231 5546/151/339 5547/151/231
f 5158/151/1735 5547/151/231 5548/151/1735
f 5159/151/11 5548/151/1735 5549/151/11
f 5159/151/11 5158/151/1735 5548/151/1735
f 5158/151/1735 5157/151/231 5547/151/231
f 5157/151/231 5154/151/1825 5546/151/339
f 5550/151/51 5551/151/51 5463/151/51
f 5552/151/51 5550/151/51 5463/151/51
f 5462/151/51 5552/151/51 5463/151/51
f 5191/151/1826 5553/151/1826 5554/151/1826 5192/151/1826
f 5555/151/1827 5556/151/45 5557/151/45
f 5558/151/1828 5556/151/45 5555/151/1827
f 5559/151/45 5555/151/1827 5557/151/45
f 5560/151/1829 5556/151/45 5558/151/1828
f 5561/151/45 5556/151/45 5560/151/1829
f 5562/151/45 5559/151/45 5557/151/45
f 5466/151/1 5465/151/1 5563/151/337
f 5563/151/337 5465/151/1 5564/151/337
f 5565/151/221 5564/151/337 5566/151/221
f 5567/151/222 5566/151/221 5568/151/1830
f 5236/151/617 5568/151/1830 5233/151/53
f 5236/151/617 5567/151/222 5568/151/1830
f 5567/151/222 5565/151/221 5566/151/221
f 5565/151/221 5563/151/337 5564/151/337
f 5073/151/1804 5072/151/1804 5569/151/1804 5570/151/1804
f 5093/151/55 5088/151/55 5571/151/55 5572/151/55
f 5573/151/767 5574/151/55 5575/151/1831
f 5575/151/1831 5574/151/55 5576/151/1832
f 5576/151/1832 5574/151/55 5577/151/1833
f 5578/151/1834 5577/151/1833 5579/151/1835
f 5578/151/1834 5576/151/1832 5577/151/1833
f 5577/151/1833 5580/151/1836 5579/151/1835
f 5579/151/1835 5580/151/1836 5581/151/1837
f 5581/151/1837 5580/151/1836 5582/151/1838
f 5583/151/1692 5581/151/1837 5582/151/1838
f 5583/151/1692 5584/151/1692 5581/151/1837
f 5585/151/1839 5586/151/1840 5587/151/1841
f 5587/151/1841 5586/151/1840 5588/151/1841
f 5589/151/1842 5588/151/1841 5590/151/1842
f 5533/151/49 5590/151/1842 5530/151/49
f 5533/151/49 5589/151/1842 5590/151/1842
f 5589/151/1842 5587/151/1841 5588/151/1841
f 5591/151/55 5592/151/55 5593/151/1843
f 5593/151/1843 5592/151/55 5594/151/223
f 5595/151/223 5594/151/223 5596/151/1844
f 5595/151/223 5593/151/1843 5594/151/223
f 5594/151/223 5597/151/224 5596/151/1844
f 5596/151/1844 5597/151/224 5598/151/225
f 5598/151/225 5597/151/224 5599/151/225
f 5600/151/1 5598/151/225 5599/151/225
f 5600/151/1 5601/151/1 5598/151/225
f 5374/151/49 4967/151/49 4983/151/49
f 5602/151/49 5374/151/49 4983/151/49
f 5131/151/49 4967/151/49 5374/151/49
f 5603/151/49 5131/151/49 5374/151/49
f 5604/151/49 5603/151/49 5374/151/49
f 5605/151/49 5604/151/49 5374/151/49
f 5606/151/49 5602/151/49 4983/151/49
f 5373/151/49 5605/151/49 5374/151/49
f 5607/151/49 5603/151/49 5604/151/49
f 5608/151/49 5603/151/49 5607/151/49
f 5609/151/49 5373/151/49 5606/151/49
f 5609/151/49 5605/151/49 5373/151/49
f 5610/151/49 5609/151/49 5606/151/49
f 5611/151/49 5610/151/49 5606/151/49
f 4968/151/49 4967/151/49 5131/151/49
f 5130/151/49 4968/151/49 5131/151/49
f 5612/151/49 4968/151/49 5130/151/49
f 5613/151/49 5612/151/49 5130/151/49
f 5614/151/49 5613/151/49 5130/151/49
f 5615/151/49 5613/151/49 5614/151/49
f 5616/151/49 5615/151/49 5614/151/49
f 5617/151/49 5611/151/49 5606/151/49
f 5617/151/49 5606/151/49 4983/151/49
f 5618/151/49 5617/151/49 4983/151/49
f 5619/151/49 5611/151/49 5617/151/49
f 5620/151/49 5611/151/49 5619/151/49
f 5621/151/49 5611/151/49 5620/151/49
f 5034/151/49 5611/151/49 5621/151/49
f 5622/151/49 5611/151/49 5034/151/49
f 5623/151/49 5622/151/49 5034/151/49
f 5624/151/49 5623/151/49 5034/151/49
f 5625/151/49 5624/151/49 5034/151/49
f 5211/151/49 5626/151/49 5625/151/49
f 5211/151/49 5625/151/49 5034/151/49
f 5627/151/49 5211/151/49 5034/151/49
f 5628/151/49 5211/151/49 5627/151/49
f 5629/151/49 5627/151/49 5034/151/49
f 5630/151/49 5629/151/49 5034/151/49
f 5137/151/49 5627/151/49 5629/151/49
f 5139/151/49 5627/151/49 5137/151/49
f 5631/151/49 5630/151/49 5034/151/49
f 5632/151/49 5631/151/49 5034/151/49
f 5633/151/49 5632/151/49 5034/151/49
f 5031/151/49 5633/151/49 5034/151/49
f 5634/151/49 5633/151/49 5031/151/49
f 5635/151/49 5633/151/49 5634/151/49
f 5636/151/49 5633/151/49 5635/151/49
f 5637/151/49 5638/151/49 5639/151/49
f 5637/151/49 5636/151/49 5638/151/49
f 5637/151/49 5633/151/49 5636/151/49
f 5640/151/49 5637/151/49 5639/151/49
f 5641/151/49 5640/151/49 5639/151/49
f 5642/151/49 5641/151/49 5639/151/49
f 5643/151/49 5644/151/49 5642/151/49
f 5643/151/49 5642/151/49 5639/151/49
f 5645/151/49 5643/151/49 5639/151/49
f 5646/151/49 5645/151/49 5639/151/49
f 5472/151/49 5647/151/49 5648/151/49
f 5649/151/49 5647/151/49 5472/151/49
f 5650/151/49 5649/151/49 5472/151/49
f 5651/151/49 5650/151/49 5472/151/49
f 5471/151/49 5651/151/49 5472/151/49
f 5652/151/49 5651/151/49 5471/151/49
f 5645/151/49 5651/151/49 5652/151/49
f 5645/151/49 5652/151/49 5643/151/49
f 5643/151/49 5473/151/49 5644/151/49
f 5643/151/49 5470/151/49 5473/151/49
f 5437/151/49 5439/151/49 5438/151/49
f 5440/151/49 5439/151/49 5437/151/49
f 5441/151/49 5440/151/49 5437/151/49
f 5653/151/49 5441/151/49 5437/151/49
f 5442/151/49 5441/151/49 5653/151/49
f 5654/151/49 5442/151/49 5653/151/49
f 5628/151/49 5654/151/49 5211/151/49
f 5628/151/49 5442/151/49 5654/151/49
f 5142/151/49 5442/151/49 5628/151/49
f 5655/151/49 5442/151/49 5142/151/49
f 5656/151/49 5655/151/49 5142/151/49
f 5657/151/49 5656/151/49 5142/151/49
f 5141/151/49 5657/151/49 5142/151/49
f 5658/151/49 5657/151/49 5141/151/49
f 5659/151/49 5658/151/49 5141/151/49
f 5211/151/49 5660/151/49 5626/151/49
f 5211/151/49 5210/151/49 5660/151/49
f 5091/151/55 5074/151/55 5661/151/55 5400/151/55
f 5662/151/53 5663/151/53 5664/151/53
f 5665/151/53 5663/151/53 5662/151/53
f 5666/151/53 5663/151/53 5665/151/53
f 5667/151/53 5663/151/53 5666/151/53
f 5668/151/53 5666/151/53 5665/151/53
f 5669/151/53 5668/151/53 5665/151/53
f 5670/151/1597 5669/151/53 5665/151/53
f 5671/151/53 5669/151/53 5670/151/1597
f 5251/151/51 5276/151/51 5248/151/1845
f 5248/151/1845 5276/151/51 5275/151/1845
f 5247/151/1846 5275/151/1845 5274/151/1846
f 5246/151/1847 5274/151/1846 5273/151/1847
f 5245/151/21 5273/151/1847 5272/151/976
f 5245/151/21 5246/151/1847 5273/151/1847
f 5246/151/1847 5247/151/1846 5274/151/1846
f 5247/151/1846 5248/151/1845 5275/151/1845
f 5199/151/55 5425/151/55 5197/151/55
f 5313/151/55 5425/151/55 5199/151/55
f 5313/151/55 5672/151/55 5425/151/55
f 5313/151/55 5673/151/55 5672/151/55
f 5313/151/55 5310/151/55 5673/151/55
f 5201/151/55 5313/151/55 5199/151/55
f 5674/151/55 5313/151/55 5201/151/55
f 5675/151/55 5674/151/55 5201/151/55
f 5676/151/55 5675/151/55 5201/151/55
f 5677/151/55 5676/151/55 5201/151/55
f 5203/151/55 5677/151/55 5201/151/55
f 5678/151/55 5677/151/55 5203/151/55
f 5679/151/55 5677/151/55 5678/151/55
f 5680/151/55 5679/151/55 5678/151/55
f 5681/151/55 5680/151/55 5678/151/55
f 5682/151/55 5681/151/55 5678/151/55
f 5683/151/55 5682/151/55 5678/151/55
f 5316/151/55 5682/151/55 5683/151/55
f 5684/151/55 5316/151/55 5683/151/55
f 5685/151/55 5316/151/55 5684/151/55
f 5686/151/55 5316/151/55 5685/151/55
f 5687/151/55 5316/151/55 5686/151/55
f 5688/151/55 5316/151/55 5687/151/55
f 5318/151/55 5316/151/55 5688/151/55
f 5239/151/1 5689/151/220 5240/151/1
f 5240/151/1 5689/151/220 5690/151/220
f 5690/151/220 5689/151/220 5691/151/1848
f 5692/151/1848 5691/151/1848 5693/151/1499
f 5694/151/1499 5693/151/1499 5422/151/617
f 5421/151/617 5694/151/1499 5422/151/617
f 5694/151/1499 5692/151/1848 5693/151/1499
f 5692/151/1848 5690/151/220 5691/151/1848
f 5075/151/1849 5083/151/1849 5695/151/1849 5696/151/1849
f 5567/151/49 5236/151/49 5237/151/49
f 5565/151/49 5567/151/49 5237/151/49
f 5563/151/49 5565/151/49 5237/151/49
f 5466/151/49 5563/151/49 5237/151/49
f 5467/151/49 5466/151/49 5237/151/49
f 5697/151/49 5467/151/49 5237/151/49
f 5698/151/49 5697/151/49 5237/151/49
f 5699/151/49 5698/151/49 5237/151/49
f 5700/151/49 5699/151/49 5237/151/49
f 5701/151/49 5700/151/49 5237/151/49
f 5702/151/49 5701/151/49 5237/151/49
f 5703/151/49 5702/151/49 5237/151/49
f 5704/151/49 5703/151/49 5237/151/49
f 5705/151/49 5704/151/49 5237/151/49
f 5478/151/49 5480/151/49 5482/151/49
f 5478/151/49 5482/151/49 5706/151/49
f 5476/151/49 5478/151/49 5706/151/49
f 5474/151/49 5476/151/49 5706/151/49
f 5707/151/49 5474/151/49 5706/151/49
f 5708/151/49 5707/151/49 5706/151/49
f 5708/151/49 5706/151/49 5705/151/49
f 5708/151/49 5705/151/49 5237/151/49
f 5709/151/49 5708/151/49 5237/151/49
f 5710/151/49 5709/151/49 5237/151/49
f 5711/151/49 5710/151/49 5237/151/49
f 5712/151/49 5711/151/49 5237/151/49
f 5713/151/768 5714/151/55 5715/151/55
f 5716/151/55 5715/151/55 5714/151/55
f 5717/151/55 5715/151/55 5716/151/55
f 5718/151/55 5717/151/55 5716/151/55
f 5719/151/55 5717/151/55 5718/151/55
f 5720/151/55 5717/151/55 5719/151/55
f 5721/151/55 5720/151/55 5719/151/55
f 5722/151/55 5721/151/55 5719/151/55
f 5189/151/1724 5722/151/55 5719/151/55
f 5187/151/1722 5722/151/55 5189/151/1724
f 5142/151/11 5628/151/11 5723/151/11 5140/151/11
f 5257/151/1777 5371/151/1777 5724/151/1777 5436/151/1777
f 5725/151/1840 5302/151/1850 5301/151/1840 5726/151/1839 4996/151/1850 5001/151/1839
f 5097/151/1851 5101/151/1851 5727/151/1851 5728/151/1851
f 5086/151/53 5094/151/53 5729/151/53 5730/151/53
f 5731/151/11 5732/151/11 5733/151/338
f 5733/151/338 5732/151/11 5734/151/1735
f 5735/151/231 5734/151/1735 5736/151/231
f 5737/151/1825 5736/151/231 5738/151/339
f 4962/151/53 5738/151/339 4965/151/1597
f 4962/151/53 5737/151/1825 5738/151/339
f 5737/151/1825 5735/151/231 5736/151/231
f 5735/151/231 5733/151/338 5734/151/1735
f 5739/151/11 5740/151/11 5741/151/1852
f 5741/151/1852 5740/151/11 5742/151/1852
f 5743/151/1853 5741/151/1852 5742/151/1852
f 5743/151/1853 5744/151/1853 5741/151/1852
f 5743/151/1853 5745/151/1854 5744/151/1853
f 5744/151/1853 5745/151/1854 5746/151/1854
f 5746/151/1854 5745/151/1854 5747/151/1855
f 5748/151/1855 5747/151/1855 5639/151/49
f 5748/151/1855 5746/151/1854 5747/151/1855
f 5747/151/1855 5646/151/49 5639/151/49
f 5749/151/53 5750/151/53 5751/151/1856
f 5751/151/1856 5750/151/53 5752/151/1857
f 5753/151/1661 5752/151/1857 5754/151/1661
f 5755/151/1662 5754/151/1661 5756/151/1662
f 5757/151/49 5756/151/1662 5758/151/49
f 5757/151/49 5755/151/1662 5756/151/1662
f 5755/151/1662 5753/151/1661 5754/151/1661
f 5753/151/1661 5751/151/1856 5752/151/1857
f 5759/151/1858 5760/151/1858 5761/151/1858 5762/151/1858
f 5763/151/53 5764/151/53 5765/151/53
f 5766/151/617 5763/151/53 5765/151/1859
f 5299/151/53 5766/151/617 5765/151/1859
f 5296/151/53 5299/151/53 5765/151/1859
f 5295/151/53 5296/151/53 5765/151/1859
f 5767/151/53 5295/151/53 5765/151/1859
f 5294/151/53 5295/151/53 5767/151/53
f 5768/151/53 5294/151/53 5767/151/53
f 5769/151/53 5294/151/53 5768/151/53
f 5145/151/1804 5770/151/1804 5771/151/1804 5146/151/1804
f 5772/151/1860 5773/151/1861 5774/151/1860
f 5774/151/1860 5773/151/1861 5775/151/1862
f 5775/151/1862 5773/151/1861 5776/151/1863
f 5777/151/1863 5776/151/1863 5778/151/1864
f 5779/151/1864 5778/151/1864 5780/151/1772
f 5781/151/1772 5779/151/1864 5780/151/1772
f 5779/151/1864 5777/151/1863 5778/151/1864
f 5777/151/1863 5775/151/1862 5776/151/1863
f 4980/151/51 5037/151/51 4982/151/51
f 5782/151/51 5783/151/51 5549/151/51
f 5548/151/51 5782/151/51 5549/151/51
f 5039/151/51 5037/151/51 4980/151/51
f 5784/151/51 5782/151/51 5548/151/51
f 4978/151/51 5039/151/51 4980/151/51
f 5041/151/51 5039/151/51 4978/151/51
f 5547/151/51 5784/151/51 5548/151/51
f 4976/151/51 5041/151/51 4978/151/51
f 5785/151/51 5784/151/51 5547/151/51
f 5546/151/51 5785/151/51 5547/151/51
f 5043/151/51 5041/151/51 4976/151/51
f 4974/151/51 5043/151/51 4976/151/51
f 5786/151/51 5785/151/51 5546/151/51
f 5045/151/51 5043/151/51 4974/151/51
f 5417/151/51 5786/151/51 5546/151/51
f 5787/151/51 5045/151/51 4974/151/51
f 5788/151/51 5786/151/51 5417/151/51
f 5789/151/51 5045/151/51 5787/151/51
f 5790/151/51 5788/151/51 5417/151/51
f 5791/151/51 5045/151/51 5789/151/51
f 5792/151/51 5790/151/51 5417/151/51
f 5793/151/51 5792/151/51 5417/151/51
f 5793/151/51 5791/151/51 5792/151/51
f 5793/151/51 5045/151/51 5791/151/51
f 5415/151/51 5793/151/51 5417/151/51
f 5092/151/1813 5097/151/1813 5728/151/1813 5794/151/1813
f 5795/151/55 5796/151/55 5797/151/55 5798/151/55
f 5799/151/769 5800/151/55 5801/151/246
f 5801/151/246 5800/151/55 5802/151/1865
f 5803/151/246 5801/151/246 5802/151/1865
f 5803/151/246 5804/151/1810 5801/151/246
f 5803/151/246 5805/151/245 5804/151/1810
f 5804/151/1810 5805/151/245 5806/151/1866
f 5806/151/1866 5805/151/245 5807/151/244
f 5808/151/49 5807/151/244 5809/151/49
f 5808/151/49 5806/151/1866 5807/151/244
f 5673/151/1867 5312/151/51 5672/151/1868
f 5673/151/1867 5310/151/51 5312/151/51
f 5312/151/51 5810/151/1867 5672/151/1868
f 5672/151/1868 5810/151/1867 5425/151/1728
f 5425/151/1728 5810/151/1867 5811/151/1868
f 5424/151/1728 5425/151/1728 5811/151/1868
f 5627/151/1 5139/151/1 5136/151/1 5812/151/1
f 5126/151/1701 5129/151/1702 5813/151/1710
f 5813/151/1710 5129/151/1702 5814/151/1710
f 5815/151/1812 5814/151/1710 5816/151/1812
f 5817/151/51 5816/151/1812 5818/151/51
f 5817/151/51 5815/151/1812 5816/151/1812
f 5815/151/1812 5813/151/1710 5814/151/1710
f 5819/151/53 5820/151/53 5821/151/53
f 5822/151/53 5820/151/53 5819/151/53
f 5823/151/53 5822/151/53 5819/151/53
f 5824/151/53 5823/151/53 5819/151/53
f 5825/151/53 5823/151/53 5824/151/53
f 5826/151/53 5825/151/53 5824/151/53
f 5827/151/53 5825/151/53 5826/151/53
f 5828/151/53 5827/151/53 5826/151/53
f 5829/151/53 5828/151/53 5826/151/53
f 5830/151/53 5825/151/53 5827/151/53
f 5831/151/53 5829/151/53 5826/151/53
f 5832/151/53 5825/151/53 5830/151/53
f 5833/151/53 5831/151/53 5826/151/53
f 5834/151/53 5825/151/53 5832/151/53
f 5052/151/53 5825/151/53 5834/151/53
f 5835/151/53 5833/151/53 5826/151/53
f 5050/151/53 5052/151/53 5834/151/53
f 5444/151/53 5833/151/53 5835/151/53
f 5836/151/1777 5837/151/1869 5838/151/1777
f 5838/151/1777 5837/151/1869 5839/151/1869
f 5839/151/1869 5837/151/1869 5840/151/1870
f 5841/151/1870 5840/151/1870 5842/151/1871
f 5843/151/1872 5842/151/1871 5844/151/1873
f 5843/151/1872 5841/151/1870 5842/151/1871
f 5842/151/1871 5845/151/1873 5844/151/1873
f 5841/151/1870 5839/151/1869 5840/151/1870
f 5283/151/53 5284/151/53 5846/151/53
f 5280/151/53 5283/151/53 5846/151/53
f 5281/151/53 5280/151/53 5846/151/53
f 5847/151/53 5281/151/53 5846/151/53
f 5848/151/53 5281/151/53 5847/151/53
f 5849/151/53 5281/151/53 5848/151/53
f 5077/151/53 5079/151/53 5850/151/53 5851/151/53
f 5213/151/1874 5343/151/1778 5342/151/1875
f 5852/151/48 5343/151/1778 5213/151/1874
f 5210/151/1068 5213/151/1874 5342/151/1875
f 5653/151/48 5343/151/1778 5852/151/48
f 5437/151/48 5343/151/1778 5653/151/48
f 5660/151/1876 5210/151/1068 5342/151/1875
f 5853/151/1840 5854/151/1840 5855/151/1841
f 5855/151/1841 5854/151/1840 5856/151/1841
f 5857/151/1877 5856/151/1841 5858/151/1877
f 5606/151/49 5858/151/1877 5602/151/49
f 5606/151/49 5857/151/1877 5858/151/1877
f 5857/151/1877 5855/151/1841 5856/151/1841
f 5738/151/49 4966/151/1763 4965/151/49
f 5736/151/49 4966/151/1763 5738/151/49
f 5734/151/49 4966/151/1763 5736/151/49
f 5732/151/49 4966/151/1763 5734/151/49
f 5859/151/49 4966/151/1763 5732/151/49
f 5860/151/49 4966/151/1763 5859/151/49
f 5861/151/49 4966/151/1763 5860/151/49
f 5862/151/49 4966/151/1763 5861/151/49
f 5863/151/49 4966/151/1763 5862/151/49
f 5864/151/49 4966/151/1763 5863/151/49
f 5865/151/49 4966/151/1763 5864/151/49
f 5866/151/49 4966/151/1763 5865/151/49
f 5867/151/49 4966/151/1763 5866/151/49
f 5868/151/49 4966/151/1763 5867/151/49
f 5869/151/49 5870/151/49 5871/151/49
f 5869/151/49 5872/151/49 5870/151/49
f 5873/151/49 5872/151/49 5869/151/49
f 5874/151/49 5872/151/49 5873/151/49
f 5875/151/49 5872/151/49 5874/151/49
f 5876/151/49 5872/151/49 5875/151/49
f 5876/151/49 5868/151/49 5872/151/49
f 5876/151/49 4966/151/1763 5868/151/49
f 5877/151/49 4966/151/1763 5876/151/49
f 5878/151/49 4966/151/1763 5877/151/49
f 5879/151/1763 4966/151/1763 5878/151/49
f 5880/151/49 5879/151/1763 5878/151/49
f 5881/151/1728 5882/151/1768 5402/151/1728 5404/151/1768
f 5367/151/48 5472/151/1778 5365/151/1878
f 5365/151/1878 5472/151/1778 5648/151/1403
f 5368/151/1779 5648/151/1403 5647/151/1879
f 5369/151/1780 5647/151/1879 5649/151/1880
f 5370/151/1781 5649/151/1880 5650/151/1781
f 5372/151/1 5650/151/1781 5651/151/1
f 5372/151/1 5370/151/1781 5650/151/1781
f 5370/151/1781 5369/151/1780 5649/151/1880
f 5369/151/1780 5368/151/1779 5647/151/1879
f 5368/151/1779 5365/151/1878 5648/151/1403
f 5883/151/1881 5884/151/1881 5885/151/1881 5886/151/1881
f 5887/151/617 5888/151/53 5889/151/1882
f 5889/151/1882 5888/151/53 5890/151/222
f 5891/151/1883 5890/151/222 5892/151/221
f 5893/151/1884 5892/151/221 5894/151/220
f 5895/151/1885 5894/151/1886 5896/151/1887
f 5895/151/1888 5893/151/1884 5894/151/220
f 4988/151/1 4992/151/1 5894/151/1886
f 5894/151/1886 4992/151/1 5897/151/1889
f 5896/151/1887 5894/151/1886 5897/151/1889
f 5893/151/1884 5891/151/1883 5892/151/221
f 5891/151/1883 5889/151/1882 5890/151/222
f 5315/151/55 5854/151/55 5314/151/55
f 5315/151/55 5856/151/55 5854/151/55
f 5315/151/55 5858/151/55 5856/151/55
f 5380/151/55 5858/151/55 5315/151/55
f 5378/151/55 5858/151/55 5380/151/55
f 5378/151/55 5602/151/55 5858/151/55
f 5376/151/55 5602/151/55 5378/151/55
f 5374/151/55 5602/151/55 5376/151/55
f 5898/151/1890 5526/151/1890 5529/151/1890 5899/151/1890
f 5900/151/1891 5901/151/814 5311/151/814
f 5033/151/814 5902/151/814 5903/151/1892
f 5033/151/814 5903/151/1892 5904/151/814
f 5033/151/814 5904/151/814 5905/151/1521
f 5033/151/814 5905/151/1521 5900/151/1891
f 5033/151/814 5900/151/1891 5311/151/814
f 5032/151/1893 5902/151/814 5033/151/814
f 5818/151/51 5906/151/51 5907/151/51 5817/151/51
f 5908/151/55 5909/151/55 5910/151/1809
f 5910/151/1809 5909/151/55 5911/151/1809
f 5912/151/1810 5911/151/1809 5913/151/1810
f 5914/151/1811 5913/151/1810 5915/151/1811
f 5916/151/49 5915/151/1811 5917/151/49
f 5916/151/49 5914/151/1811 5915/151/1811
f 5914/151/1811 5912/151/1810 5913/151/1810
f 5912/151/1810 5910/151/1809 5911/151/1809
f 5918/151/1894 5919/151/1895 5920/151/1896
f 5921/151/1897 5918/151/1894 5920/151/1896
f 5922/151/1898 5921/151/1897 5920/151/1896
f 5923/151/1899 5918/151/1894 5921/151/1897
f 5821/151/1102 5189/151/1900 5819/151/1901
f 5819/151/1901 5189/151/1900 5719/151/1902
f 5718/151/1903 5819/151/1901 5719/151/1902
f 5718/151/1903 5824/151/1904 5819/151/1901
f 5718/151/1903 5826/151/1905 5824/151/1904
f 5718/151/1903 5716/151/1905 5826/151/1905
f 5444/151/1783 5443/151/1782 5924/151/1906 5925/151/1906 5833/151/1906
f 5926/151/1907 5898/151/1907 5899/151/1907 5927/151/1907
f 5105/151/1908 5109/151/1908 5928/151/1908 5152/151/1908
f 5929/151/1 5930/151/1 5931/151/225
f 5931/151/225 5930/151/1 5932/151/225
f 5933/151/1909 5932/151/225 5934/151/1909
f 5935/151/335 5934/151/1909 5936/151/1910
f 5279/151/55 5936/151/1910 5278/151/55
f 5279/151/55 5935/151/335 5936/151/1910
f 5935/151/335 5933/151/1909 5934/151/1909
f 5933/151/1909 5931/151/225 5932/151/225
f 5241/151/21 5937/151/1911 5238/151/1737
f 5238/151/1737 5937/151/1911 5938/151/1912
f 5938/151/1912 5937/151/1911 5939/151/1913
f 5940/151/1914 5939/151/1913 5941/151/1915
f 5942/151/1916 5941/151/1915 5943/151/1917
f 5942/151/1916 5940/151/1914 5941/151/1915
f 5941/151/1915 5944/151/1918 5943/151/1917
f 5940/151/1914 5938/151/1912 5939/151/1913
f 5945/151/53 5946/151/53 5947/151/53
f 5948/151/53 5946/151/53 5945/151/53
f 5949/151/53 5946/151/53 5948/151/53
f 5950/151/1919 5946/151/53 5949/151/53
f 5951/151/53 5946/151/53 5950/151/1919
f 5952/151/53 5946/151/53 5951/151/53
f 5953/151/53 5952/151/53 5951/151/53
f 5954/151/53 5952/151/53 5953/151/53
f 5955/151/53 5954/151/53 5953/151/53
f 5796/151/1 5426/151/1 5429/151/1 5797/151/1
f 5956/151/11 5560/151/11 5558/151/11 5957/151/11
f 5958/151/55 5880/151/55 5959/151/1685
f 5959/151/1685 5880/151/55 5878/151/1685
f 5960/151/1684 5878/151/1685 5877/151/1684
f 5961/151/227 5877/151/1684 5876/151/1683
f 5962/151/11 5876/151/1683 5875/151/11
f 5962/151/11 5961/151/227 5876/151/1683
f 5961/151/227 5960/151/1684 5877/151/1684
f 5960/151/1684 5959/151/1685 5878/151/1685
f 5845/151/11 5842/151/746 5963/151/11
f 5963/151/11 5842/151/746 5964/151/1920
f 5964/151/1920 5842/151/746 5840/151/748
f 5965/151/748 5840/151/748 5966/151/1921
f 5965/151/748 5964/151/1920 5840/151/748
f 5840/151/748 5837/151/750 5966/151/1921
f 5966/151/1921 5837/151/750 5967/151/51
f 5967/151/51 5837/151/750 5836/151/51
f 5968/151/53 5750/151/53 5749/151/53
f 5963/151/53 5968/151/53 5749/151/53
f 5964/151/53 5968/151/53 5963/151/53
f 5969/151/53 5968/151/53 5964/151/53
f 5965/151/53 5969/151/53 5964/151/53
f 5970/151/53 5969/151/53 5965/151/53
f 5966/151/53 5970/151/53 5965/151/53
f 5971/151/53 5967/151/53 5972/151/53
f 5971/151/53 5966/151/53 5967/151/53
f 5971/151/53 5970/151/53 5966/151/53
f 5973/151/53 5971/151/53 5972/151/53
f 5974/151/53 5973/151/53 5972/151/53
f 5975/151/53 5974/151/53 5972/151/53
f 5800/151/228 5062/151/228 5976/151/228
f 5063/151/228 5062/151/228 5800/151/228
f 5802/151/1922 5800/151/228 5976/151/228
f 5803/151/228 5802/151/1922 5976/151/228
f 5805/151/228 5803/151/228 5976/151/228
f 5807/151/228 5805/151/228 5976/151/228
f 5809/151/228 5807/151/228 5976/151/228
f 5094/151/1923 5099/151/1923 5153/151/1923 5729/151/1923
f 5977/151/53 5978/151/53 5979/151/53 5980/151/53
f 5981/151/11 5874/151/11 5982/151/1680
f 5982/151/1680 5874/151/11 5873/151/1680
f 5983/151/1678 5873/151/1680 5869/151/1678
f 5984/151/1677 5869/151/1678 5871/151/1677
f 5985/151/1924 5871/151/1677 5870/151/1674
f 5985/151/1924 5984/151/1677 5871/151/1677
f 5984/151/1677 5983/151/1678 5869/151/1678
f 5983/151/1678 5982/151/1680 5873/151/1680
f 5643/151/53 5652/151/53 5503/151/53 5502/151/53
f 5986/151/1925 5987/151/1925 5988/151/1925 5989/151/1925
f 5633/151/1 5637/151/1 5325/151/1 5323/151/1
f 5990/151/1839 5314/151/1850 5854/151/1840 5853/151/1840 5313/151/1850 5674/151/1840
f 5100/151/1926 5096/151/1926 5991/151/1926 5992/151/1926
f 5442/151/1 5655/151/1 5352/151/1 5353/151/1
f 5993/151/224 5994/151/224 5995/151/1927
f 5993/151/224 5995/151/1927 5996/151/224
f 5993/151/224 5996/151/224 5997/151/1928
f 5993/151/224 5997/151/1928 5998/151/224
f 5999/151/224 5993/151/224 5998/151/224
f 5999/151/224 5998/151/224 6000/151/224
f 5999/151/224 6000/151/224 6001/151/224
f 5598/151/814 5601/151/1929 6002/151/814
f 5596/151/1930 5598/151/814 6002/151/814
f 5595/151/814 5596/151/1930 6002/151/814
f 5593/151/1521 5595/151/814 6002/151/814
f 5591/151/1487 5593/151/1521 6002/151/814
f 5070/151/814 5591/151/1487 6002/151/814
f 5071/151/814 5591/151/1487 5070/151/814
f 5772/151/49 6003/151/49 5773/151/1931
f 5773/151/1931 6003/151/49 6004/151/1932
f 6005/151/1933 5773/151/1931 6004/151/1932
f 6005/151/1933 5776/151/1934 5773/151/1931
f 6005/151/1933 6006/151/1935 5776/151/1934
f 5776/151/1934 6006/151/1935 6007/151/1936
f 6008/151/1937 5776/151/1934 6007/151/1936
f 6008/151/1937 6009/151/1938 5776/151/1934
f 5776/151/1934 6009/151/1938 6010/151/1939
f 5923/151/1940 6010/151/1939 5918/151/1941
f 5923/151/1940 5776/151/1934 6010/151/1939
f 5923/151/1940 6011/151/1942 5776/151/1934
f 5776/151/1934 6011/151/1942 6012/151/1943
f 6013/151/1944 5776/151/1934 6012/151/1943
f 6013/151/1944 5778/151/241 5776/151/1934
f 6013/151/1944 6014/151/1945 5778/151/241
f 5778/151/241 6014/151/1945 6015/151/1946
f 6016/151/1947 5778/151/241 6015/151/1946
f 6016/151/1947 6017/151/1948 5778/151/241
f 5778/151/241 6017/151/1948 5780/151/342
f 5780/151/342 6017/151/1948 6018/151/1
f 6019/151/1949 6020/151/1950 6021/151/1951
f 6021/151/1951 6020/151/1950 6007/151/1952
f 6006/151/1953 6021/151/1951 6007/151/1952
f 6007/151/1952 6020/151/1950 6008/151/1954
f 6008/151/1954 6020/151/1950 6022/151/1955
f 6009/151/1956 6022/151/1955 6023/151/1957
f 6010/151/1958 6023/151/1957 5919/151/1895
f 5918/151/1894 6010/151/1958 5919/151/1895
f 6010/151/1958 6009/151/1956 6023/151/1957
f 6009/151/1956 6008/151/1954 6022/151/1955
f 6024/151/1959 5670/151/1597 6019/151/1960
f 6024/151/1959 5671/151/53 5670/151/1597
f 5670/151/1597 6025/151/1961 6019/151/1960
f 6019/151/1960 6025/151/1961 6026/151/1962
f 6020/151/1963 6026/151/1962 6027/151/1964
f 6022/151/1965 6027/151/1964 5920/151/1896
f 6023/151/1966 5920/151/1896 5919/151/1895
f 6023/151/1966 6022/151/1965 5920/151/1896
f 6022/151/1965 6020/151/1963 6027/151/1964
f 6020/151/1963 6019/151/1960 6026/151/1962
f 6028/151/1967 6029/151/1968 6030/151/1969
f 6031/151/1967 6028/151/1967 6030/151/1969
f 6032/151/1970 6031/151/1967 6030/151/1969
f 6033/151/1967 6032/151/1970 6030/151/1969
f 6034/151/1971 6033/151/1967 6030/151/1969
f 5584/151/1972 6034/151/1971 6030/151/1969
f 5581/151/1973 5584/151/1972 6030/151/1969
f 5579/151/1974 5581/151/1973 6030/151/1969
f 5578/151/1975 5579/151/1974 6030/151/1969
f 6035/151/1976 5578/151/1977 6030/151/1978
f 6036/151/1976 6035/151/1976 6030/151/1978
f 6037/151/1967 6036/151/1976 6030/151/1978
f 6029/151/1979 5050/151/1979 5834/151/1980 6038/151/1980 6030/151/1980
f 5562/151/49 6039/151/49 6040/151/49
f 5559/151/49 5562/151/49 6040/151/49
f 6041/151/49 5559/151/49 6040/151/49
f 6042/151/49 5559/151/49 6041/151/49
f 6043/151/49 5559/151/49 6042/151/49
f 6044/151/49 5559/151/49 6043/151/49
f 6045/151/49 5559/151/49 6044/151/49
f 6046/151/49 5559/151/49 6045/151/49
f 6047/151/49 5559/151/49 6046/151/49
f 6048/151/49 6047/151/49 6046/151/49
f 6049/151/49 6048/151/49 6046/151/49
f 6050/151/49 6048/151/49 6049/151/49
f 5164/151/1981 5786/151/1982 5165/151/349
f 5165/151/349 5786/151/1982 5788/151/348
f 5166/151/1983 5788/151/348 5790/151/1983
f 5167/151/1984 5790/151/1983 5792/151/1985
f 5168/151/1986 5792/151/1985 5791/151/1987
f 5169/151/1988 5791/151/1987 5789/151/1988
f 5170/151/1989 5789/151/1988 5787/151/1025
f 4973/151/1674 5787/151/1025 4974/151/1675
f 4973/151/1674 5170/151/1989 5787/151/1025
f 5170/151/1989 5169/151/1988 5789/151/1988
f 5169/151/1988 5168/151/1986 5791/151/1987
f 5168/151/1986 5167/151/1984 5792/151/1985
f 5167/151/1984 5166/151/1983 5790/151/1983
f 5166/151/1983 5165/151/349 5788/151/348
f 6051/151/51 6052/151/1990 5070/151/51
f 5070/151/51 6052/151/1990 6053/151/1991
f 5068/151/750 6053/151/1991 6054/151/1992
f 5066/151/748 6054/151/1992 6055/151/1993
f 5064/151/746 6055/151/1993 6056/151/1994
f 6057/151/1995 5064/151/746 6056/151/1994
f 6057/151/1995 6058/151/1996 5064/151/746
f 5064/151/746 6058/151/1996 6059/151/1997
f 5062/151/1998 6059/151/1997 6060/151/11
f 5062/151/1998 5064/151/746 6059/151/1997
f 5064/151/746 5066/151/748 6055/151/1993
f 5066/151/748 5068/151/750 6054/151/1992
f 5068/151/750 5070/151/51 6053/151/1991
f 6061/151/1999 6060/151/2000 6062/151/2001
f 6062/151/2001 6060/151/2000 6059/151/2002
f 5945/151/2003 5947/151/2004 6056/151/2005
f 5948/151/2006 6056/151/2005 6055/151/2007
f 6063/151/2008 5948/151/2006 6055/151/2007
f 6063/151/2008 6064/151/2009 5948/151/2006
f 5948/151/2006 6064/151/2009 5949/151/2010
f 6056/151/2005 6065/151/2011 6057/151/2012
f 6056/151/2005 5947/151/2004 6065/151/2011
f 5948/151/2006 5945/151/2003 6056/151/2005
f 6065/151/2011 6066/151/2013 6057/151/2012
f 6057/151/2012 6066/151/2013 6058/151/2014
f 6058/151/2014 6066/151/2013 6062/151/2001
f 6059/151/2002 6058/151/2014 6062/151/2001
f 6067/151/2015 6068/151/2016 6053/151/2017
f 6069/151/2018 6053/151/2017 6052/151/2019
f 6070/151/2020 6052/151/2019 6071/151/2021
f 6070/151/2022 6069/151/2018 6052/151/2019
f 6068/151/2016 6072/151/2023 6053/151/2017
f 6053/151/2017 6072/151/2023 6073/151/2024
f 6054/151/2025 6073/151/2024 5953/151/2026
f 5951/151/2027 6054/151/2028 5953/151/2029
f 5951/151/2027 5950/151/2030 6054/151/2028
f 6054/151/2028 5950/151/2030 6055/151/2031
f 6055/151/2031 5950/151/2030 5949/151/2032
f 5949/151/2033 6055/151/2034 6064/151/2035
f 6055/151/2034 6063/151/2036 6064/151/2035
f 6054/151/2025 6053/151/2017 6073/151/2024
f 6051/151/705 6074/151/705 6052/151/2019
f 6052/151/2019 6074/151/705 6075/151/2037
f 6071/151/2021 6052/151/2019 6075/151/2037
f 6069/151/2018 6067/151/2015 6053/151/2017
f 6076/151/55 6077/151/226 6078/151/55
f 5994/151/55 6076/151/55 6078/151/55
f 5995/151/55 5994/151/55 6078/151/55
f 6079/151/55 6076/151/55 5994/151/55
f 6080/151/55 6079/151/55 5994/151/55
f 6081/151/55 6079/151/55 6080/151/55
f 6082/151/55 6079/151/55 6081/151/55
f 6083/151/55 6082/151/55 6081/151/55
f 6084/151/55 6082/151/55 6083/151/55
f 5618/151/55 6084/151/55 6083/151/55
f 5901/151/55 5618/151/55 6083/151/55
f 5900/151/226 5618/151/55 5901/151/55
f 5617/151/55 5618/151/55 5900/151/226
f 5793/151/51 5415/151/51 6085/151/1731
f 6085/151/1731 5415/151/51 5414/151/1732
f 6086/151/1733 5414/151/1732 5413/151/1733
f 6087/151/1734 5413/151/1733 5411/151/1734
f 6088/151/32 5411/151/1734 5410/151/32
f 6088/151/32 6087/151/1734 5411/151/1734
f 6087/151/1734 6086/151/1733 5413/151/1733
f 6086/151/1733 6085/151/1731 5414/151/1732
f 5677/151/49 6089/151/49 5676/151/1877
f 5676/151/1877 6089/151/49 6090/151/1877
f 5675/151/2038 6090/151/1877 6091/151/2039
f 5674/151/1840 6091/151/2039 5990/151/1839
f 5674/151/1840 5675/151/2038 6091/151/2039
f 5675/151/2038 5676/151/1877 6090/151/1877
f 5311/151/814 5901/151/814 6092/151/2040
f 6092/151/2040 5901/151/814 6083/151/2041
f 6093/151/1593 6083/151/2041 6081/151/1593
f 6080/151/2042 6093/151/1593 6081/151/1593
f 6080/151/2042 6094/151/2042 6093/151/1593
f 6080/151/2042 5994/151/224 6094/151/2042
f 6094/151/2042 5994/151/224 5993/151/224
f 6093/151/1593 6092/151/2040 6083/151/2041
f 6095/151/2043 6096/151/2043 6097/151/2043 6098/151/2043
f 5700/151/2044 6099/151/2045 5699/151/2046
f 5699/151/2046 6099/151/2045 6100/151/2047
f 5698/151/2048 6100/151/2047 6101/151/2049
f 5697/151/2050 6101/151/2049 6102/151/2050
f 5467/151/1 6102/151/2050 5464/151/1
f 5467/151/1 5697/151/2050 6102/151/2050
f 5697/151/2050 5698/151/2048 6101/151/2049
f 5698/151/2048 5699/151/2046 6100/151/2047
f 6103/151/51 6104/151/51 6105/151/51
f 6106/151/51 6103/151/51 6105/151/51
f 6107/151/51 6106/151/51 6105/151/51
f 5482/151/1803 5483/151/1803 5706/151/2051
f 5706/151/2051 5483/151/1803 6108/151/2051
f 5705/151/2052 6108/151/2051 6109/151/2052
f 5704/151/2053 6109/151/2052 6110/151/2053
f 5703/151/2054 6110/151/2053 6111/151/2054
f 5702/151/2055 6111/151/2054 6112/151/2055
f 5701/151/2056 6112/151/2055 6113/151/2057
f 5700/151/2044 6113/151/2057 6099/151/2045
f 5700/151/2044 5701/151/2056 6113/151/2057
f 5701/151/2056 5702/151/2055 6112/151/2055
f 5702/151/2055 5703/151/2054 6111/151/2054
f 5703/151/2054 5704/151/2053 6110/151/2053
f 5704/151/2053 5705/151/2052 6109/151/2052
f 5705/151/2052 5706/151/2051 6108/151/2051
f 5264/151/53 5382/151/53 5381/151/53
f 5739/151/53 5264/151/53 5381/151/53
f 5262/151/53 5264/151/53 5739/151/53
f 5741/151/53 5262/151/53 5739/151/53
f 5260/151/53 5262/151/53 5741/151/53
f 5744/151/53 5260/151/53 5741/151/53
f 5258/151/53 5260/151/53 5744/151/53
f 5746/151/53 5326/151/53 5256/151/53
f 5746/151/53 5256/151/53 5258/151/53
f 5746/151/53 5258/151/53 5744/151/53
f 5748/151/53 5326/151/53 5746/151/53
f 5639/151/53 5326/151/53 5748/151/53
f 5638/151/53 5326/151/53 5639/151/53
f 6114/151/11 6115/151/11 6116/151/11 6117/151/11 6118/151/11 6119/151/11
f 6110/151/51 6120/151/51 5231/151/51
f 6111/151/51 6110/151/51 5231/151/51
f 6109/151/51 6120/151/51 6110/151/51
f 6112/151/51 6111/151/51 5231/151/51
f 6113/151/51 6112/151/51 5231/151/51
f 6108/151/51 6120/151/51 6109/151/51
f 6121/151/51 6120/151/51 6108/151/51
f 5233/151/51 6113/151/51 5231/151/51
f 5483/151/51 6121/151/51 6108/151/51
f 6099/151/51 6113/151/51 5233/151/51
f 6122/151/51 6121/151/51 5483/151/51
f 5568/151/51 6099/151/51 5233/151/51
f 5481/151/51 6122/151/51 5483/151/51
f 6100/151/51 6099/151/51 5568/151/51
f 5566/151/51 6100/151/51 5568/151/51
f 6123/151/51 6122/151/51 5481/151/51
f 5479/151/51 6123/151/51 5481/151/51
f 6101/151/51 6100/151/51 5566/151/51
f 5564/151/51 6101/151/51 5566/151/51
f 6124/151/51 6123/151/51 5479/151/51
f 6102/151/51 6101/151/51 5564/151/51
f 5477/151/51 6124/151/51 5479/151/51
f 5464/151/51 6102/151/51 5564/151/51
f 6125/151/51 6124/151/51 5477/151/51
f 5465/151/51 5464/151/51 5564/151/51
f 5475/151/51 6125/151/51 5477/151/51
f 6126/151/2058 6127/151/2059 6128/151/2060
f 5714/151/55 6126/151/2058 6128/151/2060
f 5714/151/55 6129/151/2061 6126/151/2058
f 5714/151/55 5713/151/768 6129/151/2061
f 6130/151/2062 6131/151/2063 6132/151/2064
f 6130/151/2062 6133/151/1791 6131/151/2063
f 6131/151/2063 6134/151/2065 6132/151/2064
f 6132/151/2064 6134/151/2065 6135/151/2066
f 6135/151/2066 6134/151/2065 6128/151/2067
f 6127/151/2068 6135/151/2066 6128/151/2067
f 5962/151/11 5875/151/11 5874/151/11 5981/151/11
f 5226/151/53 5225/151/53 6136/151/1856
f 6136/151/1856 5225/151/53 6137/151/1857
f 6138/151/1661 6137/151/1857 6139/151/1661
f 6140/151/1662 6139/151/1661 6141/151/1662
f 6142/151/49 6141/151/1662 6143/151/49
f 6142/151/49 6140/151/1662 6141/151/1662
f 6140/151/1662 6138/151/1661 6139/151/1661
f 6138/151/1661 6136/151/1856 6137/151/1857
f 6144/151/11 6145/151/11 6146/151/232
f 6146/151/232 6145/151/11 6147/151/232
f 6148/151/2069 6147/151/232 6149/151/2069
f 6150/151/1599 6149/151/2069 6151/151/1599
f 6152/151/1597 6151/151/1599 6153/151/1597
f 6152/151/1597 6150/151/1599 6151/151/1599
f 6150/151/1599 6148/151/2069 6149/151/2069
f 6148/151/2069 6146/151/232 6147/151/232
f 5879/151/55 5880/151/55 5958/151/55
f 5205/151/55 5879/151/55 5958/151/55
f 5206/151/55 5879/151/55 5205/151/55
f 5207/151/1918 5879/151/55 5206/151/55
f 5208/151/55 5879/151/55 5207/151/1918
f 6154/151/55 5209/151/55 6155/151/55
f 6154/151/55 5208/151/55 5209/151/55
f 6154/151/55 5879/151/55 5208/151/55
f 6156/151/55 6154/151/55 6155/151/55
f 6157/151/55 6156/151/55 6155/151/55
f 6158/151/55 6157/151/55 6155/151/55
f 6159/151/55 6157/151/55 6158/151/55
f 6160/151/11 5242/151/11 5244/151/11
f 6161/151/11 5242/151/11 6160/151/11
f 6162/151/11 5242/151/11 6161/151/11
f 6105/151/11 5242/151/11 6162/151/11
f 6104/151/11 5242/151/11 6105/151/11
f 6163/151/11 5242/151/11 6104/151/11
f 6164/151/11 5242/151/11 6163/151/11
f 6165/151/11 5242/151/11 6164/151/11
f 5268/151/11 6166/151/11 6167/151/11
f 5268/151/11 6168/151/11 6166/151/11
f 5268/151/11 6165/151/11 6168/151/11
f 5268/151/11 5242/151/11 6165/151/11
f 5267/151/332 5242/151/11 5268/151/11
f 6169/151/11 5268/151/11 6167/151/11
f 6170/151/11 6169/151/11 6167/151/11
f 6171/151/11 6170/151/11 6167/151/11
f 6172/151/11 6171/151/11 6167/151/11
f 6060/151/11 6172/151/11 6167/151/11
f 5062/151/1998 6060/151/11 6167/151/11
f 5976/151/11 5062/151/1998 6167/151/11
f 6142/151/332 5976/151/11 6167/151/11
f 5909/151/11 5228/151/11 5226/151/11
f 5909/151/11 5226/151/11 6136/151/11
f 5909/151/11 6136/151/11 6138/151/11
f 5909/151/11 6138/151/11 6140/151/32
f 5909/151/11 6140/151/32 6142/151/332
f 5909/151/11 6142/151/332 6167/151/11
f 6173/151/11 5228/151/11 5909/151/11
f 5911/151/11 5909/151/11 6167/151/11
f 5913/151/11 5911/151/11 6167/151/11
f 5915/151/11 5913/151/11 6167/151/11
f 5917/151/11 5915/151/11 6167/151/11
f 5757/151/11 5917/151/11 6167/151/11
f 6174/151/11 5963/151/11 5749/151/11
f 6174/151/11 5749/151/11 5751/151/11
f 6174/151/11 5751/151/11 5753/151/11
f 6174/151/11 5753/151/11 5755/151/11
f 6174/151/11 5755/151/11 5757/151/11
f 6174/151/11 5757/151/11 6167/151/11
f 5845/151/11 5963/151/11 6174/151/11
f 5138/151/47 5137/151/1705 5340/151/2070
f 5340/151/2070 5137/151/1705 5629/151/2070
f 5335/151/2071 5629/151/2070 5630/151/2071
f 5333/151/2072 5630/151/2071 5631/151/2073
f 5329/151/2074 5631/151/2073 5632/151/2075
f 5323/151/1 5632/151/2075 5633/151/1
f 5323/151/1 5329/151/2074 5632/151/2075
f 5329/151/2074 5333/151/2072 5631/151/2073
f 5333/151/2072 5335/151/2071 5630/151/2071
f 5335/151/2071 5340/151/2070 5629/151/2070
f 6175/151/1839 5586/151/1840 5585/151/1839 6176/151/1839
f 6177/151/49 6089/151/49 5677/151/49 5679/151/49
f 6178/151/49 5022/151/49 5021/151/49 6179/151/49
f 5052/151/2076 6180/151/2076 5825/151/2076
f 5574/151/2076 6180/151/2076 5052/151/2076
f 5053/151/2076 5574/151/2076 5052/151/2076
f 5577/151/2076 5574/151/2076 5053/151/2076
f 5055/151/2076 5577/151/2076 5053/151/2076
f 5580/151/2076 5577/151/2076 5055/151/2076
f 5582/151/2077 5580/151/2076 5055/151/2076
f 5057/151/2077 5582/151/2077 5055/151/2076
f 5058/151/2078 5582/151/2077 5057/151/2077
f 5583/151/2078 5582/151/2077 5058/151/2078
f 6181/151/1 6182/151/1 6183/151/2079
f 6183/151/2079 6182/151/1 6184/151/2080
f 6185/151/2081 6183/151/2079 6184/151/2080
f 6185/151/2081 6186/151/2082 6183/151/2079
f 6185/151/2081 4951/151/2083 6186/151/2082
f 6185/151/2081 4948/151/2084 4951/151/2083
f 6185/151/2081 6187/151/2085 4948/151/2084
f 4948/151/2084 6187/151/2085 4946/151/2086
f 4946/151/2086 6187/151/2085 4943/151/2087
f 4943/151/2087 6187/151/2085 4942/151/2088
f 4942/151/2088 6187/151/2085 6188/151/2089
f 6188/151/2089 6187/151/2085 6189/151/2090
f 6189/151/2090 6187/151/2085 6190/151/2091
f 6190/151/2091 6187/151/2085 6191/151/2092
f 6191/151/2092 6187/151/2085 6192/151/2093
f 6192/151/2093 6187/151/2085 6193/151/2094
f 6193/151/2094 6187/151/2085 6194/151/2095
f 6195/151/2096 6194/151/2095 6196/151/2097
f 6197/151/51 6195/151/2096 6196/151/2097
f 6195/151/2096 6193/151/2094 6194/151/2095
f 6198/151/11 5125/151/11 5124/151/11 6199/151/11
f 6200/151/2098 6188/151/1663 6201/151/2099
f 4942/151/1665 6188/151/1663 6200/151/2098
f 4940/151/1663 4942/151/1665 6200/151/2098
f 6202/151/1608 4940/151/1663 6200/151/2098
f 5250/151/617 5254/151/53 6203/151/1500
f 6203/151/1500 5254/151/53 6204/151/1830
f 6205/151/221 6204/151/1830 6206/151/221
f 6207/151/2100 6206/151/221 6208/151/337
f 6209/151/1 6208/151/337 6210/151/1
f 6209/151/976 6207/151/2100 6208/151/337
f 6207/151/2100 6205/151/221 6206/151/221
f 6205/151/221 6203/151/1500 6204/151/1830
f 6211/151/2101 5545/151/2102 6212/151/2103
f 6213/151/2104 6211/151/2101 6212/151/2103
f 6213/151/2104 6214/151/2105 6211/151/2101
f 6213/151/2104 6215/151/2106 6214/151/2105
f 6214/151/2105 6215/151/2106 6216/151/2107
f 6216/151/2107 6215/151/2106 6217/151/2108
f 6201/151/2099 6217/151/2108 6200/151/2098
f 6201/151/2099 6216/151/2107 6217/151/2108
f 5545/151/2102 5543/151/1822 6212/151/2103
f 6212/151/2103 5543/151/1822 5542/151/1821
f 5541/151/1820 6212/151/2103 5542/151/1821
f 6201/151/2099 6188/151/1663 6216/151/2109
f 6216/151/2109 6188/151/1663 6189/151/2110
f 6214/151/2111 6189/151/2110 6190/151/2112
f 6211/151/2113 6190/151/2112 6191/151/2114
f 5545/151/2115 6191/151/2114 5544/151/2116
f 5545/151/2115 6211/151/2113 6191/151/2114
f 6192/151/53 5540/151/53 6191/151/2114
f 6191/151/2114 5540/151/53 5544/151/2116
f 6211/151/2113 6214/151/2111 6190/151/2112
f 6214/151/2111 6216/151/2109 6189/151/2110
f 5663/151/53 5667/151/53 6218/151/2117
f 6218/151/2117 5667/151/53 6219/151/336
f 6220/151/221 6219/151/336 6221/151/221
f 6222/151/337 6221/151/221 6223/151/220
f 4989/151/1 6223/151/220 4987/151/1
f 4989/151/1 6222/151/337 6223/151/220
f 6222/151/337 6220/151/221 6221/151/221
f 6220/151/221 6218/151/2117 6219/151/336
f 5395/151/2118 6224/151/2119 5993/151/1
f 5993/151/1 6224/151/2119 6094/151/754
f 6094/151/754 6224/151/2119 6225/151/2120
f 6226/151/2121 6094/151/754 6225/151/2120
f 6226/151/2121 6227/151/2122 6094/151/754
f 6094/151/754 6227/151/2122 5293/151/2123
f 5291/151/2124 6094/151/754 5293/151/2123
f 5291/151/2124 6093/151/756 6094/151/754
f 5291/151/2124 5282/151/2125 6093/151/756
f 6093/151/756 5282/151/2125 6092/151/758
f 6092/151/758 5282/151/2125 5289/151/2126
f 5311/151/51 5289/151/2126 5286/151/51
f 5311/151/51 6092/151/758 5289/151/2126
f 6228/151/11 6229/151/11 6044/151/11 6043/151/11
f 6230/151/1 5224/151/21 6231/151/1847
f 6231/151/1847 5224/151/21 5227/151/1847
f 6232/151/1846 5227/151/1847 5229/151/1846
f 6233/151/1845 5229/151/1846 5230/151/1845
f 6120/151/51 5230/151/1845 5231/151/51
f 6120/151/51 6233/151/1845 5230/151/1845
f 6233/151/1845 6232/151/1846 5229/151/1846
f 6232/151/1846 6231/151/1847 5227/151/1847
f 5034/151/11 5621/151/227 5032/151/11
f 5032/151/11 5621/151/227 5902/151/227
f 5902/151/227 5621/151/227 5620/151/228
f 5903/151/228 5620/151/228 5904/151/229
f 5903/151/228 5902/151/227 5620/151/228
f 5620/151/228 5619/151/229 5904/151/229
f 5904/151/229 5619/151/229 5905/151/2127
f 5905/151/2127 5619/151/229 5617/151/55
f 5900/151/226 5905/151/2127 5617/151/55
f 6234/151/55 5943/151/1917 5944/151/1918
f 6235/151/767 6234/151/55 5944/151/1918
f 6037/151/55 6235/151/767 5944/151/1918
f 6236/151/55 6037/151/55 5944/151/1918
f 6237/151/55 6037/151/55 6236/151/55
f 6036/151/55 6037/151/55 6237/151/55
f 6180/151/55 6036/151/55 6237/151/55
f 6238/151/55 6036/151/55 6180/151/55
f 5574/151/55 5573/151/767 6238/151/55
f 5574/151/55 6238/151/55 6180/151/55
f 6239/151/1777 5836/151/1777 5838/151/1777 6240/151/1777
f 6241/151/1728 6242/151/1729 4995/151/1728
f 4995/151/1728 6242/151/1729 4993/151/1729
f 4993/151/1729 6242/151/1729 6243/151/1730
f 5000/151/1730 6243/151/1730 5005/151/1103
f 5000/151/1730 4993/151/1729 6243/151/1730
f 6243/151/1730 5060/151/51 5005/151/1103
f 6244/151/1926 6245/151/1926 6246/151/1926 6247/151/1926
f 6248/151/2128 6133/151/1791 6130/151/2062 5452/151/1791 5453/151/1791
f 6249/151/49 5957/151/49 5558/151/49 5555/151/49
f 4983/151/49 4986/151/2129 5618/151/49
f 5618/151/49 4986/151/2129 4985/151/650
f 4984/151/2130 5618/151/49 4985/151/650
f 4984/151/2130 6250/151/2131 5618/151/49
f 5618/151/49 6250/151/2131 6251/151/2132
f 6084/151/1855 6251/151/2132 5849/151/2133
f 5848/151/2134 6084/151/2135 5849/151/2133
f 5848/151/2134 5847/151/2136 6084/151/2135
f 6084/151/2135 5847/151/2136 6082/151/1854
f 6082/151/1854 5847/151/2136 5846/151/2137
f 6252/151/2138 6082/151/1854 5846/151/2137
f 6252/151/2138 6253/151/2139 6082/151/1854
f 6082/151/1854 6253/151/2139 5769/151/2140
f 6079/151/1853 5769/151/2141 5768/151/2142
f 5767/151/2143 6079/151/1853 5768/151/2142
f 5767/151/2143 6076/151/2144 6079/151/1853
f 5767/151/2143 5765/151/2145 6076/151/2144
f 6076/151/2144 5765/151/2145 6254/151/2146
f 6255/151/2147 6076/151/2144 6254/151/2146
f 6255/151/2147 6256/151/2148 6076/151/2144
f 6076/151/2144 6256/151/2148 6077/151/11
f 6077/151/11 6256/151/2148 5391/151/332
f 6079/151/1853 6082/151/1854 5769/151/2141
f 6084/151/1855 5618/151/49 6251/151/2132
f 5317/151/51 5318/151/51 6257/151/1708
f 6257/151/1708 5318/151/51 5688/151/2149
f 6258/151/2150 5688/151/2149 6259/151/1701
f 6258/151/2150 6257/151/1708 5688/151/2149
f 5688/151/2149 5687/151/2150 6259/151/1701
f 6259/151/1701 5687/151/2150 5686/151/1701
f 6260/151/1084 6261/151/2151 6262/151/2152
f 6262/151/2152 6261/151/2151 6263/151/2153
f 6263/151/2153 6261/151/2151 6264/151/2154
f 6264/151/2154 6261/151/2151 6265/151/2155
f 6266/151/2156 6264/151/2154 6265/151/2155
f 6266/151/2156 6267/151/2157 6264/151/2154
f 6266/151/2156 6268/151/2158 6267/151/2157
f 6267/151/2157 6268/151/2158 6269/151/2159
f 6269/151/2159 6268/151/2158 6270/151/11
f 6271/151/11 6269/151/2159 6270/151/11
f 6272/151/1 6273/151/976 6274/151/2160
f 6274/151/2160 6273/151/976 6275/151/2161
f 6276/151/2162 6274/151/2160 6275/151/2161
f 6276/151/2162 6277/151/2163 6274/151/2160
f 6274/151/2160 6277/151/2163 5946/151/2164
f 5952/151/2165 6274/151/2160 5946/151/2164
f 5952/151/2165 5954/151/2166 6274/151/2160
f 6274/151/2160 5954/151/2166 6278/151/2167
f 6278/151/2167 5954/151/2166 5955/151/2168
f 6279/151/2169 6278/151/2167 5955/151/2168
f 6279/151/2169 6280/151/2170 6278/151/2167
f 6278/151/2167 6280/151/2170 6281/151/2171
f 6281/151/2171 6280/151/2170 6282/151/2172
f 6283/151/2173 6281/151/2174 6282/151/2175
f 6283/151/2173 6284/151/2176 6281/151/2174
f 6281/151/2174 6284/151/2176 6285/151/2177
f 6286/151/2178 6285/151/2177 6287/151/2179
f 6288/151/49 6287/151/2179 6289/151/2180
f 6290/151/2181 6288/151/49 6289/151/2180
f 6290/151/2181 6291/151/2182 6288/151/49
f 6288/151/49 6291/151/2182 6292/151/2183
f 6293/151/49 6288/151/49 6292/151/2183
f 6288/151/49 6286/151/2178 6287/151/2179
f 6286/151/2178 6281/151/2174 6285/151/2177
f 6204/151/49 5254/151/49 5255/151/49
f 6206/151/49 6204/151/49 5255/151/49
f 6208/151/49 6206/151/49 5255/151/49
f 6210/151/49 6208/151/49 5255/151/49
f 6294/151/49 6210/151/49 5255/151/49
f 6295/151/49 6294/151/49 5255/151/49
f 6296/151/49 6295/151/49 5255/151/49
f 6297/151/49 6296/151/49 5255/151/49
f 6298/151/49 6297/151/49 5255/151/49
f 6299/151/49 6298/151/49 5255/151/49
f 6300/151/49 6299/151/49 5255/151/49
f 6301/151/49 6300/151/49 5255/151/49
f 6302/151/49 6301/151/49 5255/151/49
f 6303/151/49 6302/151/49 5255/151/49
f 6304/151/49 6305/151/49 6306/151/49
f 6304/151/49 6306/151/49 6307/151/49
f 6308/151/49 6304/151/49 6307/151/49
f 6309/151/49 6308/151/49 6307/151/49
f 5930/151/49 6309/151/49 6307/151/49
f 5932/151/49 5930/151/49 6307/151/49
f 5932/151/49 6307/151/49 6303/151/49
f 5932/151/49 6303/151/49 5255/151/49
f 5934/151/49 5932/151/49 5255/151/49
f 5936/151/49 5934/151/49 5255/151/49
f 5278/151/49 5936/151/49 5255/151/49
f 5277/151/2184 5278/151/49 5255/151/49
f 5495/151/55 5494/151/55 6310/151/55
f 5498/151/55 5495/151/226 6310/151/55
f 5499/151/55 5498/151/55 6310/151/55
f 6311/151/55 5499/151/55 6310/151/55
f 5178/151/55 5499/151/55 6311/151/55
f 5176/151/55 5178/151/55 6311/151/55
f 6312/151/55 5176/151/55 6311/151/55
f 6313/151/55 5176/151/55 6312/151/55
f 5174/151/55 5176/151/55 6313/151/55
f 5516/151/55 5174/151/55 6313/151/55
f 5517/151/767 5174/151/55 5516/151/55
f 5519/151/55 5174/151/55 5517/151/767
f 5520/151/55 5174/151/55 5519/151/55
f 5172/151/55 5174/151/55 5520/151/55
f 6314/151/55 5172/151/55 5520/151/55
f 6315/151/55 5172/151/55 6314/151/55
f 6316/151/55 6315/151/55 6314/151/55
f 6317/151/55 6315/151/55 6316/151/55
f 5881/151/55 6315/151/55 6317/151/55
f 6318/151/55 6315/151/55 5881/151/55
f 5404/151/55 6318/151/55 5881/151/55
f 5405/151/55 6318/151/55 5404/151/55
f 6319/151/55 6318/151/55 5405/151/55
f 6320/151/55 6319/151/55 5405/151/55
f 5407/151/55 6320/151/55 5405/151/55
f 6321/151/55 6320/151/55 5407/151/55
f 6322/151/55 6321/151/55 5407/151/55
f 6323/151/55 6322/151/55 5407/151/55
f 6324/151/55 6323/151/55 5407/151/55
f 5408/151/55 6324/151/55 5407/151/55
f 5457/151/11 4956/151/11 4955/151/11
f 5459/151/11 4956/151/11 5457/151/11
f 5461/151/11 4956/151/11 5459/151/11
f 5463/151/11 4956/151/11 5461/151/11
f 5551/151/11 4956/151/11 5463/151/11
f 6325/151/11 4956/151/11 5551/151/11
f 6326/151/11 4956/151/11 6325/151/11
f 6327/151/11 4956/151/11 6326/151/11
f 6155/151/11 6328/151/11 6329/151/11
f 6155/151/11 6327/151/11 6328/151/11
f 6155/151/11 4956/151/11 6327/151/11
f 5209/151/32 4956/151/11 6155/151/11
f 6330/151/11 6155/151/11 6329/151/11
f 6331/151/11 6330/151/11 6329/151/11
f 6332/151/11 6331/151/11 6329/151/11
f 5393/151/11 6332/151/11 6329/151/11
f 5391/151/332 5393/151/11 6329/151/11
f 6078/151/11 5391/151/332 6329/151/11
f 6077/151/11 5391/151/332 6078/151/11
f 6333/151/11 6078/151/11 6329/151/11
f 6334/151/11 6333/151/11 6329/151/11
f 6335/151/11 6334/151/11 6329/151/11
f 6336/151/2185 6335/151/11 6329/151/11
f 4938/151/11 6336/151/2185 6329/151/11
f 5505/151/11 5410/151/32 4930/151/11
f 5505/151/11 4930/151/11 4932/151/11
f 5505/151/11 4932/151/11 4934/151/11
f 5505/151/11 4934/151/11 4936/151/332
f 5505/151/11 4936/151/332 4938/151/11
f 5505/151/11 4938/151/11 6329/151/11
f 6088/151/32 5410/151/32 5505/151/11
f 5507/151/11 5505/151/11 6329/151/11
f 5509/151/11 5507/151/11 6329/151/11
f 5511/151/11 5509/151/11 6329/151/11
f 5513/151/11 5511/151/11 6329/151/11
f 5389/151/11 5513/151/11 6329/151/11
f 6337/151/2186 5739/151/11 5381/151/11
f 6337/151/2186 5381/151/11 5383/151/11
f 6337/151/2186 5383/151/11 5385/151/11
f 6337/151/2186 5385/151/11 5387/151/11
f 6337/151/2186 5387/151/11 5389/151/11
f 6337/151/2186 5389/151/11 6329/151/11
f 5740/151/11 5739/151/11 6337/151/2186
f 4939/151/49 6001/151/1141 6336/151/49
f 4939/151/49 5999/151/49 6001/151/1141
f 4938/151/49 4939/151/49 6336/151/49
f 6338/151/246 5268/151/55 6339/151/2187
f 6338/151/246 5271/151/55 5268/151/55
f 6339/151/2187 6169/151/2188 6340/151/244
f 6339/151/2187 5268/151/55 6169/151/2188
f 6169/151/2188 6170/151/245 6340/151/244
f 6340/151/244 6170/151/245 6341/151/49
f 6341/151/49 6170/151/245 6171/151/244
f 6172/151/49 6341/151/49 6171/151/244
f 5326/151/53 5638/151/53 5324/151/2189
f 5324/151/2189 5638/151/53 5636/151/1599
f 5322/151/2190 5636/151/1599 5635/151/2190
f 5319/151/232 5635/151/2190 5634/151/232
f 5035/151/11 5634/151/232 5031/151/11
f 5035/151/11 5319/151/232 5634/151/232
f 5319/151/232 5322/151/2190 5635/151/2190
f 5322/151/2190 5324/151/2189 5636/151/1599
f 6342/151/11 6271/151/11 6270/151/11 6343/151/11
f 6313/151/1702 6344/151/1702 5514/151/1701 5516/151/1702
f 6245/151/2191 6345/151/2191 6346/151/2191 6246/151/2191
f 5265/151/1772 5432/151/1772 5781/151/1772 5780/151/1772
f 5160/151/11 5783/151/11 5161/151/2192
f 5161/151/2192 5783/151/11 5782/151/2193
f 5162/151/2194 5782/151/2193 5784/151/2195
f 5163/151/2196 5784/151/2195 5785/151/2197
f 5164/151/1981 5785/151/2197 5786/151/1982
f 5164/151/1981 5163/151/2196 5785/151/2197
f 5163/151/2196 5162/151/2194 5784/151/2195
f 5162/151/2194 5161/151/2192 5782/151/2193
f 5072/151/2198 5075/151/2198 5696/151/2198 5569/151/2198
f 5553/151/53 5023/151/53 5026/151/53 5554/151/53
f 5110/151/2199 5108/151/2199 6347/151/2199 6348/151/2199
f 6349/151/53 6350/151/53 6351/151/53 6352/151/53
f 6350/151/2200 5759/151/2200 5762/151/2200 6351/151/2200
f 6353/151/280 5534/151/280 5216/151/280
f 6354/151/280 5534/151/280 6353/151/280
f 6355/151/280 5534/151/280 6354/151/280
f 5535/151/280 5534/151/280 6355/151/280
f 5827/151/280 6356/151/2201 5830/151/2202
f 5830/151/2202 6356/151/2201 6357/151/2203
f 6358/151/2204 5830/151/2202 6357/151/2203
f 6358/151/2204 5832/151/2205 5830/151/2202
f 6358/151/2204 5834/151/2206 5832/151/2205
f 6358/151/2204 6038/151/2207 5834/151/2206
f 6358/151/2204 6030/151/2208 6038/151/2207
f 5244/151/53 5243/151/53 6160/151/1793
f 6160/151/1793 5243/151/53 6359/151/2209
f 6161/151/1496 6359/151/2209 6360/151/1496
f 6162/151/1796 6360/151/1496 6361/151/1795
f 6107/151/51 6162/151/1796 6361/151/1795
f 6107/151/51 6105/151/51 6162/151/1796
f 6162/151/1796 6161/151/1496 6360/151/1496
f 6161/151/1496 6160/151/1793 6359/151/2209
f 6195/151/53 6197/151/53 5214/151/53
f 6193/151/53 6195/151/53 5214/151/53
f 5534/151/53 6193/151/53 5214/151/53
f 5216/151/53 5534/151/53 5214/151/53
f 5536/151/53 6193/151/53 5534/151/53
f 5539/151/53 6193/151/53 5536/151/53
f 6192/151/53 6193/151/53 5539/151/53
f 5540/151/53 6192/151/53 5539/151/53
f 5527/151/55 6362/151/55 6363/151/55 5528/151/55
f 5095/151/55 5089/151/55 5194/151/55 6364/151/55
f 5211/151/53 5654/151/53 6365/151/53 5212/151/53
f 5112/151/1881 5110/151/1881 6348/151/1881 6366/151/1881
f 5742/151/55 5740/151/55 6337/151/55
f 6367/151/55 5742/151/55 6337/151/55
f 5432/151/55 5742/151/55 6367/151/55
f 5781/151/55 5432/151/55 6367/151/55
f 5743/151/55 5742/151/55 5432/151/55
f 6368/151/55 5781/151/55 6367/151/55
f 5433/151/55 5743/151/55 5432/151/55
f 5779/151/55 5781/151/55 6368/151/55
f 5777/151/55 5779/151/55 6368/151/55
f 5434/151/55 5743/151/55 5433/151/55
f 5745/151/55 5743/151/55 5434/151/55
f 6369/151/55 5777/151/55 6368/151/55
f 5435/151/55 5745/151/55 5434/151/55
f 5775/151/55 5777/151/55 6369/151/55
f 5747/151/55 5745/151/55 5435/151/55
f 6370/151/55 5775/151/55 6369/151/55
f 5774/151/55 5775/151/55 6370/151/55
f 5646/151/55 5747/151/55 5435/151/55
f 5436/151/55 5646/151/55 5435/151/55
f 6371/151/55 5774/151/55 6370/151/55
f 5724/151/55 5646/151/55 5436/151/55
f 5645/151/55 5646/151/55 5724/151/55
f 6372/151/55 5774/151/55 6371/151/55
f 5838/151/55 6373/151/55 6240/151/55
f 6374/151/55 6373/151/55 5838/151/55
f 6196/151/55 6372/151/55 6371/151/55
f 6375/151/55 6374/151/55 5838/151/55
f 6194/151/55 6372/151/55 6196/151/55
f 5839/151/55 6375/151/55 5838/151/55
f 6376/151/55 6372/151/55 6194/151/55
f 6377/151/55 6375/151/55 5839/151/55
f 6187/151/55 6376/151/55 6194/151/55
f 6378/151/55 6376/151/55 6187/151/55
f 5841/151/55 6377/151/55 5839/151/55
f 6379/151/55 6378/151/55 6187/151/55
f 5843/151/55 6377/151/55 5841/151/55
f 6185/151/55 6379/151/55 6187/151/55
f 6380/151/55 6377/151/55 5843/151/55
f 5844/151/55 6380/151/55 5843/151/55
f 6381/151/55 6379/151/55 6185/151/55
f 6184/151/55 5844/151/55 6381/151/55
f 6184/151/55 6380/151/55 5844/151/55
f 6184/151/55 6381/151/55 6185/151/55
f 6382/151/55 6380/151/55 6184/151/55
f 6383/151/55 6382/151/55 6184/151/55
f 6182/151/55 6383/151/55 6184/151/55
f 5096/151/2191 5095/151/2191 6364/151/2191 5991/151/2191
f 5088/151/2210 5084/151/2210 6384/151/2210 5571/151/2210
f 6385/151/1728 4994/151/1768 6386/151/1729
f 6386/151/1729 4994/151/1768 4997/151/1729
f 6387/151/2211 4997/151/1729 4998/151/2211
f 6388/151/51 4998/151/2211 4999/151/51
f 6388/151/51 6387/151/2211 4998/151/2211
f 6387/151/2211 6386/151/1729 4997/151/1729
f 5523/151/1851 5144/151/1851 5147/151/1851 5524/151/1851
f 4968/151/1 5612/151/2212 4969/151/1
f 4969/151/1 5612/151/2212 5360/151/2212
f 5360/151/2212 5612/151/2212 5613/151/2213
f 5359/151/2214 5613/151/2213 5615/151/2215
f 5358/151/2216 5615/151/2215 5357/151/2070
f 5358/151/2216 5359/151/2214 5615/151/2215
f 5615/151/2215 5616/151/2217 5357/151/2070
f 5357/151/2070 5616/151/2217 5614/151/47
f 5355/151/47 5357/151/2070 5614/151/47
f 5359/151/2214 5360/151/2212 5613/151/2213
f 6362/151/2210 6389/151/2210 6390/151/2210 6363/151/2210
f 5228/151/2218 6173/151/2218 5232/151/2219
f 5232/151/2219 6173/151/2218 6391/151/2219
f 6392/151/2220 5232/151/2219 6391/151/2219
f 6392/151/2220 5234/151/2220 5232/151/2219
f 6392/151/2220 6393/151/2221 5234/151/2220
f 5234/151/2220 6393/151/2221 5235/151/2221
f 5235/151/2221 6393/151/2221 5237/151/49
f 5237/151/49 6393/151/2221 5712/151/49
f 5427/151/1 6394/151/1 6395/151/1 5428/151/1
f 5760/151/1908 6095/151/1908 6098/151/1908 5761/151/1908
f 5423/151/1597 6396/151/2222 6397/151/230
f 5420/151/53 5423/151/1597 6397/151/230
f 6397/151/230 6398/151/2223 6399/151/231
f 6397/151/230 6396/151/2222 6398/151/2223
f 6398/151/2223 6400/151/2224 6399/151/231
f 6399/151/231 6400/151/2224 6401/151/232
f 6401/151/232 6400/151/2224 6402/151/2225
f 5399/151/11 6402/151/2225 6403/151/2226
f 6404/151/2227 5399/151/11 6403/151/2226
f 6404/151/2227 5398/151/32 5399/151/11
f 6402/151/2225 5399/151/11 6401/151/232
f 6405/151/53 6406/151/53 6407/151/2228
f 6407/151/2228 6406/151/53 6408/151/704
f 6409/151/2229 6408/151/704 6410/151/705
f 6411/151/1795 6410/151/705 6412/151/707
f 6103/151/51 6411/151/1795 6412/151/707
f 6103/151/51 6106/151/51 6411/151/1795
f 6411/151/1795 6409/151/2229 6410/151/705
f 6409/151/2229 6407/151/2228 6408/151/704
f 5930/151/1 5929/151/1 6413/151/1 6309/151/1
f 5655/151/1 5656/151/2230 5352/151/1
f 5352/151/1 5656/151/2230 5351/151/2230
f 5351/151/2230 5656/151/2230 5657/151/2231
f 5349/151/2231 5657/151/2231 5658/151/2215
f 5346/151/2071 5658/151/2215 5345/151/1396
f 5346/151/2071 5349/151/2231 5658/151/2215
f 5658/151/2215 5659/151/2232 5345/151/1396
f 5345/151/1396 5659/151/2232 5141/151/47
f 5143/151/47 5345/151/1396 5141/151/47
f 5349/151/2231 5351/151/2230 5657/151/2231
f 5012/151/2233 6414/151/2234 5305/151/1714 5300/151/2233 6415/151/1808 5010/151/1714
f 5395/151/1765 5394/151/1764 6224/151/2235
f 6224/151/2235 5394/151/1764 6416/151/2236
f 6417/151/2237 6224/151/2235 6416/151/2236
f 6417/151/2237 6225/151/2238 6224/151/2235
f 6417/151/2237 6418/151/2239 6225/151/2238
f 6225/151/2238 6418/151/2239 6226/151/2240
f 6226/151/2240 6418/151/2239 6419/151/2241
f 6227/151/2242 6419/151/2241 5764/151/2243
f 5299/151/2244 5764/151/2245 5763/151/2246
f 5763/151/2247 5299/151/2248 5766/151/2249
f 5764/151/2243 5299/151/2250 6227/151/2242
f 6227/151/2242 5299/151/2250 5298/151/1758
f 5297/151/1757 6227/151/2242 5298/151/1758
f 5297/151/1757 5293/151/1753 6227/151/2242
f 6227/151/2242 6226/151/2240 6419/151/2241
f 5820/151/51 5822/151/2251 5944/151/2252
f 5944/151/2252 5822/151/2251 6236/151/2253
f 6236/151/2253 5822/151/2251 5823/151/2254
f 6237/151/2255 5823/151/2254 5825/151/2076
f 6180/151/2076 6237/151/2255 5825/151/2076
f 6237/151/2255 6236/151/2253 5823/151/2254
f 6420/151/2256 5835/151/2257 5826/151/1905
f 6421/151/2258 6420/151/2256 5826/151/1905
f 6422/151/2259 6421/151/2258 5826/151/1905
f 6248/151/2260 6422/151/2259 5826/151/1905
f 6133/151/2261 6248/151/2260 5826/151/1905
f 6131/151/2262 6133/151/2261 5826/151/1905
f 6134/151/2261 6131/151/2262 5826/151/1905
f 6128/151/2263 6134/151/2261 5826/151/1905
f 5716/151/1905 6128/151/2263 5826/151/1905
f 5714/151/2264 6128/151/2263 5716/151/1905
f 6423/151/1842 6424/151/49 6425/151/1841
f 6423/151/1842 6426/151/49 6424/151/49
f 6424/151/49 6427/151/1842 6425/151/1841
f 6425/151/1841 6427/151/1842 6176/151/1839
f 6176/151/1839 6427/151/1842 6428/151/1841
f 6175/151/1839 6176/151/1839 6428/151/1841
f 5081/151/53 5090/151/53 5401/151/53 6429/151/53
f 5921/151/1897 5922/151/1898 6430/151/2265
f 6430/151/2265 5922/151/1898 6431/151/2266
f 6432/151/2267 6431/151/2266 6433/151/2268
f 6434/151/2269 6433/151/2268 6435/151/2270
f 6436/151/2271 6435/151/2270 6437/151/2272
f 6436/151/2271 6434/151/2269 6435/151/2270
f 6434/151/2269 6432/151/2267 6433/151/2268
f 6432/151/2267 6430/151/2265 6431/151/2266
f 5182/151/1717 6145/151/11 6144/151/11 5180/151/1715
f 5071/151/55 5592/151/55 5591/151/55
f 6288/151/55 5592/151/55 5071/151/55
f 6286/151/55 6288/151/55 5071/151/55
f 5069/151/55 6286/151/55 5071/151/55
f 6281/151/55 6286/151/55 5069/151/55
f 5067/151/55 6281/151/55 5069/151/55
f 5065/151/55 6281/151/55 5067/151/55
f 6278/151/55 6281/151/55 5065/151/55
f 5063/151/55 6278/151/55 5065/151/55
f 6274/151/55 5063/151/55 5800/151/55
f 6274/151/55 6278/151/55 5063/151/55
f 6272/151/55 6274/151/55 5800/151/55
f 5799/151/769 6272/151/55 5800/151/55
f 6438/151/1840 6439/151/1840 6320/151/1840 6321/151/1840
f 5726/151/53 5012/151/53 4996/151/53
f 6414/151/53 5012/151/53 5726/151/53
f 6440/151/53 6414/151/53 5726/151/53
f 6441/151/53 6414/151/53 6440/151/53
f 6442/151/53 6441/151/53 6440/151/53
f 6443/151/53 6441/151/53 6442/151/53
f 6444/151/53 6443/151/53 6442/151/53
f 6445/151/53 6444/151/53 6442/151/53
f 5982/151/51 5962/151/51 5981/151/51
f 6446/151/51 6447/151/51 5731/151/51
f 5733/151/51 6446/151/51 5731/151/51
f 5961/151/51 5962/151/51 5982/151/51
f 6448/151/51 6446/151/51 5733/151/51
f 5983/151/51 5961/151/51 5982/151/51
f 5735/151/51 6448/151/51 5733/151/51
f 5960/151/51 5961/151/51 5983/151/51
f 5984/151/51 5960/151/51 5983/151/51
f 6449/151/51 6448/151/51 5735/151/51
f 5959/151/51 5960/151/51 5984/151/51
f 5737/151/51 6449/151/51 5735/151/51
f 6450/151/51 6449/151/51 5737/151/51
f 5985/151/51 5959/151/51 5984/151/51
f 4962/151/51 6450/151/51 5737/151/51
f 5958/151/51 5959/151/51 5985/151/51
f 6451/151/51 5958/151/51 5985/151/51
f 6452/151/51 6450/151/51 4962/151/51
f 6453/151/51 5958/151/51 6451/151/51
f 6454/151/51 6452/151/51 4962/151/51
f 6455/151/51 5958/151/51 6453/151/51
f 6456/151/51 6454/151/51 4962/151/51
f 5205/151/51 6456/151/51 4962/151/51
f 5205/151/51 6455/151/51 6456/151/51
f 5205/151/51 5958/151/51 6455/151/51
f 4961/151/51 5205/151/51 4962/151/51
f 6029/151/1979 6028/151/2273 5050/151/1979
f 5050/151/1979 6028/151/2273 5051/151/2274
f 5051/151/2274 6028/151/2273 6031/151/2275
f 5054/151/2276 6031/151/2275 6032/151/2277
f 5056/151/2278 6032/151/2277 6033/151/2279
f 6034/151/1692 5056/151/2278 6033/151/2279
f 6034/151/1692 5059/151/1693 5056/151/2278
f 5056/151/2278 5054/151/2276 6032/151/2277
f 5054/151/2276 5051/151/2274 6031/151/2275
f 5083/151/2280 5086/151/2280 5730/151/2280 5695/151/2280
f 6457/151/51 6458/151/1103 6459/151/1812
f 6459/151/1812 6458/151/1103 6460/151/1812
f 6461/151/2150 6460/151/1812 6462/151/2150
f 5127/151/1701 6462/151/2150 5128/151/1702
f 5127/151/1701 6461/151/2150 6462/151/2150
f 6461/151/2150 6459/151/1812 6460/151/1812
f 6259/151/1701 5686/151/1701 5685/151/1702 6463/151/1701
f 5549/151/11 5783/151/11 5160/151/11 5159/151/11
f 5111/151/2281 5113/151/2281 6464/151/2281 6465/151/2281
f 5985/151/1924 5870/151/1674 6451/151/1025
f 6451/151/1025 5870/151/1674 5872/151/1025
f 6453/151/1988 5872/151/1025 5868/151/1988
f 6455/151/1987 5868/151/1988 5867/151/1986
f 6456/151/1985 5867/151/1986 5866/151/1984
f 6454/151/1983 5866/151/1984 5865/151/1983
f 6452/151/349 5865/151/1983 5864/151/349
f 6450/151/1982 5864/151/349 5863/151/1982
f 6450/151/1982 6452/151/349 5864/151/349
f 6452/151/349 6454/151/1983 5865/151/1983
f 6454/151/1983 6456/151/1985 5866/151/1984
f 6456/151/1985 6455/151/1987 5867/151/1986
f 6455/151/1987 6453/151/1988 5868/151/1988
f 6453/151/1988 6451/151/1025 5872/151/1025
f 5216/151/280 5217/151/2282 6353/151/280
f 6353/151/280 5217/151/2282 6466/151/2283
f 6466/151/2283 5217/151/2282 6467/151/2284
f 6467/151/2284 5217/151/2282 5219/151/2285
f 6468/151/2285 5219/151/2285 5221/151/2286
f 6469/151/2286 5221/151/2286 5223/151/11
f 5396/151/11 6469/151/2286 5223/151/11
f 6469/151/2286 6468/151/2285 5221/151/2286
f 6468/151/2285 6467/151/2284 5219/151/2285
f 6037/151/1967 6030/151/1978 6235/151/2287
f 6235/151/2287 6030/151/1978 6358/151/2288
f 6357/151/2289 6235/151/2287 6358/151/2288
f 6357/151/2289 6234/151/2290 6235/151/2287
f 6357/151/2289 5943/151/2291 6234/151/2290
f 6357/151/2289 6356/151/2292 5943/151/2291
f 5372/151/1 5651/151/1 5645/151/1 5724/151/1 5371/151/1
f 5074/151/1 5073/151/1 5570/151/1 5661/151/1
f 6470/151/49 5133/151/49 5132/151/49 6471/151/49
f 5884/151/2199 5926/151/2199 5927/151/2199 5885/151/2199
f 5827/151/280 5828/151/2293 6472/151/2294 6356/151/2201
f 5087/151/53 5092/151/53 5794/151/53 6473/151/53
f 5550/151/51 6474/151/707 5551/151/51
f 5551/151/51 6474/151/707 6325/151/1796
f 6325/151/1796 6474/151/707 6475/151/705
f 6326/151/2229 6475/151/705 6476/151/704
f 6327/151/2228 6476/151/704 6477/151/53
f 6328/151/53 6327/151/2228 6477/151/53
f 6327/151/2228 6326/151/2229 6476/151/704
f 6326/151/2229 6325/151/1796 6475/151/705
f 5006/151/51 5061/151/51 5011/151/2149
f 5011/151/2149 5061/151/51 6478/151/2149
f 6479/151/2150 5011/151/2149 6478/151/2149
f 6479/151/2150 5013/151/2150 5011/151/2149
f 6479/151/2150 6480/151/1701 5013/151/2150
f 5013/151/2150 6480/151/1701 5014/151/1702
f 5113/151/11 5112/151/11 6366/151/11 6464/151/11
f 5853/151/53 5316/151/53 5313/151/53
f 5379/151/53 5316/151/53 5853/151/53
f 5855/151/53 5379/151/53 5853/151/53
f 5377/151/53 5379/151/53 5855/151/53
f 5857/151/53 5377/151/53 5855/151/53
f 5375/151/53 5377/151/53 5857/151/53
f 5373/151/53 5375/151/53 5857/151/53
f 5606/151/53 5373/151/53 5857/151/53
f 5652/151/11 5471/151/11 5469/151/11 5503/151/11
f 5028/151/2295 5080/151/2295 6481/151/2295 5029/151/2295
f 5190/151/51 5553/151/51 5191/151/51
f 5987/151/51 5986/151/51 6482/151/51
f 5023/151/51 5553/151/51 5190/151/51
f 5430/151/51 5987/151/51 6482/151/51
f 5047/151/51 5987/151/51 5430/151/51
f 5024/151/51 5023/151/51 5190/151/51
f 6389/151/51 5024/151/51 5190/151/51
f 6483/151/51 5987/151/51 5047/151/51
f 6484/151/51 5024/151/51 6389/151/51
f 5046/151/51 6483/151/51 5047/151/51
f 6485/151/51 6484/151/51 6389/151/51
f 5195/151/51 6483/151/51 5046/151/51
f 6349/151/51 6483/151/51 5195/151/51
f 6362/151/51 6485/151/51 6389/151/51
f 6345/151/51 6349/151/51 5195/151/51
f 6350/151/51 6349/151/51 6345/151/51
f 5527/151/51 6485/151/51 6362/151/51
f 5522/151/51 6485/151/51 5527/151/51
f 5523/151/51 5522/151/51 5527/151/51
f 6245/151/51 6350/151/51 6345/151/51
f 5759/151/51 6350/151/51 6245/151/51
f 5526/151/51 5523/151/51 5527/151/51
f 6244/151/51 5759/151/51 6245/151/51
f 5144/151/51 5523/151/51 5526/151/51
f 5145/151/51 5144/151/51 5526/151/51
f 6486/151/51 5759/151/51 6244/151/51
f 5760/151/51 5759/151/51 6486/151/51
f 5898/151/51 5145/151/51 5526/151/51
f 6487/151/51 5760/151/51 6486/151/51
f 5770/151/51 5145/151/51 5898/151/51
f 5926/151/51 6487/151/51 5770/151/51
f 5926/151/51 5760/151/51 6487/151/51
f 5926/151/51 5770/151/51 5898/151/51
f 6095/151/51 5760/151/51 5926/151/51
f 6096/151/51 6095/151/51 5926/151/51
f 5884/151/51 6096/151/51 5926/151/51
f 6488/151/51 6096/151/51 5884/151/51
f 5883/151/51 6488/151/51 5884/151/51
f 5136/151/49 5140/151/49 5723/151/49 5812/151/49
f 6489/151/53 6436/151/53 6437/151/53
f 6490/151/53 6436/151/53 6489/151/53
f 6491/151/53 6490/151/53 6489/151/53
f 6492/151/53 6490/151/53 6491/151/53
f 6329/151/53 6492/151/53 6491/151/53
f 6493/151/53 6492/151/53 6329/151/53
f 6328/151/53 6493/151/53 6329/151/53
f 6477/151/53 6493/151/53 6328/151/53
f 6494/151/51 5276/151/51 5251/151/51
f 6495/151/51 6494/151/51 5251/151/51
f 6496/151/51 5276/151/51 6494/151/51
f 6497/151/51 6495/151/51 5251/151/51
f 6498/151/51 6497/151/51 5251/151/51
f 6499/151/51 5276/151/51 6496/151/51
f 5279/151/51 5276/151/51 6499/151/51
f 5250/151/51 6498/151/51 5251/151/51
f 6500/151/51 5279/151/51 6499/151/51
f 6501/151/51 6498/151/51 5250/151/51
f 5935/151/51 5279/151/51 6500/151/51
f 6203/151/51 6501/151/51 5250/151/51
f 6502/151/51 5935/151/51 6500/151/51
f 6503/151/51 6501/151/51 6203/151/51
f 5933/151/51 5935/151/51 6502/151/51
f 6205/151/51 6503/151/51 6203/151/51
f 6504/151/51 6503/151/51 6205/151/51
f 6505/151/51 5933/151/51 6502/151/51
f 6207/151/51 6504/151/51 6205/151/51
f 5931/151/51 5933/151/51 6505/151/51
f 6506/151/51 5931/151/51 6505/151/51
f 6507/151/51 6504/151/51 6207/151/51
f 6508/151/51 6507/151/51 6207/151/51
f 6209/151/51 6508/151/51 6207/151/51
f 6413/151/51 5931/151/51 6506/151/51
f 5929/151/51 5931/151/51 6413/151/51
f 5098/151/2296 5093/151/2296 5572/151/2296 5454/151/2296
f 6439/151/1840 6509/151/1841 6320/151/1840
f 6320/151/1840 6509/151/1841 6319/151/1841
f 6319/151/1841 6509/151/1841 6510/151/1842
f 6318/151/1842 6510/151/1842 6315/151/1763
f 6318/151/1842 6319/151/1841 6510/151/1842
f 6510/151/1842 6511/151/49 6315/151/1763
f 6512/151/49 6513/151/49 6514/151/1805
f 6514/151/1805 6513/151/49 6515/151/1805
f 6516/151/1713 6515/151/1805 6517/151/1713
f 6518/151/1714 6517/151/1713 6519/151/1714
f 6518/151/1714 6516/151/1713 6517/151/1713
f 6516/151/1713 6514/151/1805 6515/151/1805
f 5974/151/49 6374/151/49 5973/151/2178
f 5973/151/2178 6374/151/49 6375/151/2178
f 6377/151/2171 5973/151/2178 6375/151/2178
f 6377/151/2171 5971/151/2171 5973/151/2178
f 6377/151/2171 6380/151/2297 5971/151/2171
f 5971/151/2171 6380/151/2297 5970/151/2297
f 5970/151/2297 6380/151/2297 6382/151/2298
f 5969/151/2298 6382/151/2298 5968/151/1
f 5969/151/2298 5970/151/2297 6382/151/2298
f 6382/151/2298 6383/151/1 5968/151/1
f 6520/151/1808 6521/151/1807 5682/151/1714
f 5682/151/1714 6521/151/1807 5681/151/1807
f 5681/151/1807 6521/151/1807 6522/151/1712
f 5680/151/1712 6522/151/1712 6177/151/49
f 5679/151/49 5680/151/1712 6177/151/49
f 5680/151/1712 5681/151/1807 6522/151/1712
f 5711/151/769 6121/151/55 5710/151/1910
f 5710/151/1910 6121/151/55 6122/151/1910
f 5709/151/1909 6122/151/1910 6123/151/1909
f 5708/151/225 6123/151/1909 6124/151/225
f 5707/151/1 6124/151/225 6125/151/1
f 5707/151/1 5708/151/225 6124/151/225
f 5708/151/225 5709/151/1909 6123/151/1909
f 5709/151/1909 5710/151/1910 6122/151/1910
f 5171/151/55 5044/151/55 5045/151/226
f 5793/151/55 5171/151/55 5045/151/226
f 6085/151/55 5171/151/55 5793/151/55
f 6086/151/55 5171/151/55 6085/151/55
f 6087/151/769 5171/151/55 6086/151/55
f 6523/151/55 6088/151/2299 5505/151/55
f 6523/151/55 6087/151/769 6088/151/2299
f 6523/151/55 5171/151/55 6087/151/769
f 6524/151/55 6523/151/55 5505/151/55
f 6525/151/55 6524/151/55 5505/151/55
f 6526/151/55 6525/151/55 5505/151/55
f 5504/151/55 6526/151/55 5505/151/55
f 5151/151/1702 5015/151/1701 5014/151/1702 6480/151/1701
f 6527/151/55 6528/151/55 6529/151/55 6530/151/55
f 5924/151/2300 6531/151/2301 5925/151/2302
f 5925/151/2302 6531/151/2301 5833/151/2303
f 5833/151/2303 6531/151/2301 5831/151/2304
f 5831/151/2304 6531/151/2301 6532/151/2305
f 5829/151/2306 6532/151/2305 5828/151/2293
f 5829/151/2306 5831/151/2304 6532/151/2305
f 6532/151/2305 6472/151/2294 5828/151/2293
f 6200/151/2307 6217/151/2308 6202/151/2307
f 6202/151/2307 6217/151/2308 6533/151/209
f 6534/151/2309 6533/151/2310 6535/151/2311
f 6534/151/2309 6202/151/2312 6533/151/2310
f 6217/151/2308 6215/151/2313 6533/151/209
f 6533/151/209 6215/151/2313 6213/151/2314
f 6212/151/2315 6533/151/209 6213/151/2314
f 6212/151/2315 5541/151/2316 6533/151/209
f 6533/151/209 5541/151/2316 5538/151/2317
f 6536/151/267 5538/151/2317 5537/151/2318
f 5535/151/49 6536/151/267 5537/151/2318
f 5535/151/49 6537/151/49 6536/151/267
f 6536/151/267 6533/151/209 5538/151/2317
f 6533/151/2310 6538/151/257 6535/151/2311
f 6535/151/2311 6538/151/257 6539/151/2319
f 6539/151/2319 6538/151/257 6540/151/2320
f 6540/151/2320 6538/151/257 6541/151/2321
f 6541/151/2321 6538/151/257 6542/151/2322
f 6542/151/2322 6538/151/257 6543/151/2323
f 6543/151/2323 6538/151/257 6174/151/11
f 6167/151/11 6543/151/2323 6174/151/11
f 6381/151/1873 6174/151/1873 6379/151/2324
f 6379/151/2324 6174/151/1873 6538/151/2324
f 6378/151/2325 6538/151/2324 6533/151/2325
f 6376/151/2326 6533/151/2325 6536/151/2327
f 6372/151/1860 6536/151/2327 6537/151/1860
f 6372/151/1860 6376/151/2326 6536/151/2327
f 6376/151/2326 6378/151/2325 6533/151/2325
f 6378/151/2325 6379/151/2324 6538/151/2324
f 6067/151/53 6282/151/53 6068/151/53
f 6069/151/53 6282/151/53 6067/151/53
f 6070/151/53 6282/151/53 6069/151/53
f 6283/151/53 6282/151/53 6070/151/53
f 6284/151/53 6283/151/53 6070/151/53
f 6285/151/53 6284/151/53 6070/151/53
f 5726/151/1839 5301/151/1840 6440/151/1841
f 6440/151/1841 5301/151/1840 5303/151/1841
f 6442/151/1877 5303/151/1841 5304/151/2328
f 6445/151/49 5304/151/2328 5307/151/49
f 6445/151/49 6442/151/1877 5304/151/2328
f 6442/151/1877 6440/151/1841 5303/151/1841
f 5078/151/2329 5077/151/2329 5851/151/2329 6544/151/2329
f 6508/151/2330 6294/151/2330 6507/151/2331
f 6507/151/2331 6294/151/1 6295/151/2050
f 6504/151/2332 6295/151/2050 6296/151/2049
f 6503/151/2047 6296/151/2049 6297/151/2046
f 6501/151/2045 6297/151/2046 6298/151/2044
f 6501/151/2045 6503/151/2047 6297/151/2046
f 6503/151/2047 6504/151/2332 6296/151/2049
f 6504/151/2332 6507/151/2331 6295/151/2050
f 5316/151/2233 5379/151/1714 5380/151/1714 5315/151/2233 6520/151/1808 5682/151/1714
f 5192/151/51 6545/151/51 5798/151/51
f 5193/151/51 5192/151/51 5798/151/51
f 6390/151/51 5193/151/51 5798/151/51
f 6363/151/51 6390/151/51 5798/151/51
f 5661/151/51 6546/151/51 5886/151/51
f 5661/151/51 6097/151/51 6546/151/51
f 5661/151/51 6098/151/51 6097/151/51
f 5661/151/51 5886/151/51 5885/151/51
f 5661/151/51 5885/151/51 5927/151/51
f 5851/151/51 5661/151/51 5927/151/51
f 5851/151/51 5927/151/51 5899/151/51
f 5570/151/51 6098/151/51 5661/151/51
f 5570/151/51 5761/151/51 6098/151/51
f 6544/151/51 5851/151/51 5899/151/51
f 6544/151/51 5899/151/51 5529/151/51
f 5569/151/51 5761/151/51 5570/151/51
f 5569/151/51 5762/151/51 5761/151/51
f 5696/151/51 5762/151/51 5569/151/51
f 5696/151/51 6351/151/51 5762/151/51
f 6547/151/51 6544/151/51 5529/151/51
f 6547/151/51 5529/151/51 5528/151/51
f 5850/151/51 5661/151/51 5851/151/51
f 6384/151/51 6547/151/51 5528/151/51
f 5695/151/51 6351/151/51 5696/151/51
f 5730/151/51 6351/151/51 5695/151/51
f 5571/151/51 6384/151/51 5528/151/51
f 5400/151/51 5661/151/51 5850/151/51
f 5729/151/51 6371/151/51 6548/151/51
f 5153/151/51 6371/151/51 5729/151/51
f 6549/151/51 5978/151/51 5490/151/51
f 6549/151/51 5490/151/51 5491/151/51
f 6549/151/51 5491/151/51 6550/151/51
f 6310/151/51 5978/151/51 6549/151/51
f 6530/151/51 6549/151/51 6550/151/51
f 6551/151/51 5978/151/51 6310/151/51
f 5152/151/51 6371/151/51 5153/151/51
f 5493/151/51 5401/151/51 5400/151/51
f 5493/151/51 5400/151/51 5850/151/51
f 6552/151/51 5401/151/51 5493/151/51
f 5492/151/51 6552/151/51 5493/151/51
f 6553/151/51 6465/151/51 6464/151/51
f 6553/151/51 5928/151/51 6465/151/51
f 6553/151/51 6464/151/51 6366/151/51
f 6553/151/51 6366/151/51 6348/151/51
f 6553/151/51 6348/151/51 6347/151/51
f 6553/151/51 6347/151/51 5455/151/51
f 6553/151/51 5455/151/51 5454/151/51
f 6553/151/51 5454/151/51 5572/151/51
f 6553/151/51 5572/151/51 5571/151/51
f 6553/151/51 5571/151/51 5528/151/51
f 6553/151/51 5528/151/51 6363/151/51
f 6553/151/51 6363/151/51 5798/151/51
f 6553/151/51 5798/151/51 5797/151/51
f 5420/151/51 5408/151/51 5409/151/51
f 5420/151/51 6553/151/51 5408/151/51
f 5420/151/51 5409/151/51 6527/151/51
f 5420/151/51 6527/151/51 6530/151/51
f 5420/151/51 6530/151/51 6550/151/51
f 5420/151/51 6550/151/51 6554/151/51
f 6397/151/51 6553/151/51 5420/151/51
f 6399/151/51 6553/151/51 6397/151/51
f 6401/151/51 6553/151/51 6399/151/51
f 5220/151/51 5399/151/51 5222/151/51
f 5218/151/51 5399/151/51 5220/151/51
f 5215/151/51 5399/151/51 5218/151/51
f 5214/151/51 5399/151/51 5215/151/51
f 6197/151/51 5399/151/51 5214/151/51
f 6197/151/51 6401/151/51 5399/151/51
f 6197/151/51 6553/151/51 6401/151/51
f 6196/151/2097 6553/151/51 6197/151/51
f 6196/151/2097 5928/151/51 6553/151/51
f 6196/151/2097 5152/151/51 5928/151/51
f 6196/151/2097 6371/151/51 5152/151/51
f 6545/151/51 6548/151/51 6555/151/51
f 6556/151/51 6548/151/51 6545/151/51
f 5554/151/51 6556/151/51 6545/151/51
f 5192/151/51 5554/151/51 6545/151/51
f 5989/151/51 6548/151/51 6556/151/51
f 5988/151/51 6548/151/51 5989/151/51
f 5431/151/51 6556/151/51 5554/151/51
f 5026/151/51 5431/151/51 5554/151/51
f 5048/151/51 5431/151/51 5026/151/51
f 6557/151/51 6548/151/51 5988/151/51
f 5049/151/51 5048/151/51 5026/151/51
f 5196/151/51 5049/151/51 5026/151/51
f 6352/151/51 6548/151/51 6557/151/51
f 6346/151/51 5196/151/51 5026/151/51
f 6246/151/51 6346/151/51 5026/151/51
f 6247/151/51 6246/151/51 5026/151/51
f 6558/151/51 6247/151/51 5026/151/51
f 5146/151/51 6558/151/51 5026/151/51
f 6559/151/51 6558/151/51 5146/151/51
f 5771/151/51 6559/151/51 5146/151/51
f 6560/151/51 5026/151/51 5025/151/51
f 6561/151/51 5026/151/51 6560/151/51
f 5525/151/51 5026/151/51 6561/151/51
f 5524/151/51 5026/151/51 5525/151/51
f 5147/151/51 5026/151/51 5524/151/51
f 5146/151/51 5026/151/51 5147/151/51
f 5134/151/51 5850/151/51 5135/151/51
f 6473/151/51 5850/151/51 5134/151/51
f 5794/151/51 5850/151/51 6473/151/51
f 5728/151/51 5850/151/51 5794/151/51
f 5727/151/51 5850/151/51 5728/151/51
f 5493/151/51 5850/151/51 5727/151/51
f 5029/151/51 6481/151/51 6429/151/51
f 5030/151/51 5029/151/51 6429/151/51
f 5194/151/51 5030/151/51 6429/151/51
f 5401/151/51 5194/151/51 6429/151/51
f 6364/151/51 5194/151/51 5401/151/51
f 5991/151/51 6364/151/51 5401/151/51
f 5992/151/51 5991/151/51 5401/151/51
f 6562/151/51 5992/151/51 5401/151/51
f 6552/151/51 6562/151/51 5401/151/51
f 5663/151/51 6371/151/51 5664/151/51
f 6218/151/51 6371/151/51 5663/151/51
f 6220/151/51 6371/151/51 6218/151/51
f 6222/151/51 6371/151/51 6220/151/51
f 4988/151/51 6371/151/51 6222/151/51
f 4989/151/51 4988/151/51 6222/151/51
f 5894/151/51 6371/151/51 4988/151/51
f 5892/151/51 6371/151/51 5894/151/51
f 5890/151/51 6371/151/51 5892/151/51
f 5888/151/51 6371/151/51 5890/151/51
f 6554/151/51 6371/151/51 5888/151/51
f 5979/151/51 6371/151/51 6554/151/51
f 5429/151/51 6371/151/51 5979/151/51
f 5797/151/51 5429/151/51 5979/151/51
f 6153/151/51 6554/151/51 5888/151/51
f 5978/151/51 5797/151/51 5979/151/51
f 5428/151/51 6371/151/51 5429/151/51
f 6395/151/51 6371/151/51 5428/151/51
f 6548/151/51 6371/151/51 6395/151/51
f 6551/151/51 5797/151/51 5978/151/51
f 5421/151/51 6554/151/51 6153/151/51
f 6553/151/51 5797/151/51 6551/151/51
f 5420/151/51 6554/151/51 5421/151/51
f 5188/151/51 5189/151/1900 5821/151/1102
f 5186/151/51 5188/151/51 5821/151/1102
f 5184/151/51 5186/151/51 5821/151/1102
f 5182/151/51 5184/151/51 5821/151/1102
f 5240/151/51 6145/151/51 5182/151/51
f 5240/151/51 6147/151/51 6145/151/51
f 5240/151/51 6149/151/51 6147/151/51
f 5240/151/51 6151/151/51 6149/151/51
f 5240/151/51 6153/151/51 6151/151/51
f 5240/151/51 5182/151/51 5821/151/1102
f 5241/151/51 5240/151/51 5821/151/1102
f 5690/151/51 6153/151/51 5240/151/51
f 5937/151/51 5241/151/51 5821/151/1102
f 5692/151/51 6153/151/51 5690/151/51
f 5939/151/51 5937/151/51 5821/151/1102
f 5694/151/51 6153/151/51 5692/151/51
f 5941/151/51 5939/151/51 5821/151/1102
f 5421/151/51 6153/151/51 5694/151/51
f 5820/151/51 5941/151/51 5821/151/1102
f 5944/151/2252 5941/151/51 5820/151/51
f 6486/151/2333 6244/151/2333 6247/151/2333 6558/151/2333
f 5010/151/1714 6415/151/1808 5009/151/1807
f 5009/151/1807 6415/151/1808 6563/151/1807
f 5008/151/1712 6563/151/1807 6564/151/1712
f 5007/151/49 6564/151/1712 6565/151/49
f 5007/151/49 5008/151/1712 6564/151/1712
f 5008/151/1712 5009/151/1807 6563/151/1807
f 6342/151/11 6343/151/11 6566/151/2334
f 6566/151/2334 6343/151/11 6567/151/2334
f 6568/151/2335 6567/151/2334 6569/151/2336
f 6570/151/2337 6569/151/2336 6571/151/2337
f 6572/151/2338 6571/151/2337 6573/151/2339
f 6574/151/41 6573/151/2339 6575/151/45
f 6574/151/41 6572/151/2338 6573/151/2339
f 6572/151/2338 6570/151/2337 6571/151/2337
f 6570/151/2337 6568/151/2335 6569/151/2336
f 6568/151/2335 6566/151/2334 6567/151/2334
f 6048/151/2340 6050/151/2341 6576/151/1084
f 6576/151/1084 6050/151/2341 6577/151/2153
f 6577/151/2153 6050/151/2341 6578/151/2155
f 6578/151/2155 6050/151/2341 6049/151/2342
f 6046/151/2157 6578/151/2155 6049/151/2342
f 6046/151/2157 6579/151/2157 6578/151/2155
f 6046/151/2157 6045/151/2158 6579/151/2157
f 6579/151/2157 6045/151/2158 6580/151/2159
f 6580/151/2159 6045/151/2158 6044/151/11
f 6229/151/11 6580/151/2159 6044/151/11
f 6501/151/2045 6298/151/2044 6498/151/2343
f 6498/151/2343 6298/151/2044 6299/151/2057
f 6497/151/2055 6299/151/2057 6300/151/2055
f 6495/151/2344 6300/151/2055 6301/151/2054
f 6494/151/2345 6301/151/2054 6302/151/2345
f 6496/151/2052 6302/151/2345 6303/151/2052
f 6499/151/2346 6303/151/2052 6307/151/2346
f 6500/151/1803 6307/151/2346 6306/151/2347
f 6500/151/1803 6499/151/2346 6307/151/2346
f 6499/151/2346 6496/151/2052 6303/151/2052
f 6496/151/2052 6494/151/2345 6302/151/2345
f 6494/151/2345 6495/151/2344 6301/151/2054
f 6495/151/2344 6497/151/2055 6300/151/2055
f 6497/151/2055 6498/151/2343 6299/151/2057
f 6117/151/53 6293/151/53 6292/151/53 6291/151/53 6290/151/53 6118/151/53
f 6174/151/1873 6381/151/1873 5844/151/1873 5845/151/1873
f 6273/151/1140 6341/151/49 6172/151/49
f 6061/151/1999 6273/151/1140 6172/151/49
f 6060/151/2000 6061/151/1999 6172/151/49
f 5084/151/2348 5076/151/2348 6547/151/2348 6384/151/2348
f 6152/151/53 6153/151/53 5888/151/53 5887/151/617
f 6550/151/55 6581/151/55 6582/151/55 6554/151/55
f 6125/151/1 5475/151/1 5474/151/1 5707/151/1
f 5391/151/1763 6256/151/2349 5394/151/1764
f 5394/151/1764 6256/151/2349 6255/151/2350
f 6416/151/2351 6255/151/2350 6417/151/2352
f 6416/151/2351 5394/151/1764 6255/151/2350
f 6417/151/2352 6255/151/2350 6418/151/2353
f 6418/151/2353 6255/151/2350 6254/151/2354
f 6419/151/2355 6254/151/2354 5765/151/53
f 5764/151/53 6419/151/2355 5765/151/53
f 6419/151/2355 6418/151/2353 6254/151/2354
f 5628/151/55 5627/151/55 5812/151/55 5723/151/55
f 6583/151/11 6584/151/11 6585/151/2356
f 6585/151/2356 6584/151/11 6586/151/2356
f 6587/151/2357 6586/151/2356 6588/151/2358
f 6589/151/2359 6588/151/2358 6590/151/2359
f 6591/151/2360 6590/151/2359 6592/151/2360
f 6593/151/1098 6592/151/2360 6594/151/1084
f 6593/151/1098 6591/151/2360 6592/151/2360
f 6591/151/2360 6589/151/2359 6590/151/2359
f 6589/151/2359 6587/151/2357 6588/151/2358
f 6587/151/2357 6585/151/2356 6586/151/2356
f 6595/151/280 5667/151/280 5666/151/280
f 6596/151/280 5667/151/280 6595/151/280
f 6597/151/280 6595/151/280 5666/151/280
f 6003/151/280 6597/151/280 5666/151/280
f 5204/151/51 6598/151/51 5678/151/51 5203/151/51
f 6599/151/1 5780/151/342 6018/151/1
f 6600/151/1 5780/151/342 6599/151/1
f 6601/151/1 5780/151/342 6600/151/1
f 6602/151/1 5780/151/342 6601/151/1
f 6603/151/2361 5780/151/342 6602/151/1
f 5552/151/2362 5780/151/342 6603/151/2361
f 5460/151/1 5552/151/1 5462/151/2361
f 5458/151/1 5552/151/1 5460/151/1
f 5458/151/1 5780/151/1 5552/151/1
f 4939/151/1 5780/151/1 5458/151/1
f 5512/151/1 5780/151/1 4939/151/1
f 5390/151/1 5780/151/1 5512/151/1
f 5999/151/1 4939/151/1 5458/151/1
f 5510/151/1 5512/151/1 4939/151/1
f 4937/151/1 5510/151/1 4939/151/1
f 5388/151/1 5780/151/1 5390/151/1
f 5456/151/1 5999/151/1 5458/151/1
f 5508/151/1 5510/151/1 4937/151/1
f 4935/151/1 5508/151/1 4937/151/1
f 5386/151/1 5780/151/1 5388/151/1
f 4954/151/1 5999/151/1 5456/151/1
f 5506/151/1 5508/151/1 4935/151/1
f 5384/151/1 5780/151/1 5386/151/1
f 4933/151/1 5506/151/1 4935/151/1
f 5382/151/1 5780/151/1 5384/151/1
f 4931/151/1 5506/151/1 4933/151/1
f 5504/151/1 5506/151/1 4931/151/1
f 5265/151/1 5780/151/1 5382/151/1
f 5264/151/1 5265/151/1 5382/151/1
f 5392/151/1 5999/151/1 4954/151/1
f 5993/151/1 5999/151/1 5392/151/1
f 5395/151/2118 5993/151/1 5392/151/1
f 6604/151/1 5392/151/1 4954/151/1
f 6605/151/1 6604/151/1 4954/151/1
f 6606/151/1 6605/151/1 4954/151/1
f 6158/151/1 6606/151/1 4954/151/1
f 6159/151/1 6158/151/1 4954/151/1
f 4953/151/342 6159/151/1 4954/151/1
f 6526/151/1 5504/151/1 4931/151/1
f 5412/151/1 6526/151/1 4931/151/1
f 6345/151/55 5195/151/55 5196/151/55 6346/151/55
f 5024/151/1703 6484/151/1703 6560/151/1703 5025/151/1703
f 6575/151/49 6573/151/49 6571/151/49
f 6607/151/49 6575/151/49 6571/151/49
f 6569/151/49 6607/151/49 6571/151/49
f 6567/151/49 6607/151/49 6569/151/49
f 6343/151/49 6607/151/49 6567/151/49
f 6270/151/49 6607/151/49 6343/151/49
f 6268/151/49 6607/151/49 6270/151/49
f 6266/151/49 6607/151/49 6268/151/49
f 6608/151/49 6607/151/49 6266/151/49
f 6260/151/49 6608/151/49 6266/151/49
f 6265/151/49 6260/151/49 6266/151/49
f 6261/151/49 6260/151/49 6265/151/49
f 6515/151/55 6513/151/55 6457/151/55
f 6517/151/55 6515/151/226 6457/151/55
f 6519/151/55 6517/151/55 6457/151/55
f 6459/151/55 6519/151/55 6457/151/55
f 6609/151/55 6519/151/55 6459/151/55
f 6610/151/55 6609/151/55 6459/151/55
f 6461/151/55 6610/151/55 6459/151/55
f 5127/151/55 6610/151/55 6461/151/55
f 6611/151/55 6610/151/55 5127/151/55
f 5126/151/55 6611/151/55 5127/151/55
f 5813/151/767 6611/151/55 5126/151/55
f 5815/151/55 6611/151/55 5813/151/767
f 5817/151/55 6611/151/55 5815/151/55
f 5532/151/55 6611/151/55 5817/151/55
f 5533/151/55 5532/151/55 5817/151/55
f 5907/151/55 5533/151/55 5817/151/55
f 6612/151/55 5533/151/55 5907/151/55
f 6613/151/55 5533/151/55 6612/151/55
f 6614/151/55 5533/151/55 6613/151/55
f 5589/151/55 5533/151/55 6614/151/55
f 5484/151/55 5589/151/55 6614/151/55
f 5486/151/55 5589/151/55 5484/151/55
f 5587/151/55 5589/151/55 5486/151/55
f 5585/151/55 5587/151/55 5486/151/55
f 5488/151/55 5585/151/55 5486/151/55
f 6176/151/55 5585/151/55 5488/151/55
f 6425/151/55 6176/151/55 5488/151/55
f 6423/151/55 6425/151/55 5488/151/55
f 5490/151/55 6423/151/55 5488/151/55
f 6426/151/55 6423/151/55 5490/151/55
f 6186/151/53 4951/151/1409 4952/151/617
f 6615/151/53 6186/151/53 4952/151/617
f 6183/151/53 6186/151/53 6615/151/53
f 6616/151/53 6183/151/53 6615/151/53
f 6617/151/53 6183/151/53 6616/151/53
f 6181/151/53 6183/151/53 6617/151/53
f 6406/151/53 6181/151/53 6617/151/53
f 6405/151/53 6181/151/53 6406/151/53
f 6228/151/11 6043/151/11 6618/151/2363
f 6618/151/2363 6043/151/11 6042/151/2363
f 6619/151/2364 6042/151/2363 6041/151/2365
f 6620/151/2337 6041/151/2365 6040/151/2337
f 6621/151/2338 6040/151/2337 6039/151/2366
f 5557/151/45 6039/151/2366 5562/151/45
f 5557/151/45 6621/151/2338 6039/151/2366
f 6621/151/2338 6620/151/2337 6040/151/2337
f 6620/151/2337 6619/151/2364 6041/151/2365
f 6619/151/2364 6618/151/2363 6042/151/2363
f 6003/151/280 5666/151/280 6004/151/2367
f 6004/151/2367 5666/151/280 5668/151/2368
f 5669/151/2369 6004/151/2367 5668/151/2368
f 5669/151/2369 6005/151/2370 6004/151/2367
f 5669/151/2369 5671/151/2371 6005/151/2370
f 6005/151/2370 5671/151/2371 6006/151/2372
f 6006/151/2372 5671/151/2371 6024/151/2373
f 6021/151/2374 6024/151/2373 6019/151/2375
f 6021/151/2374 6006/151/2372 6024/151/2373
f 6158/151/55 6155/151/55 6606/151/2376
f 6606/151/2376 6155/151/55 6330/151/2377
f 6605/151/2378 6330/151/2377 6331/151/2378
f 6604/151/2379 6331/151/2378 6332/151/2379
f 5392/151/49 6332/151/2379 5393/151/49
f 5392/151/49 6604/151/2379 6332/151/2379
f 6604/151/2379 6605/151/2378 6331/151/2378
f 6605/151/2378 6606/151/2376 6330/151/2377
f 6143/151/49 5808/151/49 5809/151/49
f 6142/151/49 6143/151/49 5809/151/49
f 6142/151/49 5809/151/49 5976/151/49
f 5654/151/11 5653/151/11 5852/151/11 6365/151/11
f 5354/151/47 5607/151/2380 5339/151/2070
f 5339/151/2070 5607/151/2380 5604/151/2070
f 5337/151/2216 5604/151/2070 5605/151/2216
f 5332/151/2381 5605/151/2216 5609/151/2381
f 5331/151/2075 5609/151/2381 5610/151/2075
f 5320/151/1 5610/151/2075 5611/151/1
f 5320/151/1 5331/151/2075 5610/151/2075
f 5331/151/2075 5332/151/2381 5609/151/2381
f 5332/151/2381 5337/151/2216 5605/151/2216
f 5337/151/2216 5339/151/2070 5604/151/2070
f 5561/151/45 6622/151/1696 5556/151/45
f 5556/151/45 6622/151/1696 6623/151/2382
f 6623/151/2382 6622/151/1696 6624/151/2337
f 6624/151/2337 6622/151/1696 6625/151/2383
f 6626/151/2384 6624/151/2337 6625/151/2383
f 6626/151/2384 6627/151/2384 6624/151/2337
f 6626/151/2384 6628/151/2385 6627/151/2384
f 6627/151/2384 6628/151/2385 6629/151/2385
f 6629/151/2385 6628/151/2385 6116/151/11
f 6115/151/11 6629/151/2385 6116/151/11
f 6484/151/2386 6485/151/2386 6561/151/2386 6560/151/2386
f 6472/151/2387 6532/151/2388 5187/151/2389
f 5187/151/2389 6532/151/2388 5722/151/2390
f 5722/151/2390 6532/151/2388 6531/151/2391
f 5721/151/2392 6531/151/2391 5924/151/2393
f 5720/151/2394 5721/151/2392 5924/151/2393
f 5721/151/2392 5722/151/2390 6531/151/2391
f 6388/151/51 6630/151/51 6631/151/51
f 4999/151/51 6630/151/51 6388/151/51
f 5302/151/51 6388/151/51 6631/151/51
f 6002/151/51 6629/151/51 6115/151/51
f 6002/151/51 6627/151/51 6629/151/51
f 6002/151/51 6624/151/51 6627/151/51
f 6002/151/51 6623/151/51 6624/151/51
f 5300/151/51 5302/151/51 6631/151/51
f 5148/151/51 5300/151/51 6631/151/51
f 5018/151/51 6002/151/51 6115/151/51
f 6051/151/51 6002/151/51 5018/151/51
f 6051/151/51 5018/151/51 5148/151/51
f 6051/151/51 5148/151/51 6631/151/51
f 5070/151/51 6002/151/51 6051/151/51
f 6632/151/51 6115/151/51 6114/151/51
f 6633/151/51 6115/151/51 6632/151/51
f 6630/151/51 6115/151/51 6633/151/51
f 4999/151/51 6115/151/51 6630/151/51
f 4996/151/51 6115/151/51 4999/151/51
f 5012/151/51 6115/151/51 4996/151/51
f 5018/151/51 6115/151/51 5012/151/51
f 6269/151/51 6271/151/51 6342/151/51
f 6566/151/51 6269/151/51 6342/151/51
f 6267/151/51 6269/151/51 6566/151/51
f 6568/151/51 6267/151/51 6566/151/51
f 6264/151/51 6267/151/51 6568/151/51
f 6570/151/51 6264/151/51 6568/151/51
f 6263/151/51 6264/151/51 6570/151/51
f 6572/151/51 6263/151/51 6570/151/51
f 6574/151/51 6263/151/51 6572/151/51
f 6262/151/51 6263/151/51 6574/151/51
f 5116/151/51 6262/151/51 6574/151/51
f 6593/151/51 6262/151/51 5116/151/51
f 6591/151/51 6593/151/51 5116/151/51
f 5117/151/51 6591/151/51 5116/151/51
f 6589/151/51 6591/151/51 5117/151/51
f 6587/151/51 6589/151/51 5117/151/51
f 6585/151/51 6587/151/51 5117/151/51
f 6583/151/51 6585/151/51 5117/151/51
f 6634/151/51 6239/151/51 6583/151/51
f 6634/151/51 6583/151/51 5117/151/51
f 6635/151/51 6239/151/51 6634/151/51
f 6636/151/51 6239/151/51 6635/151/51
f 6637/151/51 6239/151/51 6636/151/51
f 5972/151/51 6239/151/51 6637/151/51
f 5836/151/51 6239/151/51 5972/151/51
f 5967/151/51 5836/151/51 5972/151/51
f 6618/151/51 6229/151/51 6228/151/51
f 6580/151/51 6229/151/51 6618/151/51
f 6619/151/51 6580/151/51 6618/151/51
f 6579/151/51 6580/151/51 6619/151/51
f 6620/151/51 6579/151/51 6619/151/51
f 6578/151/51 6579/151/51 6620/151/51
f 6621/151/51 6578/151/51 6620/151/51
f 6577/151/51 6578/151/51 6621/151/51
f 6576/151/51 6577/151/51 6621/151/51
f 5557/151/51 6576/151/51 6621/151/51
f 6638/151/51 6576/151/51 5557/151/51
f 5556/151/51 6638/151/51 5557/151/51
f 6639/151/51 6638/151/51 5556/151/51
f 6623/151/51 6639/151/51 5556/151/51
f 6640/151/51 6639/151/51 6623/151/51
f 6641/151/51 6640/151/51 6623/151/51
f 6642/151/51 6641/151/51 6623/151/51
f 6198/151/51 6642/151/51 6623/151/51
f 6002/151/51 5123/151/51 5125/151/51
f 6002/151/51 5121/151/51 5123/151/51
f 6002/151/51 5125/151/51 6198/151/51
f 6002/151/51 6198/151/51 6623/151/51
f 6634/151/51 5121/151/51 6002/151/51
f 6634/151/51 5118/151/51 5121/151/51
f 6634/151/51 5117/151/51 5118/151/51
f 6614/151/1728 6643/151/1768 5485/151/1768 5484/151/1728
f 5389/151/49 5390/151/49 5512/151/49 5513/151/49
f 6526/151/2395 5412/151/2395 6525/151/2396
f 6525/151/2396 5412/151/2395 5416/151/2396
f 5418/151/2397 6525/151/2396 5416/151/2396
f 5418/151/2397 6524/151/2397 6525/151/2396
f 5418/151/2397 5419/151/2398 6524/151/2397
f 6524/151/2397 5419/151/2398 6523/151/2398
f 6523/151/2398 5419/151/2398 5171/151/49
f 5171/151/49 5419/151/2398 5155/151/49
f 5835/151/53 6420/151/2399 5444/151/53
f 5444/151/53 6420/151/2399 5446/151/2400
f 5446/151/2400 6420/151/2399 6421/151/2401
f 5449/151/2402 6421/151/2401 6422/151/2403
f 5451/151/2404 6422/151/2403 6248/151/2128
f 5453/151/1791 5451/151/2404 6248/151/2128
f 5451/151/2404 5449/151/2402 6422/151/2403
f 5449/151/2402 5446/151/2400 6421/151/2401
f 6488/151/11 5883/151/11 5886/151/11 6546/151/11
f 6644/151/53 6553/151/53 6551/151/53 6645/151/53
f 6607/151/1 6608/151/1 6178/151/1 6179/151/1
f 5101/151/1706 5104/151/1706 5493/151/1706 5727/151/1706
f 5852/151/49 5213/151/49 5212/151/49 6365/151/49
f 5757/151/49 5758/151/49 5916/151/49 5917/151/49
f 6450/151/1982 5863/151/1982 6449/151/2196
f 6449/151/2196 5863/151/1982 5862/151/2196
f 6448/151/2405 5862/151/2196 5861/151/2195
f 6446/151/2193 5861/151/2195 5860/151/2193
f 6447/151/11 5860/151/2193 5859/151/2406
f 6447/151/11 6446/151/2193 5860/151/2193
f 6446/151/2193 6448/151/2405 5861/151/2195
f 6448/151/2405 6449/151/2196 5862/151/2196
f 5678/151/51 6598/151/51 5683/151/2149
f 5683/151/2149 6598/151/51 6646/151/2149
f 6647/151/2150 5683/151/2149 6646/151/2149
f 6647/151/2150 5684/151/2150 5683/151/2149
f 6647/151/2150 6463/151/1701 5684/151/2150
f 5684/151/2150 6463/151/1701 5685/151/1702
f 6096/151/2281 6488/151/2281 6546/151/2281 6097/151/2281
f 6485/151/53 5522/151/53 5525/151/53 6561/151/53
f 5079/151/2407 5082/151/2407 5135/151/2407 5850/151/2407
f 5107/151/1 5106/151/1 6552/151/1 5492/151/1
f 6385/151/1728 6241/151/1728 4995/151/1728 4994/151/1768
f 6405/151/1 6182/151/1 6181/151/1
f 6407/151/1 6182/151/1 6405/151/1
f 6409/151/1 6182/151/1 6407/151/1
f 6411/151/21 6182/151/1 6409/151/1
f 6106/151/1 6182/151/1 6411/151/21
f 6361/151/1 6106/151/1 6107/151/1
f 6360/151/1 6106/151/1 6361/151/1
f 6360/151/1 6182/151/1 6106/151/1
f 6143/151/1 6182/151/1 6360/151/1
f 5808/151/1 6143/151/1 6360/151/1
f 5758/151/1 6182/151/1 6143/151/1
f 6141/151/1 5916/151/1 6143/151/342
f 5756/151/1 6182/151/1 5758/151/1
f 5806/151/1415 5808/151/1 6360/151/1
f 5914/151/1 5916/151/1 6141/151/1
f 6359/151/1 5806/151/1415 6360/151/1
f 5804/151/1 5806/151/1415 6359/151/1
f 6139/151/1 5914/151/1 6141/151/1
f 5912/151/1 5914/151/1 6139/151/1
f 5754/151/1 6182/151/1 5756/151/1
f 5243/151/1 5804/151/1 6359/151/1
f 5752/151/1 6182/151/1 5754/151/1
f 5910/151/1 5912/151/1 6139/151/1
f 6137/151/1 5910/151/1 6139/151/1
f 5801/151/1 5804/151/1 5243/151/1
f 5225/151/1 5910/151/1 6137/151/1
f 5750/151/1 6182/151/1 5752/151/1
f 5908/151/1 5910/151/1 5225/151/1
f 5799/151/1 5801/151/1 5243/151/1
f 6272/151/1 5799/151/1 5243/151/1
f 6273/151/976 6272/151/1 5243/151/1
f 6341/151/2408 6273/151/976 5243/151/1
f 5968/151/1 6182/151/1 5750/151/1
f 6383/151/1 6182/151/1 5968/151/1
f 6340/151/1 6341/151/2408 5243/151/1
f 6339/151/1 6340/151/1 5243/151/1
f 6338/151/1 6339/151/1 5243/151/1
f 5271/151/1 6338/151/1 5243/151/1
f 5272/151/976 5271/151/1 5243/151/1
f 5245/151/21 5272/151/976 5243/151/1
f 6230/151/1 5908/151/1 5225/151/1
f 5224/151/21 6230/151/1 5225/151/1
f 6584/151/11 6583/151/11 6239/151/11 6240/151/11 6373/151/11
f 6391/151/55 6173/151/226 5909/151/55
f 6392/151/55 6391/151/55 5909/151/55
f 6393/151/55 6392/151/55 5909/151/55
f 6230/151/55 6393/151/55 5909/151/55
f 5908/151/55 6230/151/55 5909/151/55
f 6231/151/55 6393/151/55 6230/151/55
f 6232/151/55 6393/151/55 6231/151/55
f 6233/151/55 6393/151/55 6232/151/55
f 6120/151/55 6393/151/55 6233/151/55
f 5712/151/55 6393/151/55 6120/151/55
f 5711/151/769 5712/151/55 6120/151/55
f 6121/151/55 5711/151/769 6120/151/55
f 5995/151/55 6078/151/55 5996/151/1865
f 5996/151/1865 6078/151/55 6333/151/246
f 5997/151/246 6333/151/246 6334/151/1810
f 5998/151/245 6334/151/1810 6335/151/1811
f 6000/151/244 6335/151/1811 6336/151/49
f 6001/151/1141 6000/151/244 6336/151/49
f 6000/151/244 5998/151/245 6335/151/1811
f 5998/151/245 5997/151/246 6334/151/1810
f 5997/151/246 5996/151/1865 6333/151/246
f 6511/151/49 5173/151/49 5172/151/49 6315/151/1763
f 5267/151/332 5266/151/257 5242/151/11
f 5242/151/11 5266/151/257 5249/151/257
f 5249/151/257 5266/151/257 5269/151/209
f 5252/151/209 5269/151/209 5270/151/267
f 5253/151/267 5270/151/267 5277/151/2184
f 5255/151/49 5253/151/267 5277/151/2184
f 5253/151/267 5252/151/209 5270/151/267
f 5252/151/209 5249/151/257 5269/151/209
f 5601/151/1 6634/151/1 6002/151/1
f 5600/151/1 6634/151/1 5601/151/1
f 6648/151/1 6634/151/1 5600/151/1
f 4990/151/1 4987/151/1 6649/151/2409
f 6649/151/2409 4987/151/1 6223/151/2409
f 6650/151/2410 6223/151/2409 6221/151/2410
f 6651/151/2411 6221/151/2410 6219/151/2412
f 6652/151/2413 6219/151/2412 5667/151/280
f 6596/151/280 6652/151/2413 5667/151/280
f 6652/151/2413 6651/151/2411 6219/151/2412
f 6651/151/2411 6650/151/2410 6221/151/2410
f 6650/151/2410 6649/151/2409 6223/151/2409
f 6500/151/1803 6306/151/2347 6502/151/1802
f 6502/151/1802 6306/151/2347 6305/151/1802
f 6505/151/1801 6305/151/1802 6304/151/1801
f 6506/151/1799 6304/151/1801 6308/151/1799
f 6413/151/1 6308/151/1799 6309/151/1
f 6413/151/1 6506/151/1799 6308/151/1799
f 6506/151/1799 6505/151/1801 6304/151/1801
f 6505/151/1801 6502/151/1802 6305/151/1802
f 6653/151/49 6597/151/49 6003/151/49
f 5891/151/49 5893/151/49 6653/151/49
f 5889/151/49 5891/151/49 6653/151/49
f 6529/151/49 6528/151/49 5887/151/49
f 6529/151/49 5887/151/49 5889/151/49
f 6581/151/49 6529/151/49 5889/151/49
f 6581/151/49 5889/151/49 6653/151/49
f 6582/151/49 6581/151/49 6653/151/49
f 5496/151/49 6529/151/49 6581/151/49
f 6512/151/49 6582/151/49 6653/151/49
f 6424/151/49 5496/151/49 6581/151/49
f 6426/151/49 5496/151/49 6424/151/49
f 6513/151/49 6512/151/49 6653/151/49
f 5494/151/49 5496/151/49 6426/151/49
f 5980/151/49 6513/151/49 6653/151/49
f 6645/151/49 5494/151/49 6426/151/49
f 5977/151/49 6645/151/49 6426/151/49
f 5772/151/49 6537/151/49 5980/151/49
f 5772/151/49 5980/151/49 6653/151/49
f 5772/151/49 6653/151/49 6003/151/49
f 6654/151/49 5535/151/49 6355/151/49
f 6400/151/49 6654/151/49 6402/151/49
f 6398/151/49 6654/151/49 6400/151/49
f 6396/151/49 6654/151/49 6398/151/49
f 6528/151/49 5422/151/49 5887/151/49
f 6528/151/49 5423/151/49 5422/151/49
f 6528/151/49 6396/151/49 5423/151/49
f 6528/151/49 6654/151/49 6396/151/49
f 6655/151/49 6654/151/49 6528/151/49
f 6324/151/49 6654/151/49 6655/151/49
f 6644/151/49 6654/151/49 6324/151/49
f 6537/151/49 5977/151/49 5980/151/49
f 6537/151/49 6645/151/49 5977/151/49
f 6537/151/49 6644/151/49 6645/151/49
f 6537/151/49 6654/151/49 6644/151/49
f 6537/151/49 5535/151/49 6654/151/49
f 5187/151/2389 6356/151/2292 6472/151/2387
f 5943/151/2291 6356/151/2292 5187/151/2389
f 5942/151/49 5943/151/2291 5187/151/2389
f 5185/151/49 5942/151/49 5187/151/2389
f 5940/151/49 5942/151/49 5185/151/49
f 5183/151/49 5940/151/49 5185/151/49
f 5181/151/49 5940/151/49 5183/151/49
f 5938/151/49 5940/151/49 5181/151/49
f 5180/151/49 5938/151/49 5181/151/49
f 5238/151/49 5938/151/49 5180/151/49
f 6144/151/49 5238/151/49 5180/151/49
f 5239/151/49 5238/151/49 6144/151/49
f 5689/151/49 5239/151/49 6144/151/49
f 6146/151/49 5689/151/49 6144/151/49
f 6148/151/49 5689/151/49 6146/151/49
f 5691/151/49 5689/151/49 6148/151/49
f 6150/151/49 5691/151/49 6148/151/49
f 5693/151/49 5691/151/49 6150/151/49
f 6152/151/49 5693/151/49 6150/151/49
f 5422/151/49 5693/151/49 6152/151/49
f 5893/151/49 5895/151/49 6653/151/49
f 6198/151/11 6199/151/11 6642/151/2356
f 6642/151/2356 6199/151/11 6656/151/2356
f 6641/151/2358 6656/151/2356 6657/151/2358
f 6640/151/2414 6657/151/2358 6658/151/2414
f 6639/151/2360 6658/151/2414 6659/151/2360
f 6638/151/46 6659/151/2360 6660/151/46
f 6638/151/46 6639/151/2360 6659/151/2360
f 6639/151/2360 6640/151/2414 6658/151/2414
f 6640/151/2414 6641/151/2358 6657/151/2358
f 6641/151/2358 6642/151/2356 6656/151/2356
f 5109/151/2043 5111/151/2043 6465/151/2043 5928/151/2043
f 6435/151/2415 6368/151/2416 6437/151/2417
f 6435/151/2415 6433/151/2418 6368/151/2416
f 6368/151/2416 6433/151/2418 6431/151/2419
f 5922/151/2420 6368/151/2416 6431/151/2419
f 5922/151/2420 6027/151/2421 6368/151/2416
f 5922/151/2420 5920/151/2422 6027/151/2421
f 6027/151/2421 6026/151/2423 6368/151/2416
f 6368/151/2416 6026/151/2423 6025/151/2424
f 5670/151/2425 6368/151/2416 6025/151/2424
f 5670/151/2425 6369/151/2426 6368/151/2416
f 5670/151/2425 5665/151/2427 6369/151/2426
f 6369/151/2426 5665/151/2427 5662/151/2428
f 6370/151/2429 5662/151/2428 5664/151/51
f 6371/151/51 6370/151/2429 5664/151/51
f 6370/151/2429 6369/151/2426 5662/151/2428
f 6368/151/2416 6367/151/2430 6437/151/2417
f 6437/151/2417 6367/151/2430 6489/151/2431
f 6489/151/2431 6367/151/2430 6491/151/2432
f 6491/151/2432 6367/151/2430 6337/151/2186
f 6329/151/11 6491/151/2432 6337/151/2186
f 5085/151/2433 5087/151/2433 6473/151/2433 5134/151/2433
f 6483/151/2280 6349/151/2280 6352/151/2280 6557/151/2280
f 6061/151/1999 6062/151/2434 6273/151/1140
f 6273/151/1140 6062/151/2434 6275/151/2435
f 6275/151/2435 6062/151/2434 6066/151/2436
f 6276/151/2350 6066/151/2436 6065/151/2437
f 6277/151/2354 6065/151/2437 5946/151/53
f 6277/151/2354 6276/151/2350 6065/151/2437
f 6065/151/2437 5947/151/53 5946/151/53
f 6276/151/2350 6275/151/2435 6066/151/2436
f 6661/151/11 6662/151/11 6555/151/11 6548/151/11
f 5470/151/1 5643/151/1 5502/151/1 5468/151/1
f 6487/151/2438 6486/151/2438 6558/151/2438 6559/151/2438
f 5103/151/2333 5100/151/2333 5992/151/2333 6562/151/2333
f 5309/151/49 6293/151/49 6117/151/49
f 5307/151/49 5309/151/49 6117/151/49
f 6444/151/49 6293/151/49 5309/151/49
f 6445/151/49 5307/151/49 6117/151/49
f 6116/151/49 6444/151/49 6445/151/49
f 6116/151/49 6445/151/49 6117/151/49
f 6628/151/49 6444/151/49 6116/151/49
f 6626/151/49 6444/151/49 6628/151/49
f 6625/151/49 6444/151/49 6626/151/49
f 6288/151/49 6625/151/49 6622/151/49
f 6288/151/49 6444/151/49 6625/151/49
f 6288/151/49 6293/151/49 6444/151/49
f 5592/151/49 6288/151/49 6622/151/49
f 5592/151/49 6622/151/49 5561/151/49
f 5594/151/49 5592/151/49 5561/151/49
f 5597/151/49 5594/151/49 5561/151/49
f 5599/151/49 5597/151/49 5561/151/49
f 6659/151/49 5599/151/49 5561/151/49
f 6659/151/49 5561/151/49 5560/151/49
f 5600/151/49 5599/151/49 6659/151/49
f 6658/151/49 5600/151/49 6659/151/49
f 6660/151/49 6659/151/49 5560/151/49
f 6657/151/49 5600/151/49 6658/151/49
f 6656/151/49 5600/151/49 6657/151/49
f 5956/151/49 6660/151/49 5560/151/49
f 6199/151/49 5600/151/49 6656/151/49
f 5124/151/49 5600/151/49 6199/151/49
f 5122/151/49 5600/151/49 5124/151/49
f 5120/151/49 5600/151/49 5122/151/49
f 6648/151/49 5119/151/49 5115/151/49
f 6648/151/49 5120/151/49 5119/151/49
f 6648/151/49 5600/151/49 5120/151/49
f 6663/151/49 6648/151/49 5115/151/49
f 6664/151/49 6663/151/49 5115/151/49
f 6665/151/49 6664/151/49 5115/151/49
f 5975/151/49 6665/151/49 5115/151/49
f 6592/151/49 5974/151/49 5975/151/49
f 6592/151/49 5975/151/49 5115/151/49
f 6592/151/49 5115/151/49 5114/151/49
f 6592/151/49 5114/151/49 5020/151/49
f 6590/151/49 5974/151/49 6592/151/49
f 6594/151/49 6592/151/49 5020/151/49
f 6588/151/49 5974/151/49 6590/151/49
f 6586/151/49 5974/151/49 6588/151/49
f 5019/151/49 6594/151/49 5020/151/49
f 6584/151/49 5974/151/49 6586/151/49
f 6373/151/49 5974/151/49 6584/151/49
f 6374/151/49 5974/151/49 6373/151/49
f 6549/151/51 6666/151/1812 6310/151/51
f 6310/151/51 6666/151/1812 6311/151/1812
f 6311/151/1812 6666/151/1812 6667/151/2150
f 6312/151/2150 6667/151/2150 6344/151/1702
f 6313/151/1702 6312/151/2150 6344/151/1702
f 6312/151/2150 6311/151/1812 6667/151/2150
f 5131/151/55 5603/151/55 6471/151/55 5132/151/55
f 5987/151/1849 6483/151/1849 6557/151/1849 5988/151/1849
f 5430/151/55 6482/151/55 6556/151/55 5431/151/55
f 5080/151/11 5081/151/11 6429/151/11 6481/151/11
f 5774/151/1860 6372/151/1860 6537/151/1860 5772/151/1860
f 6565/151/49 6668/151/49 5004/151/49 5007/151/49
f 5717/151/2439 5720/151/2394 5924/151/2393
f 6669/151/2440 5717/151/2441 5924/151/2442
f 5443/151/2443 6669/151/2440 5924/151/2442
f 5445/151/2444 6669/151/2440 5443/151/2443
f 6127/151/2445 6669/151/2440 5445/151/2444
f 5447/151/2444 6127/151/2445 5445/151/2444
f 6135/151/2446 6127/151/2445 5447/151/2444
f 5448/151/2447 6135/151/2446 5447/151/2444
f 6132/151/2448 6135/151/2446 5448/151/2447
f 5450/151/2449 6132/151/2448 5448/151/2447
f 6130/151/2446 6132/151/2448 5450/151/2449
f 5452/151/2450 6130/151/2446 5450/151/2449
f 6314/151/51 6670/151/51 6316/151/1730
f 6316/151/1730 6670/151/51 6671/151/1730
f 6317/151/1729 6671/151/1730 6672/151/1729
f 5881/151/1728 6672/151/1729 5882/151/1768
f 5881/151/1728 6317/151/1729 6672/151/1729
f 6317/151/1729 6316/151/1730 6671/151/1730
f 5076/151/2451 5078/151/2451 6544/151/2451 6547/151/2451
f 5521/151/51 6670/151/51 6314/151/51 5520/151/51
f 5501/151/1808 5499/151/1808 5178/151/1714 5179/151/1714
f 5106/151/2438 5103/151/2438 6562/151/2438 6552/151/2438
f 6444/151/49 5309/151/49 6443/151/1761
f 6443/151/1761 5309/151/49 5308/151/1761
f 6441/151/1762 5308/151/1761 5306/151/1762
f 6414/151/2234 5306/151/1762 5305/151/1714
f 6414/151/2234 6441/151/1762 5306/151/1762
f 6441/151/1762 6443/151/1761 5308/151/1761
f 5770/151/1 6487/151/1 6559/151/1 5771/151/1
f 5427/151/51 5426/151/51 5796/151/51
f 6661/151/51 6394/151/51 5427/151/51
f 6662/151/51 6661/151/51 5427/151/51
f 6662/151/51 5427/151/51 5796/151/51
f 5795/151/51 6662/151/51 5796/151/51
f 6673/151/51 6662/151/51 5795/151/51
f 6662/151/53 6673/151/53 6545/151/53 6555/151/53
f 6179/151/2452 5116/151/45 6574/151/41
f 5021/151/45 5116/151/45 6179/151/2452
f 6607/151/45 6179/151/2452 6574/151/41
f 5020/151/45 5116/151/45 5021/151/45
f 5114/151/1063 5116/151/45 5020/151/45
f 6575/151/45 6607/151/45 6574/151/41
f 5921/151/1897 6430/151/2453 5923/151/1899
f 5923/151/1899 6430/151/2453 6011/151/2454
f 6011/151/2454 6430/151/2453 6012/151/2455
f 6012/151/2455 6430/151/2453 6432/151/2456
f 6013/151/2457 6432/151/2456 6434/151/2458
f 6014/151/2459 6434/151/2458 6674/151/2460
f 6015/151/2461 6014/151/2459 6674/151/2460
f 6434/151/2458 6436/151/2462 6674/151/2460
f 6014/151/2459 6013/151/2457 6434/151/2458
f 6013/151/2457 6012/151/2455 6432/151/2456
f 6447/151/11 5859/151/2406 5732/151/11 5731/151/11
f 6518/151/1714 6519/151/1714 6609/151/1714 6675/151/1714
f 5532/151/49 5531/151/49 6611/151/1712
f 6611/151/1712 5531/151/49 6676/151/1712
f 6610/151/1713 6676/151/1712 6677/151/1713
f 6609/151/1714 6677/151/1713 6675/151/1714
f 6609/151/1714 6610/151/1713 6677/151/1713
f 6610/151/1713 6611/151/1712 6676/151/1712
f 6470/151/1705 5607/151/2380 5354/151/47
f 5608/151/2463 5607/151/2380 6470/151/1705
f 5133/151/28 6470/151/1705 5354/151/47
f 5614/151/47 5130/151/47 5133/151/28
f 5614/151/47 5133/151/28 5354/151/47
f 5355/151/47 5614/151/47 5354/151/47
f 5907/151/51 5906/151/51 6612/151/1730
f 6612/151/1730 5906/151/51 6678/151/1730
f 6613/151/1729 6678/151/1730 6679/151/1729
f 6614/151/1728 6679/151/1729 6643/151/1768
f 6614/151/1728 6613/151/1729 6679/151/1729
f 6613/151/1729 6612/151/1730 6678/151/1730
f 5559/151/1 6047/151/1 6249/151/1 5555/151/1
f 6178/151/2464 6260/151/1084 6262/151/2152
f 6608/151/2465 6260/151/1084 6178/151/2464
f 5022/151/2466 6178/151/2464 6262/151/2152
f 6594/151/1084 5019/151/46 5022/151/2466
f 6594/151/1084 5022/151/2466 6262/151/2152
f 6593/151/1098 6594/151/1084 6262/151/2152
f 5622/151/1 5623/151/2467 5321/151/1
f 5321/151/1 5623/151/2467 5330/151/2467
f 5330/151/2467 5623/151/2467 5624/151/1880
f 5334/151/2468 5624/151/1880 5625/151/2469
f 5336/151/2470 5625/151/2469 5338/151/1403
f 5336/151/2470 5334/151/2468 5625/151/2469
f 5625/151/2469 5626/151/2471 5338/151/1403
f 5338/151/1403 5626/151/2471 5660/151/1876
f 5342/151/1875 5338/151/1403 5660/151/1876
f 5334/151/2468 5330/151/2467 5624/151/1880
f 6673/151/11 5795/151/11 5798/151/11 6545/151/11
f 5637/151/1 5640/151/2467 5325/151/1
f 5325/151/1 5640/151/2467 5361/151/2472
f 5361/151/2472 5640/151/2467 5641/151/2473
f 5362/151/2468 5641/151/2473 5642/151/1879
f 5363/151/2470 5642/151/1879 5364/151/2474
f 5363/151/2470 5362/151/2468 5642/151/1879
f 5642/151/1879 5644/151/2475 5364/151/2474
f 5364/151/2474 5644/151/2475 5473/151/48
f 5366/151/1068 5364/151/2474 5473/151/48
f 5362/151/2468 5361/151/2472 5641/151/2473
f 6159/151/1 4953/151/342 6157/151/241
f 6157/151/241 4953/151/342 4960/151/241
f 6156/151/199 4960/151/241 4963/151/199
f 6154/151/243 4963/151/199 4964/151/243
f 5879/151/1763 4964/151/243 4966/151/1763
f 5879/151/1763 6154/151/243 4964/151/243
f 6154/151/243 6156/151/199 4963/151/199
f 6156/151/199 6157/151/241 4960/151/241
f 6323/151/1842 6655/151/49 6322/151/1841
f 6323/151/1842 6324/151/49 6655/151/49
f 6655/151/49 6680/151/1842 6322/151/1841
f 6322/151/1841 6680/151/1842 6321/151/1840
f 6321/151/1840 6680/151/1842 6681/151/1841
f 6438/151/1840 6321/151/1840 6681/151/1841
f 6249/151/46 6048/151/2340 6576/151/1084
f 6047/151/2476 6048/151/2340 6249/151/46
f 5957/151/2152 6249/151/46 6576/151/1084
f 6660/151/46 5956/151/1098 5957/151/2152
f 6660/151/46 5957/151/2152 6576/151/1084
f 6638/151/46 6660/151/46 6576/151/1084
f 5611/151/1 5622/151/1 5321/151/1 5320/151/1
f 6634/151/1 6648/151/1 6635/151/220
f 6635/151/220 6648/151/1 6663/151/220
f 6636/151/1498 6663/151/220 6664/151/2477
f 6637/151/1499 6664/151/2477 6665/151/336
f 5972/151/53 6665/151/336 5975/151/53
f 5972/151/53 6637/151/1499 6665/151/336
f 6637/151/1499 6636/151/1498 6664/151/2477
f 6636/151/1498 6635/151/220 6663/151/220
f 6389/151/2348 5190/151/2348 5193/151/2348 6390/151/2348
f 5108/151/1907 5102/151/1907 5455/151/1907 6347/151/1907
f 6034/151/1692 5584/151/1692 5583/151/1692 5058/151/1692 5059/151/1693
f 5004/151/49 6668/151/49 5003/151/1877
f 5003/151/1877 6668/151/49 6682/151/1877
f 5002/151/1841 6682/151/1877 6683/151/1841
f 5001/151/1839 6683/151/1841 5725/151/1840
f 5001/151/1839 5002/151/1841 6683/151/1841
f 5002/151/1841 5003/151/1877 6682/151/1877
usemtl TSS_USBC_SuiteModelMtl10
f 6684/151/1 6685/151/1 6686/151/1 6687/151/1
f 6688/151/1 6689/151/1 6690/151/1
f 6691/151/1 6688/151/1 6692/151/1
f 6691/151/1 6689/151/1 6688/151/1
f 6693/151/1 6691/151/1 6692/151/1
f 6694/151/1 6693/151/1 6692/151/1
f 6695/151/1 6694/151/1 6692/151/1
f 6696/151/51 6697/151/51 6698/151/51 6699/151/51
f 6700/151/51 6701/151/51 6702/151/51 6703/151/51
f 6704/151/1 6705/151/1 6706/151/1
f 6707/151/1 6704/151/2478 6706/151/1
f 6708/151/1 6707/151/1 6706/151/1
f 6709/151/1 6708/151/1 6706/151/1
f 6710/151/2479 6711/151/2479 6712/151/2480
f 6712/151/2480 6711/151/2479 6713/151/2481
f 6714/151/2482 6713/151/2481 6715/151/2482
f 6716/151/49 6715/151/2482 6717/151/49
f 6716/151/49 6714/151/2482 6715/151/2482
f 6714/151/2482 6712/151/2480 6713/151/2481
f 6718/151/1 6719/151/1 6720/151/1
f 6721/151/1 6718/151/1 6722/151/1
f 6721/151/1 6719/151/1 6718/151/1
f 6723/151/1 6721/151/1 6722/151/1
f 6724/151/1 6723/151/1 6722/151/1
f 6725/151/1 6724/151/1 6722/151/1
f 6726/151/53 6727/151/53 6728/151/53 6729/151/53
f 6730/151/11 6731/151/11 6732/151/11 6733/151/11
f 6734/151/11 6735/151/11 6736/151/11 6737/151/11
f 6738/151/814 6739/151/814 6740/151/814 6741/151/814
f 6742/151/1 6743/151/1 6744/151/1 6745/151/1
f 6746/151/1 6747/151/1 6748/151/1
f 6749/151/1 6746/151/1415 6748/151/1
f 6750/151/1 6749/151/1 6748/151/1
f 6751/151/1 6750/151/1 6748/151/1
f 6752/151/1 6753/151/1 6754/151/1
f 6755/151/1 6752/151/1 6756/151/1
f 6755/151/1 6753/151/1 6752/151/1
f 6757/151/1 6755/151/1 6756/151/1
f 6758/151/1 6757/151/1 6756/151/1
f 6759/151/1 6758/151/1 6756/151/1
f 6760/151/11 6761/151/11 6762/151/11 6763/151/11
f 6764/151/11 6765/151/11 6766/151/11 6767/151/11
f 6768/151/11 6769/151/11 6770/151/11 6771/151/11
f 6744/151/49 6767/151/49 6766/151/49 6745/151/49
f 6772/151/2480 6773/151/2483 6774/151/2484
f 6775/151/2485 6772/151/2480 6774/151/2484
f 6775/151/2485 6776/151/2486 6772/151/2480
f 6775/151/2485 6777/151/2487 6776/151/2486
f 6776/151/2486 6777/151/2487 6778/151/49
f 6778/151/49 6777/151/2487 6779/151/49
f 6773/151/2483 6780/151/2483 6774/151/2484
f 6774/151/2484 6780/151/2483 6781/151/2488
f 6781/151/2488 6780/151/2483 6782/151/2480
f 6783/151/2485 6782/151/2480 6784/151/2489
f 6785/151/2490 6784/151/2489 6786/151/49
f 6785/151/2490 6783/151/2485 6784/151/2489
f 6784/151/2489 6787/151/49 6786/151/49
f 6783/151/2485 6781/151/2488 6782/151/2480
f 6788/151/814 6789/151/814 6790/151/814 6791/151/814
f 6792/151/51 6793/151/51 6741/151/51 6740/151/51
f 6794/151/11 6795/151/11 6796/151/11
f 6797/151/11 6794/151/11 6798/151/11
f 6797/151/11 6795/151/11 6794/151/11
f 6799/151/11 6797/151/11 6798/151/11
f 6800/151/11 6799/151/11 6798/151/11
f 6801/151/11 6800/151/11 6798/151/11
f 6802/151/1 6711/151/1 6803/151/1
f 6713/151/1 6802/151/1 6804/151/1
f 6713/151/1 6711/151/1 6802/151/1
f 6715/151/1 6713/151/1 6804/151/1
f 6717/151/1 6715/151/1 6804/151/1
f 6805/151/1 6717/151/1 6804/151/1
f 6806/151/53 6807/151/53 6808/151/53 6809/151/53
f 6810/151/11 6811/151/11 6812/151/11 6813/151/11
f 6814/151/814 6815/151/814 6816/151/814 6817/151/814
f 6818/151/11 6819/151/11 6820/151/11 6821/151/11
f 6822/151/814 6818/151/814 6821/151/814 6823/151/814
f 6815/151/11 6824/151/11 6825/151/11 6816/151/11
f 6756/151/53 6796/151/53 6795/151/53 6759/151/53
f 6826/151/11 6827/151/11 6696/151/11 6699/151/11
f 6828/151/51 6829/151/51 6791/151/51 6790/151/51
f 6830/151/51 6831/151/51 6832/151/51 6833/151/51
f 6834/151/11 6835/151/11 6836/151/11
f 6837/151/11 6835/151/11 6834/151/11
f 6838/151/11 6837/151/11 6834/151/11
f 6839/151/11 6838/151/11 6834/151/11
f 6840/151/11 6839/151/11 6834/151/11
f 6841/151/51 6842/151/51 6843/151/51 6844/151/51
f 6845/151/11 6846/151/11 6847/151/11
f 6848/151/11 6845/151/11 6849/151/11
f 6848/151/11 6846/151/11 6845/151/11
f 6850/151/11 6848/151/11 6849/151/11
f 6851/151/11 6850/151/11 6849/151/11
f 6852/151/11 6851/151/11 6849/151/11
f 6853/151/1 6822/151/1 6823/151/1 6854/151/1
f 6855/151/51 6856/151/51 6857/151/51 6858/151/51
f 6820/151/51 6854/151/51 6823/151/51 6821/151/51
f 6859/151/814 6826/151/814 6699/151/814 6698/151/814
f 6801/151/2479 6753/151/2479 6800/151/2480
f 6800/151/2480 6753/151/2479 6755/151/2481
f 6799/151/2482 6755/151/2481 6757/151/2482
f 6797/151/49 6757/151/2482 6758/151/49
f 6797/151/49 6799/151/2482 6757/151/2482
f 6799/151/2482 6800/151/2480 6755/151/2481
f 6860/151/49 6861/151/49 6862/151/49 6863/151/49
f 6864/151/51 6865/151/51 6845/151/51 6847/151/51
f 6686/151/49 6866/151/49 6867/151/49 6687/151/49
f 6868/151/2479 6869/151/2479 6870/151/2480
f 6870/151/2480 6869/151/2479 6871/151/2481
f 6872/151/2482 6871/151/2481 6873/151/2482
f 6874/151/49 6873/151/2482 6875/151/49
f 6874/151/49 6872/151/2482 6873/151/2482
f 6872/151/2482 6870/151/2480 6871/151/2481
f 6876/151/1 6877/151/1 6878/151/1 6879/151/1
f 6880/151/11 6860/151/11 6881/151/11
f 6861/151/11 6860/151/11 6880/151/11
f 6882/151/11 6861/151/11 6880/151/11
f 6883/151/11 6882/151/11 6880/151/11
f 6884/151/11 6883/151/11 6880/151/11
f 6885/151/53 6886/151/53 6887/151/53 6888/151/53
f 6769/151/245 6889/151/245 6890/151/245 6770/151/245
f 6739/151/11 6891/151/11 6792/151/11 6740/151/11
f 6728/151/49 6778/151/49 6779/151/49 6729/151/49
f 6892/151/53 6893/151/53 6894/151/53 6895/151/53
f 6706/151/53 6896/151/53 6897/151/53 6709/151/53
f 6898/151/49 6899/151/49 6750/151/49 6751/151/49
f 6900/151/49 6874/151/49 6875/151/49 6901/151/49
f 6692/151/53 6902/151/53 6903/151/53 6695/151/53
f 6904/151/245 6905/151/245 6906/151/245 6907/151/245
f 6841/151/53 6844/151/53 6900/151/53 6901/151/53
f 6842/151/1 6869/151/1 6908/151/1
f 6871/151/1 6842/151/1 6841/151/1
f 6871/151/1 6869/151/1 6842/151/1
f 6873/151/1 6871/151/1 6841/151/1
f 6875/151/1 6873/151/1 6841/151/1
f 6901/151/1 6875/151/1 6841/151/1
f 6855/151/53 6858/151/53 6909/151/53 6910/151/53
f 6911/151/1 6912/151/1 6913/151/1 6914/151/1
f 6915/151/11 6897/151/11 6896/151/11
f 6916/151/11 6915/151/11 6917/151/11
f 6916/151/11 6897/151/11 6915/151/11
f 6918/151/11 6916/151/11 6917/151/11
f 6919/151/11 6918/151/11 6917/151/11
f 6920/151/11 6919/151/11 6917/151/11
f 6921/151/2479 6922/151/2479 6923/151/2480
f 6923/151/2480 6922/151/2479 6924/151/2481
f 6925/151/2482 6924/151/2481 6926/151/2482
f 6927/151/49 6926/151/2482 6928/151/49
f 6927/151/49 6925/151/2482 6926/151/2482
f 6925/151/2482 6923/151/2480 6924/151/2481
f 6756/151/51 6752/151/51 6794/151/51 6796/151/51
f 6702/151/11 6929/151/11 6703/151/11
f 6927/151/11 6702/151/11 6930/151/11
f 6927/151/11 6929/151/11 6702/151/11
f 6925/151/11 6927/151/11 6930/151/11
f 6923/151/11 6925/151/11 6930/151/11
f 6921/151/11 6923/151/11 6930/151/11
f 6912/151/814 6760/151/814 6763/151/814 6913/151/814
f 6706/151/51 6931/151/51 6915/151/51 6896/151/51
f 6806/151/51 6932/151/51 6933/151/51 6807/151/51
f 6748/151/53 6934/151/53 6898/151/53 6751/151/53
f 6692/151/51 6688/151/51 6935/151/51 6902/151/51
f 6857/151/11 6909/151/11 6858/151/11
f 6936/151/11 6857/151/11 6937/151/11
f 6936/151/11 6909/151/11 6857/151/11
f 6938/151/11 6936/151/11 6937/151/11
f 6939/151/11 6938/151/11 6937/151/11
f 6940/151/11 6939/151/11 6937/151/11
f 6941/151/11 6728/151/11 6727/151/11
f 6778/151/11 6941/151/11 6942/151/11
f 6778/151/11 6728/151/11 6941/151/11
f 6776/151/11 6778/151/11 6942/151/11
f 6772/151/11 6776/151/11 6942/151/11
f 6773/151/11 6772/151/11 6942/151/11
f 6929/151/49 6927/151/49 6928/151/49 6943/151/49
f 6701/151/1 6922/151/1 6944/151/1
f 6924/151/1 6701/151/1 6700/151/1
f 6924/151/1 6922/151/1 6701/151/1
f 6926/151/1 6924/151/1 6700/151/1
f 6928/151/1 6926/151/1 6700/151/1
f 6943/151/1 6928/151/1 6700/151/1
f 6945/151/814 6946/151/814 6833/151/814 6832/151/814
f 6947/151/11 6948/151/11 6949/151/11
f 6716/151/11 6947/151/11 6950/151/11
f 6716/151/11 6948/151/11 6947/151/11
f 6714/151/11 6716/151/11 6950/151/11
f 6712/151/11 6714/151/11 6950/151/11
f 6710/151/11 6712/151/11 6950/151/11
f 6951/151/245 6952/151/245 6953/151/245 6954/151/245
f 6789/151/11 6955/151/11 6828/151/11 6790/151/11
f 6956/151/51 6957/151/51 6880/151/51 6881/151/51
f 6958/151/11 6951/151/11 6954/151/11 6959/151/11
f 6960/151/11 6898/151/11 6934/151/11
f 6899/151/11 6960/151/11 6961/151/11
f 6899/151/11 6898/151/11 6960/151/11
f 6962/151/11 6899/151/11 6961/151/11
f 6963/151/11 6962/151/11 6961/151/11
f 6964/151/11 6963/151/11 6961/151/11
f 6795/151/49 6797/151/49 6758/151/49 6759/151/49
f 6731/151/245 6965/151/245 6966/151/245 6732/151/245
f 6967/151/1 6738/151/1 6741/151/1 6793/151/1
f 6957/151/1 6968/151/1 6969/151/1
f 6970/151/1 6957/151/1 6956/151/1
f 6970/151/1 6968/151/1 6957/151/1
f 6971/151/1 6970/151/1 6956/151/1
f 6862/151/1 6971/151/1 6956/151/1
f 6863/151/1 6862/151/1 6956/151/1
f 6735/151/245 6972/151/245 6973/151/245 6736/151/245
f 6972/151/1 6974/151/1 6975/151/1 6973/151/1
f 6748/151/51 6976/151/51 6960/151/51 6934/151/51
f 6977/151/49 6978/151/49 6907/151/49 6906/151/49
f 6979/151/49 6771/151/49 6770/151/49 6890/151/49
f 6825/151/51 6980/151/51 6817/151/51 6816/151/51
f 6909/151/49 6936/151/49 6981/151/49 6910/151/49
f 6885/151/51 6982/151/51 6983/151/51 6886/151/51
f 6984/151/49 6959/151/49 6954/151/49 6953/151/49
f 6983/151/11 6887/151/11 6886/151/11
f 6985/151/11 6983/151/11 6986/151/11
f 6985/151/11 6887/151/11 6983/151/11
f 6987/151/11 6985/151/11 6986/151/11
f 6988/151/11 6987/151/11 6986/151/11
f 6989/151/11 6988/151/11 6986/151/11
f 6990/151/11 6904/151/11 6907/151/11 6978/151/11
f 6722/151/53 6836/151/53 6835/151/53 6725/151/53
f 6843/151/11 6900/151/11 6844/151/11
f 6874/151/11 6843/151/11 6991/151/11
f 6874/151/11 6900/151/11 6843/151/11
f 6872/151/11 6874/151/11 6991/151/11
f 6870/151/11 6872/151/11 6991/151/11
f 6868/151/11 6870/151/11 6991/151/11
f 6787/151/49 6895/151/49 6894/151/49 6786/151/49
f 6762/151/51 6914/151/51 6913/151/51 6763/151/51
f 6992/151/11 6894/151/11 6893/151/11
f 6786/151/11 6894/151/11 6992/151/11
f 6785/151/11 6786/151/11 6992/151/11
f 6783/151/11 6785/151/11 6992/151/11
f 6781/151/11 6783/151/11 6992/151/11
f 6835/151/49 6837/151/49 6724/151/49 6725/151/49
f 6993/151/1 6994/151/1 6995/151/1
f 6996/151/1 6993/151/1 6997/151/1
f 6996/151/1 6994/151/1 6993/151/1
f 6998/151/1 6996/151/1 6997/151/1
f 6999/151/1 6998/151/1 6997/151/1
f 7000/151/1 6999/151/1 6997/151/1
f 6864/151/53 6847/151/53 6846/151/53 7001/151/53
f 6722/151/51 6718/151/51 6834/151/51 6836/151/51
f 6808/151/49 7002/151/49 7003/151/49 6809/151/49
f 7004/151/1 6788/151/1 6791/151/1 6829/151/1
f 7005/151/49 7006/151/49 6999/151/49 7000/151/49
f 6897/151/49 6916/151/49 6708/151/49 6709/151/49
f 7007/151/11 7008/151/11 7009/151/11 7010/151/11
f 7011/151/245 6684/151/245 6687/151/245 6867/151/245
f 6889/151/1 7012/151/1 6979/151/1 6890/151/1
f 7013/151/11 7011/151/11 6867/151/11 6866/151/11
f 6933/151/11 6808/151/11 6807/151/11
f 7002/151/11 6933/151/11 7014/151/11
f 7002/151/11 6808/151/11 6933/151/11
f 7015/151/11 7002/151/11 7014/151/11
f 7016/151/11 7015/151/11 7014/151/11
f 7017/151/11 7016/151/11 7014/151/11
f 7018/151/2491 7019/151/2480 7017/151/2479
f 7017/151/2479 7019/151/2480 7016/151/2480
f 7016/151/2480 7019/151/2480 7015/151/2482
f 7015/151/2482 7019/151/2480 7020/151/2482
f 7002/151/49 7020/151/2482 7003/151/49
f 7002/151/49 7015/151/2482 7020/151/2482
f 6905/151/1 7021/151/1 6977/151/1 6906/151/1
f 6946/151/11 7022/151/11 6830/151/11 6833/151/11
f 7023/151/1 6780/151/1 7024/151/1
f 6782/151/1 7023/151/1 6892/151/1
f 6782/151/1 6780/151/1 7023/151/1
f 6784/151/1 6782/151/1 6892/151/1
f 6787/151/1 6784/151/1 6892/151/1
f 6895/151/1 6787/151/1 6892/151/1
f 6919/151/2480 6920/151/2483 6705/151/2484
f 6704/151/2492 6919/151/2480 6705/151/2484
f 6704/151/2492 6918/151/2482 6919/151/2480
f 6704/151/2492 6707/151/2487 6918/151/2482
f 6918/151/2482 6707/151/2487 6916/151/49
f 6916/151/49 6707/151/2487 6708/151/49
f 6861/151/49 6882/151/2493 6971/151/2482
f 6862/151/49 6861/151/49 6971/151/2482
f 6971/151/2482 6883/151/2485 6970/151/2480
f 6971/151/2482 6882/151/2493 6883/151/2485
f 6883/151/2485 6884/151/2484 6970/151/2480
f 6970/151/2480 6884/151/2484 6968/151/2483
f 6968/151/2483 6884/151/2484 6705/151/2484
f 6920/151/2483 6968/151/2483 6705/151/2484
f 7025/151/1 6814/151/1 6817/151/1 6980/151/1
f 6940/151/2479 7026/151/2479 6939/151/2480
f 6939/151/2480 7026/151/2479 7027/151/2481
f 6938/151/2482 7027/151/2481 7028/151/2482
f 6936/151/49 7028/151/2482 6981/151/49
f 6936/151/49 6938/151/2482 7028/151/2482
f 6938/151/2482 6939/151/2480 7027/151/2481
f 7029/151/814 7007/151/814 7010/151/814 7030/151/814
f 6997/151/51 6993/151/51 7031/151/51 7032/151/51
f 6775/151/1 6774/151/1 6726/151/1
f 6777/151/1 6775/151/1 6726/151/1
f 6779/151/1 6777/151/1 6726/151/1
f 6729/151/1 6779/151/1 6726/151/1
f 7009/151/51 7033/151/51 7030/151/51 7010/151/51
f 6963/151/2480 6964/151/2483 6747/151/2484
f 6746/151/2485 6963/151/2480 6747/151/2484
f 6746/151/2485 6962/151/2486 6963/151/2480
f 6746/151/2485 6749/151/2494 6962/151/2486
f 6962/151/2486 6749/151/2494 6899/151/49
f 6899/151/49 6749/151/2494 6750/151/49
f 6964/151/2483 6689/151/2491 6747/151/2484
f 6747/151/2488 6689/151/2483 7034/151/2488
f 7034/151/2488 6689/151/2483 6691/151/2480
f 7035/151/2485 6691/151/2480 6693/151/2482
f 7036/151/2493 6693/151/2482 7037/151/49
f 7036/151/2493 7035/151/2485 6693/151/2482
f 6693/151/2482 6694/151/49 7037/151/49
f 7035/151/2485 7034/151/2488 6691/151/2480
f 6932/151/1 7018/151/1 7038/151/1
f 7019/151/1 6932/151/1 6806/151/1
f 7019/151/1 7018/151/1 6932/151/1
f 7020/151/1 7019/151/1 6806/151/1
f 7003/151/1 7020/151/1 6806/151/1
f 6809/151/1 7003/151/1 6806/151/1
f 6989/151/2479 7039/151/2479 6988/151/2480
f 6988/151/2480 7039/151/2479 7040/151/2481
f 6987/151/2482 7040/151/2481 7041/151/2482
f 6985/151/49 7041/151/2482 7042/151/49
f 6985/151/49 6987/151/2482 7041/151/2482
f 6987/151/2482 6988/151/2480 7040/151/2481
f 6956/151/53 6881/151/53 6860/151/53 6863/151/53
f 6811/151/245 6876/151/245 6879/151/245 6812/151/245
f 7043/151/49 6733/151/49 6732/151/49 6966/151/49
f 6903/151/49 7037/151/49 6694/151/49 6695/151/49
f 6765/151/245 6742/151/245 6745/151/245 6766/151/245
f 7044/151/1 7029/151/1 7030/151/1 7033/151/1
f 7031/151/11 7005/151/11 7032/151/11
f 7006/151/11 7031/151/11 7045/151/11
f 7006/151/11 7005/151/11 7031/151/11
f 7046/151/11 7006/151/11 7045/151/11
f 7047/151/11 7046/151/11 7045/151/11
f 7048/151/11 7047/151/11 7045/151/11
f 6941/151/51 6727/151/51 6726/151/51 7049/151/51
f 6892/151/51 7023/151/51 6992/151/51 6893/151/51
f 6952/151/1 7050/151/1 6984/151/1 6953/151/1
f 7048/151/2479 6994/151/2479 7047/151/2480
f 7047/151/2480 6994/151/2479 6996/151/2481
f 7046/151/2482 6996/151/2481 6998/151/2482
f 7006/151/49 6998/151/2482 6999/151/49
f 7006/151/49 7046/151/2482 6998/151/2482
f 7046/151/2482 7047/151/2480 6996/151/2481
f 7051/151/1 7052/151/1 6864/151/1
f 7053/151/1 7051/151/1 6864/151/1
f 7054/151/1 7053/151/1 6864/151/1
f 7001/151/1 7054/151/1 6864/151/1
f 6887/151/49 6985/151/49 7042/151/49 6888/151/49
f 7055/151/1 6859/151/1 6698/151/1 6697/151/1
f 6804/151/53 6949/151/53 6948/151/53 6805/151/53
f 6856/151/1 7026/151/1 7056/151/1
f 7027/151/1 6856/151/1 6855/151/1
f 7027/151/1 7026/151/1 6856/151/1
f 7028/151/1 7027/151/1 6855/151/1
f 6981/151/1 7028/151/1 6855/151/1
f 6910/151/1 6981/151/1 6855/151/1
f 6878/151/49 6813/151/49 6812/151/49 6879/151/49
f 6982/151/1 7039/151/1 7057/151/1
f 7040/151/1 6982/151/1 6885/151/1
f 7040/151/1 7039/151/1 6982/151/1
f 7041/151/1 7040/151/1 6885/151/1
f 7042/151/1 7041/151/1 6885/151/1
f 6888/151/1 7042/151/1 6885/151/1
f 6804/151/51 6802/151/51 6947/151/51 6949/151/51
f 6997/151/53 7032/151/53 7005/151/53 7000/151/53
f 7058/151/1 6945/151/1 6832/151/1 6831/151/1
f 6965/151/1 7059/151/1 7043/151/1 6966/151/1
f 6700/151/53 6703/151/53 6929/151/53 6943/151/53
f 6851/151/2480 6852/151/2491 7052/151/2484
f 7051/151/2492 6851/151/2480 7052/151/2484
f 7051/151/2492 6850/151/2489 6851/151/2480
f 7051/151/2492 7053/151/2494 6850/151/2489
f 6850/151/2489 7053/151/2494 6848/151/49
f 6848/151/49 7053/151/2494 7054/151/49
f 6837/151/49 6838/151/2493 6723/151/2482
f 6724/151/49 6837/151/49 6723/151/2482
f 6723/151/2482 6839/151/2485 6721/151/2480
f 6723/151/2482 6838/151/2493 6839/151/2485
f 6839/151/2485 6840/151/2484 6721/151/2480
f 6721/151/2480 6840/151/2484 6719/151/2483
f 6719/151/2483 6840/151/2484 7052/151/2495
f 6852/151/2491 6719/151/2483 7052/151/2484
f 6948/151/49 6716/151/49 6717/151/49 6805/151/49
f 6975/151/49 6737/151/49 6736/151/49 6973/151/49
f 6935/151/11 6903/151/11 6902/151/11
f 7037/151/11 6903/151/11 6935/151/11
f 7036/151/11 7037/151/11 6935/151/11
f 7035/151/11 7036/151/11 6935/151/11
f 7034/151/11 7035/151/11 6935/151/11
f 6846/151/49 6848/151/49 7054/151/49 7001/151/49
usemtl TSS_USBC_SuiteModelMtl11
f 7060/151/1409 7061/151/1409 7062/151/1660
f 7062/151/1660 7061/151/1409 7063/151/1660
f 7064/151/280 7063/151/1660 7065/151/2496
f 7066/151/2497 7065/151/2496 7067/151/2497
f 7068/151/49 7067/151/2497 7069/151/49
f 7068/151/49 7066/151/2497 7067/151/2497
f 7066/151/2497 7064/151/280 7065/151/2496
f 7064/151/280 7062/151/1660 7063/151/1660
f 7068/151/49 7069/151/49 7070/151/49 7071/151/49
f 7072/151/1409 7073/151/1409 7074/151/1660
f 7074/151/1660 7073/151/1409 7075/151/1660
f 7076/151/280 7075/151/1660 7077/151/2496
f 7078/151/2497 7077/151/2496 7079/151/2497
f 7080/151/49 7079/151/2497 7081/151/49
f 7080/151/49 7078/151/2497 7079/151/2497
f 7078/151/2497 7076/151/280 7077/151/2496
f 7076/151/280 7074/151/1660 7075/151/1660
f 7082/151/11 7083/151/11 7084/151/11 7085/151/11 7086/151/11
f 7087/151/11 7088/151/11 7089/151/11 7090/151/11
f 7091/151/1 7092/151/1 7093/151/1 7094/151/1 7095/151/1
f 7096/151/1409 7097/151/1409 7098/151/1660
f 7098/151/1660 7097/151/1409 7099/151/1660
f 7100/151/280 7099/151/1660 7101/151/2496
f 7102/151/2497 7101/151/2496 7103/151/2497
f 7104/151/49 7103/151/2497 7105/151/49
f 7104/151/49 7102/151/2497 7103/151/2497
f 7102/151/2497 7100/151/280 7101/151/2496
f 7100/151/280 7098/151/1660 7099/151/1660
f 7106/151/2498 7107/151/2498 7108/151/2498 7109/151/2498
f 7110/151/1409 7111/151/1409 7112/151/1660
f 7112/151/1660 7111/151/1409 7113/151/1660
f 7114/151/280 7113/151/1660 7115/151/2496
f 7116/151/2497 7115/151/2496 7117/151/2497
f 7118/151/49 7117/151/2497 7119/151/49
f 7118/151/49 7116/151/2497 7117/151/2497
f 7116/151/2497 7114/151/280 7115/151/2496
f 7114/151/280 7112/151/1660 7113/151/1660
f 7120/151/11 7121/151/11 7122/151/11
f 7123/151/11 7124/151/11 7125/151/11
f 7126/151/11 7123/151/11 7120/151/11
f 7126/151/11 7120/151/11 7122/151/11
f 7127/151/11 7123/151/11 7126/151/11
f 7127/151/11 7124/151/11 7123/151/11
f 7127/151/11 7126/151/11 7128/151/11
f 7129/151/11 7127/151/11 7128/151/11
f 7130/151/11 7124/151/11 7127/151/11
f 7131/151/11 7130/151/11 7127/151/11
f 7132/151/11 7129/151/11 7128/151/11
f 7133/151/11 7132/151/11 7128/151/11
f 7134/151/51 7135/151/51 7136/151/51
f 7137/151/51 7134/151/51 7138/151/51
f 7137/151/51 7135/151/51 7134/151/51
f 7139/151/51 7137/151/51 7138/151/51
f 7085/151/51 7139/151/51 7138/151/51
f 7095/151/51 7086/151/51 7085/151/51
f 7095/151/51 7085/151/51 7138/151/51
f 7094/151/51 7086/151/51 7095/151/51
f 7128/151/51 7095/151/51 7138/151/51
f 7140/151/51 7133/151/51 7128/151/51
f 7140/151/51 7128/151/51 7138/151/51
f 7141/151/51 7140/151/51 7138/151/51
f 7142/151/51 7133/151/51 7140/151/51
f 7143/151/51 7142/151/51 7140/151/51
f 7092/151/51 7129/151/51 7132/151/51 7093/151/51
f 7144/151/51 7083/151/51 7082/151/51 7145/151/51
f 7146/151/49 7147/151/49 7148/151/49
f 7149/151/49 7146/151/49 7148/151/49
f 7150/151/49 7149/151/49 7151/151/49
f 7150/151/49 7152/151/49 7149/151/49
f 7089/151/49 7152/151/49 7150/151/49
f 7153/151/49 7150/151/49 7151/151/49
f 7154/151/49 7153/151/49 7151/151/49
f 7088/151/49 7152/151/49 7089/151/49
f 7155/151/49 7152/151/49 7088/151/49
f 7156/151/11 7157/151/11 7136/151/11
f 7158/151/11 7159/151/11 7160/151/11
f 7161/151/11 7158/151/11 7156/151/11
f 7161/151/11 7159/151/11 7158/151/11
f 7106/151/11 7151/151/11 7161/151/11
f 7106/151/11 7161/151/11 7156/151/11
f 7106/151/11 7156/151/11 7136/151/11
f 7135/151/11 7106/151/11 7136/151/11
f 7154/151/11 7151/151/11 7106/151/11
f 7109/151/11 7154/151/11 7106/151/11
f 7162/151/1409 7163/151/1409 7164/151/1660
f 7164/151/1660 7163/151/1409 7165/151/1660
f 7166/151/280 7165/151/1660 7167/151/2496
f 7168/151/2497 7167/151/2496 7169/151/2497
f 7170/151/49 7169/151/2497 7171/151/49
f 7170/151/49 7168/151/2497 7169/151/2497
f 7168/151/2497 7166/151/280 7167/151/2496
f 7166/151/280 7164/151/1660 7165/151/1660
f 7172/151/2498 7087/151/2498 7090/151/2498 7173/151/2498
f 7174/151/1 7137/151/1 7139/151/1
f 7144/151/1 7137/151/1 7174/151/1
f 7145/151/1 7137/151/1 7144/151/1
f 7175/151/1 7144/151/1 7176/151/1
f 7177/151/1 7144/151/1 7175/151/1
f 7178/151/1 7144/151/1 7177/151/1
f 7179/151/1 7144/151/1 7178/151/1
f 7180/151/1 7179/151/1 7178/151/1
f 7180/151/1 7178/151/1 7181/151/1
f 7182/151/1 7180/151/1 7181/151/1
f 7183/151/1 7180/151/1 7182/151/1
f 7107/151/1 7150/151/1 7153/151/1 7108/151/1
f 7184/151/1409 7185/151/1409 7186/151/1660
f 7186/151/1660 7185/151/1409 7187/151/1660
f 7188/151/280 7187/151/1660 7189/151/2496
f 7190/151/2497 7189/151/2496 7191/151/2497
f 7192/151/49 7191/151/2497 7193/151/49
f 7192/151/49 7190/151/2497 7191/151/2497
f 7190/151/2497 7188/151/280 7189/151/2496
f 7188/151/280 7186/151/1660 7187/151/1660
f 7173/151/1 7142/151/1 7143/151/1
f 7194/151/1 7173/151/1 7143/151/1
f 7195/151/1 7173/151/1 7194/151/1
f 7172/151/1 7173/151/1 7195/151/1
f 7196/151/1 7172/151/1 7195/151/1
f 7197/151/1 7172/151/1 7196/151/1
f 7197/151/1 7196/151/1 7198/151/1
f 7199/151/1 7197/151/1 7198/151/1
f 7152/151/1 7172/151/1 7197/151/1
f 7155/151/1 7172/151/1 7152/151/1
f 7192/151/49 7193/151/49 7200/151/49 7201/151/49
f 7104/151/49 7105/151/49 7202/151/49 7203/151/49
f 7080/151/49 7081/151/49 7204/151/49 7205/151/49
f 7084/151/49 7206/151/49 7176/151/49
f 7174/151/49 7084/151/49 7176/151/49
f 7207/151/49 7206/151/49 7084/151/49
f 7083/151/49 7207/151/49 7084/151/49
f 7084/151/55 7174/151/55 7139/151/55 7085/151/55
f 7155/151/55 7088/151/55 7087/151/55 7172/151/55
f 7126/151/49 7122/151/49 7208/151/49
f 7091/151/49 7126/151/49 7208/151/49
f 7209/151/49 7091/151/49 7208/151/49
f 7092/151/49 7091/151/49 7209/151/49
f 7126/151/55 7091/151/55 7095/151/55 7128/151/55
f 7118/151/49 7119/151/49 7210/151/49 7211/151/49
f 7109/151/55 7108/151/55 7153/151/55 7154/151/55
f 7212/151/53 7181/151/53 7213/151/53
f 7214/151/53 7215/151/53 7125/151/53
f 7124/151/53 7216/151/53 7214/151/53
f 7124/151/53 7214/151/53 7125/151/53
f 7182/151/53 7212/151/53 7217/151/53
f 7182/151/53 7181/151/53 7212/151/53
f 7218/151/53 7124/151/53 7182/151/53
f 7218/151/53 7182/151/53 7217/151/53
f 7219/151/53 7124/151/53 7218/151/53
f 7219/151/53 7216/151/53 7124/151/53
f 7220/151/53 7218/151/53 7217/151/53
f 7147/151/53 7221/151/53 7218/151/53
f 7148/151/53 7147/151/53 7218/151/53
f 7222/151/53 7216/151/53 7219/151/53
f 7223/151/53 7220/151/53 7217/151/53
f 7224/151/53 7220/151/53 7223/151/53
f 7225/151/53 7216/151/53 7222/151/53
f 7179/151/280 7180/151/280 7131/151/280 7127/151/280
f 7195/151/53 7120/151/53 7123/151/53 7196/151/53
f 7226/151/53 7129/151/53 7092/151/53
f 7226/151/53 7092/151/53 7209/151/53
f 7227/151/53 7207/151/53 7083/151/53
f 7227/151/53 7083/151/53 7144/151/53
f 7228/151/53 7129/151/53 7226/151/53
f 7229/151/53 7227/151/53 7144/151/53
f 7230/151/53 7207/151/53 7227/151/53
f 7231/151/53 7232/151/53 7233/151/53
f 7234/151/53 7230/151/53 7227/151/53
f 7235/151/53 7236/151/53 7237/151/53
f 7238/151/53 7129/151/53 7228/151/53
f 7239/151/53 7226/151/53 7209/151/53
f 7240/151/53 7241/151/53 7242/151/53
f 7243/151/53 7239/151/53 7209/151/53
f 7244/151/53 7229/151/53 7144/151/53
f 7245/151/53 7234/151/53 7227/151/53
f 7179/151/53 7243/151/53 7245/151/53
f 7179/151/53 7239/151/53 7243/151/53
f 7179/151/53 7238/151/53 7239/151/53
f 7179/151/53 7245/151/53 7244/151/53
f 7179/151/53 7244/151/53 7144/151/53
f 7127/151/53 7238/151/53 7179/151/53
f 7127/151/53 7129/151/53 7238/151/53
f 7209/151/53 7246/151/53 7247/151/53
f 7207/151/53 7209/151/53 7247/151/53
f 7233/151/53 7209/151/53 7207/151/53
f 7248/151/53 7209/151/53 7233/151/53
f 7249/151/53 7209/151/53 7248/151/53
f 7250/151/53 7233/151/53 7207/151/53
f 7230/151/53 7250/151/53 7207/151/53
f 7243/151/53 7209/151/53 7249/151/53
f 7231/151/53 7233/151/53 7250/151/53
f 7237/151/53 7236/151/53 7248/151/53
f 7242/151/53 7241/151/53 7251/151/53
f 7183/151/51 7182/151/51 7124/151/51 7130/151/51
f 7180/151/53 7183/151/53 7130/151/53 7131/151/53
f 7215/151/51 7123/151/51 7125/151/51
f 7252/151/51 7123/151/51 7215/151/51
f 7198/151/51 7123/151/51 7252/151/51
f 7196/151/51 7123/151/51 7198/151/51
f 7253/151/53 7141/151/53 7138/151/53
f 7254/151/53 7253/151/53 7138/151/53
f 7122/151/53 7141/151/53 7253/151/53
f 7208/151/53 7122/151/53 7253/151/53
f 7206/151/53 7254/151/53 7138/151/53
f 7176/151/53 7206/151/53 7138/151/53
f 7121/151/53 7141/151/53 7122/151/53
f 7255/151/53 7141/151/53 7121/151/53
f 7256/151/53 7176/151/53 7138/151/53
f 7175/151/53 7176/151/53 7256/151/53
f 7257/151/49 7255/151/49 7121/151/49
f 7195/151/49 7257/151/49 7121/151/49
f 7195/151/49 7194/151/49 7257/151/49
f 7120/151/49 7195/151/49 7121/151/49
f 7170/151/49 7171/151/49 7258/151/49 7259/151/49
f 7257/151/1 7140/151/1 7141/151/1 7255/151/1
f 7260/151/53 7134/151/53 7136/151/53 7157/151/53
f 7194/151/53 7143/151/53 7140/151/53 7257/151/53
f 7256/151/11 7138/151/11 7134/151/11 7260/151/11
f 7147/151/1 7146/151/1 7261/151/1 7221/151/1
f 7152/151/53 7197/151/53 7261/151/53 7146/151/53
f 7161/151/53 7151/151/53 7149/151/53 7262/151/53
f 7149/151/11 7148/151/11 7218/151/11 7262/151/11
f 7178/151/53 7177/151/53 7156/151/53 7158/151/53
f 7260/151/49 7175/151/49 7256/151/49
f 7156/151/49 7260/151/49 7157/151/49
f 7156/151/49 7175/151/49 7260/151/49
f 7177/151/49 7175/151/49 7156/151/49
f 7263/151/51 7158/151/51 7160/151/51
f 7178/151/51 7263/151/51 7213/151/51
f 7178/151/51 7158/151/51 7263/151/51
f 7181/151/51 7178/151/51 7213/151/51
f 7264/151/53 7263/151/53 7160/151/53
f 7265/151/53 7264/151/53 7160/151/53
f 7266/151/53 7265/151/53 7160/151/53
f 7159/151/53 7266/151/53 7160/151/53
f 7267/151/49 7266/151/49 7159/151/49
f 7268/151/49 7218/151/49 7220/151/49
f 7262/151/49 7268/151/49 7267/151/49
f 7262/151/49 7218/151/49 7268/151/49
f 7161/151/49 7262/151/49 7267/151/49
f 7161/151/49 7267/151/49 7159/151/49
f 7269/151/53 7198/151/53 7252/151/53
f 7270/151/53 7269/151/53 7252/151/53
f 7199/151/53 7198/151/53 7269/151/53
f 7271/151/53 7199/151/53 7269/151/53
f 7272/151/49 7219/151/49 7221/151/49
f 7273/151/49 7199/151/49 7271/151/49
f 7197/151/49 7273/151/49 7272/151/49
f 7197/151/49 7199/151/49 7273/151/49
f 7261/151/49 7197/151/49 7272/151/49
f 7261/151/49 7272/151/49 7221/151/49
f 7247/151/1 7254/151/1 7206/151/1 7207/151/1
f 7209/151/11 7208/151/11 7253/151/11 7246/151/11
f 7269/151/51 7270/151/51 7214/151/51 7216/151/51
f 7264/151/11 7212/151/11 7213/151/11 7263/151/11
f 7215/151/1 7214/151/1 7270/151/1 7252/151/1
f 7274/151/49 7224/151/49 7223/151/49 7275/151/49
f 7266/151/11 7223/151/11 7217/151/11
f 7265/151/11 7266/151/11 7217/151/11
f 7275/151/11 7223/151/11 7266/151/11
f 7267/151/11 7275/151/11 7266/151/11
f 7219/151/11 7272/151/11 7276/151/11 7222/151/11
f 7271/151/1 7269/151/1 7216/151/1
f 7277/151/1 7273/151/1 7271/151/1
f 7225/151/1 7277/151/1 7271/151/1
f 7225/151/1 7271/151/1 7216/151/1
f 7222/151/49 7276/151/49 7277/151/49 7225/151/49
f 7212/151/51 7264/151/51 7265/151/51 7217/151/51
f 7274/151/1 7268/151/1 7220/151/1 7224/151/1
f 7246/151/49 7253/151/49 7254/151/49 7247/151/49
f 7268/151/55 7274/151/55 7275/151/55 7267/151/55
f 7276/151/55 7272/151/55 7273/151/55 7277/151/55
f 7086/151/55 7094/151/55 7093/151/55 7082/151/55
f 7145/151/55 7106/151/55 7135/151/55
f 7137/151/55 7145/151/55 7135/151/55
f 7082/151/55 7106/151/55 7145/151/55
f 7093/151/55 7106/151/55 7082/151/55
f 7132/151/55 7106/151/55 7093/151/55
f 7278/151/55 7150/151/55 7107/151/55
f 7111/151/55 7150/151/55 7278/151/55
f 7279/151/55 7278/151/55 7107/151/55
f 7110/151/55 7150/151/55 7111/151/55
f 7280/151/55 7110/151/55 7279/151/55
f 7280/151/55 7279/151/55 7107/151/55
f 7163/151/55 7110/151/55 7280/151/55
f 7163/151/55 7150/151/55 7110/151/55
f 7281/151/55 7280/151/55 7107/151/55
f 7162/151/55 7150/151/55 7163/151/55
f 7282/151/55 7162/151/55 7281/151/55
f 7282/151/55 7281/151/55 7107/151/55
f 7185/151/55 7162/151/55 7282/151/55
f 7185/151/55 7150/151/55 7162/151/55
f 7184/151/55 7150/151/55 7185/151/55
f 7283/151/55 7282/151/55 7107/151/55
f 7284/151/55 7184/151/55 7283/151/55
f 7284/151/55 7283/151/55 7107/151/55
f 7097/151/55 7184/151/55 7284/151/55
f 7097/151/55 7150/151/55 7184/151/55
f 7285/151/55 7284/151/55 7107/151/55
f 7096/151/55 7150/151/55 7097/151/55
f 7061/151/55 7150/151/55 7096/151/55
f 7061/151/55 7096/151/55 7285/151/55
f 7286/151/55 7061/151/55 7285/151/55
f 7286/151/55 7285/151/55 7107/151/55
f 7060/151/55 7150/151/55 7061/151/55
f 7287/151/55 7286/151/55 7107/151/55
f 7073/151/55 7060/151/55 7287/151/55
f 7073/151/55 7150/151/55 7060/151/55
f 7288/151/55 7073/151/55 7287/151/55
f 7288/151/55 7287/151/55 7107/151/55
f 7289/151/55 7288/151/55 7107/151/55
f 7072/151/55 7150/151/55 7073/151/55
f 7132/151/55 7072/151/55 7289/151/55
f 7132/151/55 7289/151/55 7107/151/55
f 7132/151/55 7107/151/55 7106/151/55
f 7090/151/55 7072/151/55 7132/151/55
f 7090/151/55 7132/151/55 7133/151/55
f 7089/151/55 7072/151/55 7090/151/55
f 7089/151/55 7150/151/55 7072/151/55
f 7142/151/55 7090/151/55 7133/151/55
f 7173/151/55 7090/151/55 7142/151/55
